ISO-10303-21;
HEADER;
FILE_DESCRIPTION(('Open CASCADE Model'),'2;1');
FILE_NAME('Open CASCADE Shape Model','2026-10-06T21:09:28',('Author'),(
    'Open CASCADE'),'Open CASCADE STEP processor 8.0','Open CASCADE 8.0'
  ,'Unknown');
FILE_SCHEMA(('AUTOMOTIVE_DESIGN { 1 0 10303 214 1 1 1 1 }'));
ENDSEC;
DATA;
#1 = APPLICATION_PROTOCOL_DEFINITION('international standard',
  'automotive_design',2000,#2);
#2 = APPLICATION_CONTEXT(
  'core data for automotive mechanical design processes');
#3 = SHAPE_DEFINITION_REPRESENTATION(#4,#10);
#4 = PRODUCT_DEFINITION_SHAPE('','',#5);
#5 = PRODUCT_DEFINITION('design','',#6,#9);
#6 = PRODUCT_DEFINITION_FORMATION('','',#7);
#7 = PRODUCT('Open CASCADE STEP translator 8.0 1',
  'Open CASCADE STEP translator 8.0 1','',(#8));
#8 = PRODUCT_CONTEXT('',#2,'mechanical');
#9 = PRODUCT_DEFINITION_CONTEXT('part definition',#2,'design');
#10 = SHAPE_REPRESENTATION('',(#11,#15,#19,#23),#27);
#11 = AXIS2_PLACEMENT_3D('',#12,#13,#14);
#12 = CARTESIAN_POINT('',(0.,0.,0.));
#13 = DIRECTION('',(0.,0.,1.));
#14 = DIRECTION('',(1.,0.,-0.));
#15 = AXIS2_PLACEMENT_3D('',#16,#17,#18);
#16 = CARTESIAN_POINT('',(0.,0.,0.));
#17 = DIRECTION('',(0.,0.,1.));
#18 = DIRECTION('',(1.,0.,-0.));
#19 = AXIS2_PLACEMENT_3D('',#20,#21,#22);
#20 = CARTESIAN_POINT('',(0.,0.,0.));
#21 = DIRECTION('',(0.,0.,1.));
#22 = DIRECTION('',(1.,0.,-0.));
#23 = AXIS2_PLACEMENT_3D('',#24,#25,#26);
#24 = CARTESIAN_POINT('',(0.,0.,0.));
#25 = DIRECTION('',(0.,0.,1.));
#26 = DIRECTION('',(1.,0.,-0.));
#27 = ( GEOMETRIC_REPRESENTATION_CONTEXT(3) 
GLOBAL_UNCERTAINTY_ASSIGNED_CONTEXT((#31)) GLOBAL_UNIT_ASSIGNED_CONTEXT(
(#28,#29,#30)) REPRESENTATION_CONTEXT('Context #1',
  '3D Context with UNIT and UNCERTAINTY') );
#28 = ( LENGTH_UNIT() NAMED_UNIT(*) SI_UNIT(.MILLI.,.METRE.) );
#29 = ( NAMED_UNIT(*) PLANE_ANGLE_UNIT() SI_UNIT($,.RADIAN.) );
#30 = ( NAMED_UNIT(*) SI_UNIT($,.STERADIAN.) SOLID_ANGLE_UNIT() );
#31 = UNCERTAINTY_MEASURE_WITH_UNIT(LENGTH_MEASURE(1.E-07),#28,
  'distance_accuracy_value','confusion accuracy');
#32 = PRODUCT_RELATED_PRODUCT_CATEGORY('part',$,(#7));
#33 = SHAPE_DEFINITION_REPRESENTATION(#34,#40);
#34 = PRODUCT_DEFINITION_SHAPE('','',#35);
#35 = PRODUCT_DEFINITION('design','',#36,#39);
#36 = PRODUCT_DEFINITION_FORMATION('','',#37);
#37 = PRODUCT('Open CASCADE STEP translator 8.0 1.1',
  'Open CASCADE STEP translator 8.0 1.1','',(#38));
#38 = PRODUCT_CONTEXT('',#2,'mechanical');
#39 = PRODUCT_DEFINITION_CONTEXT('part definition',#2,'design');
#40 = ADVANCED_BREP_SHAPE_REPRESENTATION('',(#11,#41),#3984);
#41 = MANIFOLD_SOLID_BREP('',#42);
#42 = CLOSED_SHELL('',(#43,#943,#998,#1002,#1057,#1061,#1116,#1120,#1175
    ,#1179,#1251,#1333,#1527,#1649,#1825,#1851,#1928,#1953,#1979,#2004,
    #2097,#2124,#2257,#2332,#2590,#2617,#2644,#2651,#2658,#2685,#2710,
    #2737,#2810,#2878,#2925,#2952,#2979,#3006,#3033,#3173,#3223,#3294,
    #3342,#3374,#3405,#3545,#3595,#3666,#3714,#3746,#3777,#3812,#3839,
    #3869,#3894,#3923,#3950,#3975));
#43 = ADVANCED_FACE('',(#44,#819,#850,#881,#912),#59,.T.);
#44 = FACE_BOUND('',#45,.T.);
#45 = EDGE_LOOP('',(#46,#82,#110,#139,#167,#194,#222,#251,#279,#307,#334
    ,#362,#385,#413,#440,#468,#491,#520,#548,#577,#605,#634,#657,#684,
    #707,#736,#764,#793));
#46 = ORIENTED_EDGE('',*,*,#47,.T.);
#47 = EDGE_CURVE('',#48,#50,#52,.T.);
#48 = VERTEX_POINT('',#49);
#49 = CARTESIAN_POINT('',(102.38,23.5,52.372347571279));
#50 = VERTEX_POINT('',#51);
#51 = CARTESIAN_POINT('',(98.472347571279,23.5,56.28));
#52 = SURFACE_CURVE('',#53,(#58,#70),.PCURVE_S1.);
#53 = CIRCLE('',#54,3.);
#54 = AXIS2_PLACEMENT_3D('',#55,#56,#57);
#55 = CARTESIAN_POINT('',(99.6,23.5,53.5));
#56 = DIRECTION('',(0.,1.,0.));
#57 = DIRECTION('',(0.,-0.,1.));
#58 = PCURVE('',#59,#64);
#59 = PLANE('',#60);
#60 = AXIS2_PLACEMENT_3D('',#61,#62,#63);
#61 = CARTESIAN_POINT('',(-104.88,23.5,-53.78));
#62 = DIRECTION('',(-0.,1.,0.));
#63 = DIRECTION('',(0.,0.,1.));
#64 = DEFINITIONAL_REPRESENTATION('',(#65),#69);
#65 = CIRCLE('',#66,3.);
#66 = AXIS2_PLACEMENT_2D('',#67,#68);
#67 = CARTESIAN_POINT('',(107.28,204.48));
#68 = DIRECTION('',(1.,0.));
#69 = ( GEOMETRIC_REPRESENTATION_CONTEXT(2) 
PARAMETRIC_REPRESENTATION_CONTEXT() REPRESENTATION_CONTEXT('2D SPACE',''
  ) );
#70 = PCURVE('',#71,#76);
#71 = CYLINDRICAL_SURFACE('',#72,3.);
#72 = AXIS2_PLACEMENT_3D('',#73,#74,#75);
#73 = CARTESIAN_POINT('',(99.6,0.,53.5));
#74 = DIRECTION('',(0.,1.,0.));
#75 = DIRECTION('',(0.,-0.,1.));
#76 = DEFINITIONAL_REPRESENTATION('',(#77),#81);
#77 = LINE('',#78,#79);
#78 = CARTESIAN_POINT('',(0.,23.5));
#79 = VECTOR('',#80,1.);
#80 = DIRECTION('',(1.,0.));
#81 = ( GEOMETRIC_REPRESENTATION_CONTEXT(2) 
PARAMETRIC_REPRESENTATION_CONTEXT() REPRESENTATION_CONTEXT('2D SPACE',''
  ) );
#82 = ORIENTED_EDGE('',*,*,#83,.T.);
#83 = EDGE_CURVE('',#50,#84,#86,.T.);
#84 = VERTEX_POINT('',#85);
#85 = CARTESIAN_POINT('',(-98.47234757127,23.5,56.28));
#86 = SURFACE_CURVE('',#87,(#91,#98),.PCURVE_S1.);
#87 = LINE('',#88,#89);
#88 = CARTESIAN_POINT('',(98.472347571279,23.5,56.28));
#89 = VECTOR('',#90,1.);
#90 = DIRECTION('',(-1.,0.,0.));
#91 = PCURVE('',#59,#92);
#92 = DEFINITIONAL_REPRESENTATION('',(#93),#97);
#93 = LINE('',#94,#95);
#94 = CARTESIAN_POINT('',(110.06,203.35234757127));
#95 = VECTOR('',#96,1.);
#96 = DIRECTION('',(0.,-1.));
#97 = ( GEOMETRIC_REPRESENTATION_CONTEXT(2) 
PARAMETRIC_REPRESENTATION_CONTEXT() REPRESENTATION_CONTEXT('2D SPACE',''
  ) );
#98 = PCURVE('',#99,#104);
#99 = PLANE('',#100);
#100 = AXIS2_PLACEMENT_3D('',#101,#102,#103);
#101 = CARTESIAN_POINT('',(-99.88,-1.,56.28));
#102 = DIRECTION('',(0.,0.,1.));
#103 = DIRECTION('',(1.,0.,-0.));
#104 = DEFINITIONAL_REPRESENTATION('',(#105),#109);
#105 = LINE('',#106,#107);
#106 = CARTESIAN_POINT('',(198.35234757127,24.5));
#107 = VECTOR('',#108,1.);
#108 = DIRECTION('',(-1.,0.));
#109 = ( GEOMETRIC_REPRESENTATION_CONTEXT(2) 
PARAMETRIC_REPRESENTATION_CONTEXT() REPRESENTATION_CONTEXT('2D SPACE',''
  ) );
#110 = ORIENTED_EDGE('',*,*,#111,.T.);
#111 = EDGE_CURVE('',#84,#112,#114,.T.);
#112 = VERTEX_POINT('',#113);
#113 = CARTESIAN_POINT('',(-102.38,23.5,52.372347571279));
#114 = SURFACE_CURVE('',#115,(#120,#127),.PCURVE_S1.);
#115 = CIRCLE('',#116,3.);
#116 = AXIS2_PLACEMENT_3D('',#117,#118,#119);
#117 = CARTESIAN_POINT('',(-99.6,23.5,53.5));
#118 = DIRECTION('',(0.,1.,0.));
#119 = DIRECTION('',(0.,-0.,1.));
#120 = PCURVE('',#59,#121);
#121 = DEFINITIONAL_REPRESENTATION('',(#122),#126);
#122 = CIRCLE('',#123,3.);
#123 = AXIS2_PLACEMENT_2D('',#124,#125);
#124 = CARTESIAN_POINT('',(107.28,5.28));
#125 = DIRECTION('',(1.,0.));
#126 = ( GEOMETRIC_REPRESENTATION_CONTEXT(2) 
PARAMETRIC_REPRESENTATION_CONTEXT() REPRESENTATION_CONTEXT('2D SPACE',''
  ) );
#127 = PCURVE('',#128,#133);
#128 = CYLINDRICAL_SURFACE('',#129,3.);
#129 = AXIS2_PLACEMENT_3D('',#130,#131,#132);
#130 = CARTESIAN_POINT('',(-99.6,0.,53.5));
#131 = DIRECTION('',(0.,1.,0.));
#132 = DIRECTION('',(0.,-0.,1.));
#133 = DEFINITIONAL_REPRESENTATION('',(#134),#138);
#134 = LINE('',#135,#136);
#135 = CARTESIAN_POINT('',(0.,23.5));
#136 = VECTOR('',#137,1.);
#137 = DIRECTION('',(1.,0.));
#138 = ( GEOMETRIC_REPRESENTATION_CONTEXT(2) 
PARAMETRIC_REPRESENTATION_CONTEXT() REPRESENTATION_CONTEXT('2D SPACE',''
  ) );
#139 = ORIENTED_EDGE('',*,*,#140,.T.);
#140 = EDGE_CURVE('',#112,#141,#143,.T.);
#141 = VERTEX_POINT('',#142);
#142 = CARTESIAN_POINT('',(-102.38,23.5,20.));
#143 = SURFACE_CURVE('',#144,(#148,#155),.PCURVE_S1.);
#144 = LINE('',#145,#146);
#145 = CARTESIAN_POINT('',(-102.38,23.5,52.372347571279));
#146 = VECTOR('',#147,1.);
#147 = DIRECTION('',(8.779625687579E-16,0.,-1.));
#148 = PCURVE('',#59,#149);
#149 = DEFINITIONAL_REPRESENTATION('',(#150),#154);
#150 = LINE('',#151,#152);
#151 = CARTESIAN_POINT('',(106.15234757127,2.5));
#152 = VECTOR('',#153,1.);
#153 = DIRECTION('',(-1.,8.779625687579E-16));
#154 = ( GEOMETRIC_REPRESENTATION_CONTEXT(2) 
PARAMETRIC_REPRESENTATION_CONTEXT() REPRESENTATION_CONTEXT('2D SPACE',''
  ) );
#155 = PCURVE('',#156,#161);
#156 = PLANE('',#157);
#157 = AXIS2_PLACEMENT_3D('',#158,#159,#160);
#158 = CARTESIAN_POINT('',(-102.38,-1.,-53.78));
#159 = DIRECTION('',(1.,0.,-0.));
#160 = DIRECTION('',(0.,0.,1.));
#161 = DEFINITIONAL_REPRESENTATION('',(#162),#166);
#162 = LINE('',#163,#164);
#163 = CARTESIAN_POINT('',(106.15234757127,-24.5));
#164 = VECTOR('',#165,1.);
#165 = DIRECTION('',(-1.,0.));
#166 = ( GEOMETRIC_REPRESENTATION_CONTEXT(2) 
PARAMETRIC_REPRESENTATION_CONTEXT() REPRESENTATION_CONTEXT('2D SPACE',''
  ) );
#167 = ORIENTED_EDGE('',*,*,#168,.F.);
#168 = EDGE_CURVE('',#169,#141,#171,.T.);
#169 = VERTEX_POINT('',#170);
#170 = CARTESIAN_POINT('',(-104.88,23.5,20.));
#171 = SURFACE_CURVE('',#172,(#176,#183),.PCURVE_S1.);
#172 = LINE('',#173,#174);
#173 = CARTESIAN_POINT('',(-127.44,23.5,20.));
#174 = VECTOR('',#175,1.);
#175 = DIRECTION('',(1.,0.,-0.));
#176 = PCURVE('',#59,#177);
#177 = DEFINITIONAL_REPRESENTATION('',(#178),#182);
#178 = LINE('',#179,#180);
#179 = CARTESIAN_POINT('',(73.78,-22.56));
#180 = VECTOR('',#181,1.);
#181 = DIRECTION('',(0.,1.));
#182 = ( GEOMETRIC_REPRESENTATION_CONTEXT(2) 
PARAMETRIC_REPRESENTATION_CONTEXT() REPRESENTATION_CONTEXT('2D SPACE',''
  ) );
#183 = PCURVE('',#184,#189);
#184 = PLANE('',#185);
#185 = AXIS2_PLACEMENT_3D('',#186,#187,#188);
#186 = CARTESIAN_POINT('',(-150.,5.4,20.));
#187 = DIRECTION('',(0.,0.,1.));
#188 = DIRECTION('',(1.,0.,-0.));
#189 = DEFINITIONAL_REPRESENTATION('',(#190),#193);
#190 = B_SPLINE_CURVE_WITH_KNOTS('',1,(#191,#192),.UNSPECIFIED.,.F.,.F.,
  (2,2),(22.56,25.06),.PIECEWISE_BEZIER_KNOTS.);
#191 = CARTESIAN_POINT('',(45.12,18.1));
#192 = CARTESIAN_POINT('',(47.62,18.1));
#193 = ( GEOMETRIC_REPRESENTATION_CONTEXT(2) 
PARAMETRIC_REPRESENTATION_CONTEXT() REPRESENTATION_CONTEXT('2D SPACE',''
  ) );
#194 = ORIENTED_EDGE('',*,*,#195,.T.);
#195 = EDGE_CURVE('',#169,#196,#198,.T.);
#196 = VERTEX_POINT('',#197);
#197 = CARTESIAN_POINT('',(-104.88,23.5,53.78));
#198 = SURFACE_CURVE('',#199,(#203,#210),.PCURVE_S1.);
#199 = LINE('',#200,#201);
#200 = CARTESIAN_POINT('',(-104.88,23.5,-53.78));
#201 = VECTOR('',#202,1.);
#202 = DIRECTION('',(0.,0.,1.));
#203 = PCURVE('',#59,#204);
#204 = DEFINITIONAL_REPRESENTATION('',(#205),#209);
#205 = LINE('',#206,#207);
#206 = CARTESIAN_POINT('',(0.,0.));
#207 = VECTOR('',#208,1.);
#208 = DIRECTION('',(1.,0.));
#209 = ( GEOMETRIC_REPRESENTATION_CONTEXT(2) 
PARAMETRIC_REPRESENTATION_CONTEXT() REPRESENTATION_CONTEXT('2D SPACE',''
  ) );
#210 = PCURVE('',#211,#216);
#211 = PLANE('',#212);
#212 = AXIS2_PLACEMENT_3D('',#213,#214,#215);
#213 = CARTESIAN_POINT('',(-104.88,0.,-53.78));
#214 = DIRECTION('',(1.,0.,-0.));
#215 = DIRECTION('',(0.,0.,1.));
#216 = DEFINITIONAL_REPRESENTATION('',(#217),#221);
#217 = LINE('',#218,#219);
#218 = CARTESIAN_POINT('',(0.,-23.5));
#219 = VECTOR('',#220,1.);
#220 = DIRECTION('',(1.,0.));
#221 = ( GEOMETRIC_REPRESENTATION_CONTEXT(2) 
PARAMETRIC_REPRESENTATION_CONTEXT() REPRESENTATION_CONTEXT('2D SPACE',''
  ) );
#222 = ORIENTED_EDGE('',*,*,#223,.T.);
#223 = EDGE_CURVE('',#196,#224,#226,.T.);
#224 = VERTEX_POINT('',#225);
#225 = CARTESIAN_POINT('',(-99.88,23.5,58.78));
#226 = SURFACE_CURVE('',#227,(#232,#239),.PCURVE_S1.);
#227 = CIRCLE('',#228,5.);
#228 = AXIS2_PLACEMENT_3D('',#229,#230,#231);
#229 = CARTESIAN_POINT('',(-99.88,23.5,53.78));
#230 = DIRECTION('',(0.,1.,0.));
#231 = DIRECTION('',(0.,-0.,1.));
#232 = PCURVE('',#59,#233);
#233 = DEFINITIONAL_REPRESENTATION('',(#234),#238);
#234 = CIRCLE('',#235,5.);
#235 = AXIS2_PLACEMENT_2D('',#236,#237);
#236 = CARTESIAN_POINT('',(107.56,5.));
#237 = DIRECTION('',(1.,0.));
#238 = ( GEOMETRIC_REPRESENTATION_CONTEXT(2) 
PARAMETRIC_REPRESENTATION_CONTEXT() REPRESENTATION_CONTEXT('2D SPACE',''
  ) );
#239 = PCURVE('',#240,#245);
#240 = CYLINDRICAL_SURFACE('',#241,5.);
#241 = AXIS2_PLACEMENT_3D('',#242,#243,#244);
#242 = CARTESIAN_POINT('',(-99.88,0.,53.78));
#243 = DIRECTION('',(0.,1.,0.));
#244 = DIRECTION('',(0.,-0.,1.));
#245 = DEFINITIONAL_REPRESENTATION('',(#246),#250);
#246 = LINE('',#247,#248);
#247 = CARTESIAN_POINT('',(0.,23.5));
#248 = VECTOR('',#249,1.);
#249 = DIRECTION('',(1.,0.));
#250 = ( GEOMETRIC_REPRESENTATION_CONTEXT(2) 
PARAMETRIC_REPRESENTATION_CONTEXT() REPRESENTATION_CONTEXT('2D SPACE',''
  ) );
#251 = ORIENTED_EDGE('',*,*,#252,.T.);
#252 = EDGE_CURVE('',#224,#253,#255,.T.);
#253 = VERTEX_POINT('',#254);
#254 = CARTESIAN_POINT('',(-32.,23.5,58.78));
#255 = SURFACE_CURVE('',#256,(#260,#267),.PCURVE_S1.);
#256 = LINE('',#257,#258);
#257 = CARTESIAN_POINT('',(-99.88,23.5,58.78));
#258 = VECTOR('',#259,1.);
#259 = DIRECTION('',(1.,0.,-0.));
#260 = PCURVE('',#59,#261);
#261 = DEFINITIONAL_REPRESENTATION('',(#262),#266);
#262 = LINE('',#263,#264);
#263 = CARTESIAN_POINT('',(112.56,5.));
#264 = VECTOR('',#265,1.);
#265 = DIRECTION('',(0.,1.));
#266 = ( GEOMETRIC_REPRESENTATION_CONTEXT(2) 
PARAMETRIC_REPRESENTATION_CONTEXT() REPRESENTATION_CONTEXT('2D SPACE',''
  ) );
#267 = PCURVE('',#268,#273);
#268 = PLANE('',#269);
#269 = AXIS2_PLACEMENT_3D('',#270,#271,#272);
#270 = CARTESIAN_POINT('',(-99.88,0.,58.78));
#271 = DIRECTION('',(0.,0.,1.));
#272 = DIRECTION('',(1.,0.,-0.));
#273 = DEFINITIONAL_REPRESENTATION('',(#274),#278);
#274 = LINE('',#275,#276);
#275 = CARTESIAN_POINT('',(0.,23.5));
#276 = VECTOR('',#277,1.);
#277 = DIRECTION('',(1.,0.));
#278 = ( GEOMETRIC_REPRESENTATION_CONTEXT(2) 
PARAMETRIC_REPRESENTATION_CONTEXT() REPRESENTATION_CONTEXT('2D SPACE',''
  ) );
#279 = ORIENTED_EDGE('',*,*,#280,.T.);
#280 = EDGE_CURVE('',#253,#281,#283,.T.);
#281 = VERTEX_POINT('',#282);
#282 = CARTESIAN_POINT('',(-32.,23.5,63.3));
#283 = SURFACE_CURVE('',#284,(#288,#295),.PCURVE_S1.);
#284 = LINE('',#285,#286);
#285 = CARTESIAN_POINT('',(-32.,23.5,58.78));
#286 = VECTOR('',#287,1.);
#287 = DIRECTION('',(0.,0.,1.));
#288 = PCURVE('',#59,#289);
#289 = DEFINITIONAL_REPRESENTATION('',(#290),#294);
#290 = LINE('',#291,#292);
#291 = CARTESIAN_POINT('',(112.56,72.88));
#292 = VECTOR('',#293,1.);
#293 = DIRECTION('',(1.,0.));
#294 = ( GEOMETRIC_REPRESENTATION_CONTEXT(2) 
PARAMETRIC_REPRESENTATION_CONTEXT() REPRESENTATION_CONTEXT('2D SPACE',''
  ) );
#295 = PCURVE('',#296,#301);
#296 = PLANE('',#297);
#297 = AXIS2_PLACEMENT_3D('',#298,#299,#300);
#298 = CARTESIAN_POINT('',(-32.,15.5,58.78));
#299 = DIRECTION('',(1.,0.,-0.));
#300 = DIRECTION('',(0.,0.,1.));
#301 = DEFINITIONAL_REPRESENTATION('',(#302),#306);
#302 = LINE('',#303,#304);
#303 = CARTESIAN_POINT('',(0.,-8.));
#304 = VECTOR('',#305,1.);
#305 = DIRECTION('',(1.,0.));
#306 = ( GEOMETRIC_REPRESENTATION_CONTEXT(2) 
PARAMETRIC_REPRESENTATION_CONTEXT() REPRESENTATION_CONTEXT('2D SPACE',''
  ) );
#307 = ORIENTED_EDGE('',*,*,#308,.T.);
#308 = EDGE_CURVE('',#281,#309,#311,.T.);
#309 = VERTEX_POINT('',#310);
#310 = CARTESIAN_POINT('',(-20.5,23.5,63.3));
#311 = SURFACE_CURVE('',#312,(#316,#323),.PCURVE_S1.);
#312 = LINE('',#313,#314);
#313 = CARTESIAN_POINT('',(-32.,23.5,63.3));
#314 = VECTOR('',#315,1.);
#315 = DIRECTION('',(1.,0.,-0.));
#316 = PCURVE('',#59,#317);
#317 = DEFINITIONAL_REPRESENTATION('',(#318),#322);
#318 = LINE('',#319,#320);
#319 = CARTESIAN_POINT('',(117.08,72.88));
#320 = VECTOR('',#321,1.);
#321 = DIRECTION('',(0.,1.));
#322 = ( GEOMETRIC_REPRESENTATION_CONTEXT(2) 
PARAMETRIC_REPRESENTATION_CONTEXT() REPRESENTATION_CONTEXT('2D SPACE',''
  ) );
#323 = PCURVE('',#324,#329);
#324 = CYLINDRICAL_SURFACE('',#325,4.);
#325 = AXIS2_PLACEMENT_3D('',#326,#327,#328);
#326 = CARTESIAN_POINT('',(-32.,19.5,63.3));
#327 = DIRECTION('',(1.,0.,0.));
#328 = DIRECTION('',(-0.,0.,1.));
#329 = DEFINITIONAL_REPRESENTATION('',(#330),#333);
#330 = B_SPLINE_CURVE_WITH_KNOTS('',1,(#331,#332),.UNSPECIFIED.,.F.,.F.,
  (2,2),(0.,11.5),.PIECEWISE_BEZIER_KNOTS.);
#331 = CARTESIAN_POINT('',(4.712388980385,0.));
#332 = CARTESIAN_POINT('',(4.712388980385,11.5));
#333 = ( GEOMETRIC_REPRESENTATION_CONTEXT(2) 
PARAMETRIC_REPRESENTATION_CONTEXT() REPRESENTATION_CONTEXT('2D SPACE',''
  ) );
#334 = ORIENTED_EDGE('',*,*,#335,.F.);
#335 = EDGE_CURVE('',#336,#309,#338,.T.);
#336 = VERTEX_POINT('',#337);
#337 = CARTESIAN_POINT('',(-20.5,23.5,58.78));
#338 = SURFACE_CURVE('',#339,(#343,#350),.PCURVE_S1.);
#339 = LINE('',#340,#341);
#340 = CARTESIAN_POINT('',(-20.5,23.5,58.78));
#341 = VECTOR('',#342,1.);
#342 = DIRECTION('',(0.,0.,1.));
#343 = PCURVE('',#59,#344);
#344 = DEFINITIONAL_REPRESENTATION('',(#345),#349);
#345 = LINE('',#346,#347);
#346 = CARTESIAN_POINT('',(112.56,84.38));
#347 = VECTOR('',#348,1.);
#348 = DIRECTION('',(1.,0.));
#349 = ( GEOMETRIC_REPRESENTATION_CONTEXT(2) 
PARAMETRIC_REPRESENTATION_CONTEXT() REPRESENTATION_CONTEXT('2D SPACE',''
  ) );
#350 = PCURVE('',#351,#356);
#351 = PLANE('',#352);
#352 = AXIS2_PLACEMENT_3D('',#353,#354,#355);
#353 = CARTESIAN_POINT('',(-20.5,12.487725112145,61.792274887855));
#354 = DIRECTION('',(1.,0.,0.));
#355 = DIRECTION('',(-0.,0.,1.));
#356 = DEFINITIONAL_REPRESENTATION('',(#357),#361);
#357 = LINE('',#358,#359);
#358 = CARTESIAN_POINT('',(-3.012274887855,-11.01227488785));
#359 = VECTOR('',#360,1.);
#360 = DIRECTION('',(1.,0.));
#361 = ( GEOMETRIC_REPRESENTATION_CONTEXT(2) 
PARAMETRIC_REPRESENTATION_CONTEXT() REPRESENTATION_CONTEXT('2D SPACE',''
  ) );
#362 = ORIENTED_EDGE('',*,*,#363,.T.);
#363 = EDGE_CURVE('',#336,#364,#366,.T.);
#364 = VERTEX_POINT('',#365);
#365 = CARTESIAN_POINT('',(20.5,23.5,58.78));
#366 = SURFACE_CURVE('',#367,(#371,#378),.PCURVE_S1.);
#367 = LINE('',#368,#369);
#368 = CARTESIAN_POINT('',(-99.88,23.5,58.78));
#369 = VECTOR('',#370,1.);
#370 = DIRECTION('',(1.,0.,-0.));
#371 = PCURVE('',#59,#372);
#372 = DEFINITIONAL_REPRESENTATION('',(#373),#377);
#373 = LINE('',#374,#375);
#374 = CARTESIAN_POINT('',(112.56,5.));
#375 = VECTOR('',#376,1.);
#376 = DIRECTION('',(0.,1.));
#377 = ( GEOMETRIC_REPRESENTATION_CONTEXT(2) 
PARAMETRIC_REPRESENTATION_CONTEXT() REPRESENTATION_CONTEXT('2D SPACE',''
  ) );
#378 = PCURVE('',#268,#379);
#379 = DEFINITIONAL_REPRESENTATION('',(#380),#384);
#380 = LINE('',#381,#382);
#381 = CARTESIAN_POINT('',(0.,23.5));
#382 = VECTOR('',#383,1.);
#383 = DIRECTION('',(1.,0.));
#384 = ( GEOMETRIC_REPRESENTATION_CONTEXT(2) 
PARAMETRIC_REPRESENTATION_CONTEXT() REPRESENTATION_CONTEXT('2D SPACE',''
  ) );
#385 = ORIENTED_EDGE('',*,*,#386,.T.);
#386 = EDGE_CURVE('',#364,#387,#389,.T.);
#387 = VERTEX_POINT('',#388);
#388 = CARTESIAN_POINT('',(20.5,23.5,63.3));
#389 = SURFACE_CURVE('',#390,(#394,#401),.PCURVE_S1.);
#390 = LINE('',#391,#392);
#391 = CARTESIAN_POINT('',(20.5,23.5,58.78));
#392 = VECTOR('',#393,1.);
#393 = DIRECTION('',(0.,0.,1.));
#394 = PCURVE('',#59,#395);
#395 = DEFINITIONAL_REPRESENTATION('',(#396),#400);
#396 = LINE('',#397,#398);
#397 = CARTESIAN_POINT('',(112.56,125.38));
#398 = VECTOR('',#399,1.);
#399 = DIRECTION('',(1.,0.));
#400 = ( GEOMETRIC_REPRESENTATION_CONTEXT(2) 
PARAMETRIC_REPRESENTATION_CONTEXT() REPRESENTATION_CONTEXT('2D SPACE',''
  ) );
#401 = PCURVE('',#402,#407);
#402 = PLANE('',#403);
#403 = AXIS2_PLACEMENT_3D('',#404,#405,#406);
#404 = CARTESIAN_POINT('',(20.5,15.5,58.78));
#405 = DIRECTION('',(1.,0.,-0.));
#406 = DIRECTION('',(0.,0.,1.));
#407 = DEFINITIONAL_REPRESENTATION('',(#408),#412);
#408 = LINE('',#409,#410);
#409 = CARTESIAN_POINT('',(0.,-8.));
#410 = VECTOR('',#411,1.);
#411 = DIRECTION('',(1.,0.));
#412 = ( GEOMETRIC_REPRESENTATION_CONTEXT(2) 
PARAMETRIC_REPRESENTATION_CONTEXT() REPRESENTATION_CONTEXT('2D SPACE',''
  ) );
#413 = ORIENTED_EDGE('',*,*,#414,.T.);
#414 = EDGE_CURVE('',#387,#415,#417,.T.);
#415 = VERTEX_POINT('',#416);
#416 = CARTESIAN_POINT('',(32.,23.5,63.3));
#417 = SURFACE_CURVE('',#418,(#422,#429),.PCURVE_S1.);
#418 = LINE('',#419,#420);
#419 = CARTESIAN_POINT('',(20.5,23.5,63.3));
#420 = VECTOR('',#421,1.);
#421 = DIRECTION('',(1.,0.,-0.));
#422 = PCURVE('',#59,#423);
#423 = DEFINITIONAL_REPRESENTATION('',(#424),#428);
#424 = LINE('',#425,#426);
#425 = CARTESIAN_POINT('',(117.08,125.38));
#426 = VECTOR('',#427,1.);
#427 = DIRECTION('',(0.,1.));
#428 = ( GEOMETRIC_REPRESENTATION_CONTEXT(2) 
PARAMETRIC_REPRESENTATION_CONTEXT() REPRESENTATION_CONTEXT('2D SPACE',''
  ) );
#429 = PCURVE('',#430,#435);
#430 = CYLINDRICAL_SURFACE('',#431,4.);
#431 = AXIS2_PLACEMENT_3D('',#432,#433,#434);
#432 = CARTESIAN_POINT('',(20.5,19.5,63.3));
#433 = DIRECTION('',(1.,0.,0.));
#434 = DIRECTION('',(-0.,0.,1.));
#435 = DEFINITIONAL_REPRESENTATION('',(#436),#439);
#436 = B_SPLINE_CURVE_WITH_KNOTS('',1,(#437,#438),.UNSPECIFIED.,.F.,.F.,
  (2,2),(0.,11.5),.PIECEWISE_BEZIER_KNOTS.);
#437 = CARTESIAN_POINT('',(4.712388980385,0.));
#438 = CARTESIAN_POINT('',(4.712388980385,11.5));
#439 = ( GEOMETRIC_REPRESENTATION_CONTEXT(2) 
PARAMETRIC_REPRESENTATION_CONTEXT() REPRESENTATION_CONTEXT('2D SPACE',''
  ) );
#440 = ORIENTED_EDGE('',*,*,#441,.F.);
#441 = EDGE_CURVE('',#442,#415,#444,.T.);
#442 = VERTEX_POINT('',#443);
#443 = CARTESIAN_POINT('',(32.,23.5,58.78));
#444 = SURFACE_CURVE('',#445,(#449,#456),.PCURVE_S1.);
#445 = LINE('',#446,#447);
#446 = CARTESIAN_POINT('',(32.,23.5,58.78));
#447 = VECTOR('',#448,1.);
#448 = DIRECTION('',(0.,0.,1.));
#449 = PCURVE('',#59,#450);
#450 = DEFINITIONAL_REPRESENTATION('',(#451),#455);
#451 = LINE('',#452,#453);
#452 = CARTESIAN_POINT('',(112.56,136.88));
#453 = VECTOR('',#454,1.);
#454 = DIRECTION('',(1.,0.));
#455 = ( GEOMETRIC_REPRESENTATION_CONTEXT(2) 
PARAMETRIC_REPRESENTATION_CONTEXT() REPRESENTATION_CONTEXT('2D SPACE',''
  ) );
#456 = PCURVE('',#457,#462);
#457 = PLANE('',#458);
#458 = AXIS2_PLACEMENT_3D('',#459,#460,#461);
#459 = CARTESIAN_POINT('',(32.,12.487725112145,61.792274887855));
#460 = DIRECTION('',(1.,0.,0.));
#461 = DIRECTION('',(-0.,0.,1.));
#462 = DEFINITIONAL_REPRESENTATION('',(#463),#467);
#463 = LINE('',#464,#465);
#464 = CARTESIAN_POINT('',(-3.012274887855,-11.01227488785));
#465 = VECTOR('',#466,1.);
#466 = DIRECTION('',(1.,0.));
#467 = ( GEOMETRIC_REPRESENTATION_CONTEXT(2) 
PARAMETRIC_REPRESENTATION_CONTEXT() REPRESENTATION_CONTEXT('2D SPACE',''
  ) );
#468 = ORIENTED_EDGE('',*,*,#469,.T.);
#469 = EDGE_CURVE('',#442,#470,#472,.T.);
#470 = VERTEX_POINT('',#471);
#471 = CARTESIAN_POINT('',(99.88,23.5,58.78));
#472 = SURFACE_CURVE('',#473,(#477,#484),.PCURVE_S1.);
#473 = LINE('',#474,#475);
#474 = CARTESIAN_POINT('',(-99.88,23.5,58.78));
#475 = VECTOR('',#476,1.);
#476 = DIRECTION('',(1.,0.,-0.));
#477 = PCURVE('',#59,#478);
#478 = DEFINITIONAL_REPRESENTATION('',(#479),#483);
#479 = LINE('',#480,#481);
#480 = CARTESIAN_POINT('',(112.56,5.));
#481 = VECTOR('',#482,1.);
#482 = DIRECTION('',(0.,1.));
#483 = ( GEOMETRIC_REPRESENTATION_CONTEXT(2) 
PARAMETRIC_REPRESENTATION_CONTEXT() REPRESENTATION_CONTEXT('2D SPACE',''
  ) );
#484 = PCURVE('',#268,#485);
#485 = DEFINITIONAL_REPRESENTATION('',(#486),#490);
#486 = LINE('',#487,#488);
#487 = CARTESIAN_POINT('',(0.,23.5));
#488 = VECTOR('',#489,1.);
#489 = DIRECTION('',(1.,0.));
#490 = ( GEOMETRIC_REPRESENTATION_CONTEXT(2) 
PARAMETRIC_REPRESENTATION_CONTEXT() REPRESENTATION_CONTEXT('2D SPACE',''
  ) );
#491 = ORIENTED_EDGE('',*,*,#492,.T.);
#492 = EDGE_CURVE('',#470,#493,#495,.T.);
#493 = VERTEX_POINT('',#494);
#494 = CARTESIAN_POINT('',(104.88,23.5,53.78));
#495 = SURFACE_CURVE('',#496,(#501,#508),.PCURVE_S1.);
#496 = CIRCLE('',#497,5.);
#497 = AXIS2_PLACEMENT_3D('',#498,#499,#500);
#498 = CARTESIAN_POINT('',(99.88,23.5,53.78));
#499 = DIRECTION('',(0.,1.,0.));
#500 = DIRECTION('',(0.,-0.,1.));
#501 = PCURVE('',#59,#502);
#502 = DEFINITIONAL_REPRESENTATION('',(#503),#507);
#503 = CIRCLE('',#504,5.);
#504 = AXIS2_PLACEMENT_2D('',#505,#506);
#505 = CARTESIAN_POINT('',(107.56,204.76));
#506 = DIRECTION('',(1.,0.));
#507 = ( GEOMETRIC_REPRESENTATION_CONTEXT(2) 
PARAMETRIC_REPRESENTATION_CONTEXT() REPRESENTATION_CONTEXT('2D SPACE',''
  ) );
#508 = PCURVE('',#509,#514);
#509 = CYLINDRICAL_SURFACE('',#510,5.);
#510 = AXIS2_PLACEMENT_3D('',#511,#512,#513);
#511 = CARTESIAN_POINT('',(99.88,0.,53.78));
#512 = DIRECTION('',(0.,1.,0.));
#513 = DIRECTION('',(0.,-0.,1.));
#514 = DEFINITIONAL_REPRESENTATION('',(#515),#519);
#515 = LINE('',#516,#517);
#516 = CARTESIAN_POINT('',(0.,23.5));
#517 = VECTOR('',#518,1.);
#518 = DIRECTION('',(1.,0.));
#519 = ( GEOMETRIC_REPRESENTATION_CONTEXT(2) 
PARAMETRIC_REPRESENTATION_CONTEXT() REPRESENTATION_CONTEXT('2D SPACE',''
  ) );
#520 = ORIENTED_EDGE('',*,*,#521,.F.);
#521 = EDGE_CURVE('',#522,#493,#524,.T.);
#522 = VERTEX_POINT('',#523);
#523 = CARTESIAN_POINT('',(104.88,23.5,-53.78));
#524 = SURFACE_CURVE('',#525,(#529,#536),.PCURVE_S1.);
#525 = LINE('',#526,#527);
#526 = CARTESIAN_POINT('',(104.88,23.5,-53.78));
#527 = VECTOR('',#528,1.);
#528 = DIRECTION('',(0.,0.,1.));
#529 = PCURVE('',#59,#530);
#530 = DEFINITIONAL_REPRESENTATION('',(#531),#535);
#531 = LINE('',#532,#533);
#532 = CARTESIAN_POINT('',(0.,209.76));
#533 = VECTOR('',#534,1.);
#534 = DIRECTION('',(1.,0.));
#535 = ( GEOMETRIC_REPRESENTATION_CONTEXT(2) 
PARAMETRIC_REPRESENTATION_CONTEXT() REPRESENTATION_CONTEXT('2D SPACE',''
  ) );
#536 = PCURVE('',#537,#542);
#537 = PLANE('',#538);
#538 = AXIS2_PLACEMENT_3D('',#539,#540,#541);
#539 = CARTESIAN_POINT('',(104.88,0.,-53.78));
#540 = DIRECTION('',(1.,0.,-0.));
#541 = DIRECTION('',(0.,0.,1.));
#542 = DEFINITIONAL_REPRESENTATION('',(#543),#547);
#543 = LINE('',#544,#545);
#544 = CARTESIAN_POINT('',(0.,-23.5));
#545 = VECTOR('',#546,1.);
#546 = DIRECTION('',(1.,0.));
#547 = ( GEOMETRIC_REPRESENTATION_CONTEXT(2) 
PARAMETRIC_REPRESENTATION_CONTEXT() REPRESENTATION_CONTEXT('2D SPACE',''
  ) );
#548 = ORIENTED_EDGE('',*,*,#549,.T.);
#549 = EDGE_CURVE('',#522,#550,#552,.T.);
#550 = VERTEX_POINT('',#551);
#551 = CARTESIAN_POINT('',(99.88,23.5,-58.78));
#552 = SURFACE_CURVE('',#553,(#558,#565),.PCURVE_S1.);
#553 = CIRCLE('',#554,5.);
#554 = AXIS2_PLACEMENT_3D('',#555,#556,#557);
#555 = CARTESIAN_POINT('',(99.88,23.5,-53.78));
#556 = DIRECTION('',(0.,1.,0.));
#557 = DIRECTION('',(0.,-0.,1.));
#558 = PCURVE('',#59,#559);
#559 = DEFINITIONAL_REPRESENTATION('',(#560),#564);
#560 = CIRCLE('',#561,5.);
#561 = AXIS2_PLACEMENT_2D('',#562,#563);
#562 = CARTESIAN_POINT('',(0.,204.76));
#563 = DIRECTION('',(1.,0.));
#564 = ( GEOMETRIC_REPRESENTATION_CONTEXT(2) 
PARAMETRIC_REPRESENTATION_CONTEXT() REPRESENTATION_CONTEXT('2D SPACE',''
  ) );
#565 = PCURVE('',#566,#571);
#566 = CYLINDRICAL_SURFACE('',#567,5.);
#567 = AXIS2_PLACEMENT_3D('',#568,#569,#570);
#568 = CARTESIAN_POINT('',(99.88,0.,-53.78));
#569 = DIRECTION('',(0.,1.,0.));
#570 = DIRECTION('',(0.,-0.,1.));
#571 = DEFINITIONAL_REPRESENTATION('',(#572),#576);
#572 = LINE('',#573,#574);
#573 = CARTESIAN_POINT('',(0.,23.5));
#574 = VECTOR('',#575,1.);
#575 = DIRECTION('',(1.,0.));
#576 = ( GEOMETRIC_REPRESENTATION_CONTEXT(2) 
PARAMETRIC_REPRESENTATION_CONTEXT() REPRESENTATION_CONTEXT('2D SPACE',''
  ) );
#577 = ORIENTED_EDGE('',*,*,#578,.F.);
#578 = EDGE_CURVE('',#579,#550,#581,.T.);
#579 = VERTEX_POINT('',#580);
#580 = CARTESIAN_POINT('',(-99.88,23.5,-58.78));
#581 = SURFACE_CURVE('',#582,(#586,#593),.PCURVE_S1.);
#582 = LINE('',#583,#584);
#583 = CARTESIAN_POINT('',(-99.88,23.5,-58.78));
#584 = VECTOR('',#585,1.);
#585 = DIRECTION('',(1.,0.,-0.));
#586 = PCURVE('',#59,#587);
#587 = DEFINITIONAL_REPRESENTATION('',(#588),#592);
#588 = LINE('',#589,#590);
#589 = CARTESIAN_POINT('',(-5.,5.));
#590 = VECTOR('',#591,1.);
#591 = DIRECTION('',(0.,1.));
#592 = ( GEOMETRIC_REPRESENTATION_CONTEXT(2) 
PARAMETRIC_REPRESENTATION_CONTEXT() REPRESENTATION_CONTEXT('2D SPACE',''
  ) );
#593 = PCURVE('',#594,#599);
#594 = PLANE('',#595);
#595 = AXIS2_PLACEMENT_3D('',#596,#597,#598);
#596 = CARTESIAN_POINT('',(-99.88,0.,-58.78));
#597 = DIRECTION('',(0.,0.,1.));
#598 = DIRECTION('',(1.,0.,-0.));
#599 = DEFINITIONAL_REPRESENTATION('',(#600),#604);
#600 = LINE('',#601,#602);
#601 = CARTESIAN_POINT('',(0.,23.5));
#602 = VECTOR('',#603,1.);
#603 = DIRECTION('',(1.,0.));
#604 = ( GEOMETRIC_REPRESENTATION_CONTEXT(2) 
PARAMETRIC_REPRESENTATION_CONTEXT() REPRESENTATION_CONTEXT('2D SPACE',''
  ) );
#605 = ORIENTED_EDGE('',*,*,#606,.T.);
#606 = EDGE_CURVE('',#579,#607,#609,.T.);
#607 = VERTEX_POINT('',#608);
#608 = CARTESIAN_POINT('',(-104.88,23.5,-53.78));
#609 = SURFACE_CURVE('',#610,(#615,#622),.PCURVE_S1.);
#610 = CIRCLE('',#611,5.);
#611 = AXIS2_PLACEMENT_3D('',#612,#613,#614);
#612 = CARTESIAN_POINT('',(-99.88,23.5,-53.78));
#613 = DIRECTION('',(0.,1.,0.));
#614 = DIRECTION('',(0.,-0.,1.));
#615 = PCURVE('',#59,#616);
#616 = DEFINITIONAL_REPRESENTATION('',(#617),#621);
#617 = CIRCLE('',#618,5.);
#618 = AXIS2_PLACEMENT_2D('',#619,#620);
#619 = CARTESIAN_POINT('',(0.,5.));
#620 = DIRECTION('',(1.,0.));
#621 = ( GEOMETRIC_REPRESENTATION_CONTEXT(2) 
PARAMETRIC_REPRESENTATION_CONTEXT() REPRESENTATION_CONTEXT('2D SPACE',''
  ) );
#622 = PCURVE('',#623,#628);
#623 = CYLINDRICAL_SURFACE('',#624,5.);
#624 = AXIS2_PLACEMENT_3D('',#625,#626,#627);
#625 = CARTESIAN_POINT('',(-99.88,0.,-53.78));
#626 = DIRECTION('',(0.,1.,0.));
#627 = DIRECTION('',(0.,-0.,1.));
#628 = DEFINITIONAL_REPRESENTATION('',(#629),#633);
#629 = LINE('',#630,#631);
#630 = CARTESIAN_POINT('',(0.,23.5));
#631 = VECTOR('',#632,1.);
#632 = DIRECTION('',(1.,0.));
#633 = ( GEOMETRIC_REPRESENTATION_CONTEXT(2) 
PARAMETRIC_REPRESENTATION_CONTEXT() REPRESENTATION_CONTEXT('2D SPACE',''
  ) );
#634 = ORIENTED_EDGE('',*,*,#635,.T.);
#635 = EDGE_CURVE('',#607,#636,#638,.T.);
#636 = VERTEX_POINT('',#637);
#637 = CARTESIAN_POINT('',(-104.88,23.5,-20.));
#638 = SURFACE_CURVE('',#639,(#643,#650),.PCURVE_S1.);
#639 = LINE('',#640,#641);
#640 = CARTESIAN_POINT('',(-104.88,23.5,-53.78));
#641 = VECTOR('',#642,1.);
#642 = DIRECTION('',(0.,0.,1.));
#643 = PCURVE('',#59,#644);
#644 = DEFINITIONAL_REPRESENTATION('',(#645),#649);
#645 = LINE('',#646,#647);
#646 = CARTESIAN_POINT('',(0.,0.));
#647 = VECTOR('',#648,1.);
#648 = DIRECTION('',(1.,0.));
#649 = ( GEOMETRIC_REPRESENTATION_CONTEXT(2) 
PARAMETRIC_REPRESENTATION_CONTEXT() REPRESENTATION_CONTEXT('2D SPACE',''
  ) );
#650 = PCURVE('',#211,#651);
#651 = DEFINITIONAL_REPRESENTATION('',(#652),#656);
#652 = LINE('',#653,#654);
#653 = CARTESIAN_POINT('',(0.,-23.5));
#654 = VECTOR('',#655,1.);
#655 = DIRECTION('',(1.,0.));
#656 = ( GEOMETRIC_REPRESENTATION_CONTEXT(2) 
PARAMETRIC_REPRESENTATION_CONTEXT() REPRESENTATION_CONTEXT('2D SPACE',''
  ) );
#657 = ORIENTED_EDGE('',*,*,#658,.T.);
#658 = EDGE_CURVE('',#636,#659,#661,.T.);
#659 = VERTEX_POINT('',#660);
#660 = CARTESIAN_POINT('',(-102.38,23.5,-20.));
#661 = SURFACE_CURVE('',#662,(#666,#673),.PCURVE_S1.);
#662 = LINE('',#663,#664);
#663 = CARTESIAN_POINT('',(-127.44,23.5,-20.));
#664 = VECTOR('',#665,1.);
#665 = DIRECTION('',(1.,0.,-0.));
#666 = PCURVE('',#59,#667);
#667 = DEFINITIONAL_REPRESENTATION('',(#668),#672);
#668 = LINE('',#669,#670);
#669 = CARTESIAN_POINT('',(33.78,-22.56));
#670 = VECTOR('',#671,1.);
#671 = DIRECTION('',(0.,1.));
#672 = ( GEOMETRIC_REPRESENTATION_CONTEXT(2) 
PARAMETRIC_REPRESENTATION_CONTEXT() REPRESENTATION_CONTEXT('2D SPACE',''
  ) );
#673 = PCURVE('',#674,#679);
#674 = PLANE('',#675);
#675 = AXIS2_PLACEMENT_3D('',#676,#677,#678);
#676 = CARTESIAN_POINT('',(-150.,5.4,-20.));
#677 = DIRECTION('',(0.,0.,1.));
#678 = DIRECTION('',(1.,0.,-0.));
#679 = DEFINITIONAL_REPRESENTATION('',(#680),#683);
#680 = B_SPLINE_CURVE_WITH_KNOTS('',1,(#681,#682),.UNSPECIFIED.,.F.,.F.,
  (2,2),(22.56,25.06),.PIECEWISE_BEZIER_KNOTS.);
#681 = CARTESIAN_POINT('',(45.12,18.1));
#682 = CARTESIAN_POINT('',(47.62,18.1));
#683 = ( GEOMETRIC_REPRESENTATION_CONTEXT(2) 
PARAMETRIC_REPRESENTATION_CONTEXT() REPRESENTATION_CONTEXT('2D SPACE',''
  ) );
#684 = ORIENTED_EDGE('',*,*,#685,.T.);
#685 = EDGE_CURVE('',#659,#686,#688,.T.);
#686 = VERTEX_POINT('',#687);
#687 = CARTESIAN_POINT('',(-102.38,23.5,-52.37234757127));
#688 = SURFACE_CURVE('',#689,(#693,#700),.PCURVE_S1.);
#689 = LINE('',#690,#691);
#690 = CARTESIAN_POINT('',(-102.38,23.5,-20.));
#691 = VECTOR('',#692,1.);
#692 = DIRECTION('',(0.,0.,-1.));
#693 = PCURVE('',#59,#694);
#694 = DEFINITIONAL_REPRESENTATION('',(#695),#699);
#695 = LINE('',#696,#697);
#696 = CARTESIAN_POINT('',(33.78,2.5));
#697 = VECTOR('',#698,1.);
#698 = DIRECTION('',(-1.,0.));
#699 = ( GEOMETRIC_REPRESENTATION_CONTEXT(2) 
PARAMETRIC_REPRESENTATION_CONTEXT() REPRESENTATION_CONTEXT('2D SPACE',''
  ) );
#700 = PCURVE('',#156,#701);
#701 = DEFINITIONAL_REPRESENTATION('',(#702),#706);
#702 = LINE('',#703,#704);
#703 = CARTESIAN_POINT('',(33.78,-24.5));
#704 = VECTOR('',#705,1.);
#705 = DIRECTION('',(-1.,0.));
#706 = ( GEOMETRIC_REPRESENTATION_CONTEXT(2) 
PARAMETRIC_REPRESENTATION_CONTEXT() REPRESENTATION_CONTEXT('2D SPACE',''
  ) );
#707 = ORIENTED_EDGE('',*,*,#708,.T.);
#708 = EDGE_CURVE('',#686,#709,#711,.T.);
#709 = VERTEX_POINT('',#710);
#710 = CARTESIAN_POINT('',(-98.47234757128,23.5,-56.28));
#711 = SURFACE_CURVE('',#712,(#717,#724),.PCURVE_S1.);
#712 = CIRCLE('',#713,3.);
#713 = AXIS2_PLACEMENT_3D('',#714,#715,#716);
#714 = CARTESIAN_POINT('',(-99.6,23.5,-53.5));
#715 = DIRECTION('',(0.,1.,-0.));
#716 = DIRECTION('',(-0.926666666667,0.,0.375884142907));
#717 = PCURVE('',#59,#718);
#718 = DEFINITIONAL_REPRESENTATION('',(#719),#723);
#719 = CIRCLE('',#720,3.);
#720 = AXIS2_PLACEMENT_2D('',#721,#722);
#721 = CARTESIAN_POINT('',(0.28,5.28));
#722 = DIRECTION('',(0.375884142907,-0.926666666667));
#723 = ( GEOMETRIC_REPRESENTATION_CONTEXT(2) 
PARAMETRIC_REPRESENTATION_CONTEXT() REPRESENTATION_CONTEXT('2D SPACE',''
  ) );
#724 = PCURVE('',#725,#730);
#725 = CYLINDRICAL_SURFACE('',#726,3.);
#726 = AXIS2_PLACEMENT_3D('',#727,#728,#729);
#727 = CARTESIAN_POINT('',(-99.6,0.,-53.5));
#728 = DIRECTION('',(0.,1.,0.));
#729 = DIRECTION('',(0.,-0.,1.));
#730 = DEFINITIONAL_REPRESENTATION('',(#731),#735);
#731 = LINE('',#732,#733);
#732 = CARTESIAN_POINT('',(5.097739681519,23.5));
#733 = VECTOR('',#734,1.);
#734 = DIRECTION('',(1.,0.));
#735 = ( GEOMETRIC_REPRESENTATION_CONTEXT(2) 
PARAMETRIC_REPRESENTATION_CONTEXT() REPRESENTATION_CONTEXT('2D SPACE',''
  ) );
#736 = ORIENTED_EDGE('',*,*,#737,.T.);
#737 = EDGE_CURVE('',#709,#738,#740,.T.);
#738 = VERTEX_POINT('',#739);
#739 = CARTESIAN_POINT('',(98.472347571279,23.5,-56.28));
#740 = SURFACE_CURVE('',#741,(#745,#752),.PCURVE_S1.);
#741 = LINE('',#742,#743);
#742 = CARTESIAN_POINT('',(-98.47234757128,23.5,-56.28));
#743 = VECTOR('',#744,1.);
#744 = DIRECTION('',(1.,0.,0.));
#745 = PCURVE('',#59,#746);
#746 = DEFINITIONAL_REPRESENTATION('',(#747),#751);
#747 = LINE('',#748,#749);
#748 = CARTESIAN_POINT('',(-2.5,6.40765242872));
#749 = VECTOR('',#750,1.);
#750 = DIRECTION('',(0.,1.));
#751 = ( GEOMETRIC_REPRESENTATION_CONTEXT(2) 
PARAMETRIC_REPRESENTATION_CONTEXT() REPRESENTATION_CONTEXT('2D SPACE',''
  ) );
#752 = PCURVE('',#753,#758);
#753 = PLANE('',#754);
#754 = AXIS2_PLACEMENT_3D('',#755,#756,#757);
#755 = CARTESIAN_POINT('',(-99.88,-1.,-56.28));
#756 = DIRECTION('',(0.,0.,1.));
#757 = DIRECTION('',(1.,0.,-0.));
#758 = DEFINITIONAL_REPRESENTATION('',(#759),#763);
#759 = LINE('',#760,#761);
#760 = CARTESIAN_POINT('',(1.40765242872,24.5));
#761 = VECTOR('',#762,1.);
#762 = DIRECTION('',(1.,0.));
#763 = ( GEOMETRIC_REPRESENTATION_CONTEXT(2) 
PARAMETRIC_REPRESENTATION_CONTEXT() REPRESENTATION_CONTEXT('2D SPACE',''
  ) );
#764 = ORIENTED_EDGE('',*,*,#765,.T.);
#765 = EDGE_CURVE('',#738,#766,#768,.T.);
#766 = VERTEX_POINT('',#767);
#767 = CARTESIAN_POINT('',(102.38,23.5,-52.37234757127));
#768 = SURFACE_CURVE('',#769,(#774,#781),.PCURVE_S1.);
#769 = CIRCLE('',#770,3.);
#770 = AXIS2_PLACEMENT_3D('',#771,#772,#773);
#771 = CARTESIAN_POINT('',(99.6,23.5,-53.5));
#772 = DIRECTION('',(0.,1.,0.));
#773 = DIRECTION('',(-0.375884142907,0.,-0.926666666667));
#774 = PCURVE('',#59,#775);
#775 = DEFINITIONAL_REPRESENTATION('',(#776),#780);
#776 = CIRCLE('',#777,3.);
#777 = AXIS2_PLACEMENT_2D('',#778,#779);
#778 = CARTESIAN_POINT('',(0.28,204.48));
#779 = DIRECTION('',(-0.926666666667,-0.375884142907));
#780 = ( GEOMETRIC_REPRESENTATION_CONTEXT(2) 
PARAMETRIC_REPRESENTATION_CONTEXT() REPRESENTATION_CONTEXT('2D SPACE',''
  ) );
#781 = PCURVE('',#782,#787);
#782 = CYLINDRICAL_SURFACE('',#783,3.);
#783 = AXIS2_PLACEMENT_3D('',#784,#785,#786);
#784 = CARTESIAN_POINT('',(99.6,0.,-53.5));
#785 = DIRECTION('',(0.,1.,0.));
#786 = DIRECTION('',(0.,-0.,1.));
#787 = DEFINITIONAL_REPRESENTATION('',(#788),#792);
#788 = LINE('',#789,#790);
#789 = CARTESIAN_POINT('',(3.526943354724,23.5));
#790 = VECTOR('',#791,1.);
#791 = DIRECTION('',(1.,0.));
#792 = ( GEOMETRIC_REPRESENTATION_CONTEXT(2) 
PARAMETRIC_REPRESENTATION_CONTEXT() REPRESENTATION_CONTEXT('2D SPACE',''
  ) );
#793 = ORIENTED_EDGE('',*,*,#794,.T.);
#794 = EDGE_CURVE('',#766,#48,#795,.T.);
#795 = SURFACE_CURVE('',#796,(#800,#807),.PCURVE_S1.);
#796 = LINE('',#797,#798);
#797 = CARTESIAN_POINT('',(102.38,23.5,-52.37234757127));
#798 = VECTOR('',#799,1.);
#799 = DIRECTION('',(2.713427099265E-16,0.,1.));
#800 = PCURVE('',#59,#801);
#801 = DEFINITIONAL_REPRESENTATION('',(#802),#806);
#802 = LINE('',#803,#804);
#803 = CARTESIAN_POINT('',(1.407652428721,207.26));
#804 = VECTOR('',#805,1.);
#805 = DIRECTION('',(1.,2.713427099265E-16));
#806 = ( GEOMETRIC_REPRESENTATION_CONTEXT(2) 
PARAMETRIC_REPRESENTATION_CONTEXT() REPRESENTATION_CONTEXT('2D SPACE',''
  ) );
#807 = PCURVE('',#808,#813);
#808 = PLANE('',#809);
#809 = AXIS2_PLACEMENT_3D('',#810,#811,#812);
#810 = CARTESIAN_POINT('',(102.38,-1.,-53.78));
#811 = DIRECTION('',(1.,0.,-0.));
#812 = DIRECTION('',(0.,0.,1.));
#813 = DEFINITIONAL_REPRESENTATION('',(#814),#818);
#814 = LINE('',#815,#816);
#815 = CARTESIAN_POINT('',(1.407652428721,-24.5));
#816 = VECTOR('',#817,1.);
#817 = DIRECTION('',(1.,0.));
#818 = ( GEOMETRIC_REPRESENTATION_CONTEXT(2) 
PARAMETRIC_REPRESENTATION_CONTEXT() REPRESENTATION_CONTEXT('2D SPACE',''
  ) );
#819 = FACE_BOUND('',#820,.T.);
#820 = EDGE_LOOP('',(#821));
#821 = ORIENTED_EDGE('',*,*,#822,.F.);
#822 = EDGE_CURVE('',#823,#823,#825,.T.);
#823 = VERTEX_POINT('',#824);
#824 = CARTESIAN_POINT('',(99.6,23.5,54.75));
#825 = SURFACE_CURVE('',#826,(#831,#838),.PCURVE_S1.);
#826 = CIRCLE('',#827,1.25);
#827 = AXIS2_PLACEMENT_3D('',#828,#829,#830);
#828 = CARTESIAN_POINT('',(99.6,23.5,53.5));
#829 = DIRECTION('',(0.,1.,0.));
#830 = DIRECTION('',(0.,-0.,1.));
#831 = PCURVE('',#59,#832);
#832 = DEFINITIONAL_REPRESENTATION('',(#833),#837);
#833 = CIRCLE('',#834,1.25);
#834 = AXIS2_PLACEMENT_2D('',#835,#836);
#835 = CARTESIAN_POINT('',(107.28,204.48));
#836 = DIRECTION('',(1.,0.));
#837 = ( GEOMETRIC_REPRESENTATION_CONTEXT(2) 
PARAMETRIC_REPRESENTATION_CONTEXT() REPRESENTATION_CONTEXT('2D SPACE',''
  ) );
#838 = PCURVE('',#839,#844);
#839 = CYLINDRICAL_SURFACE('',#840,1.25);
#840 = AXIS2_PLACEMENT_3D('',#841,#842,#843);
#841 = CARTESIAN_POINT('',(99.6,13.5,53.5));
#842 = DIRECTION('',(0.,1.,0.));
#843 = DIRECTION('',(0.,-0.,1.));
#844 = DEFINITIONAL_REPRESENTATION('',(#845),#849);
#845 = LINE('',#846,#847);
#846 = CARTESIAN_POINT('',(0.,10.));
#847 = VECTOR('',#848,1.);
#848 = DIRECTION('',(1.,0.));
#849 = ( GEOMETRIC_REPRESENTATION_CONTEXT(2) 
PARAMETRIC_REPRESENTATION_CONTEXT() REPRESENTATION_CONTEXT('2D SPACE',''
  ) );
#850 = FACE_BOUND('',#851,.T.);
#851 = EDGE_LOOP('',(#852));
#852 = ORIENTED_EDGE('',*,*,#853,.F.);
#853 = EDGE_CURVE('',#854,#854,#856,.T.);
#854 = VERTEX_POINT('',#855);
#855 = CARTESIAN_POINT('',(99.6,23.5,-52.25));
#856 = SURFACE_CURVE('',#857,(#862,#869),.PCURVE_S1.);
#857 = CIRCLE('',#858,1.25);
#858 = AXIS2_PLACEMENT_3D('',#859,#860,#861);
#859 = CARTESIAN_POINT('',(99.6,23.5,-53.5));
#860 = DIRECTION('',(0.,1.,0.));
#861 = DIRECTION('',(0.,-0.,1.));
#862 = PCURVE('',#59,#863);
#863 = DEFINITIONAL_REPRESENTATION('',(#864),#868);
#864 = CIRCLE('',#865,1.25);
#865 = AXIS2_PLACEMENT_2D('',#866,#867);
#866 = CARTESIAN_POINT('',(0.28,204.48));
#867 = DIRECTION('',(1.,0.));
#868 = ( GEOMETRIC_REPRESENTATION_CONTEXT(2) 
PARAMETRIC_REPRESENTATION_CONTEXT() REPRESENTATION_CONTEXT('2D SPACE',''
  ) );
#869 = PCURVE('',#870,#875);
#870 = CYLINDRICAL_SURFACE('',#871,1.25);
#871 = AXIS2_PLACEMENT_3D('',#872,#873,#874);
#872 = CARTESIAN_POINT('',(99.6,13.5,-53.5));
#873 = DIRECTION('',(0.,1.,0.));
#874 = DIRECTION('',(0.,-0.,1.));
#875 = DEFINITIONAL_REPRESENTATION('',(#876),#880);
#876 = LINE('',#877,#878);
#877 = CARTESIAN_POINT('',(0.,10.));
#878 = VECTOR('',#879,1.);
#879 = DIRECTION('',(1.,0.));
#880 = ( GEOMETRIC_REPRESENTATION_CONTEXT(2) 
PARAMETRIC_REPRESENTATION_CONTEXT() REPRESENTATION_CONTEXT('2D SPACE',''
  ) );
#881 = FACE_BOUND('',#882,.T.);
#882 = EDGE_LOOP('',(#883));
#883 = ORIENTED_EDGE('',*,*,#884,.F.);
#884 = EDGE_CURVE('',#885,#885,#887,.T.);
#885 = VERTEX_POINT('',#886);
#886 = CARTESIAN_POINT('',(-99.6,23.5,54.75));
#887 = SURFACE_CURVE('',#888,(#893,#900),.PCURVE_S1.);
#888 = CIRCLE('',#889,1.25);
#889 = AXIS2_PLACEMENT_3D('',#890,#891,#892);
#890 = CARTESIAN_POINT('',(-99.6,23.5,53.5));
#891 = DIRECTION('',(0.,1.,0.));
#892 = DIRECTION('',(0.,-0.,1.));
#893 = PCURVE('',#59,#894);
#894 = DEFINITIONAL_REPRESENTATION('',(#895),#899);
#895 = CIRCLE('',#896,1.25);
#896 = AXIS2_PLACEMENT_2D('',#897,#898);
#897 = CARTESIAN_POINT('',(107.28,5.28));
#898 = DIRECTION('',(1.,0.));
#899 = ( GEOMETRIC_REPRESENTATION_CONTEXT(2) 
PARAMETRIC_REPRESENTATION_CONTEXT() REPRESENTATION_CONTEXT('2D SPACE',''
  ) );
#900 = PCURVE('',#901,#906);
#901 = CYLINDRICAL_SURFACE('',#902,1.25);
#902 = AXIS2_PLACEMENT_3D('',#903,#904,#905);
#903 = CARTESIAN_POINT('',(-99.6,13.5,53.5));
#904 = DIRECTION('',(0.,1.,0.));
#905 = DIRECTION('',(0.,-0.,1.));
#906 = DEFINITIONAL_REPRESENTATION('',(#907),#911);
#907 = LINE('',#908,#909);
#908 = CARTESIAN_POINT('',(0.,10.));
#909 = VECTOR('',#910,1.);
#910 = DIRECTION('',(1.,0.));
#911 = ( GEOMETRIC_REPRESENTATION_CONTEXT(2) 
PARAMETRIC_REPRESENTATION_CONTEXT() REPRESENTATION_CONTEXT('2D SPACE',''
  ) );
#912 = FACE_BOUND('',#913,.T.);
#913 = EDGE_LOOP('',(#914));
#914 = ORIENTED_EDGE('',*,*,#915,.F.);
#915 = EDGE_CURVE('',#916,#916,#918,.T.);
#916 = VERTEX_POINT('',#917);
#917 = CARTESIAN_POINT('',(-99.6,23.5,-52.25));
#918 = SURFACE_CURVE('',#919,(#924,#931),.PCURVE_S1.);
#919 = CIRCLE('',#920,1.25);
#920 = AXIS2_PLACEMENT_3D('',#921,#922,#923);
#921 = CARTESIAN_POINT('',(-99.6,23.5,-53.5));
#922 = DIRECTION('',(0.,1.,0.));
#923 = DIRECTION('',(0.,-0.,1.));
#924 = PCURVE('',#59,#925);
#925 = DEFINITIONAL_REPRESENTATION('',(#926),#930);
#926 = CIRCLE('',#927,1.25);
#927 = AXIS2_PLACEMENT_2D('',#928,#929);
#928 = CARTESIAN_POINT('',(0.28,5.28));
#929 = DIRECTION('',(1.,0.));
#930 = ( GEOMETRIC_REPRESENTATION_CONTEXT(2) 
PARAMETRIC_REPRESENTATION_CONTEXT() REPRESENTATION_CONTEXT('2D SPACE',''
  ) );
#931 = PCURVE('',#932,#937);
#932 = CYLINDRICAL_SURFACE('',#933,1.25);
#933 = AXIS2_PLACEMENT_3D('',#934,#935,#936);
#934 = CARTESIAN_POINT('',(-99.6,13.5,-53.5));
#935 = DIRECTION('',(0.,1.,0.));
#936 = DIRECTION('',(0.,-0.,1.));
#937 = DEFINITIONAL_REPRESENTATION('',(#938),#942);
#938 = LINE('',#939,#940);
#939 = CARTESIAN_POINT('',(0.,10.));
#940 = VECTOR('',#941,1.);
#941 = DIRECTION('',(1.,0.));
#942 = ( GEOMETRIC_REPRESENTATION_CONTEXT(2) 
PARAMETRIC_REPRESENTATION_CONTEXT() REPRESENTATION_CONTEXT('2D SPACE',''
  ) );
#943 = ADVANCED_FACE('',(#944),#932,.F.);
#944 = FACE_BOUND('',#945,.F.);
#945 = EDGE_LOOP('',(#946,#947,#970,#997));
#946 = ORIENTED_EDGE('',*,*,#915,.F.);
#947 = ORIENTED_EDGE('',*,*,#948,.F.);
#948 = EDGE_CURVE('',#949,#916,#951,.T.);
#949 = VERTEX_POINT('',#950);
#950 = CARTESIAN_POINT('',(-99.6,13.5,-52.25));
#951 = SEAM_CURVE('',#952,(#956,#963),.PCURVE_S1.);
#952 = LINE('',#953,#954);
#953 = CARTESIAN_POINT('',(-99.6,13.5,-52.25));
#954 = VECTOR('',#955,1.);
#955 = DIRECTION('',(0.,1.,0.));
#956 = PCURVE('',#932,#957);
#957 = DEFINITIONAL_REPRESENTATION('',(#958),#962);
#958 = LINE('',#959,#960);
#959 = CARTESIAN_POINT('',(6.28318530718,-0.));
#960 = VECTOR('',#961,1.);
#961 = DIRECTION('',(0.,1.));
#962 = ( GEOMETRIC_REPRESENTATION_CONTEXT(2) 
PARAMETRIC_REPRESENTATION_CONTEXT() REPRESENTATION_CONTEXT('2D SPACE',''
  ) );
#963 = PCURVE('',#932,#964);
#964 = DEFINITIONAL_REPRESENTATION('',(#965),#969);
#965 = LINE('',#966,#967);
#966 = CARTESIAN_POINT('',(0.,-0.));
#967 = VECTOR('',#968,1.);
#968 = DIRECTION('',(0.,1.));
#969 = ( GEOMETRIC_REPRESENTATION_CONTEXT(2) 
PARAMETRIC_REPRESENTATION_CONTEXT() REPRESENTATION_CONTEXT('2D SPACE',''
  ) );
#970 = ORIENTED_EDGE('',*,*,#971,.T.);
#971 = EDGE_CURVE('',#949,#949,#972,.T.);
#972 = SURFACE_CURVE('',#973,(#978,#985),.PCURVE_S1.);
#973 = CIRCLE('',#974,1.25);
#974 = AXIS2_PLACEMENT_3D('',#975,#976,#977);
#975 = CARTESIAN_POINT('',(-99.6,13.5,-53.5));
#976 = DIRECTION('',(0.,1.,0.));
#977 = DIRECTION('',(0.,-0.,1.));
#978 = PCURVE('',#932,#979);
#979 = DEFINITIONAL_REPRESENTATION('',(#980),#984);
#980 = LINE('',#981,#982);
#981 = CARTESIAN_POINT('',(0.,0.));
#982 = VECTOR('',#983,1.);
#983 = DIRECTION('',(1.,0.));
#984 = ( GEOMETRIC_REPRESENTATION_CONTEXT(2) 
PARAMETRIC_REPRESENTATION_CONTEXT() REPRESENTATION_CONTEXT('2D SPACE',''
  ) );
#985 = PCURVE('',#986,#991);
#986 = PLANE('',#987);
#987 = AXIS2_PLACEMENT_3D('',#988,#989,#990);
#988 = CARTESIAN_POINT('',(-99.6,13.5,-53.5));
#989 = DIRECTION('',(0.,1.,0.));
#990 = DIRECTION('',(0.,-0.,1.));
#991 = DEFINITIONAL_REPRESENTATION('',(#992),#996);
#992 = CIRCLE('',#993,1.25);
#993 = AXIS2_PLACEMENT_2D('',#994,#995);
#994 = CARTESIAN_POINT('',(0.,0.));
#995 = DIRECTION('',(1.,0.));
#996 = ( GEOMETRIC_REPRESENTATION_CONTEXT(2) 
PARAMETRIC_REPRESENTATION_CONTEXT() REPRESENTATION_CONTEXT('2D SPACE',''
  ) );
#997 = ORIENTED_EDGE('',*,*,#948,.T.);
#998 = ADVANCED_FACE('',(#999),#986,.T.);
#999 = FACE_BOUND('',#1000,.F.);
#1000 = EDGE_LOOP('',(#1001));
#1001 = ORIENTED_EDGE('',*,*,#971,.F.);
#1002 = ADVANCED_FACE('',(#1003),#901,.F.);
#1003 = FACE_BOUND('',#1004,.F.);
#1004 = EDGE_LOOP('',(#1005,#1006,#1029,#1056));
#1005 = ORIENTED_EDGE('',*,*,#884,.F.);
#1006 = ORIENTED_EDGE('',*,*,#1007,.F.);
#1007 = EDGE_CURVE('',#1008,#885,#1010,.T.);
#1008 = VERTEX_POINT('',#1009);
#1009 = CARTESIAN_POINT('',(-99.6,13.5,54.75));
#1010 = SEAM_CURVE('',#1011,(#1015,#1022),.PCURVE_S1.);
#1011 = LINE('',#1012,#1013);
#1012 = CARTESIAN_POINT('',(-99.6,13.5,54.75));
#1013 = VECTOR('',#1014,1.);
#1014 = DIRECTION('',(0.,1.,0.));
#1015 = PCURVE('',#901,#1016);
#1016 = DEFINITIONAL_REPRESENTATION('',(#1017),#1021);
#1017 = LINE('',#1018,#1019);
#1018 = CARTESIAN_POINT('',(6.28318530718,-0.));
#1019 = VECTOR('',#1020,1.);
#1020 = DIRECTION('',(0.,1.));
#1021 = ( GEOMETRIC_REPRESENTATION_CONTEXT(2) 
PARAMETRIC_REPRESENTATION_CONTEXT() REPRESENTATION_CONTEXT('2D SPACE',''
  ) );
#1022 = PCURVE('',#901,#1023);
#1023 = DEFINITIONAL_REPRESENTATION('',(#1024),#1028);
#1024 = LINE('',#1025,#1026);
#1025 = CARTESIAN_POINT('',(0.,-0.));
#1026 = VECTOR('',#1027,1.);
#1027 = DIRECTION('',(0.,1.));
#1028 = ( GEOMETRIC_REPRESENTATION_CONTEXT(2) 
PARAMETRIC_REPRESENTATION_CONTEXT() REPRESENTATION_CONTEXT('2D SPACE',''
  ) );
#1029 = ORIENTED_EDGE('',*,*,#1030,.T.);
#1030 = EDGE_CURVE('',#1008,#1008,#1031,.T.);
#1031 = SURFACE_CURVE('',#1032,(#1037,#1044),.PCURVE_S1.);
#1032 = CIRCLE('',#1033,1.25);
#1033 = AXIS2_PLACEMENT_3D('',#1034,#1035,#1036);
#1034 = CARTESIAN_POINT('',(-99.6,13.5,53.5));
#1035 = DIRECTION('',(0.,1.,0.));
#1036 = DIRECTION('',(0.,-0.,1.));
#1037 = PCURVE('',#901,#1038);
#1038 = DEFINITIONAL_REPRESENTATION('',(#1039),#1043);
#1039 = LINE('',#1040,#1041);
#1040 = CARTESIAN_POINT('',(0.,0.));
#1041 = VECTOR('',#1042,1.);
#1042 = DIRECTION('',(1.,0.));
#1043 = ( GEOMETRIC_REPRESENTATION_CONTEXT(2) 
PARAMETRIC_REPRESENTATION_CONTEXT() REPRESENTATION_CONTEXT('2D SPACE',''
  ) );
#1044 = PCURVE('',#1045,#1050);
#1045 = PLANE('',#1046);
#1046 = AXIS2_PLACEMENT_3D('',#1047,#1048,#1049);
#1047 = CARTESIAN_POINT('',(-99.6,13.5,53.5));
#1048 = DIRECTION('',(0.,1.,0.));
#1049 = DIRECTION('',(0.,-0.,1.));
#1050 = DEFINITIONAL_REPRESENTATION('',(#1051),#1055);
#1051 = CIRCLE('',#1052,1.25);
#1052 = AXIS2_PLACEMENT_2D('',#1053,#1054);
#1053 = CARTESIAN_POINT('',(0.,0.));
#1054 = DIRECTION('',(1.,0.));
#1055 = ( GEOMETRIC_REPRESENTATION_CONTEXT(2) 
PARAMETRIC_REPRESENTATION_CONTEXT() REPRESENTATION_CONTEXT('2D SPACE',''
  ) );
#1056 = ORIENTED_EDGE('',*,*,#1007,.T.);
#1057 = ADVANCED_FACE('',(#1058),#1045,.T.);
#1058 = FACE_BOUND('',#1059,.F.);
#1059 = EDGE_LOOP('',(#1060));
#1060 = ORIENTED_EDGE('',*,*,#1030,.F.);
#1061 = ADVANCED_FACE('',(#1062),#870,.F.);
#1062 = FACE_BOUND('',#1063,.F.);
#1063 = EDGE_LOOP('',(#1064,#1065,#1088,#1115));
#1064 = ORIENTED_EDGE('',*,*,#853,.F.);
#1065 = ORIENTED_EDGE('',*,*,#1066,.F.);
#1066 = EDGE_CURVE('',#1067,#854,#1069,.T.);
#1067 = VERTEX_POINT('',#1068);
#1068 = CARTESIAN_POINT('',(99.6,13.5,-52.25));
#1069 = SEAM_CURVE('',#1070,(#1074,#1081),.PCURVE_S1.);
#1070 = LINE('',#1071,#1072);
#1071 = CARTESIAN_POINT('',(99.6,13.5,-52.25));
#1072 = VECTOR('',#1073,1.);
#1073 = DIRECTION('',(0.,1.,0.));
#1074 = PCURVE('',#870,#1075);
#1075 = DEFINITIONAL_REPRESENTATION('',(#1076),#1080);
#1076 = LINE('',#1077,#1078);
#1077 = CARTESIAN_POINT('',(6.28318530718,-0.));
#1078 = VECTOR('',#1079,1.);
#1079 = DIRECTION('',(0.,1.));
#1080 = ( GEOMETRIC_REPRESENTATION_CONTEXT(2) 
PARAMETRIC_REPRESENTATION_CONTEXT() REPRESENTATION_CONTEXT('2D SPACE',''
  ) );
#1081 = PCURVE('',#870,#1082);
#1082 = DEFINITIONAL_REPRESENTATION('',(#1083),#1087);
#1083 = LINE('',#1084,#1085);
#1084 = CARTESIAN_POINT('',(0.,-0.));
#1085 = VECTOR('',#1086,1.);
#1086 = DIRECTION('',(0.,1.));
#1087 = ( GEOMETRIC_REPRESENTATION_CONTEXT(2) 
PARAMETRIC_REPRESENTATION_CONTEXT() REPRESENTATION_CONTEXT('2D SPACE',''
  ) );
#1088 = ORIENTED_EDGE('',*,*,#1089,.T.);
#1089 = EDGE_CURVE('',#1067,#1067,#1090,.T.);
#1090 = SURFACE_CURVE('',#1091,(#1096,#1103),.PCURVE_S1.);
#1091 = CIRCLE('',#1092,1.25);
#1092 = AXIS2_PLACEMENT_3D('',#1093,#1094,#1095);
#1093 = CARTESIAN_POINT('',(99.6,13.5,-53.5));
#1094 = DIRECTION('',(0.,1.,0.));
#1095 = DIRECTION('',(0.,-0.,1.));
#1096 = PCURVE('',#870,#1097);
#1097 = DEFINITIONAL_REPRESENTATION('',(#1098),#1102);
#1098 = LINE('',#1099,#1100);
#1099 = CARTESIAN_POINT('',(0.,0.));
#1100 = VECTOR('',#1101,1.);
#1101 = DIRECTION('',(1.,0.));
#1102 = ( GEOMETRIC_REPRESENTATION_CONTEXT(2) 
PARAMETRIC_REPRESENTATION_CONTEXT() REPRESENTATION_CONTEXT('2D SPACE',''
  ) );
#1103 = PCURVE('',#1104,#1109);
#1104 = PLANE('',#1105);
#1105 = AXIS2_PLACEMENT_3D('',#1106,#1107,#1108);
#1106 = CARTESIAN_POINT('',(99.6,13.5,-53.5));
#1107 = DIRECTION('',(0.,1.,0.));
#1108 = DIRECTION('',(0.,-0.,1.));
#1109 = DEFINITIONAL_REPRESENTATION('',(#1110),#1114);
#1110 = CIRCLE('',#1111,1.25);
#1111 = AXIS2_PLACEMENT_2D('',#1112,#1113);
#1112 = CARTESIAN_POINT('',(0.,0.));
#1113 = DIRECTION('',(1.,0.));
#1114 = ( GEOMETRIC_REPRESENTATION_CONTEXT(2) 
PARAMETRIC_REPRESENTATION_CONTEXT() REPRESENTATION_CONTEXT('2D SPACE',''
  ) );
#1115 = ORIENTED_EDGE('',*,*,#1066,.T.);
#1116 = ADVANCED_FACE('',(#1117),#1104,.T.);
#1117 = FACE_BOUND('',#1118,.F.);
#1118 = EDGE_LOOP('',(#1119));
#1119 = ORIENTED_EDGE('',*,*,#1089,.F.);
#1120 = ADVANCED_FACE('',(#1121),#839,.F.);
#1121 = FACE_BOUND('',#1122,.F.);
#1122 = EDGE_LOOP('',(#1123,#1124,#1147,#1174));
#1123 = ORIENTED_EDGE('',*,*,#822,.F.);
#1124 = ORIENTED_EDGE('',*,*,#1125,.F.);
#1125 = EDGE_CURVE('',#1126,#823,#1128,.T.);
#1126 = VERTEX_POINT('',#1127);
#1127 = CARTESIAN_POINT('',(99.6,13.5,54.75));
#1128 = SEAM_CURVE('',#1129,(#1133,#1140),.PCURVE_S1.);
#1129 = LINE('',#1130,#1131);
#1130 = CARTESIAN_POINT('',(99.6,13.5,54.75));
#1131 = VECTOR('',#1132,1.);
#1132 = DIRECTION('',(0.,1.,0.));
#1133 = PCURVE('',#839,#1134);
#1134 = DEFINITIONAL_REPRESENTATION('',(#1135),#1139);
#1135 = LINE('',#1136,#1137);
#1136 = CARTESIAN_POINT('',(6.28318530718,-0.));
#1137 = VECTOR('',#1138,1.);
#1138 = DIRECTION('',(0.,1.));
#1139 = ( GEOMETRIC_REPRESENTATION_CONTEXT(2) 
PARAMETRIC_REPRESENTATION_CONTEXT() REPRESENTATION_CONTEXT('2D SPACE',''
  ) );
#1140 = PCURVE('',#839,#1141);
#1141 = DEFINITIONAL_REPRESENTATION('',(#1142),#1146);
#1142 = LINE('',#1143,#1144);
#1143 = CARTESIAN_POINT('',(0.,-0.));
#1144 = VECTOR('',#1145,1.);
#1145 = DIRECTION('',(0.,1.));
#1146 = ( GEOMETRIC_REPRESENTATION_CONTEXT(2) 
PARAMETRIC_REPRESENTATION_CONTEXT() REPRESENTATION_CONTEXT('2D SPACE',''
  ) );
#1147 = ORIENTED_EDGE('',*,*,#1148,.T.);
#1148 = EDGE_CURVE('',#1126,#1126,#1149,.T.);
#1149 = SURFACE_CURVE('',#1150,(#1155,#1162),.PCURVE_S1.);
#1150 = CIRCLE('',#1151,1.25);
#1151 = AXIS2_PLACEMENT_3D('',#1152,#1153,#1154);
#1152 = CARTESIAN_POINT('',(99.6,13.5,53.5));
#1153 = DIRECTION('',(0.,1.,0.));
#1154 = DIRECTION('',(0.,-0.,1.));
#1155 = PCURVE('',#839,#1156);
#1156 = DEFINITIONAL_REPRESENTATION('',(#1157),#1161);
#1157 = LINE('',#1158,#1159);
#1158 = CARTESIAN_POINT('',(0.,0.));
#1159 = VECTOR('',#1160,1.);
#1160 = DIRECTION('',(1.,0.));
#1161 = ( GEOMETRIC_REPRESENTATION_CONTEXT(2) 
PARAMETRIC_REPRESENTATION_CONTEXT() REPRESENTATION_CONTEXT('2D SPACE',''
  ) );
#1162 = PCURVE('',#1163,#1168);
#1163 = PLANE('',#1164);
#1164 = AXIS2_PLACEMENT_3D('',#1165,#1166,#1167);
#1165 = CARTESIAN_POINT('',(99.6,13.5,53.5));
#1166 = DIRECTION('',(0.,1.,0.));
#1167 = DIRECTION('',(0.,-0.,1.));
#1168 = DEFINITIONAL_REPRESENTATION('',(#1169),#1173);
#1169 = CIRCLE('',#1170,1.25);
#1170 = AXIS2_PLACEMENT_2D('',#1171,#1172);
#1171 = CARTESIAN_POINT('',(0.,0.));
#1172 = DIRECTION('',(1.,0.));
#1173 = ( GEOMETRIC_REPRESENTATION_CONTEXT(2) 
PARAMETRIC_REPRESENTATION_CONTEXT() REPRESENTATION_CONTEXT('2D SPACE',''
  ) );
#1174 = ORIENTED_EDGE('',*,*,#1125,.T.);
#1175 = ADVANCED_FACE('',(#1176),#1163,.T.);
#1176 = FACE_BOUND('',#1177,.F.);
#1177 = EDGE_LOOP('',(#1178));
#1178 = ORIENTED_EDGE('',*,*,#1148,.F.);
#1179 = ADVANCED_FACE('',(#1180),#808,.F.);
#1180 = FACE_BOUND('',#1181,.F.);
#1181 = EDGE_LOOP('',(#1182,#1203,#1231,#1250));
#1182 = ORIENTED_EDGE('',*,*,#1183,.F.);
#1183 = EDGE_CURVE('',#1184,#48,#1186,.T.);
#1184 = VERTEX_POINT('',#1185);
#1185 = CARTESIAN_POINT('',(102.38,0.,52.372347571279));
#1186 = SURFACE_CURVE('',#1187,(#1191,#1197),.PCURVE_S1.);
#1187 = LINE('',#1188,#1189);
#1188 = CARTESIAN_POINT('',(102.38,0.,52.372347571279));
#1189 = VECTOR('',#1190,1.);
#1190 = DIRECTION('',(0.,1.,0.));
#1191 = PCURVE('',#808,#1192);
#1192 = DEFINITIONAL_REPRESENTATION('',(#1193),#1196);
#1193 = B_SPLINE_CURVE_WITH_KNOTS('',1,(#1194,#1195),.UNSPECIFIED.,.F.,
  .F.,(2,2),(-6.E-07,23.5000006),.PIECEWISE_BEZIER_KNOTS.);
#1194 = CARTESIAN_POINT('',(106.15234757127,-0.9999994));
#1195 = CARTESIAN_POINT('',(106.15234757127,-24.5000006));
#1196 = ( GEOMETRIC_REPRESENTATION_CONTEXT(2) 
PARAMETRIC_REPRESENTATION_CONTEXT() REPRESENTATION_CONTEXT('2D SPACE',''
  ) );
#1197 = PCURVE('',#71,#1198);
#1198 = DEFINITIONAL_REPRESENTATION('',(#1199),#1202);
#1199 = B_SPLINE_CURVE_WITH_KNOTS('',1,(#1200,#1201),.UNSPECIFIED.,.F.,
  .F.,(2,2),(-6.E-07,23.5000006),.PIECEWISE_BEZIER_KNOTS.);
#1200 = CARTESIAN_POINT('',(1.956147027929,-6.E-07));
#1201 = CARTESIAN_POINT('',(1.956147027929,23.5000006));
#1202 = ( GEOMETRIC_REPRESENTATION_CONTEXT(2) 
PARAMETRIC_REPRESENTATION_CONTEXT() REPRESENTATION_CONTEXT('2D SPACE',''
  ) );
#1203 = ORIENTED_EDGE('',*,*,#1204,.F.);
#1204 = EDGE_CURVE('',#1205,#1184,#1207,.T.);
#1205 = VERTEX_POINT('',#1206);
#1206 = CARTESIAN_POINT('',(102.38,0.,-52.37234757127));
#1207 = SURFACE_CURVE('',#1208,(#1212,#1219),.PCURVE_S1.);
#1208 = LINE('',#1209,#1210);
#1209 = CARTESIAN_POINT('',(102.38,0.,-52.37234757127));
#1210 = VECTOR('',#1211,1.);
#1211 = DIRECTION('',(2.713427099265E-16,0.,1.));
#1212 = PCURVE('',#808,#1213);
#1213 = DEFINITIONAL_REPRESENTATION('',(#1214),#1218);
#1214 = LINE('',#1215,#1216);
#1215 = CARTESIAN_POINT('',(1.407652428721,-1.));
#1216 = VECTOR('',#1217,1.);
#1217 = DIRECTION('',(1.,0.));
#1218 = ( GEOMETRIC_REPRESENTATION_CONTEXT(2) 
PARAMETRIC_REPRESENTATION_CONTEXT() REPRESENTATION_CONTEXT('2D SPACE',''
  ) );
#1219 = PCURVE('',#1220,#1225);
#1220 = PLANE('',#1221);
#1221 = AXIS2_PLACEMENT_3D('',#1222,#1223,#1224);
#1222 = CARTESIAN_POINT('',(-99.88,0.,-58.78));
#1223 = DIRECTION('',(-0.,1.,0.));
#1224 = DIRECTION('',(0.,0.,1.));
#1225 = DEFINITIONAL_REPRESENTATION('',(#1226),#1230);
#1226 = LINE('',#1227,#1228);
#1227 = CARTESIAN_POINT('',(6.407652428721,202.26));
#1228 = VECTOR('',#1229,1.);
#1229 = DIRECTION('',(1.,2.713427099265E-16));
#1230 = ( GEOMETRIC_REPRESENTATION_CONTEXT(2) 
PARAMETRIC_REPRESENTATION_CONTEXT() REPRESENTATION_CONTEXT('2D SPACE',''
  ) );
#1231 = ORIENTED_EDGE('',*,*,#1232,.T.);
#1232 = EDGE_CURVE('',#1205,#766,#1233,.T.);
#1233 = SURFACE_CURVE('',#1234,(#1238,#1244),.PCURVE_S1.);
#1234 = LINE('',#1235,#1236);
#1235 = CARTESIAN_POINT('',(102.38,0.,-52.37234757127));
#1236 = VECTOR('',#1237,1.);
#1237 = DIRECTION('',(0.,1.,0.));
#1238 = PCURVE('',#808,#1239);
#1239 = DEFINITIONAL_REPRESENTATION('',(#1240),#1243);
#1240 = B_SPLINE_CURVE_WITH_KNOTS('',1,(#1241,#1242),.UNSPECIFIED.,.F.,
  .F.,(2,2),(-6.E-07,23.5000006),.PIECEWISE_BEZIER_KNOTS.);
#1241 = CARTESIAN_POINT('',(1.407652428721,-0.9999994));
#1242 = CARTESIAN_POINT('',(1.407652428721,-24.5000006));
#1243 = ( GEOMETRIC_REPRESENTATION_CONTEXT(2) 
PARAMETRIC_REPRESENTATION_CONTEXT() REPRESENTATION_CONTEXT('2D SPACE',''
  ) );
#1244 = PCURVE('',#782,#1245);
#1245 = DEFINITIONAL_REPRESENTATION('',(#1246),#1249);
#1246 = B_SPLINE_CURVE_WITH_KNOTS('',1,(#1247,#1248),.UNSPECIFIED.,.F.,
  .F.,(2,2),(0.,23.5),.PIECEWISE_BEZIER_KNOTS.);
#1247 = CARTESIAN_POINT('',(7.46863093284,0.));
#1248 = CARTESIAN_POINT('',(7.46863093284,23.5));
#1249 = ( GEOMETRIC_REPRESENTATION_CONTEXT(2) 
PARAMETRIC_REPRESENTATION_CONTEXT() REPRESENTATION_CONTEXT('2D SPACE',''
  ) );
#1250 = ORIENTED_EDGE('',*,*,#794,.T.);
#1251 = ADVANCED_FACE('',(#1252),#1220,.T.);
#1252 = FACE_BOUND('',#1253,.T.);
#1253 = EDGE_LOOP('',(#1254,#1278,#1279,#1307));
#1254 = ORIENTED_EDGE('',*,*,#1255,.F.);
#1255 = EDGE_CURVE('',#1184,#1256,#1258,.T.);
#1256 = VERTEX_POINT('',#1257);
#1257 = CARTESIAN_POINT('',(96.88,0.,52.234456638436));
#1258 = SURFACE_CURVE('',#1259,(#1264,#1271),.PCURVE_S1.);
#1259 = CIRCLE('',#1260,3.);
#1260 = AXIS2_PLACEMENT_3D('',#1261,#1262,#1263);
#1261 = CARTESIAN_POINT('',(99.6,0.,53.5));
#1262 = DIRECTION('',(0.,1.,0.));
#1263 = DIRECTION('',(0.926666666667,0.,-0.375884142907));
#1264 = PCURVE('',#1220,#1265);
#1265 = DEFINITIONAL_REPRESENTATION('',(#1266),#1270);
#1266 = CIRCLE('',#1267,3.);
#1267 = AXIS2_PLACEMENT_2D('',#1268,#1269);
#1268 = CARTESIAN_POINT('',(112.28,199.48));
#1269 = DIRECTION('',(-0.375884142907,0.926666666667));
#1270 = ( GEOMETRIC_REPRESENTATION_CONTEXT(2) 
PARAMETRIC_REPRESENTATION_CONTEXT() REPRESENTATION_CONTEXT('2D SPACE',''
  ) );
#1271 = PCURVE('',#71,#1272);
#1272 = DEFINITIONAL_REPRESENTATION('',(#1273),#1277);
#1273 = LINE('',#1274,#1275);
#1274 = CARTESIAN_POINT('',(1.956147027929,0.));
#1275 = VECTOR('',#1276,1.);
#1276 = DIRECTION('',(1.,0.));
#1277 = ( GEOMETRIC_REPRESENTATION_CONTEXT(2) 
PARAMETRIC_REPRESENTATION_CONTEXT() REPRESENTATION_CONTEXT('2D SPACE',''
  ) );
#1278 = ORIENTED_EDGE('',*,*,#1204,.F.);
#1279 = ORIENTED_EDGE('',*,*,#1280,.T.);
#1280 = EDGE_CURVE('',#1205,#1281,#1283,.T.);
#1281 = VERTEX_POINT('',#1282);
#1282 = CARTESIAN_POINT('',(96.88,0.,-52.23445663843));
#1283 = SURFACE_CURVE('',#1284,(#1289,#1300),.PCURVE_S1.);
#1284 = CIRCLE('',#1285,3.);
#1285 = AXIS2_PLACEMENT_3D('',#1286,#1287,#1288);
#1286 = CARTESIAN_POINT('',(99.6,0.,-53.5));
#1287 = DIRECTION('',(0.,-1.,0.));
#1288 = DIRECTION('',(0.926666666667,0.,0.375884142907));
#1289 = PCURVE('',#1220,#1290);
#1290 = DEFINITIONAL_REPRESENTATION('',(#1291),#1299);
#1291 = ( BOUNDED_CURVE() B_SPLINE_CURVE(2,(#1292,#1293,#1294,#1295,
#1296,#1297,#1298),.UNSPECIFIED.,.T.,.F.) B_SPLINE_CURVE_WITH_KNOTS((1,2
    ,2,2,2,1),(-2.094395102393,0.,2.094395102393,4.188790204786,
6.28318530718,8.377580409573),.UNSPECIFIED.) CURVE() 
GEOMETRIC_REPRESENTATION_ITEM() RATIONAL_B_SPLINE_CURVE((1.,0.5,1.,0.5,
1.,0.5,1.)) REPRESENTATION_ITEM('') );
#1292 = CARTESIAN_POINT('',(6.407652428721,202.26));
#1293 = CARTESIAN_POINT('',(11.222753673762,200.30684870017));
#1294 = CARTESIAN_POINT('',(7.12372440816,197.11342435008));
#1295 = CARTESIAN_POINT('',(3.024695142558,193.92));
#1296 = CARTESIAN_POINT('',(2.308623163119,199.06657564991));
#1297 = CARTESIAN_POINT('',(1.592551183679,204.21315129982));
#1298 = CARTESIAN_POINT('',(6.407652428721,202.26));
#1299 = ( GEOMETRIC_REPRESENTATION_CONTEXT(2) 
PARAMETRIC_REPRESENTATION_CONTEXT() REPRESENTATION_CONTEXT('2D SPACE',''
  ) );
#1300 = PCURVE('',#782,#1301);
#1301 = DEFINITIONAL_REPRESENTATION('',(#1302),#1306);
#1302 = LINE('',#1303,#1304);
#1303 = CARTESIAN_POINT('',(7.46863093284,0.));
#1304 = VECTOR('',#1305,1.);
#1305 = DIRECTION('',(-1.,-0.));
#1306 = ( GEOMETRIC_REPRESENTATION_CONTEXT(2) 
PARAMETRIC_REPRESENTATION_CONTEXT() REPRESENTATION_CONTEXT('2D SPACE',''
  ) );
#1307 = ORIENTED_EDGE('',*,*,#1308,.T.);
#1308 = EDGE_CURVE('',#1281,#1256,#1309,.T.);
#1309 = SURFACE_CURVE('',#1310,(#1314,#1321),.PCURVE_S1.);
#1310 = LINE('',#1311,#1312);
#1311 = CARTESIAN_POINT('',(96.88,0.,-52.23445663843));
#1312 = VECTOR('',#1313,1.);
#1313 = DIRECTION('',(2.720590129532E-16,0.,1.));
#1314 = PCURVE('',#1220,#1315);
#1315 = DEFINITIONAL_REPRESENTATION('',(#1316),#1320);
#1316 = LINE('',#1317,#1318);
#1317 = CARTESIAN_POINT('',(6.545543361564,196.76));
#1318 = VECTOR('',#1319,1.);
#1319 = DIRECTION('',(1.,2.720590129532E-16));
#1320 = ( GEOMETRIC_REPRESENTATION_CONTEXT(2) 
PARAMETRIC_REPRESENTATION_CONTEXT() REPRESENTATION_CONTEXT('2D SPACE',''
  ) );
#1321 = PCURVE('',#1322,#1327);
#1322 = PLANE('',#1323);
#1323 = AXIS2_PLACEMENT_3D('',#1324,#1325,#1326);
#1324 = CARTESIAN_POINT('',(96.88,-1.8,-55.78));
#1325 = DIRECTION('',(1.,0.,-0.));
#1326 = DIRECTION('',(0.,0.,1.));
#1327 = DEFINITIONAL_REPRESENTATION('',(#1328),#1332);
#1328 = LINE('',#1329,#1330);
#1329 = CARTESIAN_POINT('',(3.545543361564,-1.8));
#1330 = VECTOR('',#1331,1.);
#1331 = DIRECTION('',(1.,0.));
#1332 = ( GEOMETRIC_REPRESENTATION_CONTEXT(2) 
PARAMETRIC_REPRESENTATION_CONTEXT() REPRESENTATION_CONTEXT('2D SPACE',''
  ) );
#1333 = ADVANCED_FACE('',(#1334),#1322,.F.);
#1334 = FACE_BOUND('',#1335,.F.);
#1335 = EDGE_LOOP('',(#1336,#1366,#1394,#1422,#1448,#1474,#1475,#1503));
#1336 = ORIENTED_EDGE('',*,*,#1337,.F.);
#1337 = EDGE_CURVE('',#1338,#1340,#1342,.T.);
#1338 = VERTEX_POINT('',#1339);
#1339 = CARTESIAN_POINT('',(96.88,-1.8,55.78));
#1340 = VERTEX_POINT('',#1341);
#1341 = CARTESIAN_POINT('',(96.88,0.,55.78));
#1342 = SURFACE_CURVE('',#1343,(#1347,#1354),.PCURVE_S1.);
#1343 = LINE('',#1344,#1345);
#1344 = CARTESIAN_POINT('',(96.88,-1.8,55.78));
#1345 = VECTOR('',#1346,1.);
#1346 = DIRECTION('',(-0.,1.,0.));
#1347 = PCURVE('',#1322,#1348);
#1348 = DEFINITIONAL_REPRESENTATION('',(#1349),#1353);
#1349 = LINE('',#1350,#1351);
#1350 = CARTESIAN_POINT('',(111.56,0.));
#1351 = VECTOR('',#1352,1.);
#1352 = DIRECTION('',(0.,-1.));
#1353 = ( GEOMETRIC_REPRESENTATION_CONTEXT(2) 
PARAMETRIC_REPRESENTATION_CONTEXT() REPRESENTATION_CONTEXT('2D SPACE',''
  ) );
#1354 = PCURVE('',#1355,#1360);
#1355 = PLANE('',#1356);
#1356 = AXIS2_PLACEMENT_3D('',#1357,#1358,#1359);
#1357 = CARTESIAN_POINT('',(-96.88,-1.8,55.78));
#1358 = DIRECTION('',(0.,0.,1.));
#1359 = DIRECTION('',(1.,0.,-0.));
#1360 = DEFINITIONAL_REPRESENTATION('',(#1361),#1365);
#1361 = LINE('',#1362,#1363);
#1362 = CARTESIAN_POINT('',(193.76,0.));
#1363 = VECTOR('',#1364,1.);
#1364 = DIRECTION('',(0.,1.));
#1365 = ( GEOMETRIC_REPRESENTATION_CONTEXT(2) 
PARAMETRIC_REPRESENTATION_CONTEXT() REPRESENTATION_CONTEXT('2D SPACE',''
  ) );
#1366 = ORIENTED_EDGE('',*,*,#1367,.F.);
#1367 = EDGE_CURVE('',#1368,#1338,#1370,.T.);
#1368 = VERTEX_POINT('',#1369);
#1369 = CARTESIAN_POINT('',(96.88,-1.8,-55.78));
#1370 = SURFACE_CURVE('',#1371,(#1375,#1382),.PCURVE_S1.);
#1371 = LINE('',#1372,#1373);
#1372 = CARTESIAN_POINT('',(96.88,-1.8,-55.78));
#1373 = VECTOR('',#1374,1.);
#1374 = DIRECTION('',(0.,0.,1.));
#1375 = PCURVE('',#1322,#1376);
#1376 = DEFINITIONAL_REPRESENTATION('',(#1377),#1381);
#1377 = LINE('',#1378,#1379);
#1378 = CARTESIAN_POINT('',(0.,0.));
#1379 = VECTOR('',#1380,1.);
#1380 = DIRECTION('',(1.,0.));
#1381 = ( GEOMETRIC_REPRESENTATION_CONTEXT(2) 
PARAMETRIC_REPRESENTATION_CONTEXT() REPRESENTATION_CONTEXT('2D SPACE',''
  ) );
#1382 = PCURVE('',#1383,#1388);
#1383 = PLANE('',#1384);
#1384 = AXIS2_PLACEMENT_3D('',#1385,#1386,#1387);
#1385 = CARTESIAN_POINT('',(-96.88,-1.8,-55.78));
#1386 = DIRECTION('',(-0.,1.,0.));
#1387 = DIRECTION('',(0.,0.,1.));
#1388 = DEFINITIONAL_REPRESENTATION('',(#1389),#1393);
#1389 = LINE('',#1390,#1391);
#1390 = CARTESIAN_POINT('',(0.,193.76));
#1391 = VECTOR('',#1392,1.);
#1392 = DIRECTION('',(1.,0.));
#1393 = ( GEOMETRIC_REPRESENTATION_CONTEXT(2) 
PARAMETRIC_REPRESENTATION_CONTEXT() REPRESENTATION_CONTEXT('2D SPACE',''
  ) );
#1394 = ORIENTED_EDGE('',*,*,#1395,.T.);
#1395 = EDGE_CURVE('',#1368,#1396,#1398,.T.);
#1396 = VERTEX_POINT('',#1397);
#1397 = CARTESIAN_POINT('',(96.88,0.,-55.78));
#1398 = SURFACE_CURVE('',#1399,(#1403,#1410),.PCURVE_S1.);
#1399 = LINE('',#1400,#1401);
#1400 = CARTESIAN_POINT('',(96.88,-1.8,-55.78));
#1401 = VECTOR('',#1402,1.);
#1402 = DIRECTION('',(-0.,1.,0.));
#1403 = PCURVE('',#1322,#1404);
#1404 = DEFINITIONAL_REPRESENTATION('',(#1405),#1409);
#1405 = LINE('',#1406,#1407);
#1406 = CARTESIAN_POINT('',(0.,0.));
#1407 = VECTOR('',#1408,1.);
#1408 = DIRECTION('',(0.,-1.));
#1409 = ( GEOMETRIC_REPRESENTATION_CONTEXT(2) 
PARAMETRIC_REPRESENTATION_CONTEXT() REPRESENTATION_CONTEXT('2D SPACE',''
  ) );
#1410 = PCURVE('',#1411,#1416);
#1411 = PLANE('',#1412);
#1412 = AXIS2_PLACEMENT_3D('',#1413,#1414,#1415);
#1413 = CARTESIAN_POINT('',(-96.88,-1.8,-55.78));
#1414 = DIRECTION('',(0.,0.,1.));
#1415 = DIRECTION('',(1.,0.,-0.));
#1416 = DEFINITIONAL_REPRESENTATION('',(#1417),#1421);
#1417 = LINE('',#1418,#1419);
#1418 = CARTESIAN_POINT('',(193.76,0.));
#1419 = VECTOR('',#1420,1.);
#1420 = DIRECTION('',(0.,1.));
#1421 = ( GEOMETRIC_REPRESENTATION_CONTEXT(2) 
PARAMETRIC_REPRESENTATION_CONTEXT() REPRESENTATION_CONTEXT('2D SPACE',''
  ) );
#1422 = ORIENTED_EDGE('',*,*,#1423,.F.);
#1423 = EDGE_CURVE('',#1424,#1396,#1426,.T.);
#1424 = VERTEX_POINT('',#1425);
#1425 = CARTESIAN_POINT('',(96.88,0.,-54.76554336156));
#1426 = SURFACE_CURVE('',#1427,(#1431,#1437),.PCURVE_S1.);
#1427 = LINE('',#1428,#1429);
#1428 = CARTESIAN_POINT('',(96.88,0.,-57.28));
#1429 = VECTOR('',#1430,1.);
#1430 = DIRECTION('',(-0.,0.,-1.));
#1431 = PCURVE('',#1322,#1432);
#1432 = DEFINITIONAL_REPRESENTATION('',(#1433),#1436);
#1433 = B_SPLINE_CURVE_WITH_KNOTS('',1,(#1434,#1435),.UNSPECIFIED.,.F.,
  .F.,(2,2),(-3.5,-1.5),.PIECEWISE_BEZIER_KNOTS.);
#1434 = CARTESIAN_POINT('',(2.,-1.8));
#1435 = CARTESIAN_POINT('',(0.,-1.8));
#1436 = ( GEOMETRIC_REPRESENTATION_CONTEXT(2) 
PARAMETRIC_REPRESENTATION_CONTEXT() REPRESENTATION_CONTEXT('2D SPACE',''
  ) );
#1437 = PCURVE('',#1438,#1443);
#1438 = PLANE('',#1439);
#1439 = AXIS2_PLACEMENT_3D('',#1440,#1441,#1442);
#1440 = CARTESIAN_POINT('',(-99.88,0.,-58.78));
#1441 = DIRECTION('',(-0.,1.,0.));
#1442 = DIRECTION('',(0.,0.,1.));
#1443 = DEFINITIONAL_REPRESENTATION('',(#1444),#1447);
#1444 = B_SPLINE_CURVE_WITH_KNOTS('',1,(#1445,#1446),.UNSPECIFIED.,.F.,
  .F.,(2,2),(-3.5,-1.5),.PIECEWISE_BEZIER_KNOTS.);
#1445 = CARTESIAN_POINT('',(5.,196.76));
#1446 = CARTESIAN_POINT('',(3.,196.76));
#1447 = ( GEOMETRIC_REPRESENTATION_CONTEXT(2) 
PARAMETRIC_REPRESENTATION_CONTEXT() REPRESENTATION_CONTEXT('2D SPACE',''
  ) );
#1448 = ORIENTED_EDGE('',*,*,#1449,.F.);
#1449 = EDGE_CURVE('',#1281,#1424,#1450,.T.);
#1450 = SURFACE_CURVE('',#1451,(#1455,#1462),.PCURVE_S1.);
#1451 = LINE('',#1452,#1453);
#1452 = CARTESIAN_POINT('',(96.88,0.,-52.23445663843));
#1453 = VECTOR('',#1454,1.);
#1454 = DIRECTION('',(2.245810795078E-14,0.,-1.));
#1455 = PCURVE('',#1322,#1456);
#1456 = DEFINITIONAL_REPRESENTATION('',(#1457),#1461);
#1457 = LINE('',#1458,#1459);
#1458 = CARTESIAN_POINT('',(3.545543361564,-1.8));
#1459 = VECTOR('',#1460,1.);
#1460 = DIRECTION('',(-1.,0.));
#1461 = ( GEOMETRIC_REPRESENTATION_CONTEXT(2) 
PARAMETRIC_REPRESENTATION_CONTEXT() REPRESENTATION_CONTEXT('2D SPACE',''
  ) );
#1462 = PCURVE('',#1463,#1468);
#1463 = PLANE('',#1464);
#1464 = AXIS2_PLACEMENT_3D('',#1465,#1466,#1467);
#1465 = CARTESIAN_POINT('',(99.6,0.,-53.5));
#1466 = DIRECTION('',(0.,1.,0.));
#1467 = DIRECTION('',(0.,-0.,1.));
#1468 = DEFINITIONAL_REPRESENTATION('',(#1469),#1473);
#1469 = LINE('',#1470,#1471);
#1470 = CARTESIAN_POINT('',(1.265543361564,-2.72));
#1471 = VECTOR('',#1472,1.);
#1472 = DIRECTION('',(-1.,2.245810795078E-14));
#1473 = ( GEOMETRIC_REPRESENTATION_CONTEXT(2) 
PARAMETRIC_REPRESENTATION_CONTEXT() REPRESENTATION_CONTEXT('2D SPACE',''
  ) );
#1474 = ORIENTED_EDGE('',*,*,#1308,.T.);
#1475 = ORIENTED_EDGE('',*,*,#1476,.T.);
#1476 = EDGE_CURVE('',#1256,#1477,#1479,.T.);
#1477 = VERTEX_POINT('',#1478);
#1478 = CARTESIAN_POINT('',(96.88,0.,54.765543361564));
#1479 = SURFACE_CURVE('',#1480,(#1484,#1491),.PCURVE_S1.);
#1480 = LINE('',#1481,#1482);
#1481 = CARTESIAN_POINT('',(96.88,0.,52.234456638436));
#1482 = VECTOR('',#1483,1.);
#1483 = DIRECTION('',(-1.122905397539E-14,0.,1.));
#1484 = PCURVE('',#1322,#1485);
#1485 = DEFINITIONAL_REPRESENTATION('',(#1486),#1490);
#1486 = LINE('',#1487,#1488);
#1487 = CARTESIAN_POINT('',(108.01445663843,-1.8));
#1488 = VECTOR('',#1489,1.);
#1489 = DIRECTION('',(1.,0.));
#1490 = ( GEOMETRIC_REPRESENTATION_CONTEXT(2) 
PARAMETRIC_REPRESENTATION_CONTEXT() REPRESENTATION_CONTEXT('2D SPACE',''
  ) );
#1491 = PCURVE('',#1492,#1497);
#1492 = PLANE('',#1493);
#1493 = AXIS2_PLACEMENT_3D('',#1494,#1495,#1496);
#1494 = CARTESIAN_POINT('',(99.6,0.,53.5));
#1495 = DIRECTION('',(0.,1.,0.));
#1496 = DIRECTION('',(0.,-0.,1.));
#1497 = DEFINITIONAL_REPRESENTATION('',(#1498),#1502);
#1498 = LINE('',#1499,#1500);
#1499 = CARTESIAN_POINT('',(-1.265543361564,-2.72));
#1500 = VECTOR('',#1501,1.);
#1501 = DIRECTION('',(1.,-1.122905397539E-14));
#1502 = ( GEOMETRIC_REPRESENTATION_CONTEXT(2) 
PARAMETRIC_REPRESENTATION_CONTEXT() REPRESENTATION_CONTEXT('2D SPACE',''
  ) );
#1503 = ORIENTED_EDGE('',*,*,#1504,.F.);
#1504 = EDGE_CURVE('',#1340,#1477,#1505,.T.);
#1505 = SURFACE_CURVE('',#1506,(#1510,#1516),.PCURVE_S1.);
#1506 = LINE('',#1507,#1508);
#1507 = CARTESIAN_POINT('',(96.88,0.,-57.28));
#1508 = VECTOR('',#1509,1.);
#1509 = DIRECTION('',(-0.,0.,-1.));
#1510 = PCURVE('',#1322,#1511);
#1511 = DEFINITIONAL_REPRESENTATION('',(#1512),#1515);
#1512 = B_SPLINE_CURVE_WITH_KNOTS('',1,(#1513,#1514),.UNSPECIFIED.,.F.,
  .F.,(2,2),(-113.06,-111.06),.PIECEWISE_BEZIER_KNOTS.);
#1513 = CARTESIAN_POINT('',(111.56,-1.8));
#1514 = CARTESIAN_POINT('',(109.56,-1.8));
#1515 = ( GEOMETRIC_REPRESENTATION_CONTEXT(2) 
PARAMETRIC_REPRESENTATION_CONTEXT() REPRESENTATION_CONTEXT('2D SPACE',''
  ) );
#1516 = PCURVE('',#1517,#1522);
#1517 = PLANE('',#1518);
#1518 = AXIS2_PLACEMENT_3D('',#1519,#1520,#1521);
#1519 = CARTESIAN_POINT('',(-99.88,0.,-58.78));
#1520 = DIRECTION('',(-0.,1.,0.));
#1521 = DIRECTION('',(0.,0.,1.));
#1522 = DEFINITIONAL_REPRESENTATION('',(#1523),#1526);
#1523 = B_SPLINE_CURVE_WITH_KNOTS('',1,(#1524,#1525),.UNSPECIFIED.,.F.,
  .F.,(2,2),(-113.06,-111.06),.PIECEWISE_BEZIER_KNOTS.);
#1524 = CARTESIAN_POINT('',(114.56,196.76));
#1525 = CARTESIAN_POINT('',(112.56,196.76));
#1526 = ( GEOMETRIC_REPRESENTATION_CONTEXT(2) 
PARAMETRIC_REPRESENTATION_CONTEXT() REPRESENTATION_CONTEXT('2D SPACE',''
  ) );
#1527 = ADVANCED_FACE('',(#1528),#1517,.T.);
#1528 = FACE_BOUND('',#1529,.T.);
#1529 = EDGE_LOOP('',(#1530,#1555,#1577,#1578,#1601,#1627));
#1530 = ORIENTED_EDGE('',*,*,#1531,.F.);
#1531 = EDGE_CURVE('',#1532,#1534,#1536,.T.);
#1532 = VERTEX_POINT('',#1533);
#1533 = CARTESIAN_POINT('',(98.472347571279,0.,56.28));
#1534 = VERTEX_POINT('',#1535);
#1535 = CARTESIAN_POINT('',(-98.47234757127,0.,56.28));
#1536 = SURFACE_CURVE('',#1537,(#1541,#1548),.PCURVE_S1.);
#1537 = LINE('',#1538,#1539);
#1538 = CARTESIAN_POINT('',(98.472347571279,0.,56.28));
#1539 = VECTOR('',#1540,1.);
#1540 = DIRECTION('',(-1.,0.,0.));
#1541 = PCURVE('',#1517,#1542);
#1542 = DEFINITIONAL_REPRESENTATION('',(#1543),#1547);
#1543 = LINE('',#1544,#1545);
#1544 = CARTESIAN_POINT('',(115.06,198.35234757127));
#1545 = VECTOR('',#1546,1.);
#1546 = DIRECTION('',(0.,-1.));
#1547 = ( GEOMETRIC_REPRESENTATION_CONTEXT(2) 
PARAMETRIC_REPRESENTATION_CONTEXT() REPRESENTATION_CONTEXT('2D SPACE',''
  ) );
#1548 = PCURVE('',#99,#1549);
#1549 = DEFINITIONAL_REPRESENTATION('',(#1550),#1554);
#1550 = LINE('',#1551,#1552);
#1551 = CARTESIAN_POINT('',(198.35234757127,1.));
#1552 = VECTOR('',#1553,1.);
#1553 = DIRECTION('',(-1.,0.));
#1554 = ( GEOMETRIC_REPRESENTATION_CONTEXT(2) 
PARAMETRIC_REPRESENTATION_CONTEXT() REPRESENTATION_CONTEXT('2D SPACE',''
  ) );
#1555 = ORIENTED_EDGE('',*,*,#1556,.F.);
#1556 = EDGE_CURVE('',#1477,#1532,#1557,.T.);
#1557 = SURFACE_CURVE('',#1558,(#1563,#1570),.PCURVE_S1.);
#1558 = CIRCLE('',#1559,3.);
#1559 = AXIS2_PLACEMENT_3D('',#1560,#1561,#1562);
#1560 = CARTESIAN_POINT('',(99.6,0.,53.5));
#1561 = DIRECTION('',(0.,1.,0.));
#1562 = DIRECTION('',(0.,-0.,1.));
#1563 = PCURVE('',#1517,#1564);
#1564 = DEFINITIONAL_REPRESENTATION('',(#1565),#1569);
#1565 = CIRCLE('',#1566,3.);
#1566 = AXIS2_PLACEMENT_2D('',#1567,#1568);
#1567 = CARTESIAN_POINT('',(112.28,199.48));
#1568 = DIRECTION('',(1.,0.));
#1569 = ( GEOMETRIC_REPRESENTATION_CONTEXT(2) 
PARAMETRIC_REPRESENTATION_CONTEXT() REPRESENTATION_CONTEXT('2D SPACE',''
  ) );
#1570 = PCURVE('',#71,#1571);
#1571 = DEFINITIONAL_REPRESENTATION('',(#1572),#1576);
#1572 = LINE('',#1573,#1574);
#1573 = CARTESIAN_POINT('',(0.,0.));
#1574 = VECTOR('',#1575,1.);
#1575 = DIRECTION('',(1.,0.));
#1576 = ( GEOMETRIC_REPRESENTATION_CONTEXT(2) 
PARAMETRIC_REPRESENTATION_CONTEXT() REPRESENTATION_CONTEXT('2D SPACE',''
  ) );
#1577 = ORIENTED_EDGE('',*,*,#1504,.F.);
#1578 = ORIENTED_EDGE('',*,*,#1579,.T.);
#1579 = EDGE_CURVE('',#1340,#1580,#1582,.T.);
#1580 = VERTEX_POINT('',#1581);
#1581 = CARTESIAN_POINT('',(-96.88,0.,55.78));
#1582 = SURFACE_CURVE('',#1583,(#1587,#1594),.PCURVE_S1.);
#1583 = LINE('',#1584,#1585);
#1584 = CARTESIAN_POINT('',(96.88,0.,55.78));
#1585 = VECTOR('',#1586,1.);
#1586 = DIRECTION('',(-1.,0.,0.));
#1587 = PCURVE('',#1517,#1588);
#1588 = DEFINITIONAL_REPRESENTATION('',(#1589),#1593);
#1589 = LINE('',#1590,#1591);
#1590 = CARTESIAN_POINT('',(114.56,196.76));
#1591 = VECTOR('',#1592,1.);
#1592 = DIRECTION('',(0.,-1.));
#1593 = ( GEOMETRIC_REPRESENTATION_CONTEXT(2) 
PARAMETRIC_REPRESENTATION_CONTEXT() REPRESENTATION_CONTEXT('2D SPACE',''
  ) );
#1594 = PCURVE('',#1355,#1595);
#1595 = DEFINITIONAL_REPRESENTATION('',(#1596),#1600);
#1596 = LINE('',#1597,#1598);
#1597 = CARTESIAN_POINT('',(193.76,1.8));
#1598 = VECTOR('',#1599,1.);
#1599 = DIRECTION('',(-1.,0.));
#1600 = ( GEOMETRIC_REPRESENTATION_CONTEXT(2) 
PARAMETRIC_REPRESENTATION_CONTEXT() REPRESENTATION_CONTEXT('2D SPACE',''
  ) );
#1601 = ORIENTED_EDGE('',*,*,#1602,.T.);
#1602 = EDGE_CURVE('',#1580,#1603,#1605,.T.);
#1603 = VERTEX_POINT('',#1604);
#1604 = CARTESIAN_POINT('',(-96.88,0.,54.765543361564));
#1605 = SURFACE_CURVE('',#1606,(#1610,#1616),.PCURVE_S1.);
#1606 = LINE('',#1607,#1608);
#1607 = CARTESIAN_POINT('',(-96.88,0.,-57.28));
#1608 = VECTOR('',#1609,1.);
#1609 = DIRECTION('',(-0.,0.,-1.));
#1610 = PCURVE('',#1517,#1611);
#1611 = DEFINITIONAL_REPRESENTATION('',(#1612),#1615);
#1612 = B_SPLINE_CURVE_WITH_KNOTS('',1,(#1613,#1614),.UNSPECIFIED.,.F.,
  .F.,(2,2),(-113.06,-111.06),.PIECEWISE_BEZIER_KNOTS.);
#1613 = CARTESIAN_POINT('',(114.56,3.));
#1614 = CARTESIAN_POINT('',(112.56,3.));
#1615 = ( GEOMETRIC_REPRESENTATION_CONTEXT(2) 
PARAMETRIC_REPRESENTATION_CONTEXT() REPRESENTATION_CONTEXT('2D SPACE',''
  ) );
#1616 = PCURVE('',#1617,#1622);
#1617 = PLANE('',#1618);
#1618 = AXIS2_PLACEMENT_3D('',#1619,#1620,#1621);
#1619 = CARTESIAN_POINT('',(-96.88,-1.8,-55.78));
#1620 = DIRECTION('',(1.,0.,-0.));
#1621 = DIRECTION('',(0.,0.,1.));
#1622 = DEFINITIONAL_REPRESENTATION('',(#1623),#1626);
#1623 = B_SPLINE_CURVE_WITH_KNOTS('',1,(#1624,#1625),.UNSPECIFIED.,.F.,
  .F.,(2,2),(-113.06,-111.06),.PIECEWISE_BEZIER_KNOTS.);
#1624 = CARTESIAN_POINT('',(111.56,-1.8));
#1625 = CARTESIAN_POINT('',(109.56,-1.8));
#1626 = ( GEOMETRIC_REPRESENTATION_CONTEXT(2) 
PARAMETRIC_REPRESENTATION_CONTEXT() REPRESENTATION_CONTEXT('2D SPACE',''
  ) );
#1627 = ORIENTED_EDGE('',*,*,#1628,.F.);
#1628 = EDGE_CURVE('',#1534,#1603,#1629,.T.);
#1629 = SURFACE_CURVE('',#1630,(#1635,#1642),.PCURVE_S1.);
#1630 = CIRCLE('',#1631,3.);
#1631 = AXIS2_PLACEMENT_3D('',#1632,#1633,#1634);
#1632 = CARTESIAN_POINT('',(-99.6,0.,53.5));
#1633 = DIRECTION('',(0.,1.,0.));
#1634 = DIRECTION('',(0.,-0.,1.));
#1635 = PCURVE('',#1517,#1636);
#1636 = DEFINITIONAL_REPRESENTATION('',(#1637),#1641);
#1637 = CIRCLE('',#1638,3.);
#1638 = AXIS2_PLACEMENT_2D('',#1639,#1640);
#1639 = CARTESIAN_POINT('',(112.28,0.28));
#1640 = DIRECTION('',(1.,0.));
#1641 = ( GEOMETRIC_REPRESENTATION_CONTEXT(2) 
PARAMETRIC_REPRESENTATION_CONTEXT() REPRESENTATION_CONTEXT('2D SPACE',''
  ) );
#1642 = PCURVE('',#128,#1643);
#1643 = DEFINITIONAL_REPRESENTATION('',(#1644),#1648);
#1644 = LINE('',#1645,#1646);
#1645 = CARTESIAN_POINT('',(0.,0.));
#1646 = VECTOR('',#1647,1.);
#1647 = DIRECTION('',(1.,0.));
#1648 = ( GEOMETRIC_REPRESENTATION_CONTEXT(2) 
PARAMETRIC_REPRESENTATION_CONTEXT() REPRESENTATION_CONTEXT('2D SPACE',''
  ) );
#1649 = ADVANCED_FACE('',(#1650),#1617,.T.);
#1650 = FACE_BOUND('',#1651,.T.);
#1651 = EDGE_LOOP('',(#1652,#1675,#1698,#1721,#1742,#1770,#1798,#1824));
#1652 = ORIENTED_EDGE('',*,*,#1653,.F.);
#1653 = EDGE_CURVE('',#1654,#1580,#1656,.T.);
#1654 = VERTEX_POINT('',#1655);
#1655 = CARTESIAN_POINT('',(-96.88,-1.8,55.78));
#1656 = SURFACE_CURVE('',#1657,(#1661,#1668),.PCURVE_S1.);
#1657 = LINE('',#1658,#1659);
#1658 = CARTESIAN_POINT('',(-96.88,-1.8,55.78));
#1659 = VECTOR('',#1660,1.);
#1660 = DIRECTION('',(-0.,1.,0.));
#1661 = PCURVE('',#1617,#1662);
#1662 = DEFINITIONAL_REPRESENTATION('',(#1663),#1667);
#1663 = LINE('',#1664,#1665);
#1664 = CARTESIAN_POINT('',(111.56,0.));
#1665 = VECTOR('',#1666,1.);
#1666 = DIRECTION('',(0.,-1.));
#1667 = ( GEOMETRIC_REPRESENTATION_CONTEXT(2) 
PARAMETRIC_REPRESENTATION_CONTEXT() REPRESENTATION_CONTEXT('2D SPACE',''
  ) );
#1668 = PCURVE('',#1355,#1669);
#1669 = DEFINITIONAL_REPRESENTATION('',(#1670),#1674);
#1670 = LINE('',#1671,#1672);
#1671 = CARTESIAN_POINT('',(0.,0.));
#1672 = VECTOR('',#1673,1.);
#1673 = DIRECTION('',(0.,1.));
#1674 = ( GEOMETRIC_REPRESENTATION_CONTEXT(2) 
PARAMETRIC_REPRESENTATION_CONTEXT() REPRESENTATION_CONTEXT('2D SPACE',''
  ) );
#1675 = ORIENTED_EDGE('',*,*,#1676,.F.);
#1676 = EDGE_CURVE('',#1677,#1654,#1679,.T.);
#1677 = VERTEX_POINT('',#1678);
#1678 = CARTESIAN_POINT('',(-96.88,-1.8,-55.78));
#1679 = SURFACE_CURVE('',#1680,(#1684,#1691),.PCURVE_S1.);
#1680 = LINE('',#1681,#1682);
#1681 = CARTESIAN_POINT('',(-96.88,-1.8,-55.78));
#1682 = VECTOR('',#1683,1.);
#1683 = DIRECTION('',(0.,0.,1.));
#1684 = PCURVE('',#1617,#1685);
#1685 = DEFINITIONAL_REPRESENTATION('',(#1686),#1690);
#1686 = LINE('',#1687,#1688);
#1687 = CARTESIAN_POINT('',(0.,0.));
#1688 = VECTOR('',#1689,1.);
#1689 = DIRECTION('',(1.,0.));
#1690 = ( GEOMETRIC_REPRESENTATION_CONTEXT(2) 
PARAMETRIC_REPRESENTATION_CONTEXT() REPRESENTATION_CONTEXT('2D SPACE',''
  ) );
#1691 = PCURVE('',#1383,#1692);
#1692 = DEFINITIONAL_REPRESENTATION('',(#1693),#1697);
#1693 = LINE('',#1694,#1695);
#1694 = CARTESIAN_POINT('',(0.,0.));
#1695 = VECTOR('',#1696,1.);
#1696 = DIRECTION('',(1.,0.));
#1697 = ( GEOMETRIC_REPRESENTATION_CONTEXT(2) 
PARAMETRIC_REPRESENTATION_CONTEXT() REPRESENTATION_CONTEXT('2D SPACE',''
  ) );
#1698 = ORIENTED_EDGE('',*,*,#1699,.T.);
#1699 = EDGE_CURVE('',#1677,#1700,#1702,.T.);
#1700 = VERTEX_POINT('',#1701);
#1701 = CARTESIAN_POINT('',(-96.88,0.,-55.78));
#1702 = SURFACE_CURVE('',#1703,(#1707,#1714),.PCURVE_S1.);
#1703 = LINE('',#1704,#1705);
#1704 = CARTESIAN_POINT('',(-96.88,-1.8,-55.78));
#1705 = VECTOR('',#1706,1.);
#1706 = DIRECTION('',(-0.,1.,0.));
#1707 = PCURVE('',#1617,#1708);
#1708 = DEFINITIONAL_REPRESENTATION('',(#1709),#1713);
#1709 = LINE('',#1710,#1711);
#1710 = CARTESIAN_POINT('',(0.,0.));
#1711 = VECTOR('',#1712,1.);
#1712 = DIRECTION('',(0.,-1.));
#1713 = ( GEOMETRIC_REPRESENTATION_CONTEXT(2) 
PARAMETRIC_REPRESENTATION_CONTEXT() REPRESENTATION_CONTEXT('2D SPACE',''
  ) );
#1714 = PCURVE('',#1411,#1715);
#1715 = DEFINITIONAL_REPRESENTATION('',(#1716),#1720);
#1716 = LINE('',#1717,#1718);
#1717 = CARTESIAN_POINT('',(0.,0.));
#1718 = VECTOR('',#1719,1.);
#1719 = DIRECTION('',(0.,1.));
#1720 = ( GEOMETRIC_REPRESENTATION_CONTEXT(2) 
PARAMETRIC_REPRESENTATION_CONTEXT() REPRESENTATION_CONTEXT('2D SPACE',''
  ) );
#1721 = ORIENTED_EDGE('',*,*,#1722,.F.);
#1722 = EDGE_CURVE('',#1723,#1700,#1725,.T.);
#1723 = VERTEX_POINT('',#1724);
#1724 = CARTESIAN_POINT('',(-96.88,0.,-54.76554336156));
#1725 = SURFACE_CURVE('',#1726,(#1730,#1736),.PCURVE_S1.);
#1726 = LINE('',#1727,#1728);
#1727 = CARTESIAN_POINT('',(-96.88,0.,-57.28));
#1728 = VECTOR('',#1729,1.);
#1729 = DIRECTION('',(-0.,0.,-1.));
#1730 = PCURVE('',#1617,#1731);
#1731 = DEFINITIONAL_REPRESENTATION('',(#1732),#1735);
#1732 = B_SPLINE_CURVE_WITH_KNOTS('',1,(#1733,#1734),.UNSPECIFIED.,.F.,
  .F.,(2,2),(-3.5,-1.5),.PIECEWISE_BEZIER_KNOTS.);
#1733 = CARTESIAN_POINT('',(2.,-1.8));
#1734 = CARTESIAN_POINT('',(0.,-1.8));
#1735 = ( GEOMETRIC_REPRESENTATION_CONTEXT(2) 
PARAMETRIC_REPRESENTATION_CONTEXT() REPRESENTATION_CONTEXT('2D SPACE',''
  ) );
#1736 = PCURVE('',#1438,#1737);
#1737 = DEFINITIONAL_REPRESENTATION('',(#1738),#1741);
#1738 = B_SPLINE_CURVE_WITH_KNOTS('',1,(#1739,#1740),.UNSPECIFIED.,.F.,
  .F.,(2,2),(-3.5,-1.5),.PIECEWISE_BEZIER_KNOTS.);
#1739 = CARTESIAN_POINT('',(5.,3.));
#1740 = CARTESIAN_POINT('',(3.,3.));
#1741 = ( GEOMETRIC_REPRESENTATION_CONTEXT(2) 
PARAMETRIC_REPRESENTATION_CONTEXT() REPRESENTATION_CONTEXT('2D SPACE',''
  ) );
#1742 = ORIENTED_EDGE('',*,*,#1743,.T.);
#1743 = EDGE_CURVE('',#1723,#1744,#1746,.T.);
#1744 = VERTEX_POINT('',#1745);
#1745 = CARTESIAN_POINT('',(-96.88,0.,-52.23445663843));
#1746 = SURFACE_CURVE('',#1747,(#1751,#1758),.PCURVE_S1.);
#1747 = LINE('',#1748,#1749);
#1748 = CARTESIAN_POINT('',(-96.88,0.,-54.76554336156));
#1749 = VECTOR('',#1750,1.);
#1750 = DIRECTION('',(2.245810795078E-14,0.,1.));
#1751 = PCURVE('',#1617,#1752);
#1752 = DEFINITIONAL_REPRESENTATION('',(#1753),#1757);
#1753 = LINE('',#1754,#1755);
#1754 = CARTESIAN_POINT('',(1.014456638435,-1.8));
#1755 = VECTOR('',#1756,1.);
#1756 = DIRECTION('',(1.,0.));
#1757 = ( GEOMETRIC_REPRESENTATION_CONTEXT(2) 
PARAMETRIC_REPRESENTATION_CONTEXT() REPRESENTATION_CONTEXT('2D SPACE',''
  ) );
#1758 = PCURVE('',#1759,#1764);
#1759 = PLANE('',#1760);
#1760 = AXIS2_PLACEMENT_3D('',#1761,#1762,#1763);
#1761 = CARTESIAN_POINT('',(-99.6,0.,-53.5));
#1762 = DIRECTION('',(0.,1.,0.));
#1763 = DIRECTION('',(0.,-0.,1.));
#1764 = DEFINITIONAL_REPRESENTATION('',(#1765),#1769);
#1765 = LINE('',#1766,#1767);
#1766 = CARTESIAN_POINT('',(-1.265543361565,2.72));
#1767 = VECTOR('',#1768,1.);
#1768 = DIRECTION('',(1.,2.245810795078E-14));
#1769 = ( GEOMETRIC_REPRESENTATION_CONTEXT(2) 
PARAMETRIC_REPRESENTATION_CONTEXT() REPRESENTATION_CONTEXT('2D SPACE',''
  ) );
#1770 = ORIENTED_EDGE('',*,*,#1771,.F.);
#1771 = EDGE_CURVE('',#1772,#1744,#1774,.T.);
#1772 = VERTEX_POINT('',#1773);
#1773 = CARTESIAN_POINT('',(-96.88,0.,52.234456638436));
#1774 = SURFACE_CURVE('',#1775,(#1779,#1786),.PCURVE_S1.);
#1775 = LINE('',#1776,#1777);
#1776 = CARTESIAN_POINT('',(-96.88,0.,52.234456638436));
#1777 = VECTOR('',#1778,1.);
#1778 = DIRECTION('',(2.720590129532E-16,0.,-1.));
#1779 = PCURVE('',#1617,#1780);
#1780 = DEFINITIONAL_REPRESENTATION('',(#1781),#1785);
#1781 = LINE('',#1782,#1783);
#1782 = CARTESIAN_POINT('',(108.01445663843,-1.8));
#1783 = VECTOR('',#1784,1.);
#1784 = DIRECTION('',(-1.,0.));
#1785 = ( GEOMETRIC_REPRESENTATION_CONTEXT(2) 
PARAMETRIC_REPRESENTATION_CONTEXT() REPRESENTATION_CONTEXT('2D SPACE',''
  ) );
#1786 = PCURVE('',#1787,#1792);
#1787 = PLANE('',#1788);
#1788 = AXIS2_PLACEMENT_3D('',#1789,#1790,#1791);
#1789 = CARTESIAN_POINT('',(-104.88,0.,-53.78));
#1790 = DIRECTION('',(-0.,1.,0.));
#1791 = DIRECTION('',(0.,0.,1.));
#1792 = DEFINITIONAL_REPRESENTATION('',(#1793),#1797);
#1793 = LINE('',#1794,#1795);
#1794 = CARTESIAN_POINT('',(106.01445663843,8.));
#1795 = VECTOR('',#1796,1.);
#1796 = DIRECTION('',(-1.,2.720590129532E-16));
#1797 = ( GEOMETRIC_REPRESENTATION_CONTEXT(2) 
PARAMETRIC_REPRESENTATION_CONTEXT() REPRESENTATION_CONTEXT('2D SPACE',''
  ) );
#1798 = ORIENTED_EDGE('',*,*,#1799,.F.);
#1799 = EDGE_CURVE('',#1603,#1772,#1800,.T.);
#1800 = SURFACE_CURVE('',#1801,(#1805,#1812),.PCURVE_S1.);
#1801 = LINE('',#1802,#1803);
#1802 = CARTESIAN_POINT('',(-96.88,0.,54.765543361564));
#1803 = VECTOR('',#1804,1.);
#1804 = DIRECTION('',(-5.614526987695E-15,0.,-1.));
#1805 = PCURVE('',#1617,#1806);
#1806 = DEFINITIONAL_REPRESENTATION('',(#1807),#1811);
#1807 = LINE('',#1808,#1809);
#1808 = CARTESIAN_POINT('',(110.54554336156,-1.8));
#1809 = VECTOR('',#1810,1.);
#1810 = DIRECTION('',(-1.,0.));
#1811 = ( GEOMETRIC_REPRESENTATION_CONTEXT(2) 
PARAMETRIC_REPRESENTATION_CONTEXT() REPRESENTATION_CONTEXT('2D SPACE',''
  ) );
#1812 = PCURVE('',#1813,#1818);
#1813 = PLANE('',#1814);
#1814 = AXIS2_PLACEMENT_3D('',#1815,#1816,#1817);
#1815 = CARTESIAN_POINT('',(-99.6,0.,53.5));
#1816 = DIRECTION('',(0.,1.,0.));
#1817 = DIRECTION('',(0.,-0.,1.));
#1818 = DEFINITIONAL_REPRESENTATION('',(#1819),#1823);
#1819 = LINE('',#1820,#1821);
#1820 = CARTESIAN_POINT('',(1.265543361564,2.72));
#1821 = VECTOR('',#1822,1.);
#1822 = DIRECTION('',(-1.,-5.614526987695E-15));
#1823 = ( GEOMETRIC_REPRESENTATION_CONTEXT(2) 
PARAMETRIC_REPRESENTATION_CONTEXT() REPRESENTATION_CONTEXT('2D SPACE',''
  ) );
#1824 = ORIENTED_EDGE('',*,*,#1602,.F.);
#1825 = ADVANCED_FACE('',(#1826),#1813,.F.);
#1826 = FACE_BOUND('',#1827,.F.);
#1827 = EDGE_LOOP('',(#1828,#1829));
#1828 = ORIENTED_EDGE('',*,*,#1799,.F.);
#1829 = ORIENTED_EDGE('',*,*,#1830,.T.);
#1830 = EDGE_CURVE('',#1603,#1772,#1831,.T.);
#1831 = SURFACE_CURVE('',#1832,(#1837,#1844),.PCURVE_S1.);
#1832 = CIRCLE('',#1833,3.);
#1833 = AXIS2_PLACEMENT_3D('',#1834,#1835,#1836);
#1834 = CARTESIAN_POINT('',(-99.6,0.,53.5));
#1835 = DIRECTION('',(0.,1.,0.));
#1836 = DIRECTION('',(0.,-0.,1.));
#1837 = PCURVE('',#1813,#1838);
#1838 = DEFINITIONAL_REPRESENTATION('',(#1839),#1843);
#1839 = CIRCLE('',#1840,3.);
#1840 = AXIS2_PLACEMENT_2D('',#1841,#1842);
#1841 = CARTESIAN_POINT('',(0.,0.));
#1842 = DIRECTION('',(1.,0.));
#1843 = ( GEOMETRIC_REPRESENTATION_CONTEXT(2) 
PARAMETRIC_REPRESENTATION_CONTEXT() REPRESENTATION_CONTEXT('2D SPACE',''
  ) );
#1844 = PCURVE('',#128,#1845);
#1845 = DEFINITIONAL_REPRESENTATION('',(#1846),#1850);
#1846 = LINE('',#1847,#1848);
#1847 = CARTESIAN_POINT('',(0.,0.));
#1848 = VECTOR('',#1849,1.);
#1849 = DIRECTION('',(1.,0.));
#1850 = ( GEOMETRIC_REPRESENTATION_CONTEXT(2) 
PARAMETRIC_REPRESENTATION_CONTEXT() REPRESENTATION_CONTEXT('2D SPACE',''
  ) );
#1851 = ADVANCED_FACE('',(#1852),#1787,.T.);
#1852 = FACE_BOUND('',#1853,.T.);
#1853 = EDGE_LOOP('',(#1854,#1878,#1879,#1907));
#1854 = ORIENTED_EDGE('',*,*,#1855,.F.);
#1855 = EDGE_CURVE('',#1772,#1856,#1858,.T.);
#1856 = VERTEX_POINT('',#1857);
#1857 = CARTESIAN_POINT('',(-102.38,0.,52.372347571279));
#1858 = SURFACE_CURVE('',#1859,(#1864,#1871),.PCURVE_S1.);
#1859 = CIRCLE('',#1860,3.);
#1860 = AXIS2_PLACEMENT_3D('',#1861,#1862,#1863);
#1861 = CARTESIAN_POINT('',(-99.6,0.,53.5));
#1862 = DIRECTION('',(0.,1.,0.));
#1863 = DIRECTION('',(0.906666666667,0.,-0.421847787188));
#1864 = PCURVE('',#1787,#1865);
#1865 = DEFINITIONAL_REPRESENTATION('',(#1866),#1870);
#1866 = CIRCLE('',#1867,3.);
#1867 = AXIS2_PLACEMENT_2D('',#1868,#1869);
#1868 = CARTESIAN_POINT('',(107.28,5.28));
#1869 = DIRECTION('',(-0.421847787188,0.906666666667));
#1870 = ( GEOMETRIC_REPRESENTATION_CONTEXT(2) 
PARAMETRIC_REPRESENTATION_CONTEXT() REPRESENTATION_CONTEXT('2D SPACE',''
  ) );
#1871 = PCURVE('',#128,#1872);
#1872 = DEFINITIONAL_REPRESENTATION('',(#1873),#1877);
#1873 = LINE('',#1874,#1875);
#1874 = CARTESIAN_POINT('',(2.006278683519,0.));
#1875 = VECTOR('',#1876,1.);
#1876 = DIRECTION('',(1.,0.));
#1877 = ( GEOMETRIC_REPRESENTATION_CONTEXT(2) 
PARAMETRIC_REPRESENTATION_CONTEXT() REPRESENTATION_CONTEXT('2D SPACE',''
  ) );
#1878 = ORIENTED_EDGE('',*,*,#1771,.T.);
#1879 = ORIENTED_EDGE('',*,*,#1880,.T.);
#1880 = EDGE_CURVE('',#1744,#1881,#1883,.T.);
#1881 = VERTEX_POINT('',#1882);
#1882 = CARTESIAN_POINT('',(-102.38,0.,-52.37234757127));
#1883 = SURFACE_CURVE('',#1884,(#1889,#1900),.PCURVE_S1.);
#1884 = CIRCLE('',#1885,3.);
#1885 = AXIS2_PLACEMENT_3D('',#1886,#1887,#1888);
#1886 = CARTESIAN_POINT('',(-99.6,0.,-53.5));
#1887 = DIRECTION('',(0.,-1.,0.));
#1888 = DIRECTION('',(0.906666666667,0.,0.421847787188));
#1889 = PCURVE('',#1787,#1890);
#1890 = DEFINITIONAL_REPRESENTATION('',(#1891),#1899);
#1891 = ( BOUNDED_CURVE() B_SPLINE_CURVE(2,(#1892,#1893,#1894,#1895,
#1896,#1897,#1898),.UNSPECIFIED.,.T.,.F.) B_SPLINE_CURVE_WITH_KNOTS((1,2
    ,2,2,2,1),(-2.094395102393,0.,2.094395102393,4.188790204786,
6.28318530718,8.377580409573),.UNSPECIFIED.) CURVE() 
GEOMETRIC_REPRESENTATION_ITEM() RATIONAL_B_SPLINE_CURVE((1.,0.5,1.,0.5,
1.,0.5,1.)) REPRESENTATION_ITEM('') );
#1892 = CARTESIAN_POINT('',(1.545543361564,8.));
#1893 = CARTESIAN_POINT('',(6.256721558152,5.808014598589));
#1894 = CARTESIAN_POINT('',(2.002817417512,2.824007299295));
#1895 = CARTESIAN_POINT('',(-2.251086723129,-0.16));
#1896 = CARTESIAN_POINT('',(-2.708360779076,5.015992700705));
#1897 = CARTESIAN_POINT('',(-3.165634835023,10.191985401411));
#1898 = CARTESIAN_POINT('',(1.545543361564,8.));
#1899 = ( GEOMETRIC_REPRESENTATION_CONTEXT(2) 
PARAMETRIC_REPRESENTATION_CONTEXT() REPRESENTATION_CONTEXT('2D SPACE',''
  ) );
#1900 = PCURVE('',#725,#1901);
#1901 = DEFINITIONAL_REPRESENTATION('',(#1902),#1906);
#1902 = LINE('',#1903,#1904);
#1903 = CARTESIAN_POINT('',(7.41849927725,0.));
#1904 = VECTOR('',#1905,1.);
#1905 = DIRECTION('',(-1.,-0.));
#1906 = ( GEOMETRIC_REPRESENTATION_CONTEXT(2) 
PARAMETRIC_REPRESENTATION_CONTEXT() REPRESENTATION_CONTEXT('2D SPACE',''
  ) );
#1907 = ORIENTED_EDGE('',*,*,#1908,.F.);
#1908 = EDGE_CURVE('',#1856,#1881,#1909,.T.);
#1909 = SURFACE_CURVE('',#1910,(#1914,#1921),.PCURVE_S1.);
#1910 = LINE('',#1911,#1912);
#1911 = CARTESIAN_POINT('',(-102.38,0.,52.372347571279));
#1912 = VECTOR('',#1913,1.);
#1913 = DIRECTION('',(2.713427099265E-16,0.,-1.));
#1914 = PCURVE('',#1787,#1915);
#1915 = DEFINITIONAL_REPRESENTATION('',(#1916),#1920);
#1916 = LINE('',#1917,#1918);
#1917 = CARTESIAN_POINT('',(106.15234757127,2.5));
#1918 = VECTOR('',#1919,1.);
#1919 = DIRECTION('',(-1.,2.713427099265E-16));
#1920 = ( GEOMETRIC_REPRESENTATION_CONTEXT(2) 
PARAMETRIC_REPRESENTATION_CONTEXT() REPRESENTATION_CONTEXT('2D SPACE',''
  ) );
#1921 = PCURVE('',#156,#1922);
#1922 = DEFINITIONAL_REPRESENTATION('',(#1923),#1927);
#1923 = LINE('',#1924,#1925);
#1924 = CARTESIAN_POINT('',(106.15234757127,-1.));
#1925 = VECTOR('',#1926,1.);
#1926 = DIRECTION('',(-1.,0.));
#1927 = ( GEOMETRIC_REPRESENTATION_CONTEXT(2) 
PARAMETRIC_REPRESENTATION_CONTEXT() REPRESENTATION_CONTEXT('2D SPACE',''
  ) );
#1928 = ADVANCED_FACE('',(#1929),#1759,.F.);
#1929 = FACE_BOUND('',#1930,.F.);
#1930 = EDGE_LOOP('',(#1931,#1932));
#1931 = ORIENTED_EDGE('',*,*,#1743,.T.);
#1932 = ORIENTED_EDGE('',*,*,#1933,.T.);
#1933 = EDGE_CURVE('',#1744,#1723,#1934,.T.);
#1934 = SURFACE_CURVE('',#1935,(#1940,#1947),.PCURVE_S1.);
#1935 = CIRCLE('',#1936,3.);
#1936 = AXIS2_PLACEMENT_3D('',#1937,#1938,#1939);
#1937 = CARTESIAN_POINT('',(-99.6,0.,-53.5));
#1938 = DIRECTION('',(0.,1.,0.));
#1939 = DIRECTION('',(0.,-0.,1.));
#1940 = PCURVE('',#1759,#1941);
#1941 = DEFINITIONAL_REPRESENTATION('',(#1942),#1946);
#1942 = CIRCLE('',#1943,3.);
#1943 = AXIS2_PLACEMENT_2D('',#1944,#1945);
#1944 = CARTESIAN_POINT('',(0.,0.));
#1945 = DIRECTION('',(1.,0.));
#1946 = ( GEOMETRIC_REPRESENTATION_CONTEXT(2) 
PARAMETRIC_REPRESENTATION_CONTEXT() REPRESENTATION_CONTEXT('2D SPACE',''
  ) );
#1947 = PCURVE('',#725,#1948);
#1948 = DEFINITIONAL_REPRESENTATION('',(#1949),#1952);
#1949 = B_SPLINE_CURVE_WITH_KNOTS('',1,(#1950,#1951),.UNSPECIFIED.,.F.,
  .F.,(2,2),(1.135313970071,2.006278683519),.PIECEWISE_BEZIER_KNOTS.);
#1950 = CARTESIAN_POINT('',(7.41849927725,0.));
#1951 = CARTESIAN_POINT('',(8.289463990699,0.));
#1952 = ( GEOMETRIC_REPRESENTATION_CONTEXT(2) 
PARAMETRIC_REPRESENTATION_CONTEXT() REPRESENTATION_CONTEXT('2D SPACE',''
  ) );
#1953 = ADVANCED_FACE('',(#1954),#1492,.F.);
#1954 = FACE_BOUND('',#1955,.F.);
#1955 = EDGE_LOOP('',(#1956,#1978));
#1956 = ORIENTED_EDGE('',*,*,#1957,.T.);
#1957 = EDGE_CURVE('',#1256,#1477,#1958,.T.);
#1958 = SURFACE_CURVE('',#1959,(#1964,#1971),.PCURVE_S1.);
#1959 = CIRCLE('',#1960,3.);
#1960 = AXIS2_PLACEMENT_3D('',#1961,#1962,#1963);
#1961 = CARTESIAN_POINT('',(99.6,0.,53.5));
#1962 = DIRECTION('',(0.,1.,0.));
#1963 = DIRECTION('',(0.,-0.,1.));
#1964 = PCURVE('',#1492,#1965);
#1965 = DEFINITIONAL_REPRESENTATION('',(#1966),#1970);
#1966 = CIRCLE('',#1967,3.);
#1967 = AXIS2_PLACEMENT_2D('',#1968,#1969);
#1968 = CARTESIAN_POINT('',(0.,0.));
#1969 = DIRECTION('',(1.,0.));
#1970 = ( GEOMETRIC_REPRESENTATION_CONTEXT(2) 
PARAMETRIC_REPRESENTATION_CONTEXT() REPRESENTATION_CONTEXT('2D SPACE',''
  ) );
#1971 = PCURVE('',#71,#1972);
#1972 = DEFINITIONAL_REPRESENTATION('',(#1973),#1977);
#1973 = LINE('',#1974,#1975);
#1974 = CARTESIAN_POINT('',(0.,0.));
#1975 = VECTOR('',#1976,1.);
#1976 = DIRECTION('',(1.,0.));
#1977 = ( GEOMETRIC_REPRESENTATION_CONTEXT(2) 
PARAMETRIC_REPRESENTATION_CONTEXT() REPRESENTATION_CONTEXT('2D SPACE',''
  ) );
#1978 = ORIENTED_EDGE('',*,*,#1476,.F.);
#1979 = ADVANCED_FACE('',(#1980),#1463,.F.);
#1980 = FACE_BOUND('',#1981,.F.);
#1981 = EDGE_LOOP('',(#1982,#2003));
#1982 = ORIENTED_EDGE('',*,*,#1983,.T.);
#1983 = EDGE_CURVE('',#1424,#1281,#1984,.T.);
#1984 = SURFACE_CURVE('',#1985,(#1990,#1997),.PCURVE_S1.);
#1985 = CIRCLE('',#1986,3.);
#1986 = AXIS2_PLACEMENT_3D('',#1987,#1988,#1989);
#1987 = CARTESIAN_POINT('',(99.6,0.,-53.5));
#1988 = DIRECTION('',(0.,1.,0.));
#1989 = DIRECTION('',(0.,-0.,1.));
#1990 = PCURVE('',#1463,#1991);
#1991 = DEFINITIONAL_REPRESENTATION('',(#1992),#1996);
#1992 = CIRCLE('',#1993,3.);
#1993 = AXIS2_PLACEMENT_2D('',#1994,#1995);
#1994 = CARTESIAN_POINT('',(0.,0.));
#1995 = DIRECTION('',(1.,0.));
#1996 = ( GEOMETRIC_REPRESENTATION_CONTEXT(2) 
PARAMETRIC_REPRESENTATION_CONTEXT() REPRESENTATION_CONTEXT('2D SPACE',''
  ) );
#1997 = PCURVE('',#782,#1998);
#1998 = DEFINITIONAL_REPRESENTATION('',(#1999),#2002);
#1999 = B_SPLINE_CURVE_WITH_KNOTS('',1,(#2000,#2001),.UNSPECIFIED.,.F.,
  .F.,(2,2),(4.276906623661,5.147871337109),.PIECEWISE_BEZIER_KNOTS.);
#2000 = CARTESIAN_POINT('',(4.276906623661,0.));
#2001 = CARTESIAN_POINT('',(5.147871337109,0.));
#2002 = ( GEOMETRIC_REPRESENTATION_CONTEXT(2) 
PARAMETRIC_REPRESENTATION_CONTEXT() REPRESENTATION_CONTEXT('2D SPACE',''
  ) );
#2003 = ORIENTED_EDGE('',*,*,#1449,.T.);
#2004 = ADVANCED_FACE('',(#2005),#1438,.T.);
#2005 = FACE_BOUND('',#2006,.T.);
#2006 = EDGE_LOOP('',(#2007,#2030,#2053,#2074,#2075,#2096));
#2007 = ORIENTED_EDGE('',*,*,#2008,.F.);
#2008 = EDGE_CURVE('',#2009,#1424,#2011,.T.);
#2009 = VERTEX_POINT('',#2010);
#2010 = CARTESIAN_POINT('',(98.472347571279,0.,-56.28));
#2011 = SURFACE_CURVE('',#2012,(#2017,#2024),.PCURVE_S1.);
#2012 = CIRCLE('',#2013,3.);
#2013 = AXIS2_PLACEMENT_3D('',#2014,#2015,#2016);
#2014 = CARTESIAN_POINT('',(99.6,0.,-53.5));
#2015 = DIRECTION('',(0.,1.,0.));
#2016 = DIRECTION('',(0.,-0.,1.));
#2017 = PCURVE('',#1438,#2018);
#2018 = DEFINITIONAL_REPRESENTATION('',(#2019),#2023);
#2019 = CIRCLE('',#2020,3.);
#2020 = AXIS2_PLACEMENT_2D('',#2021,#2022);
#2021 = CARTESIAN_POINT('',(5.28,199.48));
#2022 = DIRECTION('',(1.,0.));
#2023 = ( GEOMETRIC_REPRESENTATION_CONTEXT(2) 
PARAMETRIC_REPRESENTATION_CONTEXT() REPRESENTATION_CONTEXT('2D SPACE',''
  ) );
#2024 = PCURVE('',#782,#2025);
#2025 = DEFINITIONAL_REPRESENTATION('',(#2026),#2029);
#2026 = B_SPLINE_CURVE_WITH_KNOTS('',1,(#2027,#2028),.UNSPECIFIED.,.F.,
  .F.,(2,2),(3.526943354724,4.276906623661),.PIECEWISE_BEZIER_KNOTS.);
#2027 = CARTESIAN_POINT('',(3.526943354724,0.));
#2028 = CARTESIAN_POINT('',(4.276906623661,0.));
#2029 = ( GEOMETRIC_REPRESENTATION_CONTEXT(2) 
PARAMETRIC_REPRESENTATION_CONTEXT() REPRESENTATION_CONTEXT('2D SPACE',''
  ) );
#2030 = ORIENTED_EDGE('',*,*,#2031,.T.);
#2031 = EDGE_CURVE('',#2009,#2032,#2034,.T.);
#2032 = VERTEX_POINT('',#2033);
#2033 = CARTESIAN_POINT('',(-98.47234757128,0.,-56.28));
#2034 = SURFACE_CURVE('',#2035,(#2039,#2046),.PCURVE_S1.);
#2035 = LINE('',#2036,#2037);
#2036 = CARTESIAN_POINT('',(98.472347571279,0.,-56.28));
#2037 = VECTOR('',#2038,1.);
#2038 = DIRECTION('',(-1.,0.,0.));
#2039 = PCURVE('',#1438,#2040);
#2040 = DEFINITIONAL_REPRESENTATION('',(#2041),#2045);
#2041 = LINE('',#2042,#2043);
#2042 = CARTESIAN_POINT('',(2.5,198.35234757127));
#2043 = VECTOR('',#2044,1.);
#2044 = DIRECTION('',(0.,-1.));
#2045 = ( GEOMETRIC_REPRESENTATION_CONTEXT(2) 
PARAMETRIC_REPRESENTATION_CONTEXT() REPRESENTATION_CONTEXT('2D SPACE',''
  ) );
#2046 = PCURVE('',#753,#2047);
#2047 = DEFINITIONAL_REPRESENTATION('',(#2048),#2052);
#2048 = LINE('',#2049,#2050);
#2049 = CARTESIAN_POINT('',(198.35234757127,1.));
#2050 = VECTOR('',#2051,1.);
#2051 = DIRECTION('',(-1.,0.));
#2052 = ( GEOMETRIC_REPRESENTATION_CONTEXT(2) 
PARAMETRIC_REPRESENTATION_CONTEXT() REPRESENTATION_CONTEXT('2D SPACE',''
  ) );
#2053 = ORIENTED_EDGE('',*,*,#2054,.F.);
#2054 = EDGE_CURVE('',#1723,#2032,#2055,.T.);
#2055 = SURFACE_CURVE('',#2056,(#2061,#2068),.PCURVE_S1.);
#2056 = CIRCLE('',#2057,3.);
#2057 = AXIS2_PLACEMENT_3D('',#2058,#2059,#2060);
#2058 = CARTESIAN_POINT('',(-99.6,0.,-53.5));
#2059 = DIRECTION('',(0.,1.,0.));
#2060 = DIRECTION('',(0.,-0.,1.));
#2061 = PCURVE('',#1438,#2062);
#2062 = DEFINITIONAL_REPRESENTATION('',(#2063),#2067);
#2063 = CIRCLE('',#2064,3.);
#2064 = AXIS2_PLACEMENT_2D('',#2065,#2066);
#2065 = CARTESIAN_POINT('',(5.28,0.28));
#2066 = DIRECTION('',(1.,0.));
#2067 = ( GEOMETRIC_REPRESENTATION_CONTEXT(2) 
PARAMETRIC_REPRESENTATION_CONTEXT() REPRESENTATION_CONTEXT('2D SPACE',''
  ) );
#2068 = PCURVE('',#725,#2069);
#2069 = DEFINITIONAL_REPRESENTATION('',(#2070),#2073);
#2070 = B_SPLINE_CURVE_WITH_KNOTS('',1,(#2071,#2072),.UNSPECIFIED.,.F.,
  .F.,(2,2),(2.006278683519,2.756241952456),.PIECEWISE_BEZIER_KNOTS.);
#2071 = CARTESIAN_POINT('',(8.289463990699,0.));
#2072 = CARTESIAN_POINT('',(9.039427259635,0.));
#2073 = ( GEOMETRIC_REPRESENTATION_CONTEXT(2) 
PARAMETRIC_REPRESENTATION_CONTEXT() REPRESENTATION_CONTEXT('2D SPACE',''
  ) );
#2074 = ORIENTED_EDGE('',*,*,#1722,.T.);
#2075 = ORIENTED_EDGE('',*,*,#2076,.T.);
#2076 = EDGE_CURVE('',#1700,#1396,#2077,.T.);
#2077 = SURFACE_CURVE('',#2078,(#2082,#2089),.PCURVE_S1.);
#2078 = LINE('',#2079,#2080);
#2079 = CARTESIAN_POINT('',(-96.88,0.,-55.78));
#2080 = VECTOR('',#2081,1.);
#2081 = DIRECTION('',(1.,0.,0.));
#2082 = PCURVE('',#1438,#2083);
#2083 = DEFINITIONAL_REPRESENTATION('',(#2084),#2088);
#2084 = LINE('',#2085,#2086);
#2085 = CARTESIAN_POINT('',(3.,3.));
#2086 = VECTOR('',#2087,1.);
#2087 = DIRECTION('',(0.,1.));
#2088 = ( GEOMETRIC_REPRESENTATION_CONTEXT(2) 
PARAMETRIC_REPRESENTATION_CONTEXT() REPRESENTATION_CONTEXT('2D SPACE',''
  ) );
#2089 = PCURVE('',#1411,#2090);
#2090 = DEFINITIONAL_REPRESENTATION('',(#2091),#2095);
#2091 = LINE('',#2092,#2093);
#2092 = CARTESIAN_POINT('',(0.,1.8));
#2093 = VECTOR('',#2094,1.);
#2094 = DIRECTION('',(1.,0.));
#2095 = ( GEOMETRIC_REPRESENTATION_CONTEXT(2) 
PARAMETRIC_REPRESENTATION_CONTEXT() REPRESENTATION_CONTEXT('2D SPACE',''
  ) );
#2096 = ORIENTED_EDGE('',*,*,#1423,.F.);
#2097 = ADVANCED_FACE('',(#2098),#1411,.T.);
#2098 = FACE_BOUND('',#2099,.T.);
#2099 = EDGE_LOOP('',(#2100,#2101,#2122,#2123));
#2100 = ORIENTED_EDGE('',*,*,#1699,.F.);
#2101 = ORIENTED_EDGE('',*,*,#2102,.T.);
#2102 = EDGE_CURVE('',#1677,#1368,#2103,.T.);
#2103 = SURFACE_CURVE('',#2104,(#2108,#2115),.PCURVE_S1.);
#2104 = LINE('',#2105,#2106);
#2105 = CARTESIAN_POINT('',(-96.88,-1.8,-55.78));
#2106 = VECTOR('',#2107,1.);
#2107 = DIRECTION('',(1.,0.,-0.));
#2108 = PCURVE('',#1411,#2109);
#2109 = DEFINITIONAL_REPRESENTATION('',(#2110),#2114);
#2110 = LINE('',#2111,#2112);
#2111 = CARTESIAN_POINT('',(0.,0.));
#2112 = VECTOR('',#2113,1.);
#2113 = DIRECTION('',(1.,0.));
#2114 = ( GEOMETRIC_REPRESENTATION_CONTEXT(2) 
PARAMETRIC_REPRESENTATION_CONTEXT() REPRESENTATION_CONTEXT('2D SPACE',''
  ) );
#2115 = PCURVE('',#1383,#2116);
#2116 = DEFINITIONAL_REPRESENTATION('',(#2117),#2121);
#2117 = LINE('',#2118,#2119);
#2118 = CARTESIAN_POINT('',(0.,0.));
#2119 = VECTOR('',#2120,1.);
#2120 = DIRECTION('',(0.,1.));
#2121 = ( GEOMETRIC_REPRESENTATION_CONTEXT(2) 
PARAMETRIC_REPRESENTATION_CONTEXT() REPRESENTATION_CONTEXT('2D SPACE',''
  ) );
#2122 = ORIENTED_EDGE('',*,*,#1395,.T.);
#2123 = ORIENTED_EDGE('',*,*,#2076,.F.);
#2124 = ADVANCED_FACE('',(#2125,#2151),#1383,.T.);
#2125 = FACE_BOUND('',#2126,.T.);
#2126 = EDGE_LOOP('',(#2127,#2128,#2129,#2150));
#2127 = ORIENTED_EDGE('',*,*,#2102,.F.);
#2128 = ORIENTED_EDGE('',*,*,#1676,.T.);
#2129 = ORIENTED_EDGE('',*,*,#2130,.T.);
#2130 = EDGE_CURVE('',#1654,#1338,#2131,.T.);
#2131 = SURFACE_CURVE('',#2132,(#2136,#2143),.PCURVE_S1.);
#2132 = LINE('',#2133,#2134);
#2133 = CARTESIAN_POINT('',(-96.88,-1.8,55.78));
#2134 = VECTOR('',#2135,1.);
#2135 = DIRECTION('',(1.,0.,-0.));
#2136 = PCURVE('',#1383,#2137);
#2137 = DEFINITIONAL_REPRESENTATION('',(#2138),#2142);
#2138 = LINE('',#2139,#2140);
#2139 = CARTESIAN_POINT('',(111.56,0.));
#2140 = VECTOR('',#2141,1.);
#2141 = DIRECTION('',(0.,1.));
#2142 = ( GEOMETRIC_REPRESENTATION_CONTEXT(2) 
PARAMETRIC_REPRESENTATION_CONTEXT() REPRESENTATION_CONTEXT('2D SPACE',''
  ) );
#2143 = PCURVE('',#1355,#2144);
#2144 = DEFINITIONAL_REPRESENTATION('',(#2145),#2149);
#2145 = LINE('',#2146,#2147);
#2146 = CARTESIAN_POINT('',(0.,0.));
#2147 = VECTOR('',#2148,1.);
#2148 = DIRECTION('',(1.,0.));
#2149 = ( GEOMETRIC_REPRESENTATION_CONTEXT(2) 
PARAMETRIC_REPRESENTATION_CONTEXT() REPRESENTATION_CONTEXT('2D SPACE',''
  ) );
#2150 = ORIENTED_EDGE('',*,*,#1367,.F.);
#2151 = FACE_BOUND('',#2152,.T.);
#2152 = EDGE_LOOP('',(#2153,#2181,#2207,#2233));
#2153 = ORIENTED_EDGE('',*,*,#2154,.T.);
#2154 = EDGE_CURVE('',#2155,#2157,#2159,.T.);
#2155 = VERTEX_POINT('',#2156);
#2156 = CARTESIAN_POINT('',(92.48,-1.8,-51.38));
#2157 = VERTEX_POINT('',#2158);
#2158 = CARTESIAN_POINT('',(92.48,-1.8,51.38));
#2159 = SURFACE_CURVE('',#2160,(#2164,#2170),.PCURVE_S1.);
#2160 = LINE('',#2161,#2162);
#2161 = CARTESIAN_POINT('',(92.48,-1.8,-53.58));
#2162 = VECTOR('',#2163,1.);
#2163 = DIRECTION('',(0.,0.,1.));
#2164 = PCURVE('',#1383,#2165);
#2165 = DEFINITIONAL_REPRESENTATION('',(#2166),#2169);
#2166 = B_SPLINE_CURVE_WITH_KNOTS('',1,(#2167,#2168),.UNSPECIFIED.,.F.,
  .F.,(2,2),(2.2,104.96),.PIECEWISE_BEZIER_KNOTS.);
#2167 = CARTESIAN_POINT('',(4.4,189.36));
#2168 = CARTESIAN_POINT('',(107.16,189.36));
#2169 = ( GEOMETRIC_REPRESENTATION_CONTEXT(2) 
PARAMETRIC_REPRESENTATION_CONTEXT() REPRESENTATION_CONTEXT('2D SPACE',''
  ) );
#2170 = PCURVE('',#2171,#2176);
#2171 = PLANE('',#2172);
#2172 = AXIS2_PLACEMENT_3D('',#2173,#2174,#2175);
#2173 = CARTESIAN_POINT('',(92.48,-4.,-51.38));
#2174 = DIRECTION('',(1.,0.,-0.));
#2175 = DIRECTION('',(0.,0.,1.));
#2176 = DEFINITIONAL_REPRESENTATION('',(#2177),#2180);
#2177 = B_SPLINE_CURVE_WITH_KNOTS('',1,(#2178,#2179),.UNSPECIFIED.,.F.,
  .F.,(2,2),(2.2,104.96),.PIECEWISE_BEZIER_KNOTS.);
#2178 = CARTESIAN_POINT('',(0.,-2.2));
#2179 = CARTESIAN_POINT('',(102.76,-2.2));
#2180 = ( GEOMETRIC_REPRESENTATION_CONTEXT(2) 
PARAMETRIC_REPRESENTATION_CONTEXT() REPRESENTATION_CONTEXT('2D SPACE',''
  ) );
#2181 = ORIENTED_EDGE('',*,*,#2182,.T.);
#2182 = EDGE_CURVE('',#2157,#2183,#2185,.T.);
#2183 = VERTEX_POINT('',#2184);
#2184 = CARTESIAN_POINT('',(-92.48,-1.8,51.38));
#2185 = SURFACE_CURVE('',#2186,(#2190,#2196),.PCURVE_S1.);
#2186 = LINE('',#2187,#2188);
#2187 = CARTESIAN_POINT('',(-94.68,-1.8,51.38));
#2188 = VECTOR('',#2189,1.);
#2189 = DIRECTION('',(-1.,-0.,0.));
#2190 = PCURVE('',#1383,#2191);
#2191 = DEFINITIONAL_REPRESENTATION('',(#2192),#2195);
#2192 = B_SPLINE_CURVE_WITH_KNOTS('',1,(#2193,#2194),.UNSPECIFIED.,.F.,
  .F.,(2,2),(-187.16,-2.2),.PIECEWISE_BEZIER_KNOTS.);
#2193 = CARTESIAN_POINT('',(107.16,189.36));
#2194 = CARTESIAN_POINT('',(107.16,4.4));
#2195 = ( GEOMETRIC_REPRESENTATION_CONTEXT(2) 
PARAMETRIC_REPRESENTATION_CONTEXT() REPRESENTATION_CONTEXT('2D SPACE',''
  ) );
#2196 = PCURVE('',#2197,#2202);
#2197 = PLANE('',#2198);
#2198 = AXIS2_PLACEMENT_3D('',#2199,#2200,#2201);
#2199 = CARTESIAN_POINT('',(-92.48,-4.,51.38));
#2200 = DIRECTION('',(0.,0.,1.));
#2201 = DIRECTION('',(1.,0.,-0.));
#2202 = DEFINITIONAL_REPRESENTATION('',(#2203),#2206);
#2203 = B_SPLINE_CURVE_WITH_KNOTS('',1,(#2204,#2205),.UNSPECIFIED.,.F.,
  .F.,(2,2),(-187.16,-2.2),.PIECEWISE_BEZIER_KNOTS.);
#2204 = CARTESIAN_POINT('',(184.96,2.2));
#2205 = CARTESIAN_POINT('',(0.,2.2));
#2206 = ( GEOMETRIC_REPRESENTATION_CONTEXT(2) 
PARAMETRIC_REPRESENTATION_CONTEXT() REPRESENTATION_CONTEXT('2D SPACE',''
  ) );
#2207 = ORIENTED_EDGE('',*,*,#2208,.F.);
#2208 = EDGE_CURVE('',#2209,#2183,#2211,.T.);
#2209 = VERTEX_POINT('',#2210);
#2210 = CARTESIAN_POINT('',(-92.48,-1.8,-51.38));
#2211 = SURFACE_CURVE('',#2212,(#2216,#2222),.PCURVE_S1.);
#2212 = LINE('',#2213,#2214);
#2213 = CARTESIAN_POINT('',(-92.48,-1.8,-53.58));
#2214 = VECTOR('',#2215,1.);
#2215 = DIRECTION('',(0.,0.,1.));
#2216 = PCURVE('',#1383,#2217);
#2217 = DEFINITIONAL_REPRESENTATION('',(#2218),#2221);
#2218 = B_SPLINE_CURVE_WITH_KNOTS('',1,(#2219,#2220),.UNSPECIFIED.,.F.,
  .F.,(2,2),(2.2,104.96),.PIECEWISE_BEZIER_KNOTS.);
#2219 = CARTESIAN_POINT('',(4.4,4.4));
#2220 = CARTESIAN_POINT('',(107.16,4.4));
#2221 = ( GEOMETRIC_REPRESENTATION_CONTEXT(2) 
PARAMETRIC_REPRESENTATION_CONTEXT() REPRESENTATION_CONTEXT('2D SPACE',''
  ) );
#2222 = PCURVE('',#2223,#2228);
#2223 = PLANE('',#2224);
#2224 = AXIS2_PLACEMENT_3D('',#2225,#2226,#2227);
#2225 = CARTESIAN_POINT('',(-92.48,-4.,-51.38));
#2226 = DIRECTION('',(1.,0.,-0.));
#2227 = DIRECTION('',(0.,0.,1.));
#2228 = DEFINITIONAL_REPRESENTATION('',(#2229),#2232);
#2229 = B_SPLINE_CURVE_WITH_KNOTS('',1,(#2230,#2231),.UNSPECIFIED.,.F.,
  .F.,(2,2),(2.2,104.96),.PIECEWISE_BEZIER_KNOTS.);
#2230 = CARTESIAN_POINT('',(0.,-2.2));
#2231 = CARTESIAN_POINT('',(102.76,-2.2));
#2232 = ( GEOMETRIC_REPRESENTATION_CONTEXT(2) 
PARAMETRIC_REPRESENTATION_CONTEXT() REPRESENTATION_CONTEXT('2D SPACE',''
  ) );
#2233 = ORIENTED_EDGE('',*,*,#2234,.F.);
#2234 = EDGE_CURVE('',#2155,#2209,#2235,.T.);
#2235 = SURFACE_CURVE('',#2236,(#2240,#2246),.PCURVE_S1.);
#2236 = LINE('',#2237,#2238);
#2237 = CARTESIAN_POINT('',(-94.68,-1.8,-51.38));
#2238 = VECTOR('',#2239,1.);
#2239 = DIRECTION('',(-1.,-0.,0.));
#2240 = PCURVE('',#1383,#2241);
#2241 = DEFINITIONAL_REPRESENTATION('',(#2242),#2245);
#2242 = B_SPLINE_CURVE_WITH_KNOTS('',1,(#2243,#2244),.UNSPECIFIED.,.F.,
  .F.,(2,2),(-187.16,-2.2),.PIECEWISE_BEZIER_KNOTS.);
#2243 = CARTESIAN_POINT('',(4.4,189.36));
#2244 = CARTESIAN_POINT('',(4.4,4.4));
#2245 = ( GEOMETRIC_REPRESENTATION_CONTEXT(2) 
PARAMETRIC_REPRESENTATION_CONTEXT() REPRESENTATION_CONTEXT('2D SPACE',''
  ) );
#2246 = PCURVE('',#2247,#2252);
#2247 = PLANE('',#2248);
#2248 = AXIS2_PLACEMENT_3D('',#2249,#2250,#2251);
#2249 = CARTESIAN_POINT('',(-92.48,-4.,-51.38));
#2250 = DIRECTION('',(0.,0.,1.));
#2251 = DIRECTION('',(1.,0.,-0.));
#2252 = DEFINITIONAL_REPRESENTATION('',(#2253),#2256);
#2253 = B_SPLINE_CURVE_WITH_KNOTS('',1,(#2254,#2255),.UNSPECIFIED.,.F.,
  .F.,(2,2),(-187.16,-2.2),.PIECEWISE_BEZIER_KNOTS.);
#2254 = CARTESIAN_POINT('',(184.96,2.2));
#2255 = CARTESIAN_POINT('',(0.,2.2));
#2256 = ( GEOMETRIC_REPRESENTATION_CONTEXT(2) 
PARAMETRIC_REPRESENTATION_CONTEXT() REPRESENTATION_CONTEXT('2D SPACE',''
  ) );
#2257 = ADVANCED_FACE('',(#2258),#2197,.F.);
#2258 = FACE_BOUND('',#2259,.F.);
#2259 = EDGE_LOOP('',(#2260,#2283,#2310,#2331));
#2260 = ORIENTED_EDGE('',*,*,#2261,.F.);
#2261 = EDGE_CURVE('',#2262,#2183,#2264,.T.);
#2262 = VERTEX_POINT('',#2263);
#2263 = CARTESIAN_POINT('',(-92.48,-3.2,51.38));
#2264 = SURFACE_CURVE('',#2265,(#2269,#2276),.PCURVE_S1.);
#2265 = LINE('',#2266,#2267);
#2266 = CARTESIAN_POINT('',(-92.48,-4.,51.38));
#2267 = VECTOR('',#2268,1.);
#2268 = DIRECTION('',(-0.,1.,0.));
#2269 = PCURVE('',#2197,#2270);
#2270 = DEFINITIONAL_REPRESENTATION('',(#2271),#2275);
#2271 = LINE('',#2272,#2273);
#2272 = CARTESIAN_POINT('',(0.,0.));
#2273 = VECTOR('',#2274,1.);
#2274 = DIRECTION('',(0.,1.));
#2275 = ( GEOMETRIC_REPRESENTATION_CONTEXT(2) 
PARAMETRIC_REPRESENTATION_CONTEXT() REPRESENTATION_CONTEXT('2D SPACE',''
  ) );
#2276 = PCURVE('',#2223,#2277);
#2277 = DEFINITIONAL_REPRESENTATION('',(#2278),#2282);
#2278 = LINE('',#2279,#2280);
#2279 = CARTESIAN_POINT('',(102.76,0.));
#2280 = VECTOR('',#2281,1.);
#2281 = DIRECTION('',(0.,-1.));
#2282 = ( GEOMETRIC_REPRESENTATION_CONTEXT(2) 
PARAMETRIC_REPRESENTATION_CONTEXT() REPRESENTATION_CONTEXT('2D SPACE',''
  ) );
#2283 = ORIENTED_EDGE('',*,*,#2284,.T.);
#2284 = EDGE_CURVE('',#2262,#2285,#2287,.T.);
#2285 = VERTEX_POINT('',#2286);
#2286 = CARTESIAN_POINT('',(92.48,-3.2,51.38));
#2287 = SURFACE_CURVE('',#2288,(#2292,#2298),.PCURVE_S1.);
#2288 = LINE('',#2289,#2290);
#2289 = CARTESIAN_POINT('',(-96.18,-3.2,51.38));
#2290 = VECTOR('',#2291,1.);
#2291 = DIRECTION('',(1.,0.,-0.));
#2292 = PCURVE('',#2197,#2293);
#2293 = DEFINITIONAL_REPRESENTATION('',(#2294),#2297);
#2294 = B_SPLINE_CURVE_WITH_KNOTS('',1,(#2295,#2296),.UNSPECIFIED.,.F.,
  .F.,(2,2),(3.7,188.66),.PIECEWISE_BEZIER_KNOTS.);
#2295 = CARTESIAN_POINT('',(0.,0.8));
#2296 = CARTESIAN_POINT('',(184.96,0.8));
#2297 = ( GEOMETRIC_REPRESENTATION_CONTEXT(2) 
PARAMETRIC_REPRESENTATION_CONTEXT() REPRESENTATION_CONTEXT('2D SPACE',''
  ) );
#2298 = PCURVE('',#2299,#2304);
#2299 = PLANE('',#2300);
#2300 = AXIS2_PLACEMENT_3D('',#2301,#2302,#2303);
#2301 = CARTESIAN_POINT('',(-104.88,-3.2,-53.78));
#2302 = DIRECTION('',(-0.,1.,0.));
#2303 = DIRECTION('',(0.,0.,1.));
#2304 = DEFINITIONAL_REPRESENTATION('',(#2305),#2309);
#2305 = LINE('',#2306,#2307);
#2306 = CARTESIAN_POINT('',(105.16,8.7));
#2307 = VECTOR('',#2308,1.);
#2308 = DIRECTION('',(0.,1.));
#2309 = ( GEOMETRIC_REPRESENTATION_CONTEXT(2) 
PARAMETRIC_REPRESENTATION_CONTEXT() REPRESENTATION_CONTEXT('2D SPACE',''
  ) );
#2310 = ORIENTED_EDGE('',*,*,#2311,.T.);
#2311 = EDGE_CURVE('',#2285,#2157,#2312,.T.);
#2312 = SURFACE_CURVE('',#2313,(#2317,#2324),.PCURVE_S1.);
#2313 = LINE('',#2314,#2315);
#2314 = CARTESIAN_POINT('',(92.48,-4.,51.38));
#2315 = VECTOR('',#2316,1.);
#2316 = DIRECTION('',(-0.,1.,0.));
#2317 = PCURVE('',#2197,#2318);
#2318 = DEFINITIONAL_REPRESENTATION('',(#2319),#2323);
#2319 = LINE('',#2320,#2321);
#2320 = CARTESIAN_POINT('',(184.96,0.));
#2321 = VECTOR('',#2322,1.);
#2322 = DIRECTION('',(0.,1.));
#2323 = ( GEOMETRIC_REPRESENTATION_CONTEXT(2) 
PARAMETRIC_REPRESENTATION_CONTEXT() REPRESENTATION_CONTEXT('2D SPACE',''
  ) );
#2324 = PCURVE('',#2171,#2325);
#2325 = DEFINITIONAL_REPRESENTATION('',(#2326),#2330);
#2326 = LINE('',#2327,#2328);
#2327 = CARTESIAN_POINT('',(102.76,0.));
#2328 = VECTOR('',#2329,1.);
#2329 = DIRECTION('',(0.,-1.));
#2330 = ( GEOMETRIC_REPRESENTATION_CONTEXT(2) 
PARAMETRIC_REPRESENTATION_CONTEXT() REPRESENTATION_CONTEXT('2D SPACE',''
  ) );
#2331 = ORIENTED_EDGE('',*,*,#2182,.T.);
#2332 = ADVANCED_FACE('',(#2333,#2523),#2299,.F.);
#2333 = FACE_BOUND('',#2334,.F.);
#2334 = EDGE_LOOP('',(#2335,#2360,#2384,#2407,#2431,#2454,#2478,#2501));
#2335 = ORIENTED_EDGE('',*,*,#2336,.F.);
#2336 = EDGE_CURVE('',#2337,#2339,#2341,.T.);
#2337 = VERTEX_POINT('',#2338);
#2338 = CARTESIAN_POINT('',(104.88,-3.2,-53.78));
#2339 = VERTEX_POINT('',#2340);
#2340 = CARTESIAN_POINT('',(104.88,-3.2,53.78));
#2341 = SURFACE_CURVE('',#2342,(#2346,#2353),.PCURVE_S1.);
#2342 = LINE('',#2343,#2344);
#2343 = CARTESIAN_POINT('',(104.88,-3.2,-53.78));
#2344 = VECTOR('',#2345,1.);
#2345 = DIRECTION('',(0.,0.,1.));
#2346 = PCURVE('',#2299,#2347);
#2347 = DEFINITIONAL_REPRESENTATION('',(#2348),#2352);
#2348 = LINE('',#2349,#2350);
#2349 = CARTESIAN_POINT('',(0.,209.76));
#2350 = VECTOR('',#2351,1.);
#2351 = DIRECTION('',(1.,0.));
#2352 = ( GEOMETRIC_REPRESENTATION_CONTEXT(2) 
PARAMETRIC_REPRESENTATION_CONTEXT() REPRESENTATION_CONTEXT('2D SPACE',''
  ) );
#2353 = PCURVE('',#537,#2354);
#2354 = DEFINITIONAL_REPRESENTATION('',(#2355),#2359);
#2355 = LINE('',#2356,#2357);
#2356 = CARTESIAN_POINT('',(0.,3.2));
#2357 = VECTOR('',#2358,1.);
#2358 = DIRECTION('',(1.,0.));
#2359 = ( GEOMETRIC_REPRESENTATION_CONTEXT(2) 
PARAMETRIC_REPRESENTATION_CONTEXT() REPRESENTATION_CONTEXT('2D SPACE',''
  ) );
#2360 = ORIENTED_EDGE('',*,*,#2361,.T.);
#2361 = EDGE_CURVE('',#2337,#2362,#2364,.T.);
#2362 = VERTEX_POINT('',#2363);
#2363 = CARTESIAN_POINT('',(99.88,-3.2,-58.78));
#2364 = SURFACE_CURVE('',#2365,(#2370,#2377),.PCURVE_S1.);
#2365 = CIRCLE('',#2366,5.);
#2366 = AXIS2_PLACEMENT_3D('',#2367,#2368,#2369);
#2367 = CARTESIAN_POINT('',(99.88,-3.2,-53.78));
#2368 = DIRECTION('',(0.,1.,0.));
#2369 = DIRECTION('',(0.,-0.,1.));
#2370 = PCURVE('',#2299,#2371);
#2371 = DEFINITIONAL_REPRESENTATION('',(#2372),#2376);
#2372 = CIRCLE('',#2373,5.);
#2373 = AXIS2_PLACEMENT_2D('',#2374,#2375);
#2374 = CARTESIAN_POINT('',(0.,204.76));
#2375 = DIRECTION('',(1.,0.));
#2376 = ( GEOMETRIC_REPRESENTATION_CONTEXT(2) 
PARAMETRIC_REPRESENTATION_CONTEXT() REPRESENTATION_CONTEXT('2D SPACE',''
  ) );
#2377 = PCURVE('',#566,#2378);
#2378 = DEFINITIONAL_REPRESENTATION('',(#2379),#2383);
#2379 = LINE('',#2380,#2381);
#2380 = CARTESIAN_POINT('',(0.,-3.2));
#2381 = VECTOR('',#2382,1.);
#2382 = DIRECTION('',(1.,0.));
#2383 = ( GEOMETRIC_REPRESENTATION_CONTEXT(2) 
PARAMETRIC_REPRESENTATION_CONTEXT() REPRESENTATION_CONTEXT('2D SPACE',''
  ) );
#2384 = ORIENTED_EDGE('',*,*,#2385,.F.);
#2385 = EDGE_CURVE('',#2386,#2362,#2388,.T.);
#2386 = VERTEX_POINT('',#2387);
#2387 = CARTESIAN_POINT('',(-99.88,-3.2,-58.78));
#2388 = SURFACE_CURVE('',#2389,(#2393,#2400),.PCURVE_S1.);
#2389 = LINE('',#2390,#2391);
#2390 = CARTESIAN_POINT('',(-99.88,-3.2,-58.78));
#2391 = VECTOR('',#2392,1.);
#2392 = DIRECTION('',(1.,0.,-0.));
#2393 = PCURVE('',#2299,#2394);
#2394 = DEFINITIONAL_REPRESENTATION('',(#2395),#2399);
#2395 = LINE('',#2396,#2397);
#2396 = CARTESIAN_POINT('',(-5.,5.));
#2397 = VECTOR('',#2398,1.);
#2398 = DIRECTION('',(0.,1.));
#2399 = ( GEOMETRIC_REPRESENTATION_CONTEXT(2) 
PARAMETRIC_REPRESENTATION_CONTEXT() REPRESENTATION_CONTEXT('2D SPACE',''
  ) );
#2400 = PCURVE('',#594,#2401);
#2401 = DEFINITIONAL_REPRESENTATION('',(#2402),#2406);
#2402 = LINE('',#2403,#2404);
#2403 = CARTESIAN_POINT('',(0.,-3.2));
#2404 = VECTOR('',#2405,1.);
#2405 = DIRECTION('',(1.,0.));
#2406 = ( GEOMETRIC_REPRESENTATION_CONTEXT(2) 
PARAMETRIC_REPRESENTATION_CONTEXT() REPRESENTATION_CONTEXT('2D SPACE',''
  ) );
#2407 = ORIENTED_EDGE('',*,*,#2408,.T.);
#2408 = EDGE_CURVE('',#2386,#2409,#2411,.T.);
#2409 = VERTEX_POINT('',#2410);
#2410 = CARTESIAN_POINT('',(-104.88,-3.2,-53.78));
#2411 = SURFACE_CURVE('',#2412,(#2417,#2424),.PCURVE_S1.);
#2412 = CIRCLE('',#2413,5.);
#2413 = AXIS2_PLACEMENT_3D('',#2414,#2415,#2416);
#2414 = CARTESIAN_POINT('',(-99.88,-3.2,-53.78));
#2415 = DIRECTION('',(0.,1.,0.));
#2416 = DIRECTION('',(0.,-0.,1.));
#2417 = PCURVE('',#2299,#2418);
#2418 = DEFINITIONAL_REPRESENTATION('',(#2419),#2423);
#2419 = CIRCLE('',#2420,5.);
#2420 = AXIS2_PLACEMENT_2D('',#2421,#2422);
#2421 = CARTESIAN_POINT('',(0.,5.));
#2422 = DIRECTION('',(1.,0.));
#2423 = ( GEOMETRIC_REPRESENTATION_CONTEXT(2) 
PARAMETRIC_REPRESENTATION_CONTEXT() REPRESENTATION_CONTEXT('2D SPACE',''
  ) );
#2424 = PCURVE('',#623,#2425);
#2425 = DEFINITIONAL_REPRESENTATION('',(#2426),#2430);
#2426 = LINE('',#2427,#2428);
#2427 = CARTESIAN_POINT('',(0.,-3.2));
#2428 = VECTOR('',#2429,1.);
#2429 = DIRECTION('',(1.,0.));
#2430 = ( GEOMETRIC_REPRESENTATION_CONTEXT(2) 
PARAMETRIC_REPRESENTATION_CONTEXT() REPRESENTATION_CONTEXT('2D SPACE',''
  ) );
#2431 = ORIENTED_EDGE('',*,*,#2432,.T.);
#2432 = EDGE_CURVE('',#2409,#2433,#2435,.T.);
#2433 = VERTEX_POINT('',#2434);
#2434 = CARTESIAN_POINT('',(-104.88,-3.2,53.78));
#2435 = SURFACE_CURVE('',#2436,(#2440,#2447),.PCURVE_S1.);
#2436 = LINE('',#2437,#2438);
#2437 = CARTESIAN_POINT('',(-104.88,-3.2,-53.78));
#2438 = VECTOR('',#2439,1.);
#2439 = DIRECTION('',(0.,0.,1.));
#2440 = PCURVE('',#2299,#2441);
#2441 = DEFINITIONAL_REPRESENTATION('',(#2442),#2446);
#2442 = LINE('',#2443,#2444);
#2443 = CARTESIAN_POINT('',(0.,0.));
#2444 = VECTOR('',#2445,1.);
#2445 = DIRECTION('',(1.,0.));
#2446 = ( GEOMETRIC_REPRESENTATION_CONTEXT(2) 
PARAMETRIC_REPRESENTATION_CONTEXT() REPRESENTATION_CONTEXT('2D SPACE',''
  ) );
#2447 = PCURVE('',#211,#2448);
#2448 = DEFINITIONAL_REPRESENTATION('',(#2449),#2453);
#2449 = LINE('',#2450,#2451);
#2450 = CARTESIAN_POINT('',(0.,3.2));
#2451 = VECTOR('',#2452,1.);
#2452 = DIRECTION('',(1.,0.));
#2453 = ( GEOMETRIC_REPRESENTATION_CONTEXT(2) 
PARAMETRIC_REPRESENTATION_CONTEXT() REPRESENTATION_CONTEXT('2D SPACE',''
  ) );
#2454 = ORIENTED_EDGE('',*,*,#2455,.T.);
#2455 = EDGE_CURVE('',#2433,#2456,#2458,.T.);
#2456 = VERTEX_POINT('',#2457);
#2457 = CARTESIAN_POINT('',(-99.88,-3.2,58.78));
#2458 = SURFACE_CURVE('',#2459,(#2464,#2471),.PCURVE_S1.);
#2459 = CIRCLE('',#2460,5.);
#2460 = AXIS2_PLACEMENT_3D('',#2461,#2462,#2463);
#2461 = CARTESIAN_POINT('',(-99.88,-3.2,53.78));
#2462 = DIRECTION('',(0.,1.,0.));
#2463 = DIRECTION('',(0.,-0.,1.));
#2464 = PCURVE('',#2299,#2465);
#2465 = DEFINITIONAL_REPRESENTATION('',(#2466),#2470);
#2466 = CIRCLE('',#2467,5.);
#2467 = AXIS2_PLACEMENT_2D('',#2468,#2469);
#2468 = CARTESIAN_POINT('',(107.56,5.));
#2469 = DIRECTION('',(1.,0.));
#2470 = ( GEOMETRIC_REPRESENTATION_CONTEXT(2) 
PARAMETRIC_REPRESENTATION_CONTEXT() REPRESENTATION_CONTEXT('2D SPACE',''
  ) );
#2471 = PCURVE('',#240,#2472);
#2472 = DEFINITIONAL_REPRESENTATION('',(#2473),#2477);
#2473 = LINE('',#2474,#2475);
#2474 = CARTESIAN_POINT('',(0.,-3.2));
#2475 = VECTOR('',#2476,1.);
#2476 = DIRECTION('',(1.,0.));
#2477 = ( GEOMETRIC_REPRESENTATION_CONTEXT(2) 
PARAMETRIC_REPRESENTATION_CONTEXT() REPRESENTATION_CONTEXT('2D SPACE',''
  ) );
#2478 = ORIENTED_EDGE('',*,*,#2479,.T.);
#2479 = EDGE_CURVE('',#2456,#2480,#2482,.T.);
#2480 = VERTEX_POINT('',#2481);
#2481 = CARTESIAN_POINT('',(99.88,-3.2,58.78));
#2482 = SURFACE_CURVE('',#2483,(#2487,#2494),.PCURVE_S1.);
#2483 = LINE('',#2484,#2485);
#2484 = CARTESIAN_POINT('',(-99.88,-3.2,58.78));
#2485 = VECTOR('',#2486,1.);
#2486 = DIRECTION('',(1.,0.,-0.));
#2487 = PCURVE('',#2299,#2488);
#2488 = DEFINITIONAL_REPRESENTATION('',(#2489),#2493);
#2489 = LINE('',#2490,#2491);
#2490 = CARTESIAN_POINT('',(112.56,5.));
#2491 = VECTOR('',#2492,1.);
#2492 = DIRECTION('',(0.,1.));
#2493 = ( GEOMETRIC_REPRESENTATION_CONTEXT(2) 
PARAMETRIC_REPRESENTATION_CONTEXT() REPRESENTATION_CONTEXT('2D SPACE',''
  ) );
#2494 = PCURVE('',#268,#2495);
#2495 = DEFINITIONAL_REPRESENTATION('',(#2496),#2500);
#2496 = LINE('',#2497,#2498);
#2497 = CARTESIAN_POINT('',(0.,-3.2));
#2498 = VECTOR('',#2499,1.);
#2499 = DIRECTION('',(1.,0.));
#2500 = ( GEOMETRIC_REPRESENTATION_CONTEXT(2) 
PARAMETRIC_REPRESENTATION_CONTEXT() REPRESENTATION_CONTEXT('2D SPACE',''
  ) );
#2501 = ORIENTED_EDGE('',*,*,#2502,.T.);
#2502 = EDGE_CURVE('',#2480,#2339,#2503,.T.);
#2503 = SURFACE_CURVE('',#2504,(#2509,#2516),.PCURVE_S1.);
#2504 = CIRCLE('',#2505,5.);
#2505 = AXIS2_PLACEMENT_3D('',#2506,#2507,#2508);
#2506 = CARTESIAN_POINT('',(99.88,-3.2,53.78));
#2507 = DIRECTION('',(0.,1.,0.));
#2508 = DIRECTION('',(0.,-0.,1.));
#2509 = PCURVE('',#2299,#2510);
#2510 = DEFINITIONAL_REPRESENTATION('',(#2511),#2515);
#2511 = CIRCLE('',#2512,5.);
#2512 = AXIS2_PLACEMENT_2D('',#2513,#2514);
#2513 = CARTESIAN_POINT('',(107.56,204.76));
#2514 = DIRECTION('',(1.,0.));
#2515 = ( GEOMETRIC_REPRESENTATION_CONTEXT(2) 
PARAMETRIC_REPRESENTATION_CONTEXT() REPRESENTATION_CONTEXT('2D SPACE',''
  ) );
#2516 = PCURVE('',#509,#2517);
#2517 = DEFINITIONAL_REPRESENTATION('',(#2518),#2522);
#2518 = LINE('',#2519,#2520);
#2519 = CARTESIAN_POINT('',(0.,-3.2));
#2520 = VECTOR('',#2521,1.);
#2521 = DIRECTION('',(1.,0.));
#2522 = ( GEOMETRIC_REPRESENTATION_CONTEXT(2) 
PARAMETRIC_REPRESENTATION_CONTEXT() REPRESENTATION_CONTEXT('2D SPACE',''
  ) );
#2523 = FACE_BOUND('',#2524,.F.);
#2524 = EDGE_LOOP('',(#2525,#2547,#2569,#2589));
#2525 = ORIENTED_EDGE('',*,*,#2526,.T.);
#2526 = EDGE_CURVE('',#2262,#2527,#2529,.T.);
#2527 = VERTEX_POINT('',#2528);
#2528 = CARTESIAN_POINT('',(-92.48,-3.2,-51.38));
#2529 = SURFACE_CURVE('',#2530,(#2534,#2541),.PCURVE_S1.);
#2530 = LINE('',#2531,#2532);
#2531 = CARTESIAN_POINT('',(-92.48,-3.2,-55.08));
#2532 = VECTOR('',#2533,1.);
#2533 = DIRECTION('',(-0.,0.,-1.));
#2534 = PCURVE('',#2299,#2535);
#2535 = DEFINITIONAL_REPRESENTATION('',(#2536),#2540);
#2536 = LINE('',#2537,#2538);
#2537 = CARTESIAN_POINT('',(-1.3,12.4));
#2538 = VECTOR('',#2539,1.);
#2539 = DIRECTION('',(-1.,0.));
#2540 = ( GEOMETRIC_REPRESENTATION_CONTEXT(2) 
PARAMETRIC_REPRESENTATION_CONTEXT() REPRESENTATION_CONTEXT('2D SPACE',''
  ) );
#2541 = PCURVE('',#2223,#2542);
#2542 = DEFINITIONAL_REPRESENTATION('',(#2543),#2546);
#2543 = B_SPLINE_CURVE_WITH_KNOTS('',1,(#2544,#2545),.UNSPECIFIED.,.F.,
  .F.,(2,2),(-106.46,-3.7),.PIECEWISE_BEZIER_KNOTS.);
#2544 = CARTESIAN_POINT('',(102.76,-0.8));
#2545 = CARTESIAN_POINT('',(0.,-0.8));
#2546 = ( GEOMETRIC_REPRESENTATION_CONTEXT(2) 
PARAMETRIC_REPRESENTATION_CONTEXT() REPRESENTATION_CONTEXT('2D SPACE',''
  ) );
#2547 = ORIENTED_EDGE('',*,*,#2548,.T.);
#2548 = EDGE_CURVE('',#2527,#2549,#2551,.T.);
#2549 = VERTEX_POINT('',#2550);
#2550 = CARTESIAN_POINT('',(92.48,-3.2,-51.38));
#2551 = SURFACE_CURVE('',#2552,(#2556,#2563),.PCURVE_S1.);
#2552 = LINE('',#2553,#2554);
#2553 = CARTESIAN_POINT('',(-96.18,-3.2,-51.38));
#2554 = VECTOR('',#2555,1.);
#2555 = DIRECTION('',(1.,0.,-0.));
#2556 = PCURVE('',#2299,#2557);
#2557 = DEFINITIONAL_REPRESENTATION('',(#2558),#2562);
#2558 = LINE('',#2559,#2560);
#2559 = CARTESIAN_POINT('',(2.4,8.7));
#2560 = VECTOR('',#2561,1.);
#2561 = DIRECTION('',(0.,1.));
#2562 = ( GEOMETRIC_REPRESENTATION_CONTEXT(2) 
PARAMETRIC_REPRESENTATION_CONTEXT() REPRESENTATION_CONTEXT('2D SPACE',''
  ) );
#2563 = PCURVE('',#2247,#2564);
#2564 = DEFINITIONAL_REPRESENTATION('',(#2565),#2568);
#2565 = B_SPLINE_CURVE_WITH_KNOTS('',1,(#2566,#2567),.UNSPECIFIED.,.F.,
  .F.,(2,2),(3.7,188.66),.PIECEWISE_BEZIER_KNOTS.);
#2566 = CARTESIAN_POINT('',(0.,0.8));
#2567 = CARTESIAN_POINT('',(184.96,0.8));
#2568 = ( GEOMETRIC_REPRESENTATION_CONTEXT(2) 
PARAMETRIC_REPRESENTATION_CONTEXT() REPRESENTATION_CONTEXT('2D SPACE',''
  ) );
#2569 = ORIENTED_EDGE('',*,*,#2570,.F.);
#2570 = EDGE_CURVE('',#2285,#2549,#2571,.T.);
#2571 = SURFACE_CURVE('',#2572,(#2576,#2583),.PCURVE_S1.);
#2572 = LINE('',#2573,#2574);
#2573 = CARTESIAN_POINT('',(92.48,-3.2,-55.08));
#2574 = VECTOR('',#2575,1.);
#2575 = DIRECTION('',(-0.,0.,-1.));
#2576 = PCURVE('',#2299,#2577);
#2577 = DEFINITIONAL_REPRESENTATION('',(#2578),#2582);
#2578 = LINE('',#2579,#2580);
#2579 = CARTESIAN_POINT('',(-1.3,197.36));
#2580 = VECTOR('',#2581,1.);
#2581 = DIRECTION('',(-1.,0.));
#2582 = ( GEOMETRIC_REPRESENTATION_CONTEXT(2) 
PARAMETRIC_REPRESENTATION_CONTEXT() REPRESENTATION_CONTEXT('2D SPACE',''
  ) );
#2583 = PCURVE('',#2171,#2584);
#2584 = DEFINITIONAL_REPRESENTATION('',(#2585),#2588);
#2585 = B_SPLINE_CURVE_WITH_KNOTS('',1,(#2586,#2587),.UNSPECIFIED.,.F.,
  .F.,(2,2),(-106.46,-3.7),.PIECEWISE_BEZIER_KNOTS.);
#2586 = CARTESIAN_POINT('',(102.76,-0.8));
#2587 = CARTESIAN_POINT('',(0.,-0.8));
#2588 = ( GEOMETRIC_REPRESENTATION_CONTEXT(2) 
PARAMETRIC_REPRESENTATION_CONTEXT() REPRESENTATION_CONTEXT('2D SPACE',''
  ) );
#2589 = ORIENTED_EDGE('',*,*,#2284,.F.);
#2590 = ADVANCED_FACE('',(#2591),#2223,.T.);
#2591 = FACE_BOUND('',#2592,.T.);
#2592 = EDGE_LOOP('',(#2593,#2594,#2595,#2616));
#2593 = ORIENTED_EDGE('',*,*,#2261,.F.);
#2594 = ORIENTED_EDGE('',*,*,#2526,.T.);
#2595 = ORIENTED_EDGE('',*,*,#2596,.T.);
#2596 = EDGE_CURVE('',#2527,#2209,#2597,.T.);
#2597 = SURFACE_CURVE('',#2598,(#2602,#2609),.PCURVE_S1.);
#2598 = LINE('',#2599,#2600);
#2599 = CARTESIAN_POINT('',(-92.48,-4.,-51.38));
#2600 = VECTOR('',#2601,1.);
#2601 = DIRECTION('',(-0.,1.,0.));
#2602 = PCURVE('',#2223,#2603);
#2603 = DEFINITIONAL_REPRESENTATION('',(#2604),#2608);
#2604 = LINE('',#2605,#2606);
#2605 = CARTESIAN_POINT('',(0.,0.));
#2606 = VECTOR('',#2607,1.);
#2607 = DIRECTION('',(0.,-1.));
#2608 = ( GEOMETRIC_REPRESENTATION_CONTEXT(2) 
PARAMETRIC_REPRESENTATION_CONTEXT() REPRESENTATION_CONTEXT('2D SPACE',''
  ) );
#2609 = PCURVE('',#2247,#2610);
#2610 = DEFINITIONAL_REPRESENTATION('',(#2611),#2615);
#2611 = LINE('',#2612,#2613);
#2612 = CARTESIAN_POINT('',(0.,0.));
#2613 = VECTOR('',#2614,1.);
#2614 = DIRECTION('',(0.,1.));
#2615 = ( GEOMETRIC_REPRESENTATION_CONTEXT(2) 
PARAMETRIC_REPRESENTATION_CONTEXT() REPRESENTATION_CONTEXT('2D SPACE',''
  ) );
#2616 = ORIENTED_EDGE('',*,*,#2208,.T.);
#2617 = ADVANCED_FACE('',(#2618),#2247,.T.);
#2618 = FACE_BOUND('',#2619,.T.);
#2619 = EDGE_LOOP('',(#2620,#2621,#2622,#2643));
#2620 = ORIENTED_EDGE('',*,*,#2596,.F.);
#2621 = ORIENTED_EDGE('',*,*,#2548,.T.);
#2622 = ORIENTED_EDGE('',*,*,#2623,.T.);
#2623 = EDGE_CURVE('',#2549,#2155,#2624,.T.);
#2624 = SURFACE_CURVE('',#2625,(#2629,#2636),.PCURVE_S1.);
#2625 = LINE('',#2626,#2627);
#2626 = CARTESIAN_POINT('',(92.48,-4.,-51.38));
#2627 = VECTOR('',#2628,1.);
#2628 = DIRECTION('',(-0.,1.,0.));
#2629 = PCURVE('',#2247,#2630);
#2630 = DEFINITIONAL_REPRESENTATION('',(#2631),#2635);
#2631 = LINE('',#2632,#2633);
#2632 = CARTESIAN_POINT('',(184.96,0.));
#2633 = VECTOR('',#2634,1.);
#2634 = DIRECTION('',(0.,1.));
#2635 = ( GEOMETRIC_REPRESENTATION_CONTEXT(2) 
PARAMETRIC_REPRESENTATION_CONTEXT() REPRESENTATION_CONTEXT('2D SPACE',''
  ) );
#2636 = PCURVE('',#2171,#2637);
#2637 = DEFINITIONAL_REPRESENTATION('',(#2638),#2642);
#2638 = LINE('',#2639,#2640);
#2639 = CARTESIAN_POINT('',(0.,0.));
#2640 = VECTOR('',#2641,1.);
#2641 = DIRECTION('',(0.,-1.));
#2642 = ( GEOMETRIC_REPRESENTATION_CONTEXT(2) 
PARAMETRIC_REPRESENTATION_CONTEXT() REPRESENTATION_CONTEXT('2D SPACE',''
  ) );
#2643 = ORIENTED_EDGE('',*,*,#2234,.T.);
#2644 = ADVANCED_FACE('',(#2645),#2171,.F.);
#2645 = FACE_BOUND('',#2646,.F.);
#2646 = EDGE_LOOP('',(#2647,#2648,#2649,#2650));
#2647 = ORIENTED_EDGE('',*,*,#2311,.F.);
#2648 = ORIENTED_EDGE('',*,*,#2570,.T.);
#2649 = ORIENTED_EDGE('',*,*,#2623,.T.);
#2650 = ORIENTED_EDGE('',*,*,#2154,.T.);
#2651 = ADVANCED_FACE('',(#2652),#1355,.F.);
#2652 = FACE_BOUND('',#2653,.F.);
#2653 = EDGE_LOOP('',(#2654,#2655,#2656,#2657));
#2654 = ORIENTED_EDGE('',*,*,#1653,.F.);
#2655 = ORIENTED_EDGE('',*,*,#2130,.T.);
#2656 = ORIENTED_EDGE('',*,*,#1337,.T.);
#2657 = ORIENTED_EDGE('',*,*,#1579,.T.);
#2658 = ADVANCED_FACE('',(#2659),#782,.T.);
#2659 = FACE_BOUND('',#2660,.T.);
#2660 = EDGE_LOOP('',(#2661,#2662,#2681,#2682,#2683,#2684));
#2661 = ORIENTED_EDGE('',*,*,#765,.F.);
#2662 = ORIENTED_EDGE('',*,*,#2663,.F.);
#2663 = EDGE_CURVE('',#2009,#738,#2664,.T.);
#2664 = SURFACE_CURVE('',#2665,(#2669,#2675),.PCURVE_S1.);
#2665 = LINE('',#2666,#2667);
#2666 = CARTESIAN_POINT('',(98.472347571279,0.,-56.28));
#2667 = VECTOR('',#2668,1.);
#2668 = DIRECTION('',(0.,1.,0.));
#2669 = PCURVE('',#782,#2670);
#2670 = DEFINITIONAL_REPRESENTATION('',(#2671),#2674);
#2671 = B_SPLINE_CURVE_WITH_KNOTS('',1,(#2672,#2673),.UNSPECIFIED.,.F.,
  .F.,(2,2),(0.,23.5),.PIECEWISE_BEZIER_KNOTS.);
#2672 = CARTESIAN_POINT('',(3.526943354724,0.));
#2673 = CARTESIAN_POINT('',(3.526943354724,23.5));
#2674 = ( GEOMETRIC_REPRESENTATION_CONTEXT(2) 
PARAMETRIC_REPRESENTATION_CONTEXT() REPRESENTATION_CONTEXT('2D SPACE',''
  ) );
#2675 = PCURVE('',#753,#2676);
#2676 = DEFINITIONAL_REPRESENTATION('',(#2677),#2680);
#2677 = B_SPLINE_CURVE_WITH_KNOTS('',1,(#2678,#2679),.UNSPECIFIED.,.F.,
  .F.,(2,2),(-6.E-07,23.5000006),.PIECEWISE_BEZIER_KNOTS.);
#2678 = CARTESIAN_POINT('',(198.35234757127,0.9999994));
#2679 = CARTESIAN_POINT('',(198.35234757127,24.5000006));
#2680 = ( GEOMETRIC_REPRESENTATION_CONTEXT(2) 
PARAMETRIC_REPRESENTATION_CONTEXT() REPRESENTATION_CONTEXT('2D SPACE',''
  ) );
#2681 = ORIENTED_EDGE('',*,*,#2008,.T.);
#2682 = ORIENTED_EDGE('',*,*,#1983,.T.);
#2683 = ORIENTED_EDGE('',*,*,#1280,.F.);
#2684 = ORIENTED_EDGE('',*,*,#1232,.T.);
#2685 = ADVANCED_FACE('',(#2686),#753,.T.);
#2686 = FACE_BOUND('',#2687,.T.);
#2687 = EDGE_LOOP('',(#2688,#2707,#2708,#2709));
#2688 = ORIENTED_EDGE('',*,*,#2689,.F.);
#2689 = EDGE_CURVE('',#2032,#709,#2690,.T.);
#2690 = SURFACE_CURVE('',#2691,(#2695,#2701),.PCURVE_S1.);
#2691 = LINE('',#2692,#2693);
#2692 = CARTESIAN_POINT('',(-98.47234757127,0.,-56.28));
#2693 = VECTOR('',#2694,1.);
#2694 = DIRECTION('',(0.,1.,0.));
#2695 = PCURVE('',#753,#2696);
#2696 = DEFINITIONAL_REPRESENTATION('',(#2697),#2700);
#2697 = B_SPLINE_CURVE_WITH_KNOTS('',1,(#2698,#2699),.UNSPECIFIED.,.F.,
  .F.,(2,2),(-6.E-07,23.5000006),.PIECEWISE_BEZIER_KNOTS.);
#2698 = CARTESIAN_POINT('',(1.407652428721,0.9999994));
#2699 = CARTESIAN_POINT('',(1.407652428721,24.5000006));
#2700 = ( GEOMETRIC_REPRESENTATION_CONTEXT(2) 
PARAMETRIC_REPRESENTATION_CONTEXT() REPRESENTATION_CONTEXT('2D SPACE',''
  ) );
#2701 = PCURVE('',#725,#2702);
#2702 = DEFINITIONAL_REPRESENTATION('',(#2703),#2706);
#2703 = B_SPLINE_CURVE_WITH_KNOTS('',1,(#2704,#2705),.UNSPECIFIED.,.F.,
  .F.,(2,2),(0.,23.5),.PIECEWISE_BEZIER_KNOTS.);
#2704 = CARTESIAN_POINT('',(9.039427259635,0.));
#2705 = CARTESIAN_POINT('',(9.039427259635,23.5));
#2706 = ( GEOMETRIC_REPRESENTATION_CONTEXT(2) 
PARAMETRIC_REPRESENTATION_CONTEXT() REPRESENTATION_CONTEXT('2D SPACE',''
  ) );
#2707 = ORIENTED_EDGE('',*,*,#2031,.F.);
#2708 = ORIENTED_EDGE('',*,*,#2663,.T.);
#2709 = ORIENTED_EDGE('',*,*,#737,.F.);
#2710 = ADVANCED_FACE('',(#2711),#725,.T.);
#2711 = FACE_BOUND('',#2712,.T.);
#2712 = EDGE_LOOP('',(#2713,#2714,#2715,#2716,#2717,#2718));
#2713 = ORIENTED_EDGE('',*,*,#1880,.F.);
#2714 = ORIENTED_EDGE('',*,*,#1933,.T.);
#2715 = ORIENTED_EDGE('',*,*,#2054,.T.);
#2716 = ORIENTED_EDGE('',*,*,#2689,.T.);
#2717 = ORIENTED_EDGE('',*,*,#708,.F.);
#2718 = ORIENTED_EDGE('',*,*,#2719,.F.);
#2719 = EDGE_CURVE('',#1881,#686,#2720,.T.);
#2720 = SURFACE_CURVE('',#2721,(#2725,#2731),.PCURVE_S1.);
#2721 = LINE('',#2722,#2723);
#2722 = CARTESIAN_POINT('',(-102.38,0.,-52.37234757127));
#2723 = VECTOR('',#2724,1.);
#2724 = DIRECTION('',(0.,1.,0.));
#2725 = PCURVE('',#725,#2726);
#2726 = DEFINITIONAL_REPRESENTATION('',(#2727),#2730);
#2727 = B_SPLINE_CURVE_WITH_KNOTS('',1,(#2728,#2729),.UNSPECIFIED.,.F.,
  .F.,(2,2),(0.,23.5),.PIECEWISE_BEZIER_KNOTS.);
#2728 = CARTESIAN_POINT('',(5.097739681519,0.));
#2729 = CARTESIAN_POINT('',(5.097739681519,23.5));
#2730 = ( GEOMETRIC_REPRESENTATION_CONTEXT(2) 
PARAMETRIC_REPRESENTATION_CONTEXT() REPRESENTATION_CONTEXT('2D SPACE',''
  ) );
#2731 = PCURVE('',#156,#2732);
#2732 = DEFINITIONAL_REPRESENTATION('',(#2733),#2736);
#2733 = B_SPLINE_CURVE_WITH_KNOTS('',1,(#2734,#2735),.UNSPECIFIED.,.F.,
  .F.,(2,2),(-6.E-07,23.5000006),.PIECEWISE_BEZIER_KNOTS.);
#2734 = CARTESIAN_POINT('',(1.407652428721,-0.9999994));
#2735 = CARTESIAN_POINT('',(1.407652428721,-24.5000006));
#2736 = ( GEOMETRIC_REPRESENTATION_CONTEXT(2) 
PARAMETRIC_REPRESENTATION_CONTEXT() REPRESENTATION_CONTEXT('2D SPACE',''
  ) );
#2737 = ADVANCED_FACE('',(#2738),#674,.T.);
#2738 = FACE_BOUND('',#2739,.T.);
#2739 = EDGE_LOOP('',(#2740,#2762,#2790,#2809));
#2740 = ORIENTED_EDGE('',*,*,#2741,.T.);
#2741 = EDGE_CURVE('',#636,#2742,#2744,.T.);
#2742 = VERTEX_POINT('',#2743);
#2743 = CARTESIAN_POINT('',(-104.88,5.4,-20.));
#2744 = SURFACE_CURVE('',#2745,(#2749,#2755),.PCURVE_S1.);
#2745 = LINE('',#2746,#2747);
#2746 = CARTESIAN_POINT('',(-104.88,2.7,-20.));
#2747 = VECTOR('',#2748,1.);
#2748 = DIRECTION('',(0.,-1.,0.));
#2749 = PCURVE('',#674,#2750);
#2750 = DEFINITIONAL_REPRESENTATION('',(#2751),#2754);
#2751 = B_SPLINE_CURVE_WITH_KNOTS('',1,(#2752,#2753),.UNSPECIFIED.,.F.,
  .F.,(2,2),(-20.8,-2.7),.PIECEWISE_BEZIER_KNOTS.);
#2752 = CARTESIAN_POINT('',(45.12,18.1));
#2753 = CARTESIAN_POINT('',(45.12,0.));
#2754 = ( GEOMETRIC_REPRESENTATION_CONTEXT(2) 
PARAMETRIC_REPRESENTATION_CONTEXT() REPRESENTATION_CONTEXT('2D SPACE',''
  ) );
#2755 = PCURVE('',#211,#2756);
#2756 = DEFINITIONAL_REPRESENTATION('',(#2757),#2761);
#2757 = LINE('',#2758,#2759);
#2758 = CARTESIAN_POINT('',(33.78,-2.7));
#2759 = VECTOR('',#2760,1.);
#2760 = DIRECTION('',(0.,1.));
#2761 = ( GEOMETRIC_REPRESENTATION_CONTEXT(2) 
PARAMETRIC_REPRESENTATION_CONTEXT() REPRESENTATION_CONTEXT('2D SPACE',''
  ) );
#2762 = ORIENTED_EDGE('',*,*,#2763,.T.);
#2763 = EDGE_CURVE('',#2742,#2764,#2766,.T.);
#2764 = VERTEX_POINT('',#2765);
#2765 = CARTESIAN_POINT('',(-102.38,5.4,-20.));
#2766 = SURFACE_CURVE('',#2767,(#2771,#2778),.PCURVE_S1.);
#2767 = LINE('',#2768,#2769);
#2768 = CARTESIAN_POINT('',(-150.,5.4,-20.));
#2769 = VECTOR('',#2770,1.);
#2770 = DIRECTION('',(1.,0.,-0.));
#2771 = PCURVE('',#674,#2772);
#2772 = DEFINITIONAL_REPRESENTATION('',(#2773),#2777);
#2773 = LINE('',#2774,#2775);
#2774 = CARTESIAN_POINT('',(0.,0.));
#2775 = VECTOR('',#2776,1.);
#2776 = DIRECTION('',(1.,0.));
#2777 = ( GEOMETRIC_REPRESENTATION_CONTEXT(2) 
PARAMETRIC_REPRESENTATION_CONTEXT() REPRESENTATION_CONTEXT('2D SPACE',''
  ) );
#2778 = PCURVE('',#2779,#2784);
#2779 = PLANE('',#2780);
#2780 = AXIS2_PLACEMENT_3D('',#2781,#2782,#2783);
#2781 = CARTESIAN_POINT('',(-150.,5.4,-20.));
#2782 = DIRECTION('',(-0.,1.,0.));
#2783 = DIRECTION('',(0.,0.,1.));
#2784 = DEFINITIONAL_REPRESENTATION('',(#2785),#2789);
#2785 = LINE('',#2786,#2787);
#2786 = CARTESIAN_POINT('',(0.,0.));
#2787 = VECTOR('',#2788,1.);
#2788 = DIRECTION('',(0.,1.));
#2789 = ( GEOMETRIC_REPRESENTATION_CONTEXT(2) 
PARAMETRIC_REPRESENTATION_CONTEXT() REPRESENTATION_CONTEXT('2D SPACE',''
  ) );
#2790 = ORIENTED_EDGE('',*,*,#2791,.F.);
#2791 = EDGE_CURVE('',#659,#2764,#2792,.T.);
#2792 = SURFACE_CURVE('',#2793,(#2797,#2803),.PCURVE_S1.);
#2793 = LINE('',#2794,#2795);
#2794 = CARTESIAN_POINT('',(-102.38,2.2,-20.));
#2795 = VECTOR('',#2796,1.);
#2796 = DIRECTION('',(0.,-1.,0.));
#2797 = PCURVE('',#674,#2798);
#2798 = DEFINITIONAL_REPRESENTATION('',(#2799),#2802);
#2799 = B_SPLINE_CURVE_WITH_KNOTS('',1,(#2800,#2801),.UNSPECIFIED.,.F.,
  .F.,(2,2),(-21.3,-3.2),.PIECEWISE_BEZIER_KNOTS.);
#2800 = CARTESIAN_POINT('',(47.62,18.1));
#2801 = CARTESIAN_POINT('',(47.62,0.));
#2802 = ( GEOMETRIC_REPRESENTATION_CONTEXT(2) 
PARAMETRIC_REPRESENTATION_CONTEXT() REPRESENTATION_CONTEXT('2D SPACE',''
  ) );
#2803 = PCURVE('',#156,#2804);
#2804 = DEFINITIONAL_REPRESENTATION('',(#2805),#2808);
#2805 = B_SPLINE_CURVE_WITH_KNOTS('',1,(#2806,#2807),.UNSPECIFIED.,.F.,
  .F.,(2,2),(-21.3,-3.2),.PIECEWISE_BEZIER_KNOTS.);
#2806 = CARTESIAN_POINT('',(33.78,-24.5));
#2807 = CARTESIAN_POINT('',(33.78,-6.4));
#2808 = ( GEOMETRIC_REPRESENTATION_CONTEXT(2) 
PARAMETRIC_REPRESENTATION_CONTEXT() REPRESENTATION_CONTEXT('2D SPACE',''
  ) );
#2809 = ORIENTED_EDGE('',*,*,#658,.F.);
#2810 = ADVANCED_FACE('',(#2811),#2779,.T.);
#2811 = FACE_BOUND('',#2812,.T.);
#2812 = EDGE_LOOP('',(#2813,#2814,#2836,#2859));
#2813 = ORIENTED_EDGE('',*,*,#2763,.F.);
#2814 = ORIENTED_EDGE('',*,*,#2815,.T.);
#2815 = EDGE_CURVE('',#2742,#2816,#2818,.T.);
#2816 = VERTEX_POINT('',#2817);
#2817 = CARTESIAN_POINT('',(-104.88,5.4,20.));
#2818 = SURFACE_CURVE('',#2819,(#2823,#2829),.PCURVE_S1.);
#2819 = LINE('',#2820,#2821);
#2820 = CARTESIAN_POINT('',(-104.88,5.4,-36.89));
#2821 = VECTOR('',#2822,1.);
#2822 = DIRECTION('',(0.,0.,1.));
#2823 = PCURVE('',#2779,#2824);
#2824 = DEFINITIONAL_REPRESENTATION('',(#2825),#2828);
#2825 = B_SPLINE_CURVE_WITH_KNOTS('',1,(#2826,#2827),.UNSPECIFIED.,.F.,
  .F.,(2,2),(16.89,56.89),.PIECEWISE_BEZIER_KNOTS.);
#2826 = CARTESIAN_POINT('',(0.,45.12));
#2827 = CARTESIAN_POINT('',(40.,45.12));
#2828 = ( GEOMETRIC_REPRESENTATION_CONTEXT(2) 
PARAMETRIC_REPRESENTATION_CONTEXT() REPRESENTATION_CONTEXT('2D SPACE',''
  ) );
#2829 = PCURVE('',#211,#2830);
#2830 = DEFINITIONAL_REPRESENTATION('',(#2831),#2835);
#2831 = LINE('',#2832,#2833);
#2832 = CARTESIAN_POINT('',(16.89,-5.4));
#2833 = VECTOR('',#2834,1.);
#2834 = DIRECTION('',(1.,0.));
#2835 = ( GEOMETRIC_REPRESENTATION_CONTEXT(2) 
PARAMETRIC_REPRESENTATION_CONTEXT() REPRESENTATION_CONTEXT('2D SPACE',''
  ) );
#2836 = ORIENTED_EDGE('',*,*,#2837,.T.);
#2837 = EDGE_CURVE('',#2816,#2838,#2840,.T.);
#2838 = VERTEX_POINT('',#2839);
#2839 = CARTESIAN_POINT('',(-102.38,5.4,20.));
#2840 = SURFACE_CURVE('',#2841,(#2845,#2852),.PCURVE_S1.);
#2841 = LINE('',#2842,#2843);
#2842 = CARTESIAN_POINT('',(-150.,5.4,20.));
#2843 = VECTOR('',#2844,1.);
#2844 = DIRECTION('',(1.,0.,-0.));
#2845 = PCURVE('',#2779,#2846);
#2846 = DEFINITIONAL_REPRESENTATION('',(#2847),#2851);
#2847 = LINE('',#2848,#2849);
#2848 = CARTESIAN_POINT('',(40.,0.));
#2849 = VECTOR('',#2850,1.);
#2850 = DIRECTION('',(0.,1.));
#2851 = ( GEOMETRIC_REPRESENTATION_CONTEXT(2) 
PARAMETRIC_REPRESENTATION_CONTEXT() REPRESENTATION_CONTEXT('2D SPACE',''
  ) );
#2852 = PCURVE('',#184,#2853);
#2853 = DEFINITIONAL_REPRESENTATION('',(#2854),#2858);
#2854 = LINE('',#2855,#2856);
#2855 = CARTESIAN_POINT('',(0.,0.));
#2856 = VECTOR('',#2857,1.);
#2857 = DIRECTION('',(1.,0.));
#2858 = ( GEOMETRIC_REPRESENTATION_CONTEXT(2) 
PARAMETRIC_REPRESENTATION_CONTEXT() REPRESENTATION_CONTEXT('2D SPACE',''
  ) );
#2859 = ORIENTED_EDGE('',*,*,#2860,.F.);
#2860 = EDGE_CURVE('',#2764,#2838,#2861,.T.);
#2861 = SURFACE_CURVE('',#2862,(#2866,#2872),.PCURVE_S1.);
#2862 = LINE('',#2863,#2864);
#2863 = CARTESIAN_POINT('',(-102.38,5.4,-36.89));
#2864 = VECTOR('',#2865,1.);
#2865 = DIRECTION('',(0.,0.,1.));
#2866 = PCURVE('',#2779,#2867);
#2867 = DEFINITIONAL_REPRESENTATION('',(#2868),#2871);
#2868 = B_SPLINE_CURVE_WITH_KNOTS('',1,(#2869,#2870),.UNSPECIFIED.,.F.,
  .F.,(2,2),(16.89,56.89),.PIECEWISE_BEZIER_KNOTS.);
#2869 = CARTESIAN_POINT('',(0.,47.62));
#2870 = CARTESIAN_POINT('',(40.,47.62));
#2871 = ( GEOMETRIC_REPRESENTATION_CONTEXT(2) 
PARAMETRIC_REPRESENTATION_CONTEXT() REPRESENTATION_CONTEXT('2D SPACE',''
  ) );
#2872 = PCURVE('',#156,#2873);
#2873 = DEFINITIONAL_REPRESENTATION('',(#2874),#2877);
#2874 = B_SPLINE_CURVE_WITH_KNOTS('',1,(#2875,#2876),.UNSPECIFIED.,.F.,
  .F.,(2,2),(16.89,56.89),.PIECEWISE_BEZIER_KNOTS.);
#2875 = CARTESIAN_POINT('',(33.78,-6.4));
#2876 = CARTESIAN_POINT('',(73.78,-6.4));
#2877 = ( GEOMETRIC_REPRESENTATION_CONTEXT(2) 
PARAMETRIC_REPRESENTATION_CONTEXT() REPRESENTATION_CONTEXT('2D SPACE',''
  ) );
#2878 = ADVANCED_FACE('',(#2879),#623,.T.);
#2879 = FACE_BOUND('',#2880,.T.);
#2880 = EDGE_LOOP('',(#2881,#2882,#2903,#2904));
#2881 = ORIENTED_EDGE('',*,*,#606,.F.);
#2882 = ORIENTED_EDGE('',*,*,#2883,.F.);
#2883 = EDGE_CURVE('',#2386,#579,#2884,.T.);
#2884 = SURFACE_CURVE('',#2885,(#2889,#2896),.PCURVE_S1.);
#2885 = LINE('',#2886,#2887);
#2886 = CARTESIAN_POINT('',(-99.88,-3.2,-58.78));
#2887 = VECTOR('',#2888,1.);
#2888 = DIRECTION('',(0.,1.,0.));
#2889 = PCURVE('',#623,#2890);
#2890 = DEFINITIONAL_REPRESENTATION('',(#2891),#2895);
#2891 = LINE('',#2892,#2893);
#2892 = CARTESIAN_POINT('',(3.14159265359,-3.2));
#2893 = VECTOR('',#2894,1.);
#2894 = DIRECTION('',(0.,1.));
#2895 = ( GEOMETRIC_REPRESENTATION_CONTEXT(2) 
PARAMETRIC_REPRESENTATION_CONTEXT() REPRESENTATION_CONTEXT('2D SPACE',''
  ) );
#2896 = PCURVE('',#594,#2897);
#2897 = DEFINITIONAL_REPRESENTATION('',(#2898),#2902);
#2898 = LINE('',#2899,#2900);
#2899 = CARTESIAN_POINT('',(0.,-3.2));
#2900 = VECTOR('',#2901,1.);
#2901 = DIRECTION('',(0.,1.));
#2902 = ( GEOMETRIC_REPRESENTATION_CONTEXT(2) 
PARAMETRIC_REPRESENTATION_CONTEXT() REPRESENTATION_CONTEXT('2D SPACE',''
  ) );
#2903 = ORIENTED_EDGE('',*,*,#2408,.T.);
#2904 = ORIENTED_EDGE('',*,*,#2905,.T.);
#2905 = EDGE_CURVE('',#2409,#607,#2906,.T.);
#2906 = SURFACE_CURVE('',#2907,(#2911,#2918),.PCURVE_S1.);
#2907 = LINE('',#2908,#2909);
#2908 = CARTESIAN_POINT('',(-104.88,-3.2,-53.78));
#2909 = VECTOR('',#2910,1.);
#2910 = DIRECTION('',(0.,1.,0.));
#2911 = PCURVE('',#623,#2912);
#2912 = DEFINITIONAL_REPRESENTATION('',(#2913),#2917);
#2913 = LINE('',#2914,#2915);
#2914 = CARTESIAN_POINT('',(4.712388980385,-3.2));
#2915 = VECTOR('',#2916,1.);
#2916 = DIRECTION('',(0.,1.));
#2917 = ( GEOMETRIC_REPRESENTATION_CONTEXT(2) 
PARAMETRIC_REPRESENTATION_CONTEXT() REPRESENTATION_CONTEXT('2D SPACE',''
  ) );
#2918 = PCURVE('',#211,#2919);
#2919 = DEFINITIONAL_REPRESENTATION('',(#2920),#2924);
#2920 = LINE('',#2921,#2922);
#2921 = CARTESIAN_POINT('',(0.,3.2));
#2922 = VECTOR('',#2923,1.);
#2923 = DIRECTION('',(0.,-1.));
#2924 = ( GEOMETRIC_REPRESENTATION_CONTEXT(2) 
PARAMETRIC_REPRESENTATION_CONTEXT() REPRESENTATION_CONTEXT('2D SPACE',''
  ) );
#2925 = ADVANCED_FACE('',(#2926),#594,.F.);
#2926 = FACE_BOUND('',#2927,.F.);
#2927 = EDGE_LOOP('',(#2928,#2929,#2930,#2951));
#2928 = ORIENTED_EDGE('',*,*,#2883,.F.);
#2929 = ORIENTED_EDGE('',*,*,#2385,.T.);
#2930 = ORIENTED_EDGE('',*,*,#2931,.T.);
#2931 = EDGE_CURVE('',#2362,#550,#2932,.T.);
#2932 = SURFACE_CURVE('',#2933,(#2937,#2944),.PCURVE_S1.);
#2933 = LINE('',#2934,#2935);
#2934 = CARTESIAN_POINT('',(99.88,-3.2,-58.78));
#2935 = VECTOR('',#2936,1.);
#2936 = DIRECTION('',(0.,1.,0.));
#2937 = PCURVE('',#594,#2938);
#2938 = DEFINITIONAL_REPRESENTATION('',(#2939),#2943);
#2939 = LINE('',#2940,#2941);
#2940 = CARTESIAN_POINT('',(199.76,-3.2));
#2941 = VECTOR('',#2942,1.);
#2942 = DIRECTION('',(0.,1.));
#2943 = ( GEOMETRIC_REPRESENTATION_CONTEXT(2) 
PARAMETRIC_REPRESENTATION_CONTEXT() REPRESENTATION_CONTEXT('2D SPACE',''
  ) );
#2944 = PCURVE('',#566,#2945);
#2945 = DEFINITIONAL_REPRESENTATION('',(#2946),#2950);
#2946 = LINE('',#2947,#2948);
#2947 = CARTESIAN_POINT('',(3.14159265359,-3.2));
#2948 = VECTOR('',#2949,1.);
#2949 = DIRECTION('',(0.,1.));
#2950 = ( GEOMETRIC_REPRESENTATION_CONTEXT(2) 
PARAMETRIC_REPRESENTATION_CONTEXT() REPRESENTATION_CONTEXT('2D SPACE',''
  ) );
#2951 = ORIENTED_EDGE('',*,*,#578,.F.);
#2952 = ADVANCED_FACE('',(#2953),#566,.T.);
#2953 = FACE_BOUND('',#2954,.T.);
#2954 = EDGE_LOOP('',(#2955,#2956,#2977,#2978));
#2955 = ORIENTED_EDGE('',*,*,#549,.F.);
#2956 = ORIENTED_EDGE('',*,*,#2957,.F.);
#2957 = EDGE_CURVE('',#2337,#522,#2958,.T.);
#2958 = SURFACE_CURVE('',#2959,(#2963,#2970),.PCURVE_S1.);
#2959 = LINE('',#2960,#2961);
#2960 = CARTESIAN_POINT('',(104.88,-3.2,-53.78));
#2961 = VECTOR('',#2962,1.);
#2962 = DIRECTION('',(0.,1.,0.));
#2963 = PCURVE('',#566,#2964);
#2964 = DEFINITIONAL_REPRESENTATION('',(#2965),#2969);
#2965 = LINE('',#2966,#2967);
#2966 = CARTESIAN_POINT('',(1.570796326795,-3.2));
#2967 = VECTOR('',#2968,1.);
#2968 = DIRECTION('',(0.,1.));
#2969 = ( GEOMETRIC_REPRESENTATION_CONTEXT(2) 
PARAMETRIC_REPRESENTATION_CONTEXT() REPRESENTATION_CONTEXT('2D SPACE',''
  ) );
#2970 = PCURVE('',#537,#2971);
#2971 = DEFINITIONAL_REPRESENTATION('',(#2972),#2976);
#2972 = LINE('',#2973,#2974);
#2973 = CARTESIAN_POINT('',(0.,3.2));
#2974 = VECTOR('',#2975,1.);
#2975 = DIRECTION('',(0.,-1.));
#2976 = ( GEOMETRIC_REPRESENTATION_CONTEXT(2) 
PARAMETRIC_REPRESENTATION_CONTEXT() REPRESENTATION_CONTEXT('2D SPACE',''
  ) );
#2977 = ORIENTED_EDGE('',*,*,#2361,.T.);
#2978 = ORIENTED_EDGE('',*,*,#2931,.T.);
#2979 = ADVANCED_FACE('',(#2980),#537,.T.);
#2980 = FACE_BOUND('',#2981,.T.);
#2981 = EDGE_LOOP('',(#2982,#3003,#3004,#3005));
#2982 = ORIENTED_EDGE('',*,*,#2983,.T.);
#2983 = EDGE_CURVE('',#493,#2339,#2984,.T.);
#2984 = SURFACE_CURVE('',#2985,(#2989,#2996),.PCURVE_S1.);
#2985 = LINE('',#2986,#2987);
#2986 = CARTESIAN_POINT('',(104.88,23.5,53.78));
#2987 = VECTOR('',#2988,1.);
#2988 = DIRECTION('',(0.,-1.,0.));
#2989 = PCURVE('',#537,#2990);
#2990 = DEFINITIONAL_REPRESENTATION('',(#2991),#2995);
#2991 = LINE('',#2992,#2993);
#2992 = CARTESIAN_POINT('',(107.56,-23.5));
#2993 = VECTOR('',#2994,1.);
#2994 = DIRECTION('',(0.,1.));
#2995 = ( GEOMETRIC_REPRESENTATION_CONTEXT(2) 
PARAMETRIC_REPRESENTATION_CONTEXT() REPRESENTATION_CONTEXT('2D SPACE',''
  ) );
#2996 = PCURVE('',#509,#2997);
#2997 = DEFINITIONAL_REPRESENTATION('',(#2998),#3002);
#2998 = LINE('',#2999,#3000);
#2999 = CARTESIAN_POINT('',(1.570796326795,23.5));
#3000 = VECTOR('',#3001,1.);
#3001 = DIRECTION('',(-0.,-1.));
#3002 = ( GEOMETRIC_REPRESENTATION_CONTEXT(2) 
PARAMETRIC_REPRESENTATION_CONTEXT() REPRESENTATION_CONTEXT('2D SPACE',''
  ) );
#3003 = ORIENTED_EDGE('',*,*,#2336,.F.);
#3004 = ORIENTED_EDGE('',*,*,#2957,.T.);
#3005 = ORIENTED_EDGE('',*,*,#521,.T.);
#3006 = ADVANCED_FACE('',(#3007),#509,.T.);
#3007 = FACE_BOUND('',#3008,.T.);
#3008 = EDGE_LOOP('',(#3009,#3010,#3031,#3032));
#3009 = ORIENTED_EDGE('',*,*,#492,.F.);
#3010 = ORIENTED_EDGE('',*,*,#3011,.T.);
#3011 = EDGE_CURVE('',#470,#2480,#3012,.T.);
#3012 = SURFACE_CURVE('',#3013,(#3017,#3024),.PCURVE_S1.);
#3013 = LINE('',#3014,#3015);
#3014 = CARTESIAN_POINT('',(99.88,23.5,58.78));
#3015 = VECTOR('',#3016,1.);
#3016 = DIRECTION('',(0.,-1.,0.));
#3017 = PCURVE('',#509,#3018);
#3018 = DEFINITIONAL_REPRESENTATION('',(#3019),#3023);
#3019 = LINE('',#3020,#3021);
#3020 = CARTESIAN_POINT('',(0.,23.5));
#3021 = VECTOR('',#3022,1.);
#3022 = DIRECTION('',(-0.,-1.));
#3023 = ( GEOMETRIC_REPRESENTATION_CONTEXT(2) 
PARAMETRIC_REPRESENTATION_CONTEXT() REPRESENTATION_CONTEXT('2D SPACE',''
  ) );
#3024 = PCURVE('',#268,#3025);
#3025 = DEFINITIONAL_REPRESENTATION('',(#3026),#3030);
#3026 = LINE('',#3027,#3028);
#3027 = CARTESIAN_POINT('',(199.76,23.5));
#3028 = VECTOR('',#3029,1.);
#3029 = DIRECTION('',(0.,-1.));
#3030 = ( GEOMETRIC_REPRESENTATION_CONTEXT(2) 
PARAMETRIC_REPRESENTATION_CONTEXT() REPRESENTATION_CONTEXT('2D SPACE',''
  ) );
#3031 = ORIENTED_EDGE('',*,*,#2502,.T.);
#3032 = ORIENTED_EDGE('',*,*,#2983,.F.);
#3033 = ADVANCED_FACE('',(#3034,#3138),#457,.T.);
#3034 = FACE_BOUND('',#3035,.T.);
#3035 = EDGE_LOOP('',(#3036,#3066,#3094,#3115,#3116));
#3036 = ORIENTED_EDGE('',*,*,#3037,.T.);
#3037 = EDGE_CURVE('',#3038,#3040,#3042,.T.);
#3038 = VERTEX_POINT('',#3039);
#3039 = CARTESIAN_POINT('',(32.,15.5,63.3));
#3040 = VERTEX_POINT('',#3041);
#3041 = CARTESIAN_POINT('',(32.,15.5,67.3));
#3042 = SURFACE_CURVE('',#3043,(#3047,#3054),.PCURVE_S1.);
#3043 = LINE('',#3044,#3045);
#3044 = CARTESIAN_POINT('',(32.,15.5,58.78));
#3045 = VECTOR('',#3046,1.);
#3046 = DIRECTION('',(0.,0.,1.));
#3047 = PCURVE('',#457,#3048);
#3048 = DEFINITIONAL_REPRESENTATION('',(#3049),#3053);
#3049 = LINE('',#3050,#3051);
#3050 = CARTESIAN_POINT('',(-3.012274887855,-3.012274887855));
#3051 = VECTOR('',#3052,1.);
#3052 = DIRECTION('',(1.,0.));
#3053 = ( GEOMETRIC_REPRESENTATION_CONTEXT(2) 
PARAMETRIC_REPRESENTATION_CONTEXT() REPRESENTATION_CONTEXT('2D SPACE',''
  ) );
#3054 = PCURVE('',#3055,#3060);
#3055 = PLANE('',#3056);
#3056 = AXIS2_PLACEMENT_3D('',#3057,#3058,#3059);
#3057 = CARTESIAN_POINT('',(20.5,15.5,58.78));
#3058 = DIRECTION('',(0.,-1.,0.));
#3059 = DIRECTION('',(0.,0.,1.));
#3060 = DEFINITIONAL_REPRESENTATION('',(#3061),#3065);
#3061 = LINE('',#3062,#3063);
#3062 = CARTESIAN_POINT('',(0.,-11.5));
#3063 = VECTOR('',#3064,1.);
#3064 = DIRECTION('',(1.,0.));
#3065 = ( GEOMETRIC_REPRESENTATION_CONTEXT(2) 
PARAMETRIC_REPRESENTATION_CONTEXT() REPRESENTATION_CONTEXT('2D SPACE',''
  ) );
#3066 = ORIENTED_EDGE('',*,*,#3067,.T.);
#3067 = EDGE_CURVE('',#3040,#3068,#3070,.T.);
#3068 = VERTEX_POINT('',#3069);
#3069 = CARTESIAN_POINT('',(32.,6.98,58.78));
#3070 = SURFACE_CURVE('',#3071,(#3075,#3082),.PCURVE_S1.);
#3071 = LINE('',#3072,#3073);
#3072 = CARTESIAN_POINT('',(32.,15.5,67.3));
#3073 = VECTOR('',#3074,1.);
#3074 = DIRECTION('',(0.,-0.707106781187,-0.707106781187));
#3075 = PCURVE('',#457,#3076);
#3076 = DEFINITIONAL_REPRESENTATION('',(#3077),#3081);
#3077 = LINE('',#3078,#3079);
#3078 = CARTESIAN_POINT('',(5.507725112145,-3.012274887855));
#3079 = VECTOR('',#3080,1.);
#3080 = DIRECTION('',(-0.707106781187,0.707106781187));
#3081 = ( GEOMETRIC_REPRESENTATION_CONTEXT(2) 
PARAMETRIC_REPRESENTATION_CONTEXT() REPRESENTATION_CONTEXT('2D SPACE',''
  ) );
#3082 = PCURVE('',#3083,#3088);
#3083 = PLANE('',#3084);
#3084 = AXIS2_PLACEMENT_3D('',#3085,#3086,#3087);
#3085 = CARTESIAN_POINT('',(20.5,15.5,67.3));
#3086 = DIRECTION('',(0.,0.707106781187,-0.707106781187));
#3087 = DIRECTION('',(0.,-0.707106781187,-0.707106781187));
#3088 = DEFINITIONAL_REPRESENTATION('',(#3089),#3093);
#3089 = LINE('',#3090,#3091);
#3090 = CARTESIAN_POINT('',(0.,-11.5));
#3091 = VECTOR('',#3092,1.);
#3092 = DIRECTION('',(1.,0.));
#3093 = ( GEOMETRIC_REPRESENTATION_CONTEXT(2) 
PARAMETRIC_REPRESENTATION_CONTEXT() REPRESENTATION_CONTEXT('2D SPACE',''
  ) );
#3094 = ORIENTED_EDGE('',*,*,#3095,.F.);
#3095 = EDGE_CURVE('',#442,#3068,#3096,.T.);
#3096 = SURFACE_CURVE('',#3097,(#3101,#3108),.PCURVE_S1.);
#3097 = LINE('',#3098,#3099);
#3098 = CARTESIAN_POINT('',(32.,23.5,58.78));
#3099 = VECTOR('',#3100,1.);
#3100 = DIRECTION('',(0.,-1.,0.));
#3101 = PCURVE('',#457,#3102);
#3102 = DEFINITIONAL_REPRESENTATION('',(#3103),#3107);
#3103 = LINE('',#3104,#3105);
#3104 = CARTESIAN_POINT('',(-3.012274887855,-11.01227488785));
#3105 = VECTOR('',#3106,1.);
#3106 = DIRECTION('',(0.,1.));
#3107 = ( GEOMETRIC_REPRESENTATION_CONTEXT(2) 
PARAMETRIC_REPRESENTATION_CONTEXT() REPRESENTATION_CONTEXT('2D SPACE',''
  ) );
#3108 = PCURVE('',#268,#3109);
#3109 = DEFINITIONAL_REPRESENTATION('',(#3110),#3114);
#3110 = LINE('',#3111,#3112);
#3111 = CARTESIAN_POINT('',(131.88,23.5));
#3112 = VECTOR('',#3113,1.);
#3113 = DIRECTION('',(0.,-1.));
#3114 = ( GEOMETRIC_REPRESENTATION_CONTEXT(2) 
PARAMETRIC_REPRESENTATION_CONTEXT() REPRESENTATION_CONTEXT('2D SPACE',''
  ) );
#3115 = ORIENTED_EDGE('',*,*,#441,.T.);
#3116 = ORIENTED_EDGE('',*,*,#3117,.T.);
#3117 = EDGE_CURVE('',#415,#3038,#3118,.T.);
#3118 = SURFACE_CURVE('',#3119,(#3124,#3131),.PCURVE_S1.);
#3119 = CIRCLE('',#3120,4.);
#3120 = AXIS2_PLACEMENT_3D('',#3121,#3122,#3123);
#3121 = CARTESIAN_POINT('',(32.,19.5,63.3));
#3122 = DIRECTION('',(1.,0.,0.));
#3123 = DIRECTION('',(-0.,1.,0.));
#3124 = PCURVE('',#457,#3125);
#3125 = DEFINITIONAL_REPRESENTATION('',(#3126),#3130);
#3126 = CIRCLE('',#3127,4.);
#3127 = AXIS2_PLACEMENT_2D('',#3128,#3129);
#3128 = CARTESIAN_POINT('',(1.507725112145,-7.012274887855));
#3129 = DIRECTION('',(0.,-1.));
#3130 = ( GEOMETRIC_REPRESENTATION_CONTEXT(2) 
PARAMETRIC_REPRESENTATION_CONTEXT() REPRESENTATION_CONTEXT('2D SPACE',''
  ) );
#3131 = PCURVE('',#430,#3132);
#3132 = DEFINITIONAL_REPRESENTATION('',(#3133),#3137);
#3133 = LINE('',#3134,#3135);
#3134 = CARTESIAN_POINT('',(4.712388980385,11.5));
#3135 = VECTOR('',#3136,1.);
#3136 = DIRECTION('',(1.,0.));
#3137 = ( GEOMETRIC_REPRESENTATION_CONTEXT(2) 
PARAMETRIC_REPRESENTATION_CONTEXT() REPRESENTATION_CONTEXT('2D SPACE',''
  ) );
#3138 = FACE_BOUND('',#3139,.T.);
#3139 = EDGE_LOOP('',(#3140));
#3140 = ORIENTED_EDGE('',*,*,#3141,.T.);
#3141 = EDGE_CURVE('',#3142,#3142,#3144,.T.);
#3142 = VERTEX_POINT('',#3143);
#3143 = CARTESIAN_POINT('',(32.,19.5,65.));
#3144 = SURFACE_CURVE('',#3145,(#3150,#3161),.PCURVE_S1.);
#3145 = CIRCLE('',#3146,1.7);
#3146 = AXIS2_PLACEMENT_3D('',#3147,#3148,#3149);
#3147 = CARTESIAN_POINT('',(32.,19.5,63.3));
#3148 = DIRECTION('',(-1.,0.,0.));
#3149 = DIRECTION('',(0.,0.,1.));
#3150 = PCURVE('',#457,#3151);
#3151 = DEFINITIONAL_REPRESENTATION('',(#3152),#3160);
#3152 = ( BOUNDED_CURVE() B_SPLINE_CURVE(2,(#3153,#3154,#3155,#3156,
#3157,#3158,#3159),.UNSPECIFIED.,.T.,.F.) B_SPLINE_CURVE_WITH_KNOTS((1,2
    ,2,2,2,1),(-2.094395102393,0.,2.094395102393,4.188790204786,
6.28318530718,8.377580409573),.UNSPECIFIED.) CURVE() 
GEOMETRIC_REPRESENTATION_ITEM() RATIONAL_B_SPLINE_CURVE((1.,0.5,1.,0.5,
1.,0.5,1.)) REPRESENTATION_ITEM('') );
#3153 = CARTESIAN_POINT('',(3.207725112145,-7.012274887855));
#3154 = CARTESIAN_POINT('',(3.207725112145,-9.956761260722));
#3155 = CARTESIAN_POINT('',(0.657725112145,-8.484518074288));
#3156 = CARTESIAN_POINT('',(-1.892274887855,-7.012274887855));
#3157 = CARTESIAN_POINT('',(0.657725112145,-5.540031701421));
#3158 = CARTESIAN_POINT('',(3.207725112145,-4.067788514988));
#3159 = CARTESIAN_POINT('',(3.207725112145,-7.012274887855));
#3160 = ( GEOMETRIC_REPRESENTATION_CONTEXT(2) 
PARAMETRIC_REPRESENTATION_CONTEXT() REPRESENTATION_CONTEXT('2D SPACE',''
  ) );
#3161 = PCURVE('',#3162,#3167);
#3162 = CYLINDRICAL_SURFACE('',#3163,1.7);
#3163 = AXIS2_PLACEMENT_3D('',#3164,#3165,#3166);
#3164 = CARTESIAN_POINT('',(19.5,19.5,63.3));
#3165 = DIRECTION('',(1.,0.,0.));
#3166 = DIRECTION('',(-0.,0.,1.));
#3167 = DEFINITIONAL_REPRESENTATION('',(#3168),#3172);
#3168 = LINE('',#3169,#3170);
#3169 = CARTESIAN_POINT('',(6.28318530718,12.5));
#3170 = VECTOR('',#3171,1.);
#3171 = DIRECTION('',(-1.,-0.));
#3172 = ( GEOMETRIC_REPRESENTATION_CONTEXT(2) 
PARAMETRIC_REPRESENTATION_CONTEXT() REPRESENTATION_CONTEXT('2D SPACE',''
  ) );
#3173 = ADVANCED_FACE('',(#3174),#3162,.F.);
#3174 = FACE_BOUND('',#3175,.F.);
#3175 = EDGE_LOOP('',(#3176,#3177,#3200,#3222));
#3176 = ORIENTED_EDGE('',*,*,#3141,.T.);
#3177 = ORIENTED_EDGE('',*,*,#3178,.F.);
#3178 = EDGE_CURVE('',#3179,#3142,#3181,.T.);
#3179 = VERTEX_POINT('',#3180);
#3180 = CARTESIAN_POINT('',(20.5,19.5,65.));
#3181 = SEAM_CURVE('',#3182,(#3186,#3193),.PCURVE_S1.);
#3182 = LINE('',#3183,#3184);
#3183 = CARTESIAN_POINT('',(19.5,19.5,65.));
#3184 = VECTOR('',#3185,1.);
#3185 = DIRECTION('',(1.,0.,0.));
#3186 = PCURVE('',#3162,#3187);
#3187 = DEFINITIONAL_REPRESENTATION('',(#3188),#3192);
#3188 = LINE('',#3189,#3190);
#3189 = CARTESIAN_POINT('',(0.,-0.));
#3190 = VECTOR('',#3191,1.);
#3191 = DIRECTION('',(0.,1.));
#3192 = ( GEOMETRIC_REPRESENTATION_CONTEXT(2) 
PARAMETRIC_REPRESENTATION_CONTEXT() REPRESENTATION_CONTEXT('2D SPACE',''
  ) );
#3193 = PCURVE('',#3162,#3194);
#3194 = DEFINITIONAL_REPRESENTATION('',(#3195),#3199);
#3195 = LINE('',#3196,#3197);
#3196 = CARTESIAN_POINT('',(6.28318530718,-0.));
#3197 = VECTOR('',#3198,1.);
#3198 = DIRECTION('',(0.,1.));
#3199 = ( GEOMETRIC_REPRESENTATION_CONTEXT(2) 
PARAMETRIC_REPRESENTATION_CONTEXT() REPRESENTATION_CONTEXT('2D SPACE',''
  ) );
#3200 = ORIENTED_EDGE('',*,*,#3201,.T.);
#3201 = EDGE_CURVE('',#3179,#3179,#3202,.T.);
#3202 = SURFACE_CURVE('',#3203,(#3208,#3215),.PCURVE_S1.);
#3203 = CIRCLE('',#3204,1.7);
#3204 = AXIS2_PLACEMENT_3D('',#3205,#3206,#3207);
#3205 = CARTESIAN_POINT('',(20.5,19.5,63.3));
#3206 = DIRECTION('',(1.,0.,0.));
#3207 = DIRECTION('',(-0.,0.,1.));
#3208 = PCURVE('',#3162,#3209);
#3209 = DEFINITIONAL_REPRESENTATION('',(#3210),#3214);
#3210 = LINE('',#3211,#3212);
#3211 = CARTESIAN_POINT('',(0.,1.));
#3212 = VECTOR('',#3213,1.);
#3213 = DIRECTION('',(1.,0.));
#3214 = ( GEOMETRIC_REPRESENTATION_CONTEXT(2) 
PARAMETRIC_REPRESENTATION_CONTEXT() REPRESENTATION_CONTEXT('2D SPACE',''
  ) );
#3215 = PCURVE('',#402,#3216);
#3216 = DEFINITIONAL_REPRESENTATION('',(#3217),#3221);
#3217 = CIRCLE('',#3218,1.7);
#3218 = AXIS2_PLACEMENT_2D('',#3219,#3220);
#3219 = CARTESIAN_POINT('',(4.52,-4.));
#3220 = DIRECTION('',(1.,0.));
#3221 = ( GEOMETRIC_REPRESENTATION_CONTEXT(2) 
PARAMETRIC_REPRESENTATION_CONTEXT() REPRESENTATION_CONTEXT('2D SPACE',''
  ) );
#3222 = ORIENTED_EDGE('',*,*,#3178,.T.);
#3223 = ADVANCED_FACE('',(#3224),#3083,.F.);
#3224 = FACE_BOUND('',#3225,.F.);
#3225 = EDGE_LOOP('',(#3226,#3249,#3250,#3273));
#3226 = ORIENTED_EDGE('',*,*,#3227,.T.);
#3227 = EDGE_CURVE('',#3228,#3040,#3230,.T.);
#3228 = VERTEX_POINT('',#3229);
#3229 = CARTESIAN_POINT('',(20.5,15.5,67.3));
#3230 = SURFACE_CURVE('',#3231,(#3235,#3242),.PCURVE_S1.);
#3231 = LINE('',#3232,#3233);
#3232 = CARTESIAN_POINT('',(20.5,15.5,67.3));
#3233 = VECTOR('',#3234,1.);
#3234 = DIRECTION('',(1.,0.,0.));
#3235 = PCURVE('',#3083,#3236);
#3236 = DEFINITIONAL_REPRESENTATION('',(#3237),#3241);
#3237 = LINE('',#3238,#3239);
#3238 = CARTESIAN_POINT('',(0.,0.));
#3239 = VECTOR('',#3240,1.);
#3240 = DIRECTION('',(0.,-1.));
#3241 = ( GEOMETRIC_REPRESENTATION_CONTEXT(2) 
PARAMETRIC_REPRESENTATION_CONTEXT() REPRESENTATION_CONTEXT('2D SPACE',''
  ) );
#3242 = PCURVE('',#3055,#3243);
#3243 = DEFINITIONAL_REPRESENTATION('',(#3244),#3248);
#3244 = LINE('',#3245,#3246);
#3245 = CARTESIAN_POINT('',(8.52,0.));
#3246 = VECTOR('',#3247,1.);
#3247 = DIRECTION('',(0.,-1.));
#3248 = ( GEOMETRIC_REPRESENTATION_CONTEXT(2) 
PARAMETRIC_REPRESENTATION_CONTEXT() REPRESENTATION_CONTEXT('2D SPACE',''
  ) );
#3249 = ORIENTED_EDGE('',*,*,#3067,.T.);
#3250 = ORIENTED_EDGE('',*,*,#3251,.F.);
#3251 = EDGE_CURVE('',#3252,#3068,#3254,.T.);
#3252 = VERTEX_POINT('',#3253);
#3253 = CARTESIAN_POINT('',(20.5,6.98,58.78));
#3254 = SURFACE_CURVE('',#3255,(#3259,#3266),.PCURVE_S1.);
#3255 = LINE('',#3256,#3257);
#3256 = CARTESIAN_POINT('',(20.5,6.98,58.78));
#3257 = VECTOR('',#3258,1.);
#3258 = DIRECTION('',(1.,0.,0.));
#3259 = PCURVE('',#3083,#3260);
#3260 = DEFINITIONAL_REPRESENTATION('',(#3261),#3265);
#3261 = LINE('',#3262,#3263);
#3262 = CARTESIAN_POINT('',(12.049099551419,0.));
#3263 = VECTOR('',#3264,1.);
#3264 = DIRECTION('',(0.,-1.));
#3265 = ( GEOMETRIC_REPRESENTATION_CONTEXT(2) 
PARAMETRIC_REPRESENTATION_CONTEXT() REPRESENTATION_CONTEXT('2D SPACE',''
  ) );
#3266 = PCURVE('',#268,#3267);
#3267 = DEFINITIONAL_REPRESENTATION('',(#3268),#3272);
#3268 = LINE('',#3269,#3270);
#3269 = CARTESIAN_POINT('',(120.38,6.98));
#3270 = VECTOR('',#3271,1.);
#3271 = DIRECTION('',(1.,0.));
#3272 = ( GEOMETRIC_REPRESENTATION_CONTEXT(2) 
PARAMETRIC_REPRESENTATION_CONTEXT() REPRESENTATION_CONTEXT('2D SPACE',''
  ) );
#3273 = ORIENTED_EDGE('',*,*,#3274,.F.);
#3274 = EDGE_CURVE('',#3228,#3252,#3275,.T.);
#3275 = SURFACE_CURVE('',#3276,(#3280,#3287),.PCURVE_S1.);
#3276 = LINE('',#3277,#3278);
#3277 = CARTESIAN_POINT('',(20.5,15.5,67.3));
#3278 = VECTOR('',#3279,1.);
#3279 = DIRECTION('',(0.,-0.707106781187,-0.707106781187));
#3280 = PCURVE('',#3083,#3281);
#3281 = DEFINITIONAL_REPRESENTATION('',(#3282),#3286);
#3282 = LINE('',#3283,#3284);
#3283 = CARTESIAN_POINT('',(0.,0.));
#3284 = VECTOR('',#3285,1.);
#3285 = DIRECTION('',(1.,0.));
#3286 = ( GEOMETRIC_REPRESENTATION_CONTEXT(2) 
PARAMETRIC_REPRESENTATION_CONTEXT() REPRESENTATION_CONTEXT('2D SPACE',''
  ) );
#3287 = PCURVE('',#402,#3288);
#3288 = DEFINITIONAL_REPRESENTATION('',(#3289),#3293);
#3289 = LINE('',#3290,#3291);
#3290 = CARTESIAN_POINT('',(8.52,0.));
#3291 = VECTOR('',#3292,1.);
#3292 = DIRECTION('',(-0.707106781187,0.707106781187));
#3293 = ( GEOMETRIC_REPRESENTATION_CONTEXT(2) 
PARAMETRIC_REPRESENTATION_CONTEXT() REPRESENTATION_CONTEXT('2D SPACE',''
  ) );
#3294 = ADVANCED_FACE('',(#3295),#3055,.F.);
#3295 = FACE_BOUND('',#3296,.F.);
#3296 = EDGE_LOOP('',(#3297,#3320,#3340,#3341));
#3297 = ORIENTED_EDGE('',*,*,#3298,.F.);
#3298 = EDGE_CURVE('',#3299,#3228,#3301,.T.);
#3299 = VERTEX_POINT('',#3300);
#3300 = CARTESIAN_POINT('',(20.5,15.5,63.3));
#3301 = SURFACE_CURVE('',#3302,(#3306,#3313),.PCURVE_S1.);
#3302 = LINE('',#3303,#3304);
#3303 = CARTESIAN_POINT('',(20.5,15.5,58.78));
#3304 = VECTOR('',#3305,1.);
#3305 = DIRECTION('',(0.,0.,1.));
#3306 = PCURVE('',#3055,#3307);
#3307 = DEFINITIONAL_REPRESENTATION('',(#3308),#3312);
#3308 = LINE('',#3309,#3310);
#3309 = CARTESIAN_POINT('',(0.,0.));
#3310 = VECTOR('',#3311,1.);
#3311 = DIRECTION('',(1.,0.));
#3312 = ( GEOMETRIC_REPRESENTATION_CONTEXT(2) 
PARAMETRIC_REPRESENTATION_CONTEXT() REPRESENTATION_CONTEXT('2D SPACE',''
  ) );
#3313 = PCURVE('',#402,#3314);
#3314 = DEFINITIONAL_REPRESENTATION('',(#3315),#3319);
#3315 = LINE('',#3316,#3317);
#3316 = CARTESIAN_POINT('',(0.,0.));
#3317 = VECTOR('',#3318,1.);
#3318 = DIRECTION('',(1.,0.));
#3319 = ( GEOMETRIC_REPRESENTATION_CONTEXT(2) 
PARAMETRIC_REPRESENTATION_CONTEXT() REPRESENTATION_CONTEXT('2D SPACE',''
  ) );
#3320 = ORIENTED_EDGE('',*,*,#3321,.T.);
#3321 = EDGE_CURVE('',#3299,#3038,#3322,.T.);
#3322 = SURFACE_CURVE('',#3323,(#3327,#3334),.PCURVE_S1.);
#3323 = LINE('',#3324,#3325);
#3324 = CARTESIAN_POINT('',(20.5,15.5,63.3));
#3325 = VECTOR('',#3326,1.);
#3326 = DIRECTION('',(1.,0.,-0.));
#3327 = PCURVE('',#3055,#3328);
#3328 = DEFINITIONAL_REPRESENTATION('',(#3329),#3333);
#3329 = LINE('',#3330,#3331);
#3330 = CARTESIAN_POINT('',(4.52,0.));
#3331 = VECTOR('',#3332,1.);
#3332 = DIRECTION('',(0.,-1.));
#3333 = ( GEOMETRIC_REPRESENTATION_CONTEXT(2) 
PARAMETRIC_REPRESENTATION_CONTEXT() REPRESENTATION_CONTEXT('2D SPACE',''
  ) );
#3334 = PCURVE('',#430,#3335);
#3335 = DEFINITIONAL_REPRESENTATION('',(#3336),#3339);
#3336 = B_SPLINE_CURVE_WITH_KNOTS('',1,(#3337,#3338),.UNSPECIFIED.,.F.,
  .F.,(2,2),(0.,11.5),.PIECEWISE_BEZIER_KNOTS.);
#3337 = CARTESIAN_POINT('',(7.853981633974,0.));
#3338 = CARTESIAN_POINT('',(7.853981633974,11.5));
#3339 = ( GEOMETRIC_REPRESENTATION_CONTEXT(2) 
PARAMETRIC_REPRESENTATION_CONTEXT() REPRESENTATION_CONTEXT('2D SPACE',''
  ) );
#3340 = ORIENTED_EDGE('',*,*,#3037,.T.);
#3341 = ORIENTED_EDGE('',*,*,#3227,.F.);
#3342 = ADVANCED_FACE('',(#3343),#430,.T.);
#3343 = FACE_BOUND('',#3344,.T.);
#3344 = EDGE_LOOP('',(#3345,#3371,#3372,#3373));
#3345 = ORIENTED_EDGE('',*,*,#3346,.F.);
#3346 = EDGE_CURVE('',#3299,#387,#3347,.T.);
#3347 = SURFACE_CURVE('',#3348,(#3353,#3360),.PCURVE_S1.);
#3348 = CIRCLE('',#3349,4.);
#3349 = AXIS2_PLACEMENT_3D('',#3350,#3351,#3352);
#3350 = CARTESIAN_POINT('',(20.5,19.5,63.3));
#3351 = DIRECTION('',(-1.,0.,0.));
#3352 = DIRECTION('',(0.,-1.,0.));
#3353 = PCURVE('',#430,#3354);
#3354 = DEFINITIONAL_REPRESENTATION('',(#3355),#3359);
#3355 = LINE('',#3356,#3357);
#3356 = CARTESIAN_POINT('',(7.853981633974,0.));
#3357 = VECTOR('',#3358,1.);
#3358 = DIRECTION('',(-1.,-0.));
#3359 = ( GEOMETRIC_REPRESENTATION_CONTEXT(2) 
PARAMETRIC_REPRESENTATION_CONTEXT() REPRESENTATION_CONTEXT('2D SPACE',''
  ) );
#3360 = PCURVE('',#402,#3361);
#3361 = DEFINITIONAL_REPRESENTATION('',(#3362),#3370);
#3362 = ( BOUNDED_CURVE() B_SPLINE_CURVE(2,(#3363,#3364,#3365,#3366,
#3367,#3368,#3369),.UNSPECIFIED.,.T.,.F.) B_SPLINE_CURVE_WITH_KNOTS((1,2
    ,2,2,2,1),(-2.094395102393,0.,2.094395102393,4.188790204786,
6.28318530718,8.377580409573),.UNSPECIFIED.) CURVE() 
GEOMETRIC_REPRESENTATION_ITEM() RATIONAL_B_SPLINE_CURVE((1.,0.5,1.,0.5,
1.,0.5,1.)) REPRESENTATION_ITEM('') );
#3363 = CARTESIAN_POINT('',(4.52,0.));
#3364 = CARTESIAN_POINT('',(11.448203230276,0.));
#3365 = CARTESIAN_POINT('',(7.984101615138,-6.));
#3366 = CARTESIAN_POINT('',(4.52,-12.));
#3367 = CARTESIAN_POINT('',(1.055898384862,-6.));
#3368 = CARTESIAN_POINT('',(-2.408203230276,-6.217248937901E-15));
#3369 = CARTESIAN_POINT('',(4.52,0.));
#3370 = ( GEOMETRIC_REPRESENTATION_CONTEXT(2) 
PARAMETRIC_REPRESENTATION_CONTEXT() REPRESENTATION_CONTEXT('2D SPACE',''
  ) );
#3371 = ORIENTED_EDGE('',*,*,#3321,.T.);
#3372 = ORIENTED_EDGE('',*,*,#3117,.F.);
#3373 = ORIENTED_EDGE('',*,*,#414,.F.);
#3374 = ADVANCED_FACE('',(#3375,#3402),#402,.F.);
#3375 = FACE_BOUND('',#3376,.F.);
#3376 = EDGE_LOOP('',(#3377,#3378,#3379,#3380,#3381));
#3377 = ORIENTED_EDGE('',*,*,#386,.T.);
#3378 = ORIENTED_EDGE('',*,*,#3346,.F.);
#3379 = ORIENTED_EDGE('',*,*,#3298,.T.);
#3380 = ORIENTED_EDGE('',*,*,#3274,.T.);
#3381 = ORIENTED_EDGE('',*,*,#3382,.T.);
#3382 = EDGE_CURVE('',#3252,#364,#3383,.T.);
#3383 = SURFACE_CURVE('',#3384,(#3388,#3395),.PCURVE_S1.);
#3384 = LINE('',#3385,#3386);
#3385 = CARTESIAN_POINT('',(20.5,6.98,58.78));
#3386 = VECTOR('',#3387,1.);
#3387 = DIRECTION('',(0.,1.,0.));
#3388 = PCURVE('',#402,#3389);
#3389 = DEFINITIONAL_REPRESENTATION('',(#3390),#3394);
#3390 = LINE('',#3391,#3392);
#3391 = CARTESIAN_POINT('',(0.,8.52));
#3392 = VECTOR('',#3393,1.);
#3393 = DIRECTION('',(0.,-1.));
#3394 = ( GEOMETRIC_REPRESENTATION_CONTEXT(2) 
PARAMETRIC_REPRESENTATION_CONTEXT() REPRESENTATION_CONTEXT('2D SPACE',''
  ) );
#3395 = PCURVE('',#268,#3396);
#3396 = DEFINITIONAL_REPRESENTATION('',(#3397),#3401);
#3397 = LINE('',#3398,#3399);
#3398 = CARTESIAN_POINT('',(120.38,6.98));
#3399 = VECTOR('',#3400,1.);
#3400 = DIRECTION('',(0.,1.));
#3401 = ( GEOMETRIC_REPRESENTATION_CONTEXT(2) 
PARAMETRIC_REPRESENTATION_CONTEXT() REPRESENTATION_CONTEXT('2D SPACE',''
  ) );
#3402 = FACE_BOUND('',#3403,.F.);
#3403 = EDGE_LOOP('',(#3404));
#3404 = ORIENTED_EDGE('',*,*,#3201,.F.);
#3405 = ADVANCED_FACE('',(#3406,#3510),#351,.T.);
#3406 = FACE_BOUND('',#3407,.T.);
#3407 = EDGE_LOOP('',(#3408,#3438,#3466,#3487,#3488));
#3408 = ORIENTED_EDGE('',*,*,#3409,.T.);
#3409 = EDGE_CURVE('',#3410,#3412,#3414,.T.);
#3410 = VERTEX_POINT('',#3411);
#3411 = CARTESIAN_POINT('',(-20.5,15.5,63.3));
#3412 = VERTEX_POINT('',#3413);
#3413 = CARTESIAN_POINT('',(-20.5,15.5,67.3));
#3414 = SURFACE_CURVE('',#3415,(#3419,#3426),.PCURVE_S1.);
#3415 = LINE('',#3416,#3417);
#3416 = CARTESIAN_POINT('',(-20.5,15.5,58.78));
#3417 = VECTOR('',#3418,1.);
#3418 = DIRECTION('',(0.,0.,1.));
#3419 = PCURVE('',#351,#3420);
#3420 = DEFINITIONAL_REPRESENTATION('',(#3421),#3425);
#3421 = LINE('',#3422,#3423);
#3422 = CARTESIAN_POINT('',(-3.012274887855,-3.012274887855));
#3423 = VECTOR('',#3424,1.);
#3424 = DIRECTION('',(1.,0.));
#3425 = ( GEOMETRIC_REPRESENTATION_CONTEXT(2) 
PARAMETRIC_REPRESENTATION_CONTEXT() REPRESENTATION_CONTEXT('2D SPACE',''
  ) );
#3426 = PCURVE('',#3427,#3432);
#3427 = PLANE('',#3428);
#3428 = AXIS2_PLACEMENT_3D('',#3429,#3430,#3431);
#3429 = CARTESIAN_POINT('',(-32.,15.5,58.78));
#3430 = DIRECTION('',(0.,-1.,0.));
#3431 = DIRECTION('',(0.,0.,1.));
#3432 = DEFINITIONAL_REPRESENTATION('',(#3433),#3437);
#3433 = LINE('',#3434,#3435);
#3434 = CARTESIAN_POINT('',(0.,-11.5));
#3435 = VECTOR('',#3436,1.);
#3436 = DIRECTION('',(1.,0.));
#3437 = ( GEOMETRIC_REPRESENTATION_CONTEXT(2) 
PARAMETRIC_REPRESENTATION_CONTEXT() REPRESENTATION_CONTEXT('2D SPACE',''
  ) );
#3438 = ORIENTED_EDGE('',*,*,#3439,.T.);
#3439 = EDGE_CURVE('',#3412,#3440,#3442,.T.);
#3440 = VERTEX_POINT('',#3441);
#3441 = CARTESIAN_POINT('',(-20.5,6.98,58.78));
#3442 = SURFACE_CURVE('',#3443,(#3447,#3454),.PCURVE_S1.);
#3443 = LINE('',#3444,#3445);
#3444 = CARTESIAN_POINT('',(-20.5,15.5,67.3));
#3445 = VECTOR('',#3446,1.);
#3446 = DIRECTION('',(0.,-0.707106781187,-0.707106781187));
#3447 = PCURVE('',#351,#3448);
#3448 = DEFINITIONAL_REPRESENTATION('',(#3449),#3453);
#3449 = LINE('',#3450,#3451);
#3450 = CARTESIAN_POINT('',(5.507725112145,-3.012274887855));
#3451 = VECTOR('',#3452,1.);
#3452 = DIRECTION('',(-0.707106781187,0.707106781187));
#3453 = ( GEOMETRIC_REPRESENTATION_CONTEXT(2) 
PARAMETRIC_REPRESENTATION_CONTEXT() REPRESENTATION_CONTEXT('2D SPACE',''
  ) );
#3454 = PCURVE('',#3455,#3460);
#3455 = PLANE('',#3456);
#3456 = AXIS2_PLACEMENT_3D('',#3457,#3458,#3459);
#3457 = CARTESIAN_POINT('',(-32.,15.5,67.3));
#3458 = DIRECTION('',(0.,0.707106781187,-0.707106781187));
#3459 = DIRECTION('',(0.,-0.707106781187,-0.707106781187));
#3460 = DEFINITIONAL_REPRESENTATION('',(#3461),#3465);
#3461 = LINE('',#3462,#3463);
#3462 = CARTESIAN_POINT('',(0.,-11.5));
#3463 = VECTOR('',#3464,1.);
#3464 = DIRECTION('',(1.,0.));
#3465 = ( GEOMETRIC_REPRESENTATION_CONTEXT(2) 
PARAMETRIC_REPRESENTATION_CONTEXT() REPRESENTATION_CONTEXT('2D SPACE',''
  ) );
#3466 = ORIENTED_EDGE('',*,*,#3467,.F.);
#3467 = EDGE_CURVE('',#336,#3440,#3468,.T.);
#3468 = SURFACE_CURVE('',#3469,(#3473,#3480),.PCURVE_S1.);
#3469 = LINE('',#3470,#3471);
#3470 = CARTESIAN_POINT('',(-20.5,23.5,58.78));
#3471 = VECTOR('',#3472,1.);
#3472 = DIRECTION('',(0.,-1.,0.));
#3473 = PCURVE('',#351,#3474);
#3474 = DEFINITIONAL_REPRESENTATION('',(#3475),#3479);
#3475 = LINE('',#3476,#3477);
#3476 = CARTESIAN_POINT('',(-3.012274887855,-11.01227488785));
#3477 = VECTOR('',#3478,1.);
#3478 = DIRECTION('',(0.,1.));
#3479 = ( GEOMETRIC_REPRESENTATION_CONTEXT(2) 
PARAMETRIC_REPRESENTATION_CONTEXT() REPRESENTATION_CONTEXT('2D SPACE',''
  ) );
#3480 = PCURVE('',#268,#3481);
#3481 = DEFINITIONAL_REPRESENTATION('',(#3482),#3486);
#3482 = LINE('',#3483,#3484);
#3483 = CARTESIAN_POINT('',(79.38,23.5));
#3484 = VECTOR('',#3485,1.);
#3485 = DIRECTION('',(0.,-1.));
#3486 = ( GEOMETRIC_REPRESENTATION_CONTEXT(2) 
PARAMETRIC_REPRESENTATION_CONTEXT() REPRESENTATION_CONTEXT('2D SPACE',''
  ) );
#3487 = ORIENTED_EDGE('',*,*,#335,.T.);
#3488 = ORIENTED_EDGE('',*,*,#3489,.T.);
#3489 = EDGE_CURVE('',#309,#3410,#3490,.T.);
#3490 = SURFACE_CURVE('',#3491,(#3496,#3503),.PCURVE_S1.);
#3491 = CIRCLE('',#3492,4.);
#3492 = AXIS2_PLACEMENT_3D('',#3493,#3494,#3495);
#3493 = CARTESIAN_POINT('',(-20.5,19.5,63.3));
#3494 = DIRECTION('',(1.,0.,0.));
#3495 = DIRECTION('',(-0.,1.,0.));
#3496 = PCURVE('',#351,#3497);
#3497 = DEFINITIONAL_REPRESENTATION('',(#3498),#3502);
#3498 = CIRCLE('',#3499,4.);
#3499 = AXIS2_PLACEMENT_2D('',#3500,#3501);
#3500 = CARTESIAN_POINT('',(1.507725112145,-7.012274887855));
#3501 = DIRECTION('',(0.,-1.));
#3502 = ( GEOMETRIC_REPRESENTATION_CONTEXT(2) 
PARAMETRIC_REPRESENTATION_CONTEXT() REPRESENTATION_CONTEXT('2D SPACE',''
  ) );
#3503 = PCURVE('',#324,#3504);
#3504 = DEFINITIONAL_REPRESENTATION('',(#3505),#3509);
#3505 = LINE('',#3506,#3507);
#3506 = CARTESIAN_POINT('',(4.712388980385,11.5));
#3507 = VECTOR('',#3508,1.);
#3508 = DIRECTION('',(1.,0.));
#3509 = ( GEOMETRIC_REPRESENTATION_CONTEXT(2) 
PARAMETRIC_REPRESENTATION_CONTEXT() REPRESENTATION_CONTEXT('2D SPACE',''
  ) );
#3510 = FACE_BOUND('',#3511,.T.);
#3511 = EDGE_LOOP('',(#3512));
#3512 = ORIENTED_EDGE('',*,*,#3513,.T.);
#3513 = EDGE_CURVE('',#3514,#3514,#3516,.T.);
#3514 = VERTEX_POINT('',#3515);
#3515 = CARTESIAN_POINT('',(-20.5,19.5,65.));
#3516 = SURFACE_CURVE('',#3517,(#3522,#3533),.PCURVE_S1.);
#3517 = CIRCLE('',#3518,1.7);
#3518 = AXIS2_PLACEMENT_3D('',#3519,#3520,#3521);
#3519 = CARTESIAN_POINT('',(-20.5,19.5,63.3));
#3520 = DIRECTION('',(-1.,0.,0.));
#3521 = DIRECTION('',(0.,0.,1.));
#3522 = PCURVE('',#351,#3523);
#3523 = DEFINITIONAL_REPRESENTATION('',(#3524),#3532);
#3524 = ( BOUNDED_CURVE() B_SPLINE_CURVE(2,(#3525,#3526,#3527,#3528,
#3529,#3530,#3531),.UNSPECIFIED.,.T.,.F.) B_SPLINE_CURVE_WITH_KNOTS((1,2
    ,2,2,2,1),(-2.094395102393,0.,2.094395102393,4.188790204786,
6.28318530718,8.377580409573),.UNSPECIFIED.) CURVE() 
GEOMETRIC_REPRESENTATION_ITEM() RATIONAL_B_SPLINE_CURVE((1.,0.5,1.,0.5,
1.,0.5,1.)) REPRESENTATION_ITEM('') );
#3525 = CARTESIAN_POINT('',(3.207725112145,-7.012274887855));
#3526 = CARTESIAN_POINT('',(3.207725112145,-9.956761260722));
#3527 = CARTESIAN_POINT('',(0.657725112145,-8.484518074288));
#3528 = CARTESIAN_POINT('',(-1.892274887855,-7.012274887855));
#3529 = CARTESIAN_POINT('',(0.657725112145,-5.540031701421));
#3530 = CARTESIAN_POINT('',(3.207725112145,-4.067788514988));
#3531 = CARTESIAN_POINT('',(3.207725112145,-7.012274887855));
#3532 = ( GEOMETRIC_REPRESENTATION_CONTEXT(2) 
PARAMETRIC_REPRESENTATION_CONTEXT() REPRESENTATION_CONTEXT('2D SPACE',''
  ) );
#3533 = PCURVE('',#3534,#3539);
#3534 = CYLINDRICAL_SURFACE('',#3535,1.7);
#3535 = AXIS2_PLACEMENT_3D('',#3536,#3537,#3538);
#3536 = CARTESIAN_POINT('',(-33.,19.5,63.3));
#3537 = DIRECTION('',(1.,0.,0.));
#3538 = DIRECTION('',(-0.,0.,1.));
#3539 = DEFINITIONAL_REPRESENTATION('',(#3540),#3544);
#3540 = LINE('',#3541,#3542);
#3541 = CARTESIAN_POINT('',(6.28318530718,12.5));
#3542 = VECTOR('',#3543,1.);
#3543 = DIRECTION('',(-1.,-0.));
#3544 = ( GEOMETRIC_REPRESENTATION_CONTEXT(2) 
PARAMETRIC_REPRESENTATION_CONTEXT() REPRESENTATION_CONTEXT('2D SPACE',''
  ) );
#3545 = ADVANCED_FACE('',(#3546),#3534,.F.);
#3546 = FACE_BOUND('',#3547,.F.);
#3547 = EDGE_LOOP('',(#3548,#3549,#3572,#3594));
#3548 = ORIENTED_EDGE('',*,*,#3513,.T.);
#3549 = ORIENTED_EDGE('',*,*,#3550,.F.);
#3550 = EDGE_CURVE('',#3551,#3514,#3553,.T.);
#3551 = VERTEX_POINT('',#3552);
#3552 = CARTESIAN_POINT('',(-32.,19.5,65.));
#3553 = SEAM_CURVE('',#3554,(#3558,#3565),.PCURVE_S1.);
#3554 = LINE('',#3555,#3556);
#3555 = CARTESIAN_POINT('',(-33.,19.5,65.));
#3556 = VECTOR('',#3557,1.);
#3557 = DIRECTION('',(1.,0.,0.));
#3558 = PCURVE('',#3534,#3559);
#3559 = DEFINITIONAL_REPRESENTATION('',(#3560),#3564);
#3560 = LINE('',#3561,#3562);
#3561 = CARTESIAN_POINT('',(0.,-0.));
#3562 = VECTOR('',#3563,1.);
#3563 = DIRECTION('',(0.,1.));
#3564 = ( GEOMETRIC_REPRESENTATION_CONTEXT(2) 
PARAMETRIC_REPRESENTATION_CONTEXT() REPRESENTATION_CONTEXT('2D SPACE',''
  ) );
#3565 = PCURVE('',#3534,#3566);
#3566 = DEFINITIONAL_REPRESENTATION('',(#3567),#3571);
#3567 = LINE('',#3568,#3569);
#3568 = CARTESIAN_POINT('',(6.28318530718,-0.));
#3569 = VECTOR('',#3570,1.);
#3570 = DIRECTION('',(0.,1.));
#3571 = ( GEOMETRIC_REPRESENTATION_CONTEXT(2) 
PARAMETRIC_REPRESENTATION_CONTEXT() REPRESENTATION_CONTEXT('2D SPACE',''
  ) );
#3572 = ORIENTED_EDGE('',*,*,#3573,.T.);
#3573 = EDGE_CURVE('',#3551,#3551,#3574,.T.);
#3574 = SURFACE_CURVE('',#3575,(#3580,#3587),.PCURVE_S1.);
#3575 = CIRCLE('',#3576,1.7);
#3576 = AXIS2_PLACEMENT_3D('',#3577,#3578,#3579);
#3577 = CARTESIAN_POINT('',(-32.,19.5,63.3));
#3578 = DIRECTION('',(1.,0.,0.));
#3579 = DIRECTION('',(-0.,0.,1.));
#3580 = PCURVE('',#3534,#3581);
#3581 = DEFINITIONAL_REPRESENTATION('',(#3582),#3586);
#3582 = LINE('',#3583,#3584);
#3583 = CARTESIAN_POINT('',(0.,1.));
#3584 = VECTOR('',#3585,1.);
#3585 = DIRECTION('',(1.,0.));
#3586 = ( GEOMETRIC_REPRESENTATION_CONTEXT(2) 
PARAMETRIC_REPRESENTATION_CONTEXT() REPRESENTATION_CONTEXT('2D SPACE',''
  ) );
#3587 = PCURVE('',#296,#3588);
#3588 = DEFINITIONAL_REPRESENTATION('',(#3589),#3593);
#3589 = CIRCLE('',#3590,1.7);
#3590 = AXIS2_PLACEMENT_2D('',#3591,#3592);
#3591 = CARTESIAN_POINT('',(4.52,-4.));
#3592 = DIRECTION('',(1.,0.));
#3593 = ( GEOMETRIC_REPRESENTATION_CONTEXT(2) 
PARAMETRIC_REPRESENTATION_CONTEXT() REPRESENTATION_CONTEXT('2D SPACE',''
  ) );
#3594 = ORIENTED_EDGE('',*,*,#3550,.T.);
#3595 = ADVANCED_FACE('',(#3596),#3455,.F.);
#3596 = FACE_BOUND('',#3597,.F.);
#3597 = EDGE_LOOP('',(#3598,#3621,#3622,#3645));
#3598 = ORIENTED_EDGE('',*,*,#3599,.T.);
#3599 = EDGE_CURVE('',#3600,#3412,#3602,.T.);
#3600 = VERTEX_POINT('',#3601);
#3601 = CARTESIAN_POINT('',(-32.,15.5,67.3));
#3602 = SURFACE_CURVE('',#3603,(#3607,#3614),.PCURVE_S1.);
#3603 = LINE('',#3604,#3605);
#3604 = CARTESIAN_POINT('',(-32.,15.5,67.3));
#3605 = VECTOR('',#3606,1.);
#3606 = DIRECTION('',(1.,0.,0.));
#3607 = PCURVE('',#3455,#3608);
#3608 = DEFINITIONAL_REPRESENTATION('',(#3609),#3613);
#3609 = LINE('',#3610,#3611);
#3610 = CARTESIAN_POINT('',(0.,0.));
#3611 = VECTOR('',#3612,1.);
#3612 = DIRECTION('',(0.,-1.));
#3613 = ( GEOMETRIC_REPRESENTATION_CONTEXT(2) 
PARAMETRIC_REPRESENTATION_CONTEXT() REPRESENTATION_CONTEXT('2D SPACE',''
  ) );
#3614 = PCURVE('',#3427,#3615);
#3615 = DEFINITIONAL_REPRESENTATION('',(#3616),#3620);
#3616 = LINE('',#3617,#3618);
#3617 = CARTESIAN_POINT('',(8.52,0.));
#3618 = VECTOR('',#3619,1.);
#3619 = DIRECTION('',(0.,-1.));
#3620 = ( GEOMETRIC_REPRESENTATION_CONTEXT(2) 
PARAMETRIC_REPRESENTATION_CONTEXT() REPRESENTATION_CONTEXT('2D SPACE',''
  ) );
#3621 = ORIENTED_EDGE('',*,*,#3439,.T.);
#3622 = ORIENTED_EDGE('',*,*,#3623,.F.);
#3623 = EDGE_CURVE('',#3624,#3440,#3626,.T.);
#3624 = VERTEX_POINT('',#3625);
#3625 = CARTESIAN_POINT('',(-32.,6.98,58.78));
#3626 = SURFACE_CURVE('',#3627,(#3631,#3638),.PCURVE_S1.);
#3627 = LINE('',#3628,#3629);
#3628 = CARTESIAN_POINT('',(-32.,6.98,58.78));
#3629 = VECTOR('',#3630,1.);
#3630 = DIRECTION('',(1.,0.,0.));
#3631 = PCURVE('',#3455,#3632);
#3632 = DEFINITIONAL_REPRESENTATION('',(#3633),#3637);
#3633 = LINE('',#3634,#3635);
#3634 = CARTESIAN_POINT('',(12.049099551419,0.));
#3635 = VECTOR('',#3636,1.);
#3636 = DIRECTION('',(0.,-1.));
#3637 = ( GEOMETRIC_REPRESENTATION_CONTEXT(2) 
PARAMETRIC_REPRESENTATION_CONTEXT() REPRESENTATION_CONTEXT('2D SPACE',''
  ) );
#3638 = PCURVE('',#268,#3639);
#3639 = DEFINITIONAL_REPRESENTATION('',(#3640),#3644);
#3640 = LINE('',#3641,#3642);
#3641 = CARTESIAN_POINT('',(67.88,6.98));
#3642 = VECTOR('',#3643,1.);
#3643 = DIRECTION('',(1.,0.));
#3644 = ( GEOMETRIC_REPRESENTATION_CONTEXT(2) 
PARAMETRIC_REPRESENTATION_CONTEXT() REPRESENTATION_CONTEXT('2D SPACE',''
  ) );
#3645 = ORIENTED_EDGE('',*,*,#3646,.F.);
#3646 = EDGE_CURVE('',#3600,#3624,#3647,.T.);
#3647 = SURFACE_CURVE('',#3648,(#3652,#3659),.PCURVE_S1.);
#3648 = LINE('',#3649,#3650);
#3649 = CARTESIAN_POINT('',(-32.,15.5,67.3));
#3650 = VECTOR('',#3651,1.);
#3651 = DIRECTION('',(0.,-0.707106781187,-0.707106781187));
#3652 = PCURVE('',#3455,#3653);
#3653 = DEFINITIONAL_REPRESENTATION('',(#3654),#3658);
#3654 = LINE('',#3655,#3656);
#3655 = CARTESIAN_POINT('',(0.,0.));
#3656 = VECTOR('',#3657,1.);
#3657 = DIRECTION('',(1.,0.));
#3658 = ( GEOMETRIC_REPRESENTATION_CONTEXT(2) 
PARAMETRIC_REPRESENTATION_CONTEXT() REPRESENTATION_CONTEXT('2D SPACE',''
  ) );
#3659 = PCURVE('',#296,#3660);
#3660 = DEFINITIONAL_REPRESENTATION('',(#3661),#3665);
#3661 = LINE('',#3662,#3663);
#3662 = CARTESIAN_POINT('',(8.52,0.));
#3663 = VECTOR('',#3664,1.);
#3664 = DIRECTION('',(-0.707106781187,0.707106781187));
#3665 = ( GEOMETRIC_REPRESENTATION_CONTEXT(2) 
PARAMETRIC_REPRESENTATION_CONTEXT() REPRESENTATION_CONTEXT('2D SPACE',''
  ) );
#3666 = ADVANCED_FACE('',(#3667),#3427,.F.);
#3667 = FACE_BOUND('',#3668,.F.);
#3668 = EDGE_LOOP('',(#3669,#3692,#3712,#3713));
#3669 = ORIENTED_EDGE('',*,*,#3670,.F.);
#3670 = EDGE_CURVE('',#3671,#3600,#3673,.T.);
#3671 = VERTEX_POINT('',#3672);
#3672 = CARTESIAN_POINT('',(-32.,15.5,63.3));
#3673 = SURFACE_CURVE('',#3674,(#3678,#3685),.PCURVE_S1.);
#3674 = LINE('',#3675,#3676);
#3675 = CARTESIAN_POINT('',(-32.,15.5,58.78));
#3676 = VECTOR('',#3677,1.);
#3677 = DIRECTION('',(0.,0.,1.));
#3678 = PCURVE('',#3427,#3679);
#3679 = DEFINITIONAL_REPRESENTATION('',(#3680),#3684);
#3680 = LINE('',#3681,#3682);
#3681 = CARTESIAN_POINT('',(0.,0.));
#3682 = VECTOR('',#3683,1.);
#3683 = DIRECTION('',(1.,0.));
#3684 = ( GEOMETRIC_REPRESENTATION_CONTEXT(2) 
PARAMETRIC_REPRESENTATION_CONTEXT() REPRESENTATION_CONTEXT('2D SPACE',''
  ) );
#3685 = PCURVE('',#296,#3686);
#3686 = DEFINITIONAL_REPRESENTATION('',(#3687),#3691);
#3687 = LINE('',#3688,#3689);
#3688 = CARTESIAN_POINT('',(0.,0.));
#3689 = VECTOR('',#3690,1.);
#3690 = DIRECTION('',(1.,0.));
#3691 = ( GEOMETRIC_REPRESENTATION_CONTEXT(2) 
PARAMETRIC_REPRESENTATION_CONTEXT() REPRESENTATION_CONTEXT('2D SPACE',''
  ) );
#3692 = ORIENTED_EDGE('',*,*,#3693,.T.);
#3693 = EDGE_CURVE('',#3671,#3410,#3694,.T.);
#3694 = SURFACE_CURVE('',#3695,(#3699,#3706),.PCURVE_S1.);
#3695 = LINE('',#3696,#3697);
#3696 = CARTESIAN_POINT('',(-32.,15.5,63.3));
#3697 = VECTOR('',#3698,1.);
#3698 = DIRECTION('',(1.,0.,-0.));
#3699 = PCURVE('',#3427,#3700);
#3700 = DEFINITIONAL_REPRESENTATION('',(#3701),#3705);
#3701 = LINE('',#3702,#3703);
#3702 = CARTESIAN_POINT('',(4.52,0.));
#3703 = VECTOR('',#3704,1.);
#3704 = DIRECTION('',(0.,-1.));
#3705 = ( GEOMETRIC_REPRESENTATION_CONTEXT(2) 
PARAMETRIC_REPRESENTATION_CONTEXT() REPRESENTATION_CONTEXT('2D SPACE',''
  ) );
#3706 = PCURVE('',#324,#3707);
#3707 = DEFINITIONAL_REPRESENTATION('',(#3708),#3711);
#3708 = B_SPLINE_CURVE_WITH_KNOTS('',1,(#3709,#3710),.UNSPECIFIED.,.F.,
  .F.,(2,2),(0.,11.5),.PIECEWISE_BEZIER_KNOTS.);
#3709 = CARTESIAN_POINT('',(7.853981633974,0.));
#3710 = CARTESIAN_POINT('',(7.853981633974,11.5));
#3711 = ( GEOMETRIC_REPRESENTATION_CONTEXT(2) 
PARAMETRIC_REPRESENTATION_CONTEXT() REPRESENTATION_CONTEXT('2D SPACE',''
  ) );
#3712 = ORIENTED_EDGE('',*,*,#3409,.T.);
#3713 = ORIENTED_EDGE('',*,*,#3599,.F.);
#3714 = ADVANCED_FACE('',(#3715),#324,.T.);
#3715 = FACE_BOUND('',#3716,.T.);
#3716 = EDGE_LOOP('',(#3717,#3743,#3744,#3745));
#3717 = ORIENTED_EDGE('',*,*,#3718,.F.);
#3718 = EDGE_CURVE('',#3671,#281,#3719,.T.);
#3719 = SURFACE_CURVE('',#3720,(#3725,#3732),.PCURVE_S1.);
#3720 = CIRCLE('',#3721,4.);
#3721 = AXIS2_PLACEMENT_3D('',#3722,#3723,#3724);
#3722 = CARTESIAN_POINT('',(-32.,19.5,63.3));
#3723 = DIRECTION('',(-1.,0.,0.));
#3724 = DIRECTION('',(0.,-1.,0.));
#3725 = PCURVE('',#324,#3726);
#3726 = DEFINITIONAL_REPRESENTATION('',(#3727),#3731);
#3727 = LINE('',#3728,#3729);
#3728 = CARTESIAN_POINT('',(7.853981633974,0.));
#3729 = VECTOR('',#3730,1.);
#3730 = DIRECTION('',(-1.,-0.));
#3731 = ( GEOMETRIC_REPRESENTATION_CONTEXT(2) 
PARAMETRIC_REPRESENTATION_CONTEXT() REPRESENTATION_CONTEXT('2D SPACE',''
  ) );
#3732 = PCURVE('',#296,#3733);
#3733 = DEFINITIONAL_REPRESENTATION('',(#3734),#3742);
#3734 = ( BOUNDED_CURVE() B_SPLINE_CURVE(2,(#3735,#3736,#3737,#3738,
#3739,#3740,#3741),.UNSPECIFIED.,.T.,.F.) B_SPLINE_CURVE_WITH_KNOTS((1,2
    ,2,2,2,1),(-2.094395102393,0.,2.094395102393,4.188790204786,
6.28318530718,8.377580409573),.UNSPECIFIED.) CURVE() 
GEOMETRIC_REPRESENTATION_ITEM() RATIONAL_B_SPLINE_CURVE((1.,0.5,1.,0.5,
1.,0.5,1.)) REPRESENTATION_ITEM('') );
#3735 = CARTESIAN_POINT('',(4.52,0.));
#3736 = CARTESIAN_POINT('',(11.448203230276,0.));
#3737 = CARTESIAN_POINT('',(7.984101615138,-6.));
#3738 = CARTESIAN_POINT('',(4.52,-12.));
#3739 = CARTESIAN_POINT('',(1.055898384862,-6.));
#3740 = CARTESIAN_POINT('',(-2.408203230276,-6.217248937901E-15));
#3741 = CARTESIAN_POINT('',(4.52,0.));
#3742 = ( GEOMETRIC_REPRESENTATION_CONTEXT(2) 
PARAMETRIC_REPRESENTATION_CONTEXT() REPRESENTATION_CONTEXT('2D SPACE',''
  ) );
#3743 = ORIENTED_EDGE('',*,*,#3693,.T.);
#3744 = ORIENTED_EDGE('',*,*,#3489,.F.);
#3745 = ORIENTED_EDGE('',*,*,#308,.F.);
#3746 = ADVANCED_FACE('',(#3747,#3774),#296,.F.);
#3747 = FACE_BOUND('',#3748,.F.);
#3748 = EDGE_LOOP('',(#3749,#3750,#3751,#3752,#3753));
#3749 = ORIENTED_EDGE('',*,*,#280,.T.);
#3750 = ORIENTED_EDGE('',*,*,#3718,.F.);
#3751 = ORIENTED_EDGE('',*,*,#3670,.T.);
#3752 = ORIENTED_EDGE('',*,*,#3646,.T.);
#3753 = ORIENTED_EDGE('',*,*,#3754,.T.);
#3754 = EDGE_CURVE('',#3624,#253,#3755,.T.);
#3755 = SURFACE_CURVE('',#3756,(#3760,#3767),.PCURVE_S1.);
#3756 = LINE('',#3757,#3758);
#3757 = CARTESIAN_POINT('',(-32.,6.98,58.78));
#3758 = VECTOR('',#3759,1.);
#3759 = DIRECTION('',(0.,1.,0.));
#3760 = PCURVE('',#296,#3761);
#3761 = DEFINITIONAL_REPRESENTATION('',(#3762),#3766);
#3762 = LINE('',#3763,#3764);
#3763 = CARTESIAN_POINT('',(0.,8.52));
#3764 = VECTOR('',#3765,1.);
#3765 = DIRECTION('',(0.,-1.));
#3766 = ( GEOMETRIC_REPRESENTATION_CONTEXT(2) 
PARAMETRIC_REPRESENTATION_CONTEXT() REPRESENTATION_CONTEXT('2D SPACE',''
  ) );
#3767 = PCURVE('',#268,#3768);
#3768 = DEFINITIONAL_REPRESENTATION('',(#3769),#3773);
#3769 = LINE('',#3770,#3771);
#3770 = CARTESIAN_POINT('',(67.88,6.98));
#3771 = VECTOR('',#3772,1.);
#3772 = DIRECTION('',(0.,1.));
#3773 = ( GEOMETRIC_REPRESENTATION_CONTEXT(2) 
PARAMETRIC_REPRESENTATION_CONTEXT() REPRESENTATION_CONTEXT('2D SPACE',''
  ) );
#3774 = FACE_BOUND('',#3775,.F.);
#3775 = EDGE_LOOP('',(#3776));
#3776 = ORIENTED_EDGE('',*,*,#3573,.F.);
#3777 = ADVANCED_FACE('',(#3778),#268,.T.);
#3778 = FACE_BOUND('',#3779,.T.);
#3779 = EDGE_LOOP('',(#3780,#3801,#3802,#3803,#3804,#3805,#3806,#3807,
    #3808,#3809,#3810,#3811));
#3780 = ORIENTED_EDGE('',*,*,#3781,.T.);
#3781 = EDGE_CURVE('',#224,#2456,#3782,.T.);
#3782 = SURFACE_CURVE('',#3783,(#3787,#3794),.PCURVE_S1.);
#3783 = LINE('',#3784,#3785);
#3784 = CARTESIAN_POINT('',(-99.88,23.5,58.78));
#3785 = VECTOR('',#3786,1.);
#3786 = DIRECTION('',(0.,-1.,0.));
#3787 = PCURVE('',#268,#3788);
#3788 = DEFINITIONAL_REPRESENTATION('',(#3789),#3793);
#3789 = LINE('',#3790,#3791);
#3790 = CARTESIAN_POINT('',(0.,23.5));
#3791 = VECTOR('',#3792,1.);
#3792 = DIRECTION('',(0.,-1.));
#3793 = ( GEOMETRIC_REPRESENTATION_CONTEXT(2) 
PARAMETRIC_REPRESENTATION_CONTEXT() REPRESENTATION_CONTEXT('2D SPACE',''
  ) );
#3794 = PCURVE('',#240,#3795);
#3795 = DEFINITIONAL_REPRESENTATION('',(#3796),#3800);
#3796 = LINE('',#3797,#3798);
#3797 = CARTESIAN_POINT('',(6.28318530718,23.5));
#3798 = VECTOR('',#3799,1.);
#3799 = DIRECTION('',(-0.,-1.));
#3800 = ( GEOMETRIC_REPRESENTATION_CONTEXT(2) 
PARAMETRIC_REPRESENTATION_CONTEXT() REPRESENTATION_CONTEXT('2D SPACE',''
  ) );
#3801 = ORIENTED_EDGE('',*,*,#2479,.T.);
#3802 = ORIENTED_EDGE('',*,*,#3011,.F.);
#3803 = ORIENTED_EDGE('',*,*,#469,.F.);
#3804 = ORIENTED_EDGE('',*,*,#3095,.T.);
#3805 = ORIENTED_EDGE('',*,*,#3251,.F.);
#3806 = ORIENTED_EDGE('',*,*,#3382,.T.);
#3807 = ORIENTED_EDGE('',*,*,#363,.F.);
#3808 = ORIENTED_EDGE('',*,*,#3467,.T.);
#3809 = ORIENTED_EDGE('',*,*,#3623,.F.);
#3810 = ORIENTED_EDGE('',*,*,#3754,.T.);
#3811 = ORIENTED_EDGE('',*,*,#252,.F.);
#3812 = ADVANCED_FACE('',(#3813),#240,.T.);
#3813 = FACE_BOUND('',#3814,.T.);
#3814 = EDGE_LOOP('',(#3815,#3816,#3837,#3838));
#3815 = ORIENTED_EDGE('',*,*,#223,.F.);
#3816 = ORIENTED_EDGE('',*,*,#3817,.T.);
#3817 = EDGE_CURVE('',#196,#2433,#3818,.T.);
#3818 = SURFACE_CURVE('',#3819,(#3823,#3830),.PCURVE_S1.);
#3819 = LINE('',#3820,#3821);
#3820 = CARTESIAN_POINT('',(-104.88,23.5,53.78));
#3821 = VECTOR('',#3822,1.);
#3822 = DIRECTION('',(0.,-1.,0.));
#3823 = PCURVE('',#240,#3824);
#3824 = DEFINITIONAL_REPRESENTATION('',(#3825),#3829);
#3825 = LINE('',#3826,#3827);
#3826 = CARTESIAN_POINT('',(4.712388980385,23.5));
#3827 = VECTOR('',#3828,1.);
#3828 = DIRECTION('',(-0.,-1.));
#3829 = ( GEOMETRIC_REPRESENTATION_CONTEXT(2) 
PARAMETRIC_REPRESENTATION_CONTEXT() REPRESENTATION_CONTEXT('2D SPACE',''
  ) );
#3830 = PCURVE('',#211,#3831);
#3831 = DEFINITIONAL_REPRESENTATION('',(#3832),#3836);
#3832 = LINE('',#3833,#3834);
#3833 = CARTESIAN_POINT('',(107.56,-23.5));
#3834 = VECTOR('',#3835,1.);
#3835 = DIRECTION('',(0.,1.));
#3836 = ( GEOMETRIC_REPRESENTATION_CONTEXT(2) 
PARAMETRIC_REPRESENTATION_CONTEXT() REPRESENTATION_CONTEXT('2D SPACE',''
  ) );
#3837 = ORIENTED_EDGE('',*,*,#2455,.T.);
#3838 = ORIENTED_EDGE('',*,*,#3781,.F.);
#3839 = ADVANCED_FACE('',(#3840),#211,.F.);
#3840 = FACE_BOUND('',#3841,.F.);
#3841 = EDGE_LOOP('',(#3842,#3843,#3844,#3845,#3846,#3847,#3848,#3868));
#3842 = ORIENTED_EDGE('',*,*,#3817,.T.);
#3843 = ORIENTED_EDGE('',*,*,#2432,.F.);
#3844 = ORIENTED_EDGE('',*,*,#2905,.T.);
#3845 = ORIENTED_EDGE('',*,*,#635,.T.);
#3846 = ORIENTED_EDGE('',*,*,#2741,.T.);
#3847 = ORIENTED_EDGE('',*,*,#2815,.T.);
#3848 = ORIENTED_EDGE('',*,*,#3849,.F.);
#3849 = EDGE_CURVE('',#169,#2816,#3850,.T.);
#3850 = SURFACE_CURVE('',#3851,(#3855,#3862),.PCURVE_S1.);
#3851 = LINE('',#3852,#3853);
#3852 = CARTESIAN_POINT('',(-104.88,2.7,20.));
#3853 = VECTOR('',#3854,1.);
#3854 = DIRECTION('',(0.,-1.,0.));
#3855 = PCURVE('',#211,#3856);
#3856 = DEFINITIONAL_REPRESENTATION('',(#3857),#3861);
#3857 = LINE('',#3858,#3859);
#3858 = CARTESIAN_POINT('',(73.78,-2.7));
#3859 = VECTOR('',#3860,1.);
#3860 = DIRECTION('',(0.,1.));
#3861 = ( GEOMETRIC_REPRESENTATION_CONTEXT(2) 
PARAMETRIC_REPRESENTATION_CONTEXT() REPRESENTATION_CONTEXT('2D SPACE',''
  ) );
#3862 = PCURVE('',#184,#3863);
#3863 = DEFINITIONAL_REPRESENTATION('',(#3864),#3867);
#3864 = B_SPLINE_CURVE_WITH_KNOTS('',1,(#3865,#3866),.UNSPECIFIED.,.F.,
  .F.,(2,2),(-20.8,-2.7),.PIECEWISE_BEZIER_KNOTS.);
#3865 = CARTESIAN_POINT('',(45.12,18.1));
#3866 = CARTESIAN_POINT('',(45.12,0.));
#3867 = ( GEOMETRIC_REPRESENTATION_CONTEXT(2) 
PARAMETRIC_REPRESENTATION_CONTEXT() REPRESENTATION_CONTEXT('2D SPACE',''
  ) );
#3868 = ORIENTED_EDGE('',*,*,#195,.T.);
#3869 = ADVANCED_FACE('',(#3870),#184,.F.);
#3870 = FACE_BOUND('',#3871,.F.);
#3871 = EDGE_LOOP('',(#3872,#3873,#3874,#3893));
#3872 = ORIENTED_EDGE('',*,*,#3849,.T.);
#3873 = ORIENTED_EDGE('',*,*,#2837,.T.);
#3874 = ORIENTED_EDGE('',*,*,#3875,.F.);
#3875 = EDGE_CURVE('',#141,#2838,#3876,.T.);
#3876 = SURFACE_CURVE('',#3877,(#3881,#3887),.PCURVE_S1.);
#3877 = LINE('',#3878,#3879);
#3878 = CARTESIAN_POINT('',(-102.38,2.2,20.));
#3879 = VECTOR('',#3880,1.);
#3880 = DIRECTION('',(0.,-1.,0.));
#3881 = PCURVE('',#184,#3882);
#3882 = DEFINITIONAL_REPRESENTATION('',(#3883),#3886);
#3883 = B_SPLINE_CURVE_WITH_KNOTS('',1,(#3884,#3885),.UNSPECIFIED.,.F.,
  .F.,(2,2),(-21.3,-3.2),.PIECEWISE_BEZIER_KNOTS.);
#3884 = CARTESIAN_POINT('',(47.62,18.1));
#3885 = CARTESIAN_POINT('',(47.62,0.));
#3886 = ( GEOMETRIC_REPRESENTATION_CONTEXT(2) 
PARAMETRIC_REPRESENTATION_CONTEXT() REPRESENTATION_CONTEXT('2D SPACE',''
  ) );
#3887 = PCURVE('',#156,#3888);
#3888 = DEFINITIONAL_REPRESENTATION('',(#3889),#3892);
#3889 = B_SPLINE_CURVE_WITH_KNOTS('',1,(#3890,#3891),.UNSPECIFIED.,.F.,
  .F.,(2,2),(-21.3,-3.2),.PIECEWISE_BEZIER_KNOTS.);
#3890 = CARTESIAN_POINT('',(73.78,-24.5));
#3891 = CARTESIAN_POINT('',(73.78,-6.4));
#3892 = ( GEOMETRIC_REPRESENTATION_CONTEXT(2) 
PARAMETRIC_REPRESENTATION_CONTEXT() REPRESENTATION_CONTEXT('2D SPACE',''
  ) );
#3893 = ORIENTED_EDGE('',*,*,#168,.F.);
#3894 = ADVANCED_FACE('',(#3895),#156,.T.);
#3895 = FACE_BOUND('',#3896,.T.);
#3896 = EDGE_LOOP('',(#3897,#3916,#3917,#3918,#3919,#3920,#3921,#3922));
#3897 = ORIENTED_EDGE('',*,*,#3898,.F.);
#3898 = EDGE_CURVE('',#1856,#112,#3899,.T.);
#3899 = SURFACE_CURVE('',#3900,(#3904,#3910),.PCURVE_S1.);
#3900 = LINE('',#3901,#3902);
#3901 = CARTESIAN_POINT('',(-102.38,0.,52.372347571279));
#3902 = VECTOR('',#3903,1.);
#3903 = DIRECTION('',(0.,1.,0.));
#3904 = PCURVE('',#156,#3905);
#3905 = DEFINITIONAL_REPRESENTATION('',(#3906),#3909);
#3906 = B_SPLINE_CURVE_WITH_KNOTS('',1,(#3907,#3908),.UNSPECIFIED.,.F.,
  .F.,(2,2),(-6.E-07,23.5000006),.PIECEWISE_BEZIER_KNOTS.);
#3907 = CARTESIAN_POINT('',(106.15234757127,-0.9999994));
#3908 = CARTESIAN_POINT('',(106.15234757127,-24.5000006));
#3909 = ( GEOMETRIC_REPRESENTATION_CONTEXT(2) 
PARAMETRIC_REPRESENTATION_CONTEXT() REPRESENTATION_CONTEXT('2D SPACE',''
  ) );
#3910 = PCURVE('',#128,#3911);
#3911 = DEFINITIONAL_REPRESENTATION('',(#3912),#3915);
#3912 = B_SPLINE_CURVE_WITH_KNOTS('',1,(#3913,#3914),.UNSPECIFIED.,.F.,
  .F.,(2,2),(-6.E-07,23.5000006),.PIECEWISE_BEZIER_KNOTS.);
#3913 = CARTESIAN_POINT('',(4.327038279251,-6.E-07));
#3914 = CARTESIAN_POINT('',(4.327038279251,23.5000006));
#3915 = ( GEOMETRIC_REPRESENTATION_CONTEXT(2) 
PARAMETRIC_REPRESENTATION_CONTEXT() REPRESENTATION_CONTEXT('2D SPACE',''
  ) );
#3916 = ORIENTED_EDGE('',*,*,#1908,.T.);
#3917 = ORIENTED_EDGE('',*,*,#2719,.T.);
#3918 = ORIENTED_EDGE('',*,*,#685,.F.);
#3919 = ORIENTED_EDGE('',*,*,#2791,.T.);
#3920 = ORIENTED_EDGE('',*,*,#2860,.T.);
#3921 = ORIENTED_EDGE('',*,*,#3875,.F.);
#3922 = ORIENTED_EDGE('',*,*,#140,.F.);
#3923 = ADVANCED_FACE('',(#3924),#128,.T.);
#3924 = FACE_BOUND('',#3925,.T.);
#3925 = EDGE_LOOP('',(#3926,#3927,#3946,#3947,#3948,#3949));
#3926 = ORIENTED_EDGE('',*,*,#111,.F.);
#3927 = ORIENTED_EDGE('',*,*,#3928,.F.);
#3928 = EDGE_CURVE('',#1534,#84,#3929,.T.);
#3929 = SURFACE_CURVE('',#3930,(#3934,#3940),.PCURVE_S1.);
#3930 = LINE('',#3931,#3932);
#3931 = CARTESIAN_POINT('',(-98.47234757127,0.,56.28));
#3932 = VECTOR('',#3933,1.);
#3933 = DIRECTION('',(0.,1.,0.));
#3934 = PCURVE('',#128,#3935);
#3935 = DEFINITIONAL_REPRESENTATION('',(#3936),#3939);
#3936 = B_SPLINE_CURVE_WITH_KNOTS('',1,(#3937,#3938),.UNSPECIFIED.,.F.,
  .F.,(2,2),(-6.E-07,23.5000006),.PIECEWISE_BEZIER_KNOTS.);
#3937 = CARTESIAN_POINT('',(0.385350701134,-6.E-07));
#3938 = CARTESIAN_POINT('',(0.385350701134,23.5000006));
#3939 = ( GEOMETRIC_REPRESENTATION_CONTEXT(2) 
PARAMETRIC_REPRESENTATION_CONTEXT() REPRESENTATION_CONTEXT('2D SPACE',''
  ) );
#3940 = PCURVE('',#99,#3941);
#3941 = DEFINITIONAL_REPRESENTATION('',(#3942),#3945);
#3942 = B_SPLINE_CURVE_WITH_KNOTS('',1,(#3943,#3944),.UNSPECIFIED.,.F.,
  .F.,(2,2),(-6.E-07,23.5000006),.PIECEWISE_BEZIER_KNOTS.);
#3943 = CARTESIAN_POINT('',(1.407652428721,0.9999994));
#3944 = CARTESIAN_POINT('',(1.407652428721,24.5000006));
#3945 = ( GEOMETRIC_REPRESENTATION_CONTEXT(2) 
PARAMETRIC_REPRESENTATION_CONTEXT() REPRESENTATION_CONTEXT('2D SPACE',''
  ) );
#3946 = ORIENTED_EDGE('',*,*,#1628,.T.);
#3947 = ORIENTED_EDGE('',*,*,#1830,.T.);
#3948 = ORIENTED_EDGE('',*,*,#1855,.T.);
#3949 = ORIENTED_EDGE('',*,*,#3898,.T.);
#3950 = ADVANCED_FACE('',(#3951),#99,.F.);
#3951 = FACE_BOUND('',#3952,.F.);
#3952 = EDGE_LOOP('',(#3953,#3954,#3955,#3974));
#3953 = ORIENTED_EDGE('',*,*,#3928,.F.);
#3954 = ORIENTED_EDGE('',*,*,#1531,.F.);
#3955 = ORIENTED_EDGE('',*,*,#3956,.T.);
#3956 = EDGE_CURVE('',#1532,#50,#3957,.T.);
#3957 = SURFACE_CURVE('',#3958,(#3962,#3968),.PCURVE_S1.);
#3958 = LINE('',#3959,#3960);
#3959 = CARTESIAN_POINT('',(98.472347571279,0.,56.28));
#3960 = VECTOR('',#3961,1.);
#3961 = DIRECTION('',(0.,1.,0.));
#3962 = PCURVE('',#99,#3963);
#3963 = DEFINITIONAL_REPRESENTATION('',(#3964),#3967);
#3964 = B_SPLINE_CURVE_WITH_KNOTS('',1,(#3965,#3966),.UNSPECIFIED.,.F.,
  .F.,(2,2),(-6.E-07,23.5000006),.PIECEWISE_BEZIER_KNOTS.);
#3965 = CARTESIAN_POINT('',(198.35234757127,0.9999994));
#3966 = CARTESIAN_POINT('',(198.35234757127,24.5000006));
#3967 = ( GEOMETRIC_REPRESENTATION_CONTEXT(2) 
PARAMETRIC_REPRESENTATION_CONTEXT() REPRESENTATION_CONTEXT('2D SPACE',''
  ) );
#3968 = PCURVE('',#71,#3969);
#3969 = DEFINITIONAL_REPRESENTATION('',(#3970),#3973);
#3970 = B_SPLINE_CURVE_WITH_KNOTS('',1,(#3971,#3972),.UNSPECIFIED.,.F.,
  .F.,(2,2),(-6.E-07,23.5000006),.PIECEWISE_BEZIER_KNOTS.);
#3971 = CARTESIAN_POINT('',(5.897834606046,-6.E-07));
#3972 = CARTESIAN_POINT('',(5.897834606046,23.5000006));
#3973 = ( GEOMETRIC_REPRESENTATION_CONTEXT(2) 
PARAMETRIC_REPRESENTATION_CONTEXT() REPRESENTATION_CONTEXT('2D SPACE',''
  ) );
#3974 = ORIENTED_EDGE('',*,*,#83,.T.);
#3975 = ADVANCED_FACE('',(#3976),#71,.T.);
#3976 = FACE_BOUND('',#3977,.T.);
#3977 = EDGE_LOOP('',(#3978,#3979,#3980,#3981,#3982,#3983));
#3978 = ORIENTED_EDGE('',*,*,#3956,.T.);
#3979 = ORIENTED_EDGE('',*,*,#47,.F.);
#3980 = ORIENTED_EDGE('',*,*,#1183,.F.);
#3981 = ORIENTED_EDGE('',*,*,#1255,.T.);
#3982 = ORIENTED_EDGE('',*,*,#1957,.T.);
#3983 = ORIENTED_EDGE('',*,*,#1556,.T.);
#3984 = ( GEOMETRIC_REPRESENTATION_CONTEXT(3) 
GLOBAL_UNCERTAINTY_ASSIGNED_CONTEXT((#3988)) 
GLOBAL_UNIT_ASSIGNED_CONTEXT((#3985,#3986,#3987)) REPRESENTATION_CONTEXT
('Context #1','3D Context with UNIT and UNCERTAINTY') );
#3985 = ( LENGTH_UNIT() NAMED_UNIT(*) SI_UNIT(.MILLI.,.METRE.) );
#3986 = ( NAMED_UNIT(*) PLANE_ANGLE_UNIT() SI_UNIT($,.RADIAN.) );
#3987 = ( NAMED_UNIT(*) SI_UNIT($,.STERADIAN.) SOLID_ANGLE_UNIT() );
#3988 = UNCERTAINTY_MEASURE_WITH_UNIT(LENGTH_MEASURE(1.E-07),#3985,
  'distance_accuracy_value','confusion accuracy');
#3989 = CONTEXT_DEPENDENT_SHAPE_REPRESENTATION(#3990,#3992);
#3990 = ( REPRESENTATION_RELATIONSHIP('','',#40,#10) 
REPRESENTATION_RELATIONSHIP_WITH_TRANSFORMATION(#3991) 
SHAPE_REPRESENTATION_RELATIONSHIP() );
#3991 = ITEM_DEFINED_TRANSFORMATION('','',#11,#15);
#3992 = PRODUCT_DEFINITION_SHAPE('Placement','Placement of an item',
  #3993);
#3993 = NEXT_ASSEMBLY_USAGE_OCCURRENCE('1','','',#5,#35,$);
#3994 = PRODUCT_RELATED_PRODUCT_CATEGORY('part',$,(#37));
#3995 = SHAPE_DEFINITION_REPRESENTATION(#3996,#4002);
#3996 = PRODUCT_DEFINITION_SHAPE('','',#3997);
#3997 = PRODUCT_DEFINITION('design','',#3998,#4001);
#3998 = PRODUCT_DEFINITION_FORMATION('','',#3999);
#3999 = PRODUCT('Open CASCADE STEP translator 8.0 1.2',
  'Open CASCADE STEP translator 8.0 1.2','',(#4000));
#4000 = PRODUCT_CONTEXT('',#2,'mechanical');
#4001 = PRODUCT_DEFINITION_CONTEXT('part definition',#2,'design');
#4002 = ADVANCED_BREP_SHAPE_REPRESENTATION('',(#11,#4003),#10309);
#4003 = MANIFOLD_SOLID_BREP('',#4004);
#4004 = CLOSED_SHELL('',(#4005,#4227,#4303,#4467,#4541,#4616,#6504,#6554
    ,#6604,#6654,#6704,#6774,#6822,#6870,#6896,#6966,#7014,#7062,#7088,
    #7158,#7206,#7254,#7280,#7350,#7398,#7446,#7472,#7542,#7590,#7638,
    #7664,#7734,#7782,#7830,#7856,#7911,#7946,#7996,#8066,#8114,#8162,
    #8188,#8243,#8278,#8328,#8398,#8446,#8494,#8520,#8590,#8638,#8686,
    #8712,#8782,#8830,#8878,#8904,#8974,#9022,#9070,#9096,#9166,#9214,
    #9262,#9288,#9343,#9378,#9428,#9483,#9518,#9568,#9638,#9688,#9737,
    #9787,#9836,#9885,#9933,#9983,#10031,#10058,#10109,#10136,#10167,
    #10302));
#4005 = ADVANCED_FACE('',(#4006),#4020,.F.);
#4006 = FACE_BOUND('',#4007,.F.);
#4007 = EDGE_LOOP('',(#4008,#4043,#4071,#4099,#4126,#4153,#4180,#4207));
#4008 = ORIENTED_EDGE('',*,*,#4009,.F.);
#4009 = EDGE_CURVE('',#4010,#4012,#4014,.T.);
#4010 = VERTEX_POINT('',#4011);
#4011 = CARTESIAN_POINT('',(-102.08,4.,22.));
#4012 = VERTEX_POINT('',#4013);
#4013 = CARTESIAN_POINT('',(-102.08,23.5,22.));
#4014 = SURFACE_CURVE('',#4015,(#4019,#4031),.PCURVE_S1.);
#4015 = LINE('',#4016,#4017);
#4016 = CARTESIAN_POINT('',(-102.08,4.,22.));
#4017 = VECTOR('',#4018,1.);
#4018 = DIRECTION('',(-0.,1.,0.));
#4019 = PCURVE('',#4020,#4025);
#4020 = PLANE('',#4021);
#4021 = AXIS2_PLACEMENT_3D('',#4022,#4023,#4024);
#4022 = CARTESIAN_POINT('',(-102.08,4.,-22.));
#4023 = DIRECTION('',(1.,0.,-0.));
#4024 = DIRECTION('',(0.,0.,1.));
#4025 = DEFINITIONAL_REPRESENTATION('',(#4026),#4030);
#4026 = LINE('',#4027,#4028);
#4027 = CARTESIAN_POINT('',(44.,0.));
#4028 = VECTOR('',#4029,1.);
#4029 = DIRECTION('',(0.,-1.));
#4030 = ( GEOMETRIC_REPRESENTATION_CONTEXT(2) 
PARAMETRIC_REPRESENTATION_CONTEXT() REPRESENTATION_CONTEXT('2D SPACE',''
  ) );
#4031 = PCURVE('',#4032,#4037);
#4032 = PLANE('',#4033);
#4033 = AXIS2_PLACEMENT_3D('',#4034,#4035,#4036);
#4034 = CARTESIAN_POINT('',(-102.08,4.,22.));
#4035 = DIRECTION('',(0.,0.,1.));
#4036 = DIRECTION('',(1.,0.,-0.));
#4037 = DEFINITIONAL_REPRESENTATION('',(#4038),#4042);
#4038 = LINE('',#4039,#4040);
#4039 = CARTESIAN_POINT('',(0.,0.));
#4040 = VECTOR('',#4041,1.);
#4041 = DIRECTION('',(0.,1.));
#4042 = ( GEOMETRIC_REPRESENTATION_CONTEXT(2) 
PARAMETRIC_REPRESENTATION_CONTEXT() REPRESENTATION_CONTEXT('2D SPACE',''
  ) );
#4043 = ORIENTED_EDGE('',*,*,#4044,.F.);
#4044 = EDGE_CURVE('',#4045,#4010,#4047,.T.);
#4045 = VERTEX_POINT('',#4046);
#4046 = CARTESIAN_POINT('',(-102.08,4.,-22.));
#4047 = SURFACE_CURVE('',#4048,(#4052,#4059),.PCURVE_S1.);
#4048 = LINE('',#4049,#4050);
#4049 = CARTESIAN_POINT('',(-102.08,4.,-22.));
#4050 = VECTOR('',#4051,1.);
#4051 = DIRECTION('',(0.,0.,1.));
#4052 = PCURVE('',#4020,#4053);
#4053 = DEFINITIONAL_REPRESENTATION('',(#4054),#4058);
#4054 = LINE('',#4055,#4056);
#4055 = CARTESIAN_POINT('',(0.,0.));
#4056 = VECTOR('',#4057,1.);
#4057 = DIRECTION('',(1.,0.));
#4058 = ( GEOMETRIC_REPRESENTATION_CONTEXT(2) 
PARAMETRIC_REPRESENTATION_CONTEXT() REPRESENTATION_CONTEXT('2D SPACE',''
  ) );
#4059 = PCURVE('',#4060,#4065);
#4060 = PLANE('',#4061);
#4061 = AXIS2_PLACEMENT_3D('',#4062,#4063,#4064);
#4062 = CARTESIAN_POINT('',(-102.08,4.,-22.));
#4063 = DIRECTION('',(-0.,1.,0.));
#4064 = DIRECTION('',(0.,0.,1.));
#4065 = DEFINITIONAL_REPRESENTATION('',(#4066),#4070);
#4066 = LINE('',#4067,#4068);
#4067 = CARTESIAN_POINT('',(0.,0.));
#4068 = VECTOR('',#4069,1.);
#4069 = DIRECTION('',(1.,0.));
#4070 = ( GEOMETRIC_REPRESENTATION_CONTEXT(2) 
PARAMETRIC_REPRESENTATION_CONTEXT() REPRESENTATION_CONTEXT('2D SPACE',''
  ) );
#4071 = ORIENTED_EDGE('',*,*,#4072,.T.);
#4072 = EDGE_CURVE('',#4045,#4073,#4075,.T.);
#4073 = VERTEX_POINT('',#4074);
#4074 = CARTESIAN_POINT('',(-102.08,23.5,-22.));
#4075 = SURFACE_CURVE('',#4076,(#4080,#4087),.PCURVE_S1.);
#4076 = LINE('',#4077,#4078);
#4077 = CARTESIAN_POINT('',(-102.08,4.,-22.));
#4078 = VECTOR('',#4079,1.);
#4079 = DIRECTION('',(-0.,1.,0.));
#4080 = PCURVE('',#4020,#4081);
#4081 = DEFINITIONAL_REPRESENTATION('',(#4082),#4086);
#4082 = LINE('',#4083,#4084);
#4083 = CARTESIAN_POINT('',(0.,0.));
#4084 = VECTOR('',#4085,1.);
#4085 = DIRECTION('',(0.,-1.));
#4086 = ( GEOMETRIC_REPRESENTATION_CONTEXT(2) 
PARAMETRIC_REPRESENTATION_CONTEXT() REPRESENTATION_CONTEXT('2D SPACE',''
  ) );
#4087 = PCURVE('',#4088,#4093);
#4088 = PLANE('',#4089);
#4089 = AXIS2_PLACEMENT_3D('',#4090,#4091,#4092);
#4090 = CARTESIAN_POINT('',(-102.08,4.,-22.));
#4091 = DIRECTION('',(0.,0.,1.));
#4092 = DIRECTION('',(1.,0.,-0.));
#4093 = DEFINITIONAL_REPRESENTATION('',(#4094),#4098);
#4094 = LINE('',#4095,#4096);
#4095 = CARTESIAN_POINT('',(0.,0.));
#4096 = VECTOR('',#4097,1.);
#4097 = DIRECTION('',(0.,1.));
#4098 = ( GEOMETRIC_REPRESENTATION_CONTEXT(2) 
PARAMETRIC_REPRESENTATION_CONTEXT() REPRESENTATION_CONTEXT('2D SPACE',''
  ) );
#4099 = ORIENTED_EDGE('',*,*,#4100,.F.);
#4100 = EDGE_CURVE('',#4101,#4073,#4103,.T.);
#4101 = VERTEX_POINT('',#4102);
#4102 = CARTESIAN_POINT('',(-102.08,23.5,-20.));
#4103 = SURFACE_CURVE('',#4104,(#4108,#4114),.PCURVE_S1.);
#4104 = LINE('',#4105,#4106);
#4105 = CARTESIAN_POINT('',(-102.08,23.5,-37.89));
#4106 = VECTOR('',#4107,1.);
#4107 = DIRECTION('',(-0.,0.,-1.));
#4108 = PCURVE('',#4020,#4109);
#4109 = DEFINITIONAL_REPRESENTATION('',(#4110),#4113);
#4110 = B_SPLINE_CURVE_WITH_KNOTS('',1,(#4111,#4112),.UNSPECIFIED.,.F.,
  .F.,(2,2),(-59.89,-15.89),.PIECEWISE_BEZIER_KNOTS.);
#4111 = CARTESIAN_POINT('',(44.,-19.5));
#4112 = CARTESIAN_POINT('',(0.,-19.5));
#4113 = ( GEOMETRIC_REPRESENTATION_CONTEXT(2) 
PARAMETRIC_REPRESENTATION_CONTEXT() REPRESENTATION_CONTEXT('2D SPACE',''
  ) );
#4114 = PCURVE('',#4115,#4120);
#4115 = PLANE('',#4116);
#4116 = AXIS2_PLACEMENT_3D('',#4117,#4118,#4119);
#4117 = CARTESIAN_POINT('',(-104.88,23.5,-53.78));
#4118 = DIRECTION('',(-0.,1.,0.));
#4119 = DIRECTION('',(0.,0.,1.));
#4120 = DEFINITIONAL_REPRESENTATION('',(#4121),#4125);
#4121 = LINE('',#4122,#4123);
#4122 = CARTESIAN_POINT('',(15.89,2.8));
#4123 = VECTOR('',#4124,1.);
#4124 = DIRECTION('',(-1.,0.));
#4125 = ( GEOMETRIC_REPRESENTATION_CONTEXT(2) 
PARAMETRIC_REPRESENTATION_CONTEXT() REPRESENTATION_CONTEXT('2D SPACE',''
  ) );
#4126 = ORIENTED_EDGE('',*,*,#4127,.T.);
#4127 = EDGE_CURVE('',#4101,#4128,#4130,.T.);
#4128 = VERTEX_POINT('',#4129);
#4129 = CARTESIAN_POINT('',(-102.08,5.4,-20.));
#4130 = SURFACE_CURVE('',#4131,(#4135,#4141),.PCURVE_S1.);
#4131 = LINE('',#4132,#4133);
#4132 = CARTESIAN_POINT('',(-102.08,4.7,-20.));
#4133 = VECTOR('',#4134,1.);
#4134 = DIRECTION('',(0.,-1.,0.));
#4135 = PCURVE('',#4020,#4136);
#4136 = DEFINITIONAL_REPRESENTATION('',(#4137),#4140);
#4137 = B_SPLINE_CURVE_WITH_KNOTS('',1,(#4138,#4139),.UNSPECIFIED.,.F.,
  .F.,(2,2),(-18.8,-0.7),.PIECEWISE_BEZIER_KNOTS.);
#4138 = CARTESIAN_POINT('',(2.,-19.5));
#4139 = CARTESIAN_POINT('',(2.,-1.4));
#4140 = ( GEOMETRIC_REPRESENTATION_CONTEXT(2) 
PARAMETRIC_REPRESENTATION_CONTEXT() REPRESENTATION_CONTEXT('2D SPACE',''
  ) );
#4141 = PCURVE('',#4142,#4147);
#4142 = PLANE('',#4143);
#4143 = AXIS2_PLACEMENT_3D('',#4144,#4145,#4146);
#4144 = CARTESIAN_POINT('',(-150.,5.4,-20.));
#4145 = DIRECTION('',(0.,0.,1.));
#4146 = DIRECTION('',(1.,0.,-0.));
#4147 = DEFINITIONAL_REPRESENTATION('',(#4148),#4152);
#4148 = LINE('',#4149,#4150);
#4149 = CARTESIAN_POINT('',(47.92,-0.7));
#4150 = VECTOR('',#4151,1.);
#4151 = DIRECTION('',(0.,-1.));
#4152 = ( GEOMETRIC_REPRESENTATION_CONTEXT(2) 
PARAMETRIC_REPRESENTATION_CONTEXT() REPRESENTATION_CONTEXT('2D SPACE',''
  ) );
#4153 = ORIENTED_EDGE('',*,*,#4154,.T.);
#4154 = EDGE_CURVE('',#4128,#4155,#4157,.T.);
#4155 = VERTEX_POINT('',#4156);
#4156 = CARTESIAN_POINT('',(-102.08,5.4,20.));
#4157 = SURFACE_CURVE('',#4158,(#4162,#4168),.PCURVE_S1.);
#4158 = LINE('',#4159,#4160);
#4159 = CARTESIAN_POINT('',(-102.08,5.4,-21.));
#4160 = VECTOR('',#4161,1.);
#4161 = DIRECTION('',(0.,0.,1.));
#4162 = PCURVE('',#4020,#4163);
#4163 = DEFINITIONAL_REPRESENTATION('',(#4164),#4167);
#4164 = B_SPLINE_CURVE_WITH_KNOTS('',1,(#4165,#4166),.UNSPECIFIED.,.F.,
  .F.,(2,2),(1.,41.),.PIECEWISE_BEZIER_KNOTS.);
#4165 = CARTESIAN_POINT('',(2.,-1.4));
#4166 = CARTESIAN_POINT('',(42.,-1.4));
#4167 = ( GEOMETRIC_REPRESENTATION_CONTEXT(2) 
PARAMETRIC_REPRESENTATION_CONTEXT() REPRESENTATION_CONTEXT('2D SPACE',''
  ) );
#4168 = PCURVE('',#4169,#4174);
#4169 = PLANE('',#4170);
#4170 = AXIS2_PLACEMENT_3D('',#4171,#4172,#4173);
#4171 = CARTESIAN_POINT('',(-150.,5.4,-20.));
#4172 = DIRECTION('',(-0.,1.,0.));
#4173 = DIRECTION('',(0.,0.,1.));
#4174 = DEFINITIONAL_REPRESENTATION('',(#4175),#4179);
#4175 = LINE('',#4176,#4177);
#4176 = CARTESIAN_POINT('',(-1.,47.92));
#4177 = VECTOR('',#4178,1.);
#4178 = DIRECTION('',(1.,0.));
#4179 = ( GEOMETRIC_REPRESENTATION_CONTEXT(2) 
PARAMETRIC_REPRESENTATION_CONTEXT() REPRESENTATION_CONTEXT('2D SPACE',''
  ) );
#4180 = ORIENTED_EDGE('',*,*,#4181,.F.);
#4181 = EDGE_CURVE('',#4182,#4155,#4184,.T.);
#4182 = VERTEX_POINT('',#4183);
#4183 = CARTESIAN_POINT('',(-102.08,23.5,20.));
#4184 = SURFACE_CURVE('',#4185,(#4189,#4195),.PCURVE_S1.);
#4185 = LINE('',#4186,#4187);
#4186 = CARTESIAN_POINT('',(-102.08,4.7,20.));
#4187 = VECTOR('',#4188,1.);
#4188 = DIRECTION('',(0.,-1.,0.));
#4189 = PCURVE('',#4020,#4190);
#4190 = DEFINITIONAL_REPRESENTATION('',(#4191),#4194);
#4191 = B_SPLINE_CURVE_WITH_KNOTS('',1,(#4192,#4193),.UNSPECIFIED.,.F.,
  .F.,(2,2),(-18.8,-0.7),.PIECEWISE_BEZIER_KNOTS.);
#4192 = CARTESIAN_POINT('',(42.,-19.5));
#4193 = CARTESIAN_POINT('',(42.,-1.4));
#4194 = ( GEOMETRIC_REPRESENTATION_CONTEXT(2) 
PARAMETRIC_REPRESENTATION_CONTEXT() REPRESENTATION_CONTEXT('2D SPACE',''
  ) );
#4195 = PCURVE('',#4196,#4201);
#4196 = PLANE('',#4197);
#4197 = AXIS2_PLACEMENT_3D('',#4198,#4199,#4200);
#4198 = CARTESIAN_POINT('',(-150.,5.4,20.));
#4199 = DIRECTION('',(0.,0.,1.));
#4200 = DIRECTION('',(1.,0.,-0.));
#4201 = DEFINITIONAL_REPRESENTATION('',(#4202),#4206);
#4202 = LINE('',#4203,#4204);
#4203 = CARTESIAN_POINT('',(47.92,-0.7));
#4204 = VECTOR('',#4205,1.);
#4205 = DIRECTION('',(0.,-1.));
#4206 = ( GEOMETRIC_REPRESENTATION_CONTEXT(2) 
PARAMETRIC_REPRESENTATION_CONTEXT() REPRESENTATION_CONTEXT('2D SPACE',''
  ) );
#4207 = ORIENTED_EDGE('',*,*,#4208,.F.);
#4208 = EDGE_CURVE('',#4012,#4182,#4209,.T.);
#4209 = SURFACE_CURVE('',#4210,(#4214,#4220),.PCURVE_S1.);
#4210 = LINE('',#4211,#4212);
#4211 = CARTESIAN_POINT('',(-102.08,23.5,-37.89));
#4212 = VECTOR('',#4213,1.);
#4213 = DIRECTION('',(-0.,0.,-1.));
#4214 = PCURVE('',#4020,#4215);
#4215 = DEFINITIONAL_REPRESENTATION('',(#4216),#4219);
#4216 = B_SPLINE_CURVE_WITH_KNOTS('',1,(#4217,#4218),.UNSPECIFIED.,.F.,
  .F.,(2,2),(-59.89,-15.89),.PIECEWISE_BEZIER_KNOTS.);
#4217 = CARTESIAN_POINT('',(44.,-19.5));
#4218 = CARTESIAN_POINT('',(0.,-19.5));
#4219 = ( GEOMETRIC_REPRESENTATION_CONTEXT(2) 
PARAMETRIC_REPRESENTATION_CONTEXT() REPRESENTATION_CONTEXT('2D SPACE',''
  ) );
#4220 = PCURVE('',#4115,#4221);
#4221 = DEFINITIONAL_REPRESENTATION('',(#4222),#4226);
#4222 = LINE('',#4223,#4224);
#4223 = CARTESIAN_POINT('',(15.89,2.8));
#4224 = VECTOR('',#4225,1.);
#4225 = DIRECTION('',(-1.,0.));
#4226 = ( GEOMETRIC_REPRESENTATION_CONTEXT(2) 
PARAMETRIC_REPRESENTATION_CONTEXT() REPRESENTATION_CONTEXT('2D SPACE',''
  ) );
#4227 = ADVANCED_FACE('',(#4228),#4060,.F.);
#4228 = FACE_BOUND('',#4229,.F.);
#4229 = EDGE_LOOP('',(#4230,#4253,#4254,#4277));
#4230 = ORIENTED_EDGE('',*,*,#4231,.F.);
#4231 = EDGE_CURVE('',#4045,#4232,#4234,.T.);
#4232 = VERTEX_POINT('',#4233);
#4233 = CARTESIAN_POINT('',(-56.,4.,-22.));
#4234 = SURFACE_CURVE('',#4235,(#4239,#4246),.PCURVE_S1.);
#4235 = LINE('',#4236,#4237);
#4236 = CARTESIAN_POINT('',(-102.08,4.,-22.));
#4237 = VECTOR('',#4238,1.);
#4238 = DIRECTION('',(1.,0.,-0.));
#4239 = PCURVE('',#4060,#4240);
#4240 = DEFINITIONAL_REPRESENTATION('',(#4241),#4245);
#4241 = LINE('',#4242,#4243);
#4242 = CARTESIAN_POINT('',(0.,0.));
#4243 = VECTOR('',#4244,1.);
#4244 = DIRECTION('',(0.,1.));
#4245 = ( GEOMETRIC_REPRESENTATION_CONTEXT(2) 
PARAMETRIC_REPRESENTATION_CONTEXT() REPRESENTATION_CONTEXT('2D SPACE',''
  ) );
#4246 = PCURVE('',#4088,#4247);
#4247 = DEFINITIONAL_REPRESENTATION('',(#4248),#4252);
#4248 = LINE('',#4249,#4250);
#4249 = CARTESIAN_POINT('',(0.,0.));
#4250 = VECTOR('',#4251,1.);
#4251 = DIRECTION('',(1.,0.));
#4252 = ( GEOMETRIC_REPRESENTATION_CONTEXT(2) 
PARAMETRIC_REPRESENTATION_CONTEXT() REPRESENTATION_CONTEXT('2D SPACE',''
  ) );
#4253 = ORIENTED_EDGE('',*,*,#4044,.T.);
#4254 = ORIENTED_EDGE('',*,*,#4255,.T.);
#4255 = EDGE_CURVE('',#4010,#4256,#4258,.T.);
#4256 = VERTEX_POINT('',#4257);
#4257 = CARTESIAN_POINT('',(-56.,4.,22.));
#4258 = SURFACE_CURVE('',#4259,(#4263,#4270),.PCURVE_S1.);
#4259 = LINE('',#4260,#4261);
#4260 = CARTESIAN_POINT('',(-102.08,4.,22.));
#4261 = VECTOR('',#4262,1.);
#4262 = DIRECTION('',(1.,0.,-0.));
#4263 = PCURVE('',#4060,#4264);
#4264 = DEFINITIONAL_REPRESENTATION('',(#4265),#4269);
#4265 = LINE('',#4266,#4267);
#4266 = CARTESIAN_POINT('',(44.,0.));
#4267 = VECTOR('',#4268,1.);
#4268 = DIRECTION('',(0.,1.));
#4269 = ( GEOMETRIC_REPRESENTATION_CONTEXT(2) 
PARAMETRIC_REPRESENTATION_CONTEXT() REPRESENTATION_CONTEXT('2D SPACE',''
  ) );
#4270 = PCURVE('',#4032,#4271);
#4271 = DEFINITIONAL_REPRESENTATION('',(#4272),#4276);
#4272 = LINE('',#4273,#4274);
#4273 = CARTESIAN_POINT('',(0.,0.));
#4274 = VECTOR('',#4275,1.);
#4275 = DIRECTION('',(1.,0.));
#4276 = ( GEOMETRIC_REPRESENTATION_CONTEXT(2) 
PARAMETRIC_REPRESENTATION_CONTEXT() REPRESENTATION_CONTEXT('2D SPACE',''
  ) );
#4277 = ORIENTED_EDGE('',*,*,#4278,.F.);
#4278 = EDGE_CURVE('',#4232,#4256,#4279,.T.);
#4279 = SURFACE_CURVE('',#4280,(#4284,#4291),.PCURVE_S1.);
#4280 = LINE('',#4281,#4282);
#4281 = CARTESIAN_POINT('',(-56.,4.,-22.));
#4282 = VECTOR('',#4283,1.);
#4283 = DIRECTION('',(0.,0.,1.));
#4284 = PCURVE('',#4060,#4285);
#4285 = DEFINITIONAL_REPRESENTATION('',(#4286),#4290);
#4286 = LINE('',#4287,#4288);
#4287 = CARTESIAN_POINT('',(0.,46.08));
#4288 = VECTOR('',#4289,1.);
#4289 = DIRECTION('',(1.,0.));
#4290 = ( GEOMETRIC_REPRESENTATION_CONTEXT(2) 
PARAMETRIC_REPRESENTATION_CONTEXT() REPRESENTATION_CONTEXT('2D SPACE',''
  ) );
#4291 = PCURVE('',#4292,#4297);
#4292 = PLANE('',#4293);
#4293 = AXIS2_PLACEMENT_3D('',#4294,#4295,#4296);
#4294 = CARTESIAN_POINT('',(-56.,4.,-22.));
#4295 = DIRECTION('',(1.,0.,-0.));
#4296 = DIRECTION('',(0.,0.,1.));
#4297 = DEFINITIONAL_REPRESENTATION('',(#4298),#4302);
#4298 = LINE('',#4299,#4300);
#4299 = CARTESIAN_POINT('',(0.,0.));
#4300 = VECTOR('',#4301,1.);
#4301 = DIRECTION('',(1.,0.));
#4302 = ( GEOMETRIC_REPRESENTATION_CONTEXT(2) 
PARAMETRIC_REPRESENTATION_CONTEXT() REPRESENTATION_CONTEXT('2D SPACE',''
  ) );
#4303 = ADVANCED_FACE('',(#4304,#4373),#4292,.T.);
#4304 = FACE_BOUND('',#4305,.T.);
#4305 = EDGE_LOOP('',(#4306,#4329,#4330,#4353));
#4306 = ORIENTED_EDGE('',*,*,#4307,.F.);
#4307 = EDGE_CURVE('',#4256,#4308,#4310,.T.);
#4308 = VERTEX_POINT('',#4309);
#4309 = CARTESIAN_POINT('',(-56.,23.5,22.));
#4310 = SURFACE_CURVE('',#4311,(#4315,#4322),.PCURVE_S1.);
#4311 = LINE('',#4312,#4313);
#4312 = CARTESIAN_POINT('',(-56.,4.,22.));
#4313 = VECTOR('',#4314,1.);
#4314 = DIRECTION('',(-0.,1.,0.));
#4315 = PCURVE('',#4292,#4316);
#4316 = DEFINITIONAL_REPRESENTATION('',(#4317),#4321);
#4317 = LINE('',#4318,#4319);
#4318 = CARTESIAN_POINT('',(44.,0.));
#4319 = VECTOR('',#4320,1.);
#4320 = DIRECTION('',(0.,-1.));
#4321 = ( GEOMETRIC_REPRESENTATION_CONTEXT(2) 
PARAMETRIC_REPRESENTATION_CONTEXT() REPRESENTATION_CONTEXT('2D SPACE',''
  ) );
#4322 = PCURVE('',#4032,#4323);
#4323 = DEFINITIONAL_REPRESENTATION('',(#4324),#4328);
#4324 = LINE('',#4325,#4326);
#4325 = CARTESIAN_POINT('',(46.08,0.));
#4326 = VECTOR('',#4327,1.);
#4327 = DIRECTION('',(0.,1.));
#4328 = ( GEOMETRIC_REPRESENTATION_CONTEXT(2) 
PARAMETRIC_REPRESENTATION_CONTEXT() REPRESENTATION_CONTEXT('2D SPACE',''
  ) );
#4329 = ORIENTED_EDGE('',*,*,#4278,.F.);
#4330 = ORIENTED_EDGE('',*,*,#4331,.T.);
#4331 = EDGE_CURVE('',#4232,#4332,#4334,.T.);
#4332 = VERTEX_POINT('',#4333);
#4333 = CARTESIAN_POINT('',(-56.,23.5,-22.));
#4334 = SURFACE_CURVE('',#4335,(#4339,#4346),.PCURVE_S1.);
#4335 = LINE('',#4336,#4337);
#4336 = CARTESIAN_POINT('',(-56.,4.,-22.));
#4337 = VECTOR('',#4338,1.);
#4338 = DIRECTION('',(-0.,1.,0.));
#4339 = PCURVE('',#4292,#4340);
#4340 = DEFINITIONAL_REPRESENTATION('',(#4341),#4345);
#4341 = LINE('',#4342,#4343);
#4342 = CARTESIAN_POINT('',(0.,0.));
#4343 = VECTOR('',#4344,1.);
#4344 = DIRECTION('',(0.,-1.));
#4345 = ( GEOMETRIC_REPRESENTATION_CONTEXT(2) 
PARAMETRIC_REPRESENTATION_CONTEXT() REPRESENTATION_CONTEXT('2D SPACE',''
  ) );
#4346 = PCURVE('',#4088,#4347);
#4347 = DEFINITIONAL_REPRESENTATION('',(#4348),#4352);
#4348 = LINE('',#4349,#4350);
#4349 = CARTESIAN_POINT('',(46.08,0.));
#4350 = VECTOR('',#4351,1.);
#4351 = DIRECTION('',(0.,1.));
#4352 = ( GEOMETRIC_REPRESENTATION_CONTEXT(2) 
PARAMETRIC_REPRESENTATION_CONTEXT() REPRESENTATION_CONTEXT('2D SPACE',''
  ) );
#4353 = ORIENTED_EDGE('',*,*,#4354,.F.);
#4354 = EDGE_CURVE('',#4308,#4332,#4355,.T.);
#4355 = SURFACE_CURVE('',#4356,(#4360,#4366),.PCURVE_S1.);
#4356 = LINE('',#4357,#4358);
#4357 = CARTESIAN_POINT('',(-56.,23.5,-40.39));
#4358 = VECTOR('',#4359,1.);
#4359 = DIRECTION('',(-0.,0.,-1.));
#4360 = PCURVE('',#4292,#4361);
#4361 = DEFINITIONAL_REPRESENTATION('',(#4362),#4365);
#4362 = B_SPLINE_CURVE_WITH_KNOTS('',1,(#4363,#4364),.UNSPECIFIED.,.F.,
  .F.,(2,2),(-62.39,-18.39),.PIECEWISE_BEZIER_KNOTS.);
#4363 = CARTESIAN_POINT('',(44.,-19.5));
#4364 = CARTESIAN_POINT('',(0.,-19.5));
#4365 = ( GEOMETRIC_REPRESENTATION_CONTEXT(2) 
PARAMETRIC_REPRESENTATION_CONTEXT() REPRESENTATION_CONTEXT('2D SPACE',''
  ) );
#4366 = PCURVE('',#4115,#4367);
#4367 = DEFINITIONAL_REPRESENTATION('',(#4368),#4372);
#4368 = LINE('',#4369,#4370);
#4369 = CARTESIAN_POINT('',(13.39,48.88));
#4370 = VECTOR('',#4371,1.);
#4371 = DIRECTION('',(-1.,0.));
#4372 = ( GEOMETRIC_REPRESENTATION_CONTEXT(2) 
PARAMETRIC_REPRESENTATION_CONTEXT() REPRESENTATION_CONTEXT('2D SPACE',''
  ) );
#4373 = FACE_BOUND('',#4374,.T.);
#4374 = EDGE_LOOP('',(#4375,#4399,#4421,#4443));
#4375 = ORIENTED_EDGE('',*,*,#4376,.T.);
#4376 = EDGE_CURVE('',#4377,#4379,#4381,.T.);
#4377 = VERTEX_POINT('',#4378);
#4378 = CARTESIAN_POINT('',(-56.,14.4,-20.));
#4379 = VERTEX_POINT('',#4380);
#4380 = CARTESIAN_POINT('',(-56.,5.4,-20.));
#4381 = SURFACE_CURVE('',#4382,(#4386,#4392),.PCURVE_S1.);
#4382 = LINE('',#4383,#4384);
#4383 = CARTESIAN_POINT('',(-56.,4.7,-20.));
#4384 = VECTOR('',#4385,1.);
#4385 = DIRECTION('',(0.,-1.,0.));
#4386 = PCURVE('',#4292,#4387);
#4387 = DEFINITIONAL_REPRESENTATION('',(#4388),#4391);
#4388 = B_SPLINE_CURVE_WITH_KNOTS('',1,(#4389,#4390),.UNSPECIFIED.,.F.,
  .F.,(2,2),(-9.7,-0.7),.PIECEWISE_BEZIER_KNOTS.);
#4389 = CARTESIAN_POINT('',(2.,-10.4));
#4390 = CARTESIAN_POINT('',(2.,-1.4));
#4391 = ( GEOMETRIC_REPRESENTATION_CONTEXT(2) 
PARAMETRIC_REPRESENTATION_CONTEXT() REPRESENTATION_CONTEXT('2D SPACE',''
  ) );
#4392 = PCURVE('',#4142,#4393);
#4393 = DEFINITIONAL_REPRESENTATION('',(#4394),#4398);
#4394 = LINE('',#4395,#4396);
#4395 = CARTESIAN_POINT('',(94.,-0.7));
#4396 = VECTOR('',#4397,1.);
#4397 = DIRECTION('',(0.,-1.));
#4398 = ( GEOMETRIC_REPRESENTATION_CONTEXT(2) 
PARAMETRIC_REPRESENTATION_CONTEXT() REPRESENTATION_CONTEXT('2D SPACE',''
  ) );
#4399 = ORIENTED_EDGE('',*,*,#4400,.T.);
#4400 = EDGE_CURVE('',#4379,#4401,#4403,.T.);
#4401 = VERTEX_POINT('',#4402);
#4402 = CARTESIAN_POINT('',(-56.,5.4,20.));
#4403 = SURFACE_CURVE('',#4404,(#4408,#4414),.PCURVE_S1.);
#4404 = LINE('',#4405,#4406);
#4405 = CARTESIAN_POINT('',(-56.,5.4,-21.));
#4406 = VECTOR('',#4407,1.);
#4407 = DIRECTION('',(0.,0.,1.));
#4408 = PCURVE('',#4292,#4409);
#4409 = DEFINITIONAL_REPRESENTATION('',(#4410),#4413);
#4410 = B_SPLINE_CURVE_WITH_KNOTS('',1,(#4411,#4412),.UNSPECIFIED.,.F.,
  .F.,(2,2),(1.,41.),.PIECEWISE_BEZIER_KNOTS.);
#4411 = CARTESIAN_POINT('',(2.,-1.4));
#4412 = CARTESIAN_POINT('',(42.,-1.4));
#4413 = ( GEOMETRIC_REPRESENTATION_CONTEXT(2) 
PARAMETRIC_REPRESENTATION_CONTEXT() REPRESENTATION_CONTEXT('2D SPACE',''
  ) );
#4414 = PCURVE('',#4169,#4415);
#4415 = DEFINITIONAL_REPRESENTATION('',(#4416),#4420);
#4416 = LINE('',#4417,#4418);
#4417 = CARTESIAN_POINT('',(-1.,94.));
#4418 = VECTOR('',#4419,1.);
#4419 = DIRECTION('',(1.,0.));
#4420 = ( GEOMETRIC_REPRESENTATION_CONTEXT(2) 
PARAMETRIC_REPRESENTATION_CONTEXT() REPRESENTATION_CONTEXT('2D SPACE',''
  ) );
#4421 = ORIENTED_EDGE('',*,*,#4422,.F.);
#4422 = EDGE_CURVE('',#4423,#4401,#4425,.T.);
#4423 = VERTEX_POINT('',#4424);
#4424 = CARTESIAN_POINT('',(-56.,14.4,20.));
#4425 = SURFACE_CURVE('',#4426,(#4430,#4436),.PCURVE_S1.);
#4426 = LINE('',#4427,#4428);
#4427 = CARTESIAN_POINT('',(-56.,4.7,20.));
#4428 = VECTOR('',#4429,1.);
#4429 = DIRECTION('',(0.,-1.,0.));
#4430 = PCURVE('',#4292,#4431);
#4431 = DEFINITIONAL_REPRESENTATION('',(#4432),#4435);
#4432 = B_SPLINE_CURVE_WITH_KNOTS('',1,(#4433,#4434),.UNSPECIFIED.,.F.,
  .F.,(2,2),(-9.7,-0.7),.PIECEWISE_BEZIER_KNOTS.);
#4433 = CARTESIAN_POINT('',(42.,-10.4));
#4434 = CARTESIAN_POINT('',(42.,-1.4));
#4435 = ( GEOMETRIC_REPRESENTATION_CONTEXT(2) 
PARAMETRIC_REPRESENTATION_CONTEXT() REPRESENTATION_CONTEXT('2D SPACE',''
  ) );
#4436 = PCURVE('',#4196,#4437);
#4437 = DEFINITIONAL_REPRESENTATION('',(#4438),#4442);
#4438 = LINE('',#4439,#4440);
#4439 = CARTESIAN_POINT('',(94.,-0.7));
#4440 = VECTOR('',#4441,1.);
#4441 = DIRECTION('',(0.,-1.));
#4442 = ( GEOMETRIC_REPRESENTATION_CONTEXT(2) 
PARAMETRIC_REPRESENTATION_CONTEXT() REPRESENTATION_CONTEXT('2D SPACE',''
  ) );
#4443 = ORIENTED_EDGE('',*,*,#4444,.F.);
#4444 = EDGE_CURVE('',#4377,#4423,#4445,.T.);
#4445 = SURFACE_CURVE('',#4446,(#4450,#4456),.PCURVE_S1.);
#4446 = LINE('',#4447,#4448);
#4447 = CARTESIAN_POINT('',(-56.,14.4,-21.));
#4448 = VECTOR('',#4449,1.);
#4449 = DIRECTION('',(0.,0.,1.));
#4450 = PCURVE('',#4292,#4451);
#4451 = DEFINITIONAL_REPRESENTATION('',(#4452),#4455);
#4452 = B_SPLINE_CURVE_WITH_KNOTS('',1,(#4453,#4454),.UNSPECIFIED.,.F.,
  .F.,(2,2),(1.,41.),.PIECEWISE_BEZIER_KNOTS.);
#4453 = CARTESIAN_POINT('',(2.,-10.4));
#4454 = CARTESIAN_POINT('',(42.,-10.4));
#4455 = ( GEOMETRIC_REPRESENTATION_CONTEXT(2) 
PARAMETRIC_REPRESENTATION_CONTEXT() REPRESENTATION_CONTEXT('2D SPACE',''
  ) );
#4456 = PCURVE('',#4457,#4462);
#4457 = PLANE('',#4458);
#4458 = AXIS2_PLACEMENT_3D('',#4459,#4460,#4461);
#4459 = CARTESIAN_POINT('',(-59.,14.4,-20.));
#4460 = DIRECTION('',(-0.,1.,0.));
#4461 = DIRECTION('',(0.,0.,1.));
#4462 = DEFINITIONAL_REPRESENTATION('',(#4463),#4466);
#4463 = B_SPLINE_CURVE_WITH_KNOTS('',1,(#4464,#4465),.UNSPECIFIED.,.F.,
  .F.,(2,2),(1.,41.),.PIECEWISE_BEZIER_KNOTS.);
#4464 = CARTESIAN_POINT('',(0.,3.));
#4465 = CARTESIAN_POINT('',(40.,3.));
#4466 = ( GEOMETRIC_REPRESENTATION_CONTEXT(2) 
PARAMETRIC_REPRESENTATION_CONTEXT() REPRESENTATION_CONTEXT('2D SPACE',''
  ) );
#4467 = ADVANCED_FACE('',(#4468),#4457,.F.);
#4468 = FACE_BOUND('',#4469,.F.);
#4469 = EDGE_LOOP('',(#4470,#4493,#4519,#4540));
#4470 = ORIENTED_EDGE('',*,*,#4471,.F.);
#4471 = EDGE_CURVE('',#4472,#4377,#4474,.T.);
#4472 = VERTEX_POINT('',#4473);
#4473 = CARTESIAN_POINT('',(-58.,14.4,-20.));
#4474 = SURFACE_CURVE('',#4475,(#4479,#4486),.PCURVE_S1.);
#4475 = LINE('',#4476,#4477);
#4476 = CARTESIAN_POINT('',(-59.,14.4,-20.));
#4477 = VECTOR('',#4478,1.);
#4478 = DIRECTION('',(1.,0.,-0.));
#4479 = PCURVE('',#4457,#4480);
#4480 = DEFINITIONAL_REPRESENTATION('',(#4481),#4485);
#4481 = LINE('',#4482,#4483);
#4482 = CARTESIAN_POINT('',(0.,0.));
#4483 = VECTOR('',#4484,1.);
#4484 = DIRECTION('',(0.,1.));
#4485 = ( GEOMETRIC_REPRESENTATION_CONTEXT(2) 
PARAMETRIC_REPRESENTATION_CONTEXT() REPRESENTATION_CONTEXT('2D SPACE',''
  ) );
#4486 = PCURVE('',#4142,#4487);
#4487 = DEFINITIONAL_REPRESENTATION('',(#4488),#4492);
#4488 = LINE('',#4489,#4490);
#4489 = CARTESIAN_POINT('',(91.,9.));
#4490 = VECTOR('',#4491,1.);
#4491 = DIRECTION('',(1.,0.));
#4492 = ( GEOMETRIC_REPRESENTATION_CONTEXT(2) 
PARAMETRIC_REPRESENTATION_CONTEXT() REPRESENTATION_CONTEXT('2D SPACE',''
  ) );
#4493 = ORIENTED_EDGE('',*,*,#4494,.T.);
#4494 = EDGE_CURVE('',#4472,#4495,#4497,.T.);
#4495 = VERTEX_POINT('',#4496);
#4496 = CARTESIAN_POINT('',(-58.,14.4,20.));
#4497 = SURFACE_CURVE('',#4498,(#4502,#4508),.PCURVE_S1.);
#4498 = LINE('',#4499,#4500);
#4499 = CARTESIAN_POINT('',(-58.,14.4,-20.));
#4500 = VECTOR('',#4501,1.);
#4501 = DIRECTION('',(0.,0.,1.));
#4502 = PCURVE('',#4457,#4503);
#4503 = DEFINITIONAL_REPRESENTATION('',(#4504),#4507);
#4504 = B_SPLINE_CURVE_WITH_KNOTS('',1,(#4505,#4506),.UNSPECIFIED.,.F.,
  .F.,(2,2),(0.,40.),.PIECEWISE_BEZIER_KNOTS.);
#4505 = CARTESIAN_POINT('',(0.,1.));
#4506 = CARTESIAN_POINT('',(40.,1.));
#4507 = ( GEOMETRIC_REPRESENTATION_CONTEXT(2) 
PARAMETRIC_REPRESENTATION_CONTEXT() REPRESENTATION_CONTEXT('2D SPACE',''
  ) );
#4508 = PCURVE('',#4509,#4514);
#4509 = PLANE('',#4510);
#4510 = AXIS2_PLACEMENT_3D('',#4511,#4512,#4513);
#4511 = CARTESIAN_POINT('',(-58.,5.4,-20.));
#4512 = DIRECTION('',(1.,0.,-0.));
#4513 = DIRECTION('',(0.,0.,1.));
#4514 = DEFINITIONAL_REPRESENTATION('',(#4515),#4518);
#4515 = B_SPLINE_CURVE_WITH_KNOTS('',1,(#4516,#4517),.UNSPECIFIED.,.F.,
  .F.,(2,2),(0.,40.),.PIECEWISE_BEZIER_KNOTS.);
#4516 = CARTESIAN_POINT('',(0.,-9.));
#4517 = CARTESIAN_POINT('',(40.,-9.));
#4518 = ( GEOMETRIC_REPRESENTATION_CONTEXT(2) 
PARAMETRIC_REPRESENTATION_CONTEXT() REPRESENTATION_CONTEXT('2D SPACE',''
  ) );
#4519 = ORIENTED_EDGE('',*,*,#4520,.T.);
#4520 = EDGE_CURVE('',#4495,#4423,#4521,.T.);
#4521 = SURFACE_CURVE('',#4522,(#4526,#4533),.PCURVE_S1.);
#4522 = LINE('',#4523,#4524);
#4523 = CARTESIAN_POINT('',(-59.,14.4,20.));
#4524 = VECTOR('',#4525,1.);
#4525 = DIRECTION('',(1.,0.,-0.));
#4526 = PCURVE('',#4457,#4527);
#4527 = DEFINITIONAL_REPRESENTATION('',(#4528),#4532);
#4528 = LINE('',#4529,#4530);
#4529 = CARTESIAN_POINT('',(40.,0.));
#4530 = VECTOR('',#4531,1.);
#4531 = DIRECTION('',(0.,1.));
#4532 = ( GEOMETRIC_REPRESENTATION_CONTEXT(2) 
PARAMETRIC_REPRESENTATION_CONTEXT() REPRESENTATION_CONTEXT('2D SPACE',''
  ) );
#4533 = PCURVE('',#4196,#4534);
#4534 = DEFINITIONAL_REPRESENTATION('',(#4535),#4539);
#4535 = LINE('',#4536,#4537);
#4536 = CARTESIAN_POINT('',(91.,9.));
#4537 = VECTOR('',#4538,1.);
#4538 = DIRECTION('',(1.,0.));
#4539 = ( GEOMETRIC_REPRESENTATION_CONTEXT(2) 
PARAMETRIC_REPRESENTATION_CONTEXT() REPRESENTATION_CONTEXT('2D SPACE',''
  ) );
#4540 = ORIENTED_EDGE('',*,*,#4444,.F.);
#4541 = ADVANCED_FACE('',(#4542),#4509,.F.);
#4542 = FACE_BOUND('',#4543,.F.);
#4543 = EDGE_LOOP('',(#4544,#4567,#4568,#4591));
#4544 = ORIENTED_EDGE('',*,*,#4545,.F.);
#4545 = EDGE_CURVE('',#4495,#4546,#4548,.T.);
#4546 = VERTEX_POINT('',#4547);
#4547 = CARTESIAN_POINT('',(-58.,26.,20.));
#4548 = SURFACE_CURVE('',#4549,(#4553,#4560),.PCURVE_S1.);
#4549 = LINE('',#4550,#4551);
#4550 = CARTESIAN_POINT('',(-58.,5.4,20.));
#4551 = VECTOR('',#4552,1.);
#4552 = DIRECTION('',(-0.,1.,0.));
#4553 = PCURVE('',#4509,#4554);
#4554 = DEFINITIONAL_REPRESENTATION('',(#4555),#4559);
#4555 = LINE('',#4556,#4557);
#4556 = CARTESIAN_POINT('',(40.,0.));
#4557 = VECTOR('',#4558,1.);
#4558 = DIRECTION('',(0.,-1.));
#4559 = ( GEOMETRIC_REPRESENTATION_CONTEXT(2) 
PARAMETRIC_REPRESENTATION_CONTEXT() REPRESENTATION_CONTEXT('2D SPACE',''
  ) );
#4560 = PCURVE('',#4196,#4561);
#4561 = DEFINITIONAL_REPRESENTATION('',(#4562),#4566);
#4562 = LINE('',#4563,#4564);
#4563 = CARTESIAN_POINT('',(92.,0.));
#4564 = VECTOR('',#4565,1.);
#4565 = DIRECTION('',(0.,1.));
#4566 = ( GEOMETRIC_REPRESENTATION_CONTEXT(2) 
PARAMETRIC_REPRESENTATION_CONTEXT() REPRESENTATION_CONTEXT('2D SPACE',''
  ) );
#4567 = ORIENTED_EDGE('',*,*,#4494,.F.);
#4568 = ORIENTED_EDGE('',*,*,#4569,.T.);
#4569 = EDGE_CURVE('',#4472,#4570,#4572,.T.);
#4570 = VERTEX_POINT('',#4571);
#4571 = CARTESIAN_POINT('',(-58.,26.,-20.));
#4572 = SURFACE_CURVE('',#4573,(#4577,#4584),.PCURVE_S1.);
#4573 = LINE('',#4574,#4575);
#4574 = CARTESIAN_POINT('',(-58.,5.4,-20.));
#4575 = VECTOR('',#4576,1.);
#4576 = DIRECTION('',(-0.,1.,0.));
#4577 = PCURVE('',#4509,#4578);
#4578 = DEFINITIONAL_REPRESENTATION('',(#4579),#4583);
#4579 = LINE('',#4580,#4581);
#4580 = CARTESIAN_POINT('',(0.,0.));
#4581 = VECTOR('',#4582,1.);
#4582 = DIRECTION('',(0.,-1.));
#4583 = ( GEOMETRIC_REPRESENTATION_CONTEXT(2) 
PARAMETRIC_REPRESENTATION_CONTEXT() REPRESENTATION_CONTEXT('2D SPACE',''
  ) );
#4584 = PCURVE('',#4142,#4585);
#4585 = DEFINITIONAL_REPRESENTATION('',(#4586),#4590);
#4586 = LINE('',#4587,#4588);
#4587 = CARTESIAN_POINT('',(92.,0.));
#4588 = VECTOR('',#4589,1.);
#4589 = DIRECTION('',(0.,1.));
#4590 = ( GEOMETRIC_REPRESENTATION_CONTEXT(2) 
PARAMETRIC_REPRESENTATION_CONTEXT() REPRESENTATION_CONTEXT('2D SPACE',''
  ) );
#4591 = ORIENTED_EDGE('',*,*,#4592,.F.);
#4592 = EDGE_CURVE('',#4546,#4570,#4593,.T.);
#4593 = SURFACE_CURVE('',#4594,(#4598,#4604),.PCURVE_S1.);
#4594 = LINE('',#4595,#4596);
#4595 = CARTESIAN_POINT('',(-58.,26.,-39.39));
#4596 = VECTOR('',#4597,1.);
#4597 = DIRECTION('',(-0.,0.,-1.));
#4598 = PCURVE('',#4509,#4599);
#4599 = DEFINITIONAL_REPRESENTATION('',(#4600),#4603);
#4600 = B_SPLINE_CURVE_WITH_KNOTS('',1,(#4601,#4602),.UNSPECIFIED.,.F.,
  .F.,(2,2),(-59.39,-19.39),.PIECEWISE_BEZIER_KNOTS.);
#4601 = CARTESIAN_POINT('',(40.,-20.6));
#4602 = CARTESIAN_POINT('',(0.,-20.6));
#4603 = ( GEOMETRIC_REPRESENTATION_CONTEXT(2) 
PARAMETRIC_REPRESENTATION_CONTEXT() REPRESENTATION_CONTEXT('2D SPACE',''
  ) );
#4604 = PCURVE('',#4605,#4610);
#4605 = PLANE('',#4606);
#4606 = AXIS2_PLACEMENT_3D('',#4607,#4608,#4609);
#4607 = CARTESIAN_POINT('',(-104.88,26.,-53.78));
#4608 = DIRECTION('',(-0.,1.,0.));
#4609 = DIRECTION('',(0.,0.,1.));
#4610 = DEFINITIONAL_REPRESENTATION('',(#4611),#4615);
#4611 = LINE('',#4612,#4613);
#4612 = CARTESIAN_POINT('',(14.39,46.88));
#4613 = VECTOR('',#4614,1.);
#4614 = DIRECTION('',(-1.,0.));
#4615 = ( GEOMETRIC_REPRESENTATION_CONTEXT(2) 
PARAMETRIC_REPRESENTATION_CONTEXT() REPRESENTATION_CONTEXT('2D SPACE',''
  ) );
#4616 = ADVANCED_FACE('',(#4617,#4920,#4951,#4982,#5092,#5202,#5312,
    #5422,#5532,#5563,#5673,#5704,#5814,#5924,#6034,#6144,#6254,#6364,
    #6399,#6434,#6469),#4605,.T.);
#4617 = FACE_BOUND('',#4618,.T.);
#4618 = EDGE_LOOP('',(#4619,#4642,#4670,#4699,#4727,#4756,#4784,#4813,
    #4841,#4870,#4898,#4919));
#4619 = ORIENTED_EDGE('',*,*,#4620,.F.);
#4620 = EDGE_CURVE('',#4621,#4546,#4623,.T.);
#4621 = VERTEX_POINT('',#4622);
#4622 = CARTESIAN_POINT('',(-104.88,26.,20.));
#4623 = SURFACE_CURVE('',#4624,(#4628,#4635),.PCURVE_S1.);
#4624 = LINE('',#4625,#4626);
#4625 = CARTESIAN_POINT('',(-104.88,26.,20.));
#4626 = VECTOR('',#4627,1.);
#4627 = DIRECTION('',(1.,0.,0.));
#4628 = PCURVE('',#4605,#4629);
#4629 = DEFINITIONAL_REPRESENTATION('',(#4630),#4634);
#4630 = LINE('',#4631,#4632);
#4631 = CARTESIAN_POINT('',(73.78,0.));
#4632 = VECTOR('',#4633,1.);
#4633 = DIRECTION('',(0.,1.));
#4634 = ( GEOMETRIC_REPRESENTATION_CONTEXT(2) 
PARAMETRIC_REPRESENTATION_CONTEXT() REPRESENTATION_CONTEXT('2D SPACE',''
  ) );
#4635 = PCURVE('',#4196,#4636);
#4636 = DEFINITIONAL_REPRESENTATION('',(#4637),#4641);
#4637 = LINE('',#4638,#4639);
#4638 = CARTESIAN_POINT('',(45.12,20.6));
#4639 = VECTOR('',#4640,1.);
#4640 = DIRECTION('',(1.,0.));
#4641 = ( GEOMETRIC_REPRESENTATION_CONTEXT(2) 
PARAMETRIC_REPRESENTATION_CONTEXT() REPRESENTATION_CONTEXT('2D SPACE',''
  ) );
#4642 = ORIENTED_EDGE('',*,*,#4643,.T.);
#4643 = EDGE_CURVE('',#4621,#4644,#4646,.T.);
#4644 = VERTEX_POINT('',#4645);
#4645 = CARTESIAN_POINT('',(-104.88,26.,53.78));
#4646 = SURFACE_CURVE('',#4647,(#4651,#4658),.PCURVE_S1.);
#4647 = LINE('',#4648,#4649);
#4648 = CARTESIAN_POINT('',(-104.88,26.,-53.78));
#4649 = VECTOR('',#4650,1.);
#4650 = DIRECTION('',(0.,0.,1.));
#4651 = PCURVE('',#4605,#4652);
#4652 = DEFINITIONAL_REPRESENTATION('',(#4653),#4657);
#4653 = LINE('',#4654,#4655);
#4654 = CARTESIAN_POINT('',(0.,0.));
#4655 = VECTOR('',#4656,1.);
#4656 = DIRECTION('',(1.,0.));
#4657 = ( GEOMETRIC_REPRESENTATION_CONTEXT(2) 
PARAMETRIC_REPRESENTATION_CONTEXT() REPRESENTATION_CONTEXT('2D SPACE',''
  ) );
#4658 = PCURVE('',#4659,#4664);
#4659 = PLANE('',#4660);
#4660 = AXIS2_PLACEMENT_3D('',#4661,#4662,#4663);
#4661 = CARTESIAN_POINT('',(-104.88,23.5,-53.78));
#4662 = DIRECTION('',(1.,0.,-0.));
#4663 = DIRECTION('',(0.,0.,1.));
#4664 = DEFINITIONAL_REPRESENTATION('',(#4665),#4669);
#4665 = LINE('',#4666,#4667);
#4666 = CARTESIAN_POINT('',(0.,-2.5));
#4667 = VECTOR('',#4668,1.);
#4668 = DIRECTION('',(1.,0.));
#4669 = ( GEOMETRIC_REPRESENTATION_CONTEXT(2) 
PARAMETRIC_REPRESENTATION_CONTEXT() REPRESENTATION_CONTEXT('2D SPACE',''
  ) );
#4670 = ORIENTED_EDGE('',*,*,#4671,.T.);
#4671 = EDGE_CURVE('',#4644,#4672,#4674,.T.);
#4672 = VERTEX_POINT('',#4673);
#4673 = CARTESIAN_POINT('',(-99.88,26.,58.78));
#4674 = SURFACE_CURVE('',#4675,(#4680,#4687),.PCURVE_S1.);
#4675 = CIRCLE('',#4676,5.);
#4676 = AXIS2_PLACEMENT_3D('',#4677,#4678,#4679);
#4677 = CARTESIAN_POINT('',(-99.88,26.,53.78));
#4678 = DIRECTION('',(0.,1.,0.));
#4679 = DIRECTION('',(0.,-0.,1.));
#4680 = PCURVE('',#4605,#4681);
#4681 = DEFINITIONAL_REPRESENTATION('',(#4682),#4686);
#4682 = CIRCLE('',#4683,5.);
#4683 = AXIS2_PLACEMENT_2D('',#4684,#4685);
#4684 = CARTESIAN_POINT('',(107.56,5.));
#4685 = DIRECTION('',(1.,0.));
#4686 = ( GEOMETRIC_REPRESENTATION_CONTEXT(2) 
PARAMETRIC_REPRESENTATION_CONTEXT() REPRESENTATION_CONTEXT('2D SPACE',''
  ) );
#4687 = PCURVE('',#4688,#4693);
#4688 = CYLINDRICAL_SURFACE('',#4689,5.);
#4689 = AXIS2_PLACEMENT_3D('',#4690,#4691,#4692);
#4690 = CARTESIAN_POINT('',(-99.88,23.5,53.78));
#4691 = DIRECTION('',(0.,1.,0.));
#4692 = DIRECTION('',(0.,-0.,1.));
#4693 = DEFINITIONAL_REPRESENTATION('',(#4694),#4698);
#4694 = LINE('',#4695,#4696);
#4695 = CARTESIAN_POINT('',(0.,2.5));
#4696 = VECTOR('',#4697,1.);
#4697 = DIRECTION('',(1.,0.));
#4698 = ( GEOMETRIC_REPRESENTATION_CONTEXT(2) 
PARAMETRIC_REPRESENTATION_CONTEXT() REPRESENTATION_CONTEXT('2D SPACE',''
  ) );
#4699 = ORIENTED_EDGE('',*,*,#4700,.T.);
#4700 = EDGE_CURVE('',#4672,#4701,#4703,.T.);
#4701 = VERTEX_POINT('',#4702);
#4702 = CARTESIAN_POINT('',(99.88,26.,58.78));
#4703 = SURFACE_CURVE('',#4704,(#4708,#4715),.PCURVE_S1.);
#4704 = LINE('',#4705,#4706);
#4705 = CARTESIAN_POINT('',(-99.88,26.,58.78));
#4706 = VECTOR('',#4707,1.);
#4707 = DIRECTION('',(1.,0.,-0.));
#4708 = PCURVE('',#4605,#4709);
#4709 = DEFINITIONAL_REPRESENTATION('',(#4710),#4714);
#4710 = LINE('',#4711,#4712);
#4711 = CARTESIAN_POINT('',(112.56,5.));
#4712 = VECTOR('',#4713,1.);
#4713 = DIRECTION('',(0.,1.));
#4714 = ( GEOMETRIC_REPRESENTATION_CONTEXT(2) 
PARAMETRIC_REPRESENTATION_CONTEXT() REPRESENTATION_CONTEXT('2D SPACE',''
  ) );
#4715 = PCURVE('',#4716,#4721);
#4716 = PLANE('',#4717);
#4717 = AXIS2_PLACEMENT_3D('',#4718,#4719,#4720);
#4718 = CARTESIAN_POINT('',(-99.88,23.5,58.78));
#4719 = DIRECTION('',(0.,0.,1.));
#4720 = DIRECTION('',(1.,0.,-0.));
#4721 = DEFINITIONAL_REPRESENTATION('',(#4722),#4726);
#4722 = LINE('',#4723,#4724);
#4723 = CARTESIAN_POINT('',(0.,2.5));
#4724 = VECTOR('',#4725,1.);
#4725 = DIRECTION('',(1.,0.));
#4726 = ( GEOMETRIC_REPRESENTATION_CONTEXT(2) 
PARAMETRIC_REPRESENTATION_CONTEXT() REPRESENTATION_CONTEXT('2D SPACE',''
  ) );
#4727 = ORIENTED_EDGE('',*,*,#4728,.T.);
#4728 = EDGE_CURVE('',#4701,#4729,#4731,.T.);
#4729 = VERTEX_POINT('',#4730);
#4730 = CARTESIAN_POINT('',(104.88,26.,53.78));
#4731 = SURFACE_CURVE('',#4732,(#4737,#4744),.PCURVE_S1.);
#4732 = CIRCLE('',#4733,5.);
#4733 = AXIS2_PLACEMENT_3D('',#4734,#4735,#4736);
#4734 = CARTESIAN_POINT('',(99.88,26.,53.78));
#4735 = DIRECTION('',(0.,1.,0.));
#4736 = DIRECTION('',(0.,-0.,1.));
#4737 = PCURVE('',#4605,#4738);
#4738 = DEFINITIONAL_REPRESENTATION('',(#4739),#4743);
#4739 = CIRCLE('',#4740,5.);
#4740 = AXIS2_PLACEMENT_2D('',#4741,#4742);
#4741 = CARTESIAN_POINT('',(107.56,204.76));
#4742 = DIRECTION('',(1.,0.));
#4743 = ( GEOMETRIC_REPRESENTATION_CONTEXT(2) 
PARAMETRIC_REPRESENTATION_CONTEXT() REPRESENTATION_CONTEXT('2D SPACE',''
  ) );
#4744 = PCURVE('',#4745,#4750);
#4745 = CYLINDRICAL_SURFACE('',#4746,5.);
#4746 = AXIS2_PLACEMENT_3D('',#4747,#4748,#4749);
#4747 = CARTESIAN_POINT('',(99.88,23.5,53.78));
#4748 = DIRECTION('',(0.,1.,0.));
#4749 = DIRECTION('',(0.,-0.,1.));
#4750 = DEFINITIONAL_REPRESENTATION('',(#4751),#4755);
#4751 = LINE('',#4752,#4753);
#4752 = CARTESIAN_POINT('',(0.,2.5));
#4753 = VECTOR('',#4754,1.);
#4754 = DIRECTION('',(1.,0.));
#4755 = ( GEOMETRIC_REPRESENTATION_CONTEXT(2) 
PARAMETRIC_REPRESENTATION_CONTEXT() REPRESENTATION_CONTEXT('2D SPACE',''
  ) );
#4756 = ORIENTED_EDGE('',*,*,#4757,.F.);
#4757 = EDGE_CURVE('',#4758,#4729,#4760,.T.);
#4758 = VERTEX_POINT('',#4759);
#4759 = CARTESIAN_POINT('',(104.88,26.,-53.78));
#4760 = SURFACE_CURVE('',#4761,(#4765,#4772),.PCURVE_S1.);
#4761 = LINE('',#4762,#4763);
#4762 = CARTESIAN_POINT('',(104.88,26.,-53.78));
#4763 = VECTOR('',#4764,1.);
#4764 = DIRECTION('',(0.,0.,1.));
#4765 = PCURVE('',#4605,#4766);
#4766 = DEFINITIONAL_REPRESENTATION('',(#4767),#4771);
#4767 = LINE('',#4768,#4769);
#4768 = CARTESIAN_POINT('',(0.,209.76));
#4769 = VECTOR('',#4770,1.);
#4770 = DIRECTION('',(1.,0.));
#4771 = ( GEOMETRIC_REPRESENTATION_CONTEXT(2) 
PARAMETRIC_REPRESENTATION_CONTEXT() REPRESENTATION_CONTEXT('2D SPACE',''
  ) );
#4772 = PCURVE('',#4773,#4778);
#4773 = PLANE('',#4774);
#4774 = AXIS2_PLACEMENT_3D('',#4775,#4776,#4777);
#4775 = CARTESIAN_POINT('',(104.88,23.5,-53.78));
#4776 = DIRECTION('',(1.,0.,-0.));
#4777 = DIRECTION('',(0.,0.,1.));
#4778 = DEFINITIONAL_REPRESENTATION('',(#4779),#4783);
#4779 = LINE('',#4780,#4781);
#4780 = CARTESIAN_POINT('',(0.,-2.5));
#4781 = VECTOR('',#4782,1.);
#4782 = DIRECTION('',(1.,0.));
#4783 = ( GEOMETRIC_REPRESENTATION_CONTEXT(2) 
PARAMETRIC_REPRESENTATION_CONTEXT() REPRESENTATION_CONTEXT('2D SPACE',''
  ) );
#4784 = ORIENTED_EDGE('',*,*,#4785,.T.);
#4785 = EDGE_CURVE('',#4758,#4786,#4788,.T.);
#4786 = VERTEX_POINT('',#4787);
#4787 = CARTESIAN_POINT('',(99.88,26.,-58.78));
#4788 = SURFACE_CURVE('',#4789,(#4794,#4801),.PCURVE_S1.);
#4789 = CIRCLE('',#4790,5.);
#4790 = AXIS2_PLACEMENT_3D('',#4791,#4792,#4793);
#4791 = CARTESIAN_POINT('',(99.88,26.,-53.78));
#4792 = DIRECTION('',(0.,1.,0.));
#4793 = DIRECTION('',(0.,-0.,1.));
#4794 = PCURVE('',#4605,#4795);
#4795 = DEFINITIONAL_REPRESENTATION('',(#4796),#4800);
#4796 = CIRCLE('',#4797,5.);
#4797 = AXIS2_PLACEMENT_2D('',#4798,#4799);
#4798 = CARTESIAN_POINT('',(0.,204.76));
#4799 = DIRECTION('',(1.,0.));
#4800 = ( GEOMETRIC_REPRESENTATION_CONTEXT(2) 
PARAMETRIC_REPRESENTATION_CONTEXT() REPRESENTATION_CONTEXT('2D SPACE',''
  ) );
#4801 = PCURVE('',#4802,#4807);
#4802 = CYLINDRICAL_SURFACE('',#4803,5.);
#4803 = AXIS2_PLACEMENT_3D('',#4804,#4805,#4806);
#4804 = CARTESIAN_POINT('',(99.88,23.5,-53.78));
#4805 = DIRECTION('',(0.,1.,0.));
#4806 = DIRECTION('',(0.,-0.,1.));
#4807 = DEFINITIONAL_REPRESENTATION('',(#4808),#4812);
#4808 = LINE('',#4809,#4810);
#4809 = CARTESIAN_POINT('',(0.,2.5));
#4810 = VECTOR('',#4811,1.);
#4811 = DIRECTION('',(1.,0.));
#4812 = ( GEOMETRIC_REPRESENTATION_CONTEXT(2) 
PARAMETRIC_REPRESENTATION_CONTEXT() REPRESENTATION_CONTEXT('2D SPACE',''
  ) );
#4813 = ORIENTED_EDGE('',*,*,#4814,.F.);
#4814 = EDGE_CURVE('',#4815,#4786,#4817,.T.);
#4815 = VERTEX_POINT('',#4816);
#4816 = CARTESIAN_POINT('',(-99.88,26.,-58.78));
#4817 = SURFACE_CURVE('',#4818,(#4822,#4829),.PCURVE_S1.);
#4818 = LINE('',#4819,#4820);
#4819 = CARTESIAN_POINT('',(-99.88,26.,-58.78));
#4820 = VECTOR('',#4821,1.);
#4821 = DIRECTION('',(1.,0.,-0.));
#4822 = PCURVE('',#4605,#4823);
#4823 = DEFINITIONAL_REPRESENTATION('',(#4824),#4828);
#4824 = LINE('',#4825,#4826);
#4825 = CARTESIAN_POINT('',(-5.,5.));
#4826 = VECTOR('',#4827,1.);
#4827 = DIRECTION('',(0.,1.));
#4828 = ( GEOMETRIC_REPRESENTATION_CONTEXT(2) 
PARAMETRIC_REPRESENTATION_CONTEXT() REPRESENTATION_CONTEXT('2D SPACE',''
  ) );
#4829 = PCURVE('',#4830,#4835);
#4830 = PLANE('',#4831);
#4831 = AXIS2_PLACEMENT_3D('',#4832,#4833,#4834);
#4832 = CARTESIAN_POINT('',(-99.88,23.5,-58.78));
#4833 = DIRECTION('',(0.,0.,1.));
#4834 = DIRECTION('',(1.,0.,-0.));
#4835 = DEFINITIONAL_REPRESENTATION('',(#4836),#4840);
#4836 = LINE('',#4837,#4838);
#4837 = CARTESIAN_POINT('',(0.,2.5));
#4838 = VECTOR('',#4839,1.);
#4839 = DIRECTION('',(1.,0.));
#4840 = ( GEOMETRIC_REPRESENTATION_CONTEXT(2) 
PARAMETRIC_REPRESENTATION_CONTEXT() REPRESENTATION_CONTEXT('2D SPACE',''
  ) );
#4841 = ORIENTED_EDGE('',*,*,#4842,.T.);
#4842 = EDGE_CURVE('',#4815,#4843,#4845,.T.);
#4843 = VERTEX_POINT('',#4844);
#4844 = CARTESIAN_POINT('',(-104.88,26.,-53.78));
#4845 = SURFACE_CURVE('',#4846,(#4851,#4858),.PCURVE_S1.);
#4846 = CIRCLE('',#4847,5.);
#4847 = AXIS2_PLACEMENT_3D('',#4848,#4849,#4850);
#4848 = CARTESIAN_POINT('',(-99.88,26.,-53.78));
#4849 = DIRECTION('',(0.,1.,0.));
#4850 = DIRECTION('',(0.,-0.,1.));
#4851 = PCURVE('',#4605,#4852);
#4852 = DEFINITIONAL_REPRESENTATION('',(#4853),#4857);
#4853 = CIRCLE('',#4854,5.);
#4854 = AXIS2_PLACEMENT_2D('',#4855,#4856);
#4855 = CARTESIAN_POINT('',(0.,5.));
#4856 = DIRECTION('',(1.,0.));
#4857 = ( GEOMETRIC_REPRESENTATION_CONTEXT(2) 
PARAMETRIC_REPRESENTATION_CONTEXT() REPRESENTATION_CONTEXT('2D SPACE',''
  ) );
#4858 = PCURVE('',#4859,#4864);
#4859 = CYLINDRICAL_SURFACE('',#4860,5.);
#4860 = AXIS2_PLACEMENT_3D('',#4861,#4862,#4863);
#4861 = CARTESIAN_POINT('',(-99.88,23.5,-53.78));
#4862 = DIRECTION('',(0.,1.,0.));
#4863 = DIRECTION('',(0.,-0.,1.));
#4864 = DEFINITIONAL_REPRESENTATION('',(#4865),#4869);
#4865 = LINE('',#4866,#4867);
#4866 = CARTESIAN_POINT('',(0.,2.5));
#4867 = VECTOR('',#4868,1.);
#4868 = DIRECTION('',(1.,0.));
#4869 = ( GEOMETRIC_REPRESENTATION_CONTEXT(2) 
PARAMETRIC_REPRESENTATION_CONTEXT() REPRESENTATION_CONTEXT('2D SPACE',''
  ) );
#4870 = ORIENTED_EDGE('',*,*,#4871,.T.);
#4871 = EDGE_CURVE('',#4843,#4872,#4874,.T.);
#4872 = VERTEX_POINT('',#4873);
#4873 = CARTESIAN_POINT('',(-104.88,26.,-20.));
#4874 = SURFACE_CURVE('',#4875,(#4879,#4886),.PCURVE_S1.);
#4875 = LINE('',#4876,#4877);
#4876 = CARTESIAN_POINT('',(-104.88,26.,-53.78));
#4877 = VECTOR('',#4878,1.);
#4878 = DIRECTION('',(0.,0.,1.));
#4879 = PCURVE('',#4605,#4880);
#4880 = DEFINITIONAL_REPRESENTATION('',(#4881),#4885);
#4881 = LINE('',#4882,#4883);
#4882 = CARTESIAN_POINT('',(0.,0.));
#4883 = VECTOR('',#4884,1.);
#4884 = DIRECTION('',(1.,0.));
#4885 = ( GEOMETRIC_REPRESENTATION_CONTEXT(2) 
PARAMETRIC_REPRESENTATION_CONTEXT() REPRESENTATION_CONTEXT('2D SPACE',''
  ) );
#4886 = PCURVE('',#4887,#4892);
#4887 = PLANE('',#4888);
#4888 = AXIS2_PLACEMENT_3D('',#4889,#4890,#4891);
#4889 = CARTESIAN_POINT('',(-104.88,23.5,-53.78));
#4890 = DIRECTION('',(1.,0.,-0.));
#4891 = DIRECTION('',(0.,0.,1.));
#4892 = DEFINITIONAL_REPRESENTATION('',(#4893),#4897);
#4893 = LINE('',#4894,#4895);
#4894 = CARTESIAN_POINT('',(0.,-2.5));
#4895 = VECTOR('',#4896,1.);
#4896 = DIRECTION('',(1.,0.));
#4897 = ( GEOMETRIC_REPRESENTATION_CONTEXT(2) 
PARAMETRIC_REPRESENTATION_CONTEXT() REPRESENTATION_CONTEXT('2D SPACE',''
  ) );
#4898 = ORIENTED_EDGE('',*,*,#4899,.F.);
#4899 = EDGE_CURVE('',#4570,#4872,#4900,.T.);
#4900 = SURFACE_CURVE('',#4901,(#4905,#4912),.PCURVE_S1.);
#4901 = LINE('',#4902,#4903);
#4902 = CARTESIAN_POINT('',(-58.,26.,-20.));
#4903 = VECTOR('',#4904,1.);
#4904 = DIRECTION('',(-1.,0.,0.));
#4905 = PCURVE('',#4605,#4906);
#4906 = DEFINITIONAL_REPRESENTATION('',(#4907),#4911);
#4907 = LINE('',#4908,#4909);
#4908 = CARTESIAN_POINT('',(33.78,46.88));
#4909 = VECTOR('',#4910,1.);
#4910 = DIRECTION('',(0.,-1.));
#4911 = ( GEOMETRIC_REPRESENTATION_CONTEXT(2) 
PARAMETRIC_REPRESENTATION_CONTEXT() REPRESENTATION_CONTEXT('2D SPACE',''
  ) );
#4912 = PCURVE('',#4142,#4913);
#4913 = DEFINITIONAL_REPRESENTATION('',(#4914),#4918);
#4914 = LINE('',#4915,#4916);
#4915 = CARTESIAN_POINT('',(92.,20.6));
#4916 = VECTOR('',#4917,1.);
#4917 = DIRECTION('',(-1.,0.));
#4918 = ( GEOMETRIC_REPRESENTATION_CONTEXT(2) 
PARAMETRIC_REPRESENTATION_CONTEXT() REPRESENTATION_CONTEXT('2D SPACE',''
  ) );
#4919 = ORIENTED_EDGE('',*,*,#4592,.F.);
#4920 = FACE_BOUND('',#4921,.T.);
#4921 = EDGE_LOOP('',(#4922));
#4922 = ORIENTED_EDGE('',*,*,#4923,.F.);
#4923 = EDGE_CURVE('',#4924,#4924,#4926,.T.);
#4924 = VERTEX_POINT('',#4925);
#4925 = CARTESIAN_POINT('',(64.63,26.,36.05));
#4926 = SURFACE_CURVE('',#4927,(#4932,#4939),.PCURVE_S1.);
#4927 = CIRCLE('',#4928,2.25);
#4928 = AXIS2_PLACEMENT_3D('',#4929,#4930,#4931);
#4929 = CARTESIAN_POINT('',(64.63,26.,33.8));
#4930 = DIRECTION('',(0.,1.,0.));
#4931 = DIRECTION('',(0.,-0.,1.));
#4932 = PCURVE('',#4605,#4933);
#4933 = DEFINITIONAL_REPRESENTATION('',(#4934),#4938);
#4934 = CIRCLE('',#4935,2.25);
#4935 = AXIS2_PLACEMENT_2D('',#4936,#4937);
#4936 = CARTESIAN_POINT('',(87.58,169.51));
#4937 = DIRECTION('',(1.,0.));
#4938 = ( GEOMETRIC_REPRESENTATION_CONTEXT(2) 
PARAMETRIC_REPRESENTATION_CONTEXT() REPRESENTATION_CONTEXT('2D SPACE',''
  ) );
#4939 = PCURVE('',#4940,#4945);
#4940 = CYLINDRICAL_SURFACE('',#4941,2.25);
#4941 = AXIS2_PLACEMENT_3D('',#4942,#4943,#4944);
#4942 = CARTESIAN_POINT('',(64.63,10.,33.8));
#4943 = DIRECTION('',(0.,1.,0.));
#4944 = DIRECTION('',(0.,-0.,1.));
#4945 = DEFINITIONAL_REPRESENTATION('',(#4946),#4950);
#4946 = LINE('',#4947,#4948);
#4947 = CARTESIAN_POINT('',(0.,16.));
#4948 = VECTOR('',#4949,1.);
#4949 = DIRECTION('',(1.,0.));
#4950 = ( GEOMETRIC_REPRESENTATION_CONTEXT(2) 
PARAMETRIC_REPRESENTATION_CONTEXT() REPRESENTATION_CONTEXT('2D SPACE',''
  ) );
#4951 = FACE_BOUND('',#4952,.T.);
#4952 = EDGE_LOOP('',(#4953));
#4953 = ORIENTED_EDGE('',*,*,#4954,.F.);
#4954 = EDGE_CURVE('',#4955,#4955,#4957,.T.);
#4955 = VERTEX_POINT('',#4956);
#4956 = CARTESIAN_POINT('',(-61.57,26.,-29.6));
#4957 = SURFACE_CURVE('',#4958,(#4963,#4970),.PCURVE_S1.);
#4958 = CIRCLE('',#4959,2.25);
#4959 = AXIS2_PLACEMENT_3D('',#4960,#4961,#4962);
#4960 = CARTESIAN_POINT('',(-61.57,26.,-31.85));
#4961 = DIRECTION('',(0.,1.,0.));
#4962 = DIRECTION('',(0.,-0.,1.));
#4963 = PCURVE('',#4605,#4964);
#4964 = DEFINITIONAL_REPRESENTATION('',(#4965),#4969);
#4965 = CIRCLE('',#4966,2.25);
#4966 = AXIS2_PLACEMENT_2D('',#4967,#4968);
#4967 = CARTESIAN_POINT('',(21.93,43.31));
#4968 = DIRECTION('',(1.,0.));
#4969 = ( GEOMETRIC_REPRESENTATION_CONTEXT(2) 
PARAMETRIC_REPRESENTATION_CONTEXT() REPRESENTATION_CONTEXT('2D SPACE',''
  ) );
#4970 = PCURVE('',#4971,#4976);
#4971 = CYLINDRICAL_SURFACE('',#4972,2.25);
#4972 = AXIS2_PLACEMENT_3D('',#4973,#4974,#4975);
#4973 = CARTESIAN_POINT('',(-61.57,10.,-31.85));
#4974 = DIRECTION('',(0.,1.,0.));
#4975 = DIRECTION('',(0.,-0.,1.));
#4976 = DEFINITIONAL_REPRESENTATION('',(#4977),#4981);
#4977 = LINE('',#4978,#4979);
#4978 = CARTESIAN_POINT('',(0.,16.));
#4979 = VECTOR('',#4980,1.);
#4980 = DIRECTION('',(1.,0.));
#4981 = ( GEOMETRIC_REPRESENTATION_CONTEXT(2) 
PARAMETRIC_REPRESENTATION_CONTEXT() REPRESENTATION_CONTEXT('2D SPACE',''
  ) );
#4982 = FACE_BOUND('',#4983,.T.);
#4983 = EDGE_LOOP('',(#4984,#5013,#5040,#5067));
#4984 = ORIENTED_EDGE('',*,*,#4985,.F.);
#4985 = EDGE_CURVE('',#4986,#4988,#4990,.T.);
#4986 = VERTEX_POINT('',#4987);
#4987 = CARTESIAN_POINT('',(-53.25,26.,32.));
#4988 = VERTEX_POINT('',#4989);
#4989 = CARTESIAN_POINT('',(-50.75,26.,32.));
#4990 = SURFACE_CURVE('',#4991,(#4995,#5002),.PCURVE_S1.);
#4991 = LINE('',#4992,#4993);
#4992 = CARTESIAN_POINT('',(-76.565,26.,32.));
#4993 = VECTOR('',#4994,1.);
#4994 = DIRECTION('',(1.,0.,-0.));
#4995 = PCURVE('',#4605,#4996);
#4996 = DEFINITIONAL_REPRESENTATION('',(#4997),#5001);
#4997 = LINE('',#4998,#4999);
#4998 = CARTESIAN_POINT('',(85.78,28.315));
#4999 = VECTOR('',#5000,1.);
#5000 = DIRECTION('',(0.,1.));
#5001 = ( GEOMETRIC_REPRESENTATION_CONTEXT(2) 
PARAMETRIC_REPRESENTATION_CONTEXT() REPRESENTATION_CONTEXT('2D SPACE',''
  ) );
#5002 = PCURVE('',#5003,#5008);
#5003 = PLANE('',#5004);
#5004 = AXIS2_PLACEMENT_3D('',#5005,#5006,#5007);
#5005 = CARTESIAN_POINT('',(-53.25,22.5,32.));
#5006 = DIRECTION('',(0.,0.,1.));
#5007 = DIRECTION('',(1.,0.,-0.));
#5008 = DEFINITIONAL_REPRESENTATION('',(#5009),#5012);
#5009 = B_SPLINE_CURVE_WITH_KNOTS('',1,(#5010,#5011),.UNSPECIFIED.,.F.,
  .F.,(2,2),(23.315,25.815),.PIECEWISE_BEZIER_KNOTS.);
#5010 = CARTESIAN_POINT('',(0.,3.5));
#5011 = CARTESIAN_POINT('',(2.5,3.5));
#5012 = ( GEOMETRIC_REPRESENTATION_CONTEXT(2) 
PARAMETRIC_REPRESENTATION_CONTEXT() REPRESENTATION_CONTEXT('2D SPACE',''
  ) );
#5013 = ORIENTED_EDGE('',*,*,#5014,.T.);
#5014 = EDGE_CURVE('',#4986,#5015,#5017,.T.);
#5015 = VERTEX_POINT('',#5016);
#5016 = CARTESIAN_POINT('',(-53.25,26.,-12.));
#5017 = SURFACE_CURVE('',#5018,(#5022,#5029),.PCURVE_S1.);
#5018 = LINE('',#5019,#5020);
#5019 = CARTESIAN_POINT('',(-53.25,26.,-35.39));
#5020 = VECTOR('',#5021,1.);
#5021 = DIRECTION('',(-0.,0.,-1.));
#5022 = PCURVE('',#4605,#5023);
#5023 = DEFINITIONAL_REPRESENTATION('',(#5024),#5028);
#5024 = LINE('',#5025,#5026);
#5025 = CARTESIAN_POINT('',(18.39,51.63));
#5026 = VECTOR('',#5027,1.);
#5027 = DIRECTION('',(-1.,0.));
#5028 = ( GEOMETRIC_REPRESENTATION_CONTEXT(2) 
PARAMETRIC_REPRESENTATION_CONTEXT() REPRESENTATION_CONTEXT('2D SPACE',''
  ) );
#5029 = PCURVE('',#5030,#5035);
#5030 = PLANE('',#5031);
#5031 = AXIS2_PLACEMENT_3D('',#5032,#5033,#5034);
#5032 = CARTESIAN_POINT('',(-53.25,22.5,-12.));
#5033 = DIRECTION('',(1.,0.,-0.));
#5034 = DIRECTION('',(0.,0.,1.));
#5035 = DEFINITIONAL_REPRESENTATION('',(#5036),#5039);
#5036 = B_SPLINE_CURVE_WITH_KNOTS('',1,(#5037,#5038),.UNSPECIFIED.,.F.,
  .F.,(2,2),(-67.39,-23.39),.PIECEWISE_BEZIER_KNOTS.);
#5037 = CARTESIAN_POINT('',(44.,-3.5));
#5038 = CARTESIAN_POINT('',(0.,-3.5));
#5039 = ( GEOMETRIC_REPRESENTATION_CONTEXT(2) 
PARAMETRIC_REPRESENTATION_CONTEXT() REPRESENTATION_CONTEXT('2D SPACE',''
  ) );
#5040 = ORIENTED_EDGE('',*,*,#5041,.T.);
#5041 = EDGE_CURVE('',#5015,#5042,#5044,.T.);
#5042 = VERTEX_POINT('',#5043);
#5043 = CARTESIAN_POINT('',(-50.75,26.,-12.));
#5044 = SURFACE_CURVE('',#5045,(#5049,#5056),.PCURVE_S1.);
#5045 = LINE('',#5046,#5047);
#5046 = CARTESIAN_POINT('',(-76.565,26.,-12.));
#5047 = VECTOR('',#5048,1.);
#5048 = DIRECTION('',(1.,0.,-0.));
#5049 = PCURVE('',#4605,#5050);
#5050 = DEFINITIONAL_REPRESENTATION('',(#5051),#5055);
#5051 = LINE('',#5052,#5053);
#5052 = CARTESIAN_POINT('',(41.78,28.315));
#5053 = VECTOR('',#5054,1.);
#5054 = DIRECTION('',(0.,1.));
#5055 = ( GEOMETRIC_REPRESENTATION_CONTEXT(2) 
PARAMETRIC_REPRESENTATION_CONTEXT() REPRESENTATION_CONTEXT('2D SPACE',''
  ) );
#5056 = PCURVE('',#5057,#5062);
#5057 = PLANE('',#5058);
#5058 = AXIS2_PLACEMENT_3D('',#5059,#5060,#5061);
#5059 = CARTESIAN_POINT('',(-53.25,22.5,-12.));
#5060 = DIRECTION('',(0.,0.,1.));
#5061 = DIRECTION('',(1.,0.,-0.));
#5062 = DEFINITIONAL_REPRESENTATION('',(#5063),#5066);
#5063 = B_SPLINE_CURVE_WITH_KNOTS('',1,(#5064,#5065),.UNSPECIFIED.,.F.,
  .F.,(2,2),(23.315,25.815),.PIECEWISE_BEZIER_KNOTS.);
#5064 = CARTESIAN_POINT('',(0.,3.5));
#5065 = CARTESIAN_POINT('',(2.5,3.5));
#5066 = ( GEOMETRIC_REPRESENTATION_CONTEXT(2) 
PARAMETRIC_REPRESENTATION_CONTEXT() REPRESENTATION_CONTEXT('2D SPACE',''
  ) );
#5067 = ORIENTED_EDGE('',*,*,#5068,.F.);
#5068 = EDGE_CURVE('',#4988,#5042,#5069,.T.);
#5069 = SURFACE_CURVE('',#5070,(#5074,#5081),.PCURVE_S1.);
#5070 = LINE('',#5071,#5072);
#5071 = CARTESIAN_POINT('',(-50.75,26.,-35.39));
#5072 = VECTOR('',#5073,1.);
#5073 = DIRECTION('',(-0.,0.,-1.));
#5074 = PCURVE('',#4605,#5075);
#5075 = DEFINITIONAL_REPRESENTATION('',(#5076),#5080);
#5076 = LINE('',#5077,#5078);
#5077 = CARTESIAN_POINT('',(18.39,54.13));
#5078 = VECTOR('',#5079,1.);
#5079 = DIRECTION('',(-1.,0.));
#5080 = ( GEOMETRIC_REPRESENTATION_CONTEXT(2) 
PARAMETRIC_REPRESENTATION_CONTEXT() REPRESENTATION_CONTEXT('2D SPACE',''
  ) );
#5081 = PCURVE('',#5082,#5087);
#5082 = PLANE('',#5083);
#5083 = AXIS2_PLACEMENT_3D('',#5084,#5085,#5086);
#5084 = CARTESIAN_POINT('',(-50.75,22.5,-12.));
#5085 = DIRECTION('',(1.,0.,-0.));
#5086 = DIRECTION('',(0.,0.,1.));
#5087 = DEFINITIONAL_REPRESENTATION('',(#5088),#5091);
#5088 = B_SPLINE_CURVE_WITH_KNOTS('',1,(#5089,#5090),.UNSPECIFIED.,.F.,
  .F.,(2,2),(-67.39,-23.39),.PIECEWISE_BEZIER_KNOTS.);
#5089 = CARTESIAN_POINT('',(44.,-3.5));
#5090 = CARTESIAN_POINT('',(0.,-3.5));
#5091 = ( GEOMETRIC_REPRESENTATION_CONTEXT(2) 
PARAMETRIC_REPRESENTATION_CONTEXT() REPRESENTATION_CONTEXT('2D SPACE',''
  ) );
#5092 = FACE_BOUND('',#5093,.T.);
#5093 = EDGE_LOOP('',(#5094,#5123,#5150,#5177));
#5094 = ORIENTED_EDGE('',*,*,#5095,.F.);
#5095 = EDGE_CURVE('',#5096,#5098,#5100,.T.);
#5096 = VERTEX_POINT('',#5097);
#5097 = CARTESIAN_POINT('',(-48.25,26.,32.));
#5098 = VERTEX_POINT('',#5099);
#5099 = CARTESIAN_POINT('',(-45.75,26.,32.));
#5100 = SURFACE_CURVE('',#5101,(#5105,#5112),.PCURVE_S1.);
#5101 = LINE('',#5102,#5103);
#5102 = CARTESIAN_POINT('',(-74.065,26.,32.));
#5103 = VECTOR('',#5104,1.);
#5104 = DIRECTION('',(1.,0.,-0.));
#5105 = PCURVE('',#4605,#5106);
#5106 = DEFINITIONAL_REPRESENTATION('',(#5107),#5111);
#5107 = LINE('',#5108,#5109);
#5108 = CARTESIAN_POINT('',(85.78,30.815));
#5109 = VECTOR('',#5110,1.);
#5110 = DIRECTION('',(0.,1.));
#5111 = ( GEOMETRIC_REPRESENTATION_CONTEXT(2) 
PARAMETRIC_REPRESENTATION_CONTEXT() REPRESENTATION_CONTEXT('2D SPACE',''
  ) );
#5112 = PCURVE('',#5113,#5118);
#5113 = PLANE('',#5114);
#5114 = AXIS2_PLACEMENT_3D('',#5115,#5116,#5117);
#5115 = CARTESIAN_POINT('',(-48.25,22.5,32.));
#5116 = DIRECTION('',(0.,0.,1.));
#5117 = DIRECTION('',(1.,0.,-0.));
#5118 = DEFINITIONAL_REPRESENTATION('',(#5119),#5122);
#5119 = B_SPLINE_CURVE_WITH_KNOTS('',1,(#5120,#5121),.UNSPECIFIED.,.F.,
  .F.,(2,2),(25.815,28.315),.PIECEWISE_BEZIER_KNOTS.);
#5120 = CARTESIAN_POINT('',(0.,3.5));
#5121 = CARTESIAN_POINT('',(2.5,3.5));
#5122 = ( GEOMETRIC_REPRESENTATION_CONTEXT(2) 
PARAMETRIC_REPRESENTATION_CONTEXT() REPRESENTATION_CONTEXT('2D SPACE',''
  ) );
#5123 = ORIENTED_EDGE('',*,*,#5124,.T.);
#5124 = EDGE_CURVE('',#5096,#5125,#5127,.T.);
#5125 = VERTEX_POINT('',#5126);
#5126 = CARTESIAN_POINT('',(-48.25,26.,-12.));
#5127 = SURFACE_CURVE('',#5128,(#5132,#5139),.PCURVE_S1.);
#5128 = LINE('',#5129,#5130);
#5129 = CARTESIAN_POINT('',(-48.25,26.,-35.39));
#5130 = VECTOR('',#5131,1.);
#5131 = DIRECTION('',(-0.,0.,-1.));
#5132 = PCURVE('',#4605,#5133);
#5133 = DEFINITIONAL_REPRESENTATION('',(#5134),#5138);
#5134 = LINE('',#5135,#5136);
#5135 = CARTESIAN_POINT('',(18.39,56.63));
#5136 = VECTOR('',#5137,1.);
#5137 = DIRECTION('',(-1.,0.));
#5138 = ( GEOMETRIC_REPRESENTATION_CONTEXT(2) 
PARAMETRIC_REPRESENTATION_CONTEXT() REPRESENTATION_CONTEXT('2D SPACE',''
  ) );
#5139 = PCURVE('',#5140,#5145);
#5140 = PLANE('',#5141);
#5141 = AXIS2_PLACEMENT_3D('',#5142,#5143,#5144);
#5142 = CARTESIAN_POINT('',(-48.25,22.5,-12.));
#5143 = DIRECTION('',(1.,0.,-0.));
#5144 = DIRECTION('',(0.,0.,1.));
#5145 = DEFINITIONAL_REPRESENTATION('',(#5146),#5149);
#5146 = B_SPLINE_CURVE_WITH_KNOTS('',1,(#5147,#5148),.UNSPECIFIED.,.F.,
  .F.,(2,2),(-67.39,-23.39),.PIECEWISE_BEZIER_KNOTS.);
#5147 = CARTESIAN_POINT('',(44.,-3.5));
#5148 = CARTESIAN_POINT('',(0.,-3.5));
#5149 = ( GEOMETRIC_REPRESENTATION_CONTEXT(2) 
PARAMETRIC_REPRESENTATION_CONTEXT() REPRESENTATION_CONTEXT('2D SPACE',''
  ) );
#5150 = ORIENTED_EDGE('',*,*,#5151,.T.);
#5151 = EDGE_CURVE('',#5125,#5152,#5154,.T.);
#5152 = VERTEX_POINT('',#5153);
#5153 = CARTESIAN_POINT('',(-45.75,26.,-12.));
#5154 = SURFACE_CURVE('',#5155,(#5159,#5166),.PCURVE_S1.);
#5155 = LINE('',#5156,#5157);
#5156 = CARTESIAN_POINT('',(-74.065,26.,-12.));
#5157 = VECTOR('',#5158,1.);
#5158 = DIRECTION('',(1.,0.,-0.));
#5159 = PCURVE('',#4605,#5160);
#5160 = DEFINITIONAL_REPRESENTATION('',(#5161),#5165);
#5161 = LINE('',#5162,#5163);
#5162 = CARTESIAN_POINT('',(41.78,30.815));
#5163 = VECTOR('',#5164,1.);
#5164 = DIRECTION('',(0.,1.));
#5165 = ( GEOMETRIC_REPRESENTATION_CONTEXT(2) 
PARAMETRIC_REPRESENTATION_CONTEXT() REPRESENTATION_CONTEXT('2D SPACE',''
  ) );
#5166 = PCURVE('',#5167,#5172);
#5167 = PLANE('',#5168);
#5168 = AXIS2_PLACEMENT_3D('',#5169,#5170,#5171);
#5169 = CARTESIAN_POINT('',(-48.25,22.5,-12.));
#5170 = DIRECTION('',(0.,0.,1.));
#5171 = DIRECTION('',(1.,0.,-0.));
#5172 = DEFINITIONAL_REPRESENTATION('',(#5173),#5176);
#5173 = B_SPLINE_CURVE_WITH_KNOTS('',1,(#5174,#5175),.UNSPECIFIED.,.F.,
  .F.,(2,2),(25.815,28.315),.PIECEWISE_BEZIER_KNOTS.);
#5174 = CARTESIAN_POINT('',(0.,3.5));
#5175 = CARTESIAN_POINT('',(2.5,3.5));
#5176 = ( GEOMETRIC_REPRESENTATION_CONTEXT(2) 
PARAMETRIC_REPRESENTATION_CONTEXT() REPRESENTATION_CONTEXT('2D SPACE',''
  ) );
#5177 = ORIENTED_EDGE('',*,*,#5178,.F.);
#5178 = EDGE_CURVE('',#5098,#5152,#5179,.T.);
#5179 = SURFACE_CURVE('',#5180,(#5184,#5191),.PCURVE_S1.);
#5180 = LINE('',#5181,#5182);
#5181 = CARTESIAN_POINT('',(-45.75,26.,-35.39));
#5182 = VECTOR('',#5183,1.);
#5183 = DIRECTION('',(-0.,0.,-1.));
#5184 = PCURVE('',#4605,#5185);
#5185 = DEFINITIONAL_REPRESENTATION('',(#5186),#5190);
#5186 = LINE('',#5187,#5188);
#5187 = CARTESIAN_POINT('',(18.39,59.13));
#5188 = VECTOR('',#5189,1.);
#5189 = DIRECTION('',(-1.,0.));
#5190 = ( GEOMETRIC_REPRESENTATION_CONTEXT(2) 
PARAMETRIC_REPRESENTATION_CONTEXT() REPRESENTATION_CONTEXT('2D SPACE',''
  ) );
#5191 = PCURVE('',#5192,#5197);
#5192 = PLANE('',#5193);
#5193 = AXIS2_PLACEMENT_3D('',#5194,#5195,#5196);
#5194 = CARTESIAN_POINT('',(-45.75,22.5,-12.));
#5195 = DIRECTION('',(1.,0.,-0.));
#5196 = DIRECTION('',(0.,0.,1.));
#5197 = DEFINITIONAL_REPRESENTATION('',(#5198),#5201);
#5198 = B_SPLINE_CURVE_WITH_KNOTS('',1,(#5199,#5200),.UNSPECIFIED.,.F.,
  .F.,(2,2),(-67.39,-23.39),.PIECEWISE_BEZIER_KNOTS.);
#5199 = CARTESIAN_POINT('',(44.,-3.5));
#5200 = CARTESIAN_POINT('',(0.,-3.5));
#5201 = ( GEOMETRIC_REPRESENTATION_CONTEXT(2) 
PARAMETRIC_REPRESENTATION_CONTEXT() REPRESENTATION_CONTEXT('2D SPACE',''
  ) );
#5202 = FACE_BOUND('',#5203,.T.);
#5203 = EDGE_LOOP('',(#5204,#5233,#5260,#5287));
#5204 = ORIENTED_EDGE('',*,*,#5205,.F.);
#5205 = EDGE_CURVE('',#5206,#5208,#5210,.T.);
#5206 = VERTEX_POINT('',#5207);
#5207 = CARTESIAN_POINT('',(-43.25,26.,32.));
#5208 = VERTEX_POINT('',#5209);
#5209 = CARTESIAN_POINT('',(-40.75,26.,32.));
#5210 = SURFACE_CURVE('',#5211,(#5215,#5222),.PCURVE_S1.);
#5211 = LINE('',#5212,#5213);
#5212 = CARTESIAN_POINT('',(-71.565,26.,32.));
#5213 = VECTOR('',#5214,1.);
#5214 = DIRECTION('',(1.,0.,-0.));
#5215 = PCURVE('',#4605,#5216);
#5216 = DEFINITIONAL_REPRESENTATION('',(#5217),#5221);
#5217 = LINE('',#5218,#5219);
#5218 = CARTESIAN_POINT('',(85.78,33.315));
#5219 = VECTOR('',#5220,1.);
#5220 = DIRECTION('',(0.,1.));
#5221 = ( GEOMETRIC_REPRESENTATION_CONTEXT(2) 
PARAMETRIC_REPRESENTATION_CONTEXT() REPRESENTATION_CONTEXT('2D SPACE',''
  ) );
#5222 = PCURVE('',#5223,#5228);
#5223 = PLANE('',#5224);
#5224 = AXIS2_PLACEMENT_3D('',#5225,#5226,#5227);
#5225 = CARTESIAN_POINT('',(-43.25,22.5,32.));
#5226 = DIRECTION('',(0.,0.,1.));
#5227 = DIRECTION('',(1.,0.,-0.));
#5228 = DEFINITIONAL_REPRESENTATION('',(#5229),#5232);
#5229 = B_SPLINE_CURVE_WITH_KNOTS('',1,(#5230,#5231),.UNSPECIFIED.,.F.,
  .F.,(2,2),(28.315,30.815),.PIECEWISE_BEZIER_KNOTS.);
#5230 = CARTESIAN_POINT('',(0.,3.5));
#5231 = CARTESIAN_POINT('',(2.5,3.5));
#5232 = ( GEOMETRIC_REPRESENTATION_CONTEXT(2) 
PARAMETRIC_REPRESENTATION_CONTEXT() REPRESENTATION_CONTEXT('2D SPACE',''
  ) );
#5233 = ORIENTED_EDGE('',*,*,#5234,.T.);
#5234 = EDGE_CURVE('',#5206,#5235,#5237,.T.);
#5235 = VERTEX_POINT('',#5236);
#5236 = CARTESIAN_POINT('',(-43.25,26.,-12.));
#5237 = SURFACE_CURVE('',#5238,(#5242,#5249),.PCURVE_S1.);
#5238 = LINE('',#5239,#5240);
#5239 = CARTESIAN_POINT('',(-43.25,26.,-35.39));
#5240 = VECTOR('',#5241,1.);
#5241 = DIRECTION('',(-0.,0.,-1.));
#5242 = PCURVE('',#4605,#5243);
#5243 = DEFINITIONAL_REPRESENTATION('',(#5244),#5248);
#5244 = LINE('',#5245,#5246);
#5245 = CARTESIAN_POINT('',(18.39,61.63));
#5246 = VECTOR('',#5247,1.);
#5247 = DIRECTION('',(-1.,0.));
#5248 = ( GEOMETRIC_REPRESENTATION_CONTEXT(2) 
PARAMETRIC_REPRESENTATION_CONTEXT() REPRESENTATION_CONTEXT('2D SPACE',''
  ) );
#5249 = PCURVE('',#5250,#5255);
#5250 = PLANE('',#5251);
#5251 = AXIS2_PLACEMENT_3D('',#5252,#5253,#5254);
#5252 = CARTESIAN_POINT('',(-43.25,22.5,-12.));
#5253 = DIRECTION('',(1.,0.,-0.));
#5254 = DIRECTION('',(0.,0.,1.));
#5255 = DEFINITIONAL_REPRESENTATION('',(#5256),#5259);
#5256 = B_SPLINE_CURVE_WITH_KNOTS('',1,(#5257,#5258),.UNSPECIFIED.,.F.,
  .F.,(2,2),(-67.39,-23.39),.PIECEWISE_BEZIER_KNOTS.);
#5257 = CARTESIAN_POINT('',(44.,-3.5));
#5258 = CARTESIAN_POINT('',(0.,-3.5));
#5259 = ( GEOMETRIC_REPRESENTATION_CONTEXT(2) 
PARAMETRIC_REPRESENTATION_CONTEXT() REPRESENTATION_CONTEXT('2D SPACE',''
  ) );
#5260 = ORIENTED_EDGE('',*,*,#5261,.T.);
#5261 = EDGE_CURVE('',#5235,#5262,#5264,.T.);
#5262 = VERTEX_POINT('',#5263);
#5263 = CARTESIAN_POINT('',(-40.75,26.,-12.));
#5264 = SURFACE_CURVE('',#5265,(#5269,#5276),.PCURVE_S1.);
#5265 = LINE('',#5266,#5267);
#5266 = CARTESIAN_POINT('',(-71.565,26.,-12.));
#5267 = VECTOR('',#5268,1.);
#5268 = DIRECTION('',(1.,0.,-0.));
#5269 = PCURVE('',#4605,#5270);
#5270 = DEFINITIONAL_REPRESENTATION('',(#5271),#5275);
#5271 = LINE('',#5272,#5273);
#5272 = CARTESIAN_POINT('',(41.78,33.315));
#5273 = VECTOR('',#5274,1.);
#5274 = DIRECTION('',(0.,1.));
#5275 = ( GEOMETRIC_REPRESENTATION_CONTEXT(2) 
PARAMETRIC_REPRESENTATION_CONTEXT() REPRESENTATION_CONTEXT('2D SPACE',''
  ) );
#5276 = PCURVE('',#5277,#5282);
#5277 = PLANE('',#5278);
#5278 = AXIS2_PLACEMENT_3D('',#5279,#5280,#5281);
#5279 = CARTESIAN_POINT('',(-43.25,22.5,-12.));
#5280 = DIRECTION('',(0.,0.,1.));
#5281 = DIRECTION('',(1.,0.,-0.));
#5282 = DEFINITIONAL_REPRESENTATION('',(#5283),#5286);
#5283 = B_SPLINE_CURVE_WITH_KNOTS('',1,(#5284,#5285),.UNSPECIFIED.,.F.,
  .F.,(2,2),(28.315,30.815),.PIECEWISE_BEZIER_KNOTS.);
#5284 = CARTESIAN_POINT('',(0.,3.5));
#5285 = CARTESIAN_POINT('',(2.5,3.5));
#5286 = ( GEOMETRIC_REPRESENTATION_CONTEXT(2) 
PARAMETRIC_REPRESENTATION_CONTEXT() REPRESENTATION_CONTEXT('2D SPACE',''
  ) );
#5287 = ORIENTED_EDGE('',*,*,#5288,.F.);
#5288 = EDGE_CURVE('',#5208,#5262,#5289,.T.);
#5289 = SURFACE_CURVE('',#5290,(#5294,#5301),.PCURVE_S1.);
#5290 = LINE('',#5291,#5292);
#5291 = CARTESIAN_POINT('',(-40.75,26.,-35.39));
#5292 = VECTOR('',#5293,1.);
#5293 = DIRECTION('',(-0.,0.,-1.));
#5294 = PCURVE('',#4605,#5295);
#5295 = DEFINITIONAL_REPRESENTATION('',(#5296),#5300);
#5296 = LINE('',#5297,#5298);
#5297 = CARTESIAN_POINT('',(18.39,64.13));
#5298 = VECTOR('',#5299,1.);
#5299 = DIRECTION('',(-1.,0.));
#5300 = ( GEOMETRIC_REPRESENTATION_CONTEXT(2) 
PARAMETRIC_REPRESENTATION_CONTEXT() REPRESENTATION_CONTEXT('2D SPACE',''
  ) );
#5301 = PCURVE('',#5302,#5307);
#5302 = PLANE('',#5303);
#5303 = AXIS2_PLACEMENT_3D('',#5304,#5305,#5306);
#5304 = CARTESIAN_POINT('',(-40.75,22.5,-12.));
#5305 = DIRECTION('',(1.,0.,-0.));
#5306 = DIRECTION('',(0.,0.,1.));
#5307 = DEFINITIONAL_REPRESENTATION('',(#5308),#5311);
#5308 = B_SPLINE_CURVE_WITH_KNOTS('',1,(#5309,#5310),.UNSPECIFIED.,.F.,
  .F.,(2,2),(-67.39,-23.39),.PIECEWISE_BEZIER_KNOTS.);
#5309 = CARTESIAN_POINT('',(44.,-3.5));
#5310 = CARTESIAN_POINT('',(0.,-3.5));
#5311 = ( GEOMETRIC_REPRESENTATION_CONTEXT(2) 
PARAMETRIC_REPRESENTATION_CONTEXT() REPRESENTATION_CONTEXT('2D SPACE',''
  ) );
#5312 = FACE_BOUND('',#5313,.T.);
#5313 = EDGE_LOOP('',(#5314,#5343,#5370,#5397));
#5314 = ORIENTED_EDGE('',*,*,#5315,.F.);
#5315 = EDGE_CURVE('',#5316,#5318,#5320,.T.);
#5316 = VERTEX_POINT('',#5317);
#5317 = CARTESIAN_POINT('',(-38.25,26.,32.));
#5318 = VERTEX_POINT('',#5319);
#5319 = CARTESIAN_POINT('',(-35.75,26.,32.));
#5320 = SURFACE_CURVE('',#5321,(#5325,#5332),.PCURVE_S1.);
#5321 = LINE('',#5322,#5323);
#5322 = CARTESIAN_POINT('',(-69.065,26.,32.));
#5323 = VECTOR('',#5324,1.);
#5324 = DIRECTION('',(1.,0.,-0.));
#5325 = PCURVE('',#4605,#5326);
#5326 = DEFINITIONAL_REPRESENTATION('',(#5327),#5331);
#5327 = LINE('',#5328,#5329);
#5328 = CARTESIAN_POINT('',(85.78,35.815));
#5329 = VECTOR('',#5330,1.);
#5330 = DIRECTION('',(0.,1.));
#5331 = ( GEOMETRIC_REPRESENTATION_CONTEXT(2) 
PARAMETRIC_REPRESENTATION_CONTEXT() REPRESENTATION_CONTEXT('2D SPACE',''
  ) );
#5332 = PCURVE('',#5333,#5338);
#5333 = PLANE('',#5334);
#5334 = AXIS2_PLACEMENT_3D('',#5335,#5336,#5337);
#5335 = CARTESIAN_POINT('',(-38.25,22.5,32.));
#5336 = DIRECTION('',(0.,0.,1.));
#5337 = DIRECTION('',(1.,0.,-0.));
#5338 = DEFINITIONAL_REPRESENTATION('',(#5339),#5342);
#5339 = B_SPLINE_CURVE_WITH_KNOTS('',1,(#5340,#5341),.UNSPECIFIED.,.F.,
  .F.,(2,2),(30.815,33.315),.PIECEWISE_BEZIER_KNOTS.);
#5340 = CARTESIAN_POINT('',(0.,3.5));
#5341 = CARTESIAN_POINT('',(2.5,3.5));
#5342 = ( GEOMETRIC_REPRESENTATION_CONTEXT(2) 
PARAMETRIC_REPRESENTATION_CONTEXT() REPRESENTATION_CONTEXT('2D SPACE',''
  ) );
#5343 = ORIENTED_EDGE('',*,*,#5344,.T.);
#5344 = EDGE_CURVE('',#5316,#5345,#5347,.T.);
#5345 = VERTEX_POINT('',#5346);
#5346 = CARTESIAN_POINT('',(-38.25,26.,-12.));
#5347 = SURFACE_CURVE('',#5348,(#5352,#5359),.PCURVE_S1.);
#5348 = LINE('',#5349,#5350);
#5349 = CARTESIAN_POINT('',(-38.25,26.,-35.39));
#5350 = VECTOR('',#5351,1.);
#5351 = DIRECTION('',(-0.,0.,-1.));
#5352 = PCURVE('',#4605,#5353);
#5353 = DEFINITIONAL_REPRESENTATION('',(#5354),#5358);
#5354 = LINE('',#5355,#5356);
#5355 = CARTESIAN_POINT('',(18.39,66.63));
#5356 = VECTOR('',#5357,1.);
#5357 = DIRECTION('',(-1.,0.));
#5358 = ( GEOMETRIC_REPRESENTATION_CONTEXT(2) 
PARAMETRIC_REPRESENTATION_CONTEXT() REPRESENTATION_CONTEXT('2D SPACE',''
  ) );
#5359 = PCURVE('',#5360,#5365);
#5360 = PLANE('',#5361);
#5361 = AXIS2_PLACEMENT_3D('',#5362,#5363,#5364);
#5362 = CARTESIAN_POINT('',(-38.25,22.5,-12.));
#5363 = DIRECTION('',(1.,0.,-0.));
#5364 = DIRECTION('',(0.,0.,1.));
#5365 = DEFINITIONAL_REPRESENTATION('',(#5366),#5369);
#5366 = B_SPLINE_CURVE_WITH_KNOTS('',1,(#5367,#5368),.UNSPECIFIED.,.F.,
  .F.,(2,2),(-67.39,-23.39),.PIECEWISE_BEZIER_KNOTS.);
#5367 = CARTESIAN_POINT('',(44.,-3.5));
#5368 = CARTESIAN_POINT('',(0.,-3.5));
#5369 = ( GEOMETRIC_REPRESENTATION_CONTEXT(2) 
PARAMETRIC_REPRESENTATION_CONTEXT() REPRESENTATION_CONTEXT('2D SPACE',''
  ) );
#5370 = ORIENTED_EDGE('',*,*,#5371,.T.);
#5371 = EDGE_CURVE('',#5345,#5372,#5374,.T.);
#5372 = VERTEX_POINT('',#5373);
#5373 = CARTESIAN_POINT('',(-35.75,26.,-12.));
#5374 = SURFACE_CURVE('',#5375,(#5379,#5386),.PCURVE_S1.);
#5375 = LINE('',#5376,#5377);
#5376 = CARTESIAN_POINT('',(-69.065,26.,-12.));
#5377 = VECTOR('',#5378,1.);
#5378 = DIRECTION('',(1.,0.,-0.));
#5379 = PCURVE('',#4605,#5380);
#5380 = DEFINITIONAL_REPRESENTATION('',(#5381),#5385);
#5381 = LINE('',#5382,#5383);
#5382 = CARTESIAN_POINT('',(41.78,35.815));
#5383 = VECTOR('',#5384,1.);
#5384 = DIRECTION('',(0.,1.));
#5385 = ( GEOMETRIC_REPRESENTATION_CONTEXT(2) 
PARAMETRIC_REPRESENTATION_CONTEXT() REPRESENTATION_CONTEXT('2D SPACE',''
  ) );
#5386 = PCURVE('',#5387,#5392);
#5387 = PLANE('',#5388);
#5388 = AXIS2_PLACEMENT_3D('',#5389,#5390,#5391);
#5389 = CARTESIAN_POINT('',(-38.25,22.5,-12.));
#5390 = DIRECTION('',(0.,0.,1.));
#5391 = DIRECTION('',(1.,0.,-0.));
#5392 = DEFINITIONAL_REPRESENTATION('',(#5393),#5396);
#5393 = B_SPLINE_CURVE_WITH_KNOTS('',1,(#5394,#5395),.UNSPECIFIED.,.F.,
  .F.,(2,2),(30.815,33.315),.PIECEWISE_BEZIER_KNOTS.);
#5394 = CARTESIAN_POINT('',(0.,3.5));
#5395 = CARTESIAN_POINT('',(2.5,3.5));
#5396 = ( GEOMETRIC_REPRESENTATION_CONTEXT(2) 
PARAMETRIC_REPRESENTATION_CONTEXT() REPRESENTATION_CONTEXT('2D SPACE',''
  ) );
#5397 = ORIENTED_EDGE('',*,*,#5398,.F.);
#5398 = EDGE_CURVE('',#5318,#5372,#5399,.T.);
#5399 = SURFACE_CURVE('',#5400,(#5404,#5411),.PCURVE_S1.);
#5400 = LINE('',#5401,#5402);
#5401 = CARTESIAN_POINT('',(-35.75,26.,-35.39));
#5402 = VECTOR('',#5403,1.);
#5403 = DIRECTION('',(-0.,0.,-1.));
#5404 = PCURVE('',#4605,#5405);
#5405 = DEFINITIONAL_REPRESENTATION('',(#5406),#5410);
#5406 = LINE('',#5407,#5408);
#5407 = CARTESIAN_POINT('',(18.39,69.13));
#5408 = VECTOR('',#5409,1.);
#5409 = DIRECTION('',(-1.,0.));
#5410 = ( GEOMETRIC_REPRESENTATION_CONTEXT(2) 
PARAMETRIC_REPRESENTATION_CONTEXT() REPRESENTATION_CONTEXT('2D SPACE',''
  ) );
#5411 = PCURVE('',#5412,#5417);
#5412 = PLANE('',#5413);
#5413 = AXIS2_PLACEMENT_3D('',#5414,#5415,#5416);
#5414 = CARTESIAN_POINT('',(-35.75,22.5,-12.));
#5415 = DIRECTION('',(1.,0.,-0.));
#5416 = DIRECTION('',(0.,0.,1.));
#5417 = DEFINITIONAL_REPRESENTATION('',(#5418),#5421);
#5418 = B_SPLINE_CURVE_WITH_KNOTS('',1,(#5419,#5420),.UNSPECIFIED.,.F.,
  .F.,(2,2),(-67.39,-23.39),.PIECEWISE_BEZIER_KNOTS.);
#5419 = CARTESIAN_POINT('',(44.,-3.5));
#5420 = CARTESIAN_POINT('',(0.,-3.5));
#5421 = ( GEOMETRIC_REPRESENTATION_CONTEXT(2) 
PARAMETRIC_REPRESENTATION_CONTEXT() REPRESENTATION_CONTEXT('2D SPACE',''
  ) );
#5422 = FACE_BOUND('',#5423,.T.);
#5423 = EDGE_LOOP('',(#5424,#5453,#5480,#5507));
#5424 = ORIENTED_EDGE('',*,*,#5425,.F.);
#5425 = EDGE_CURVE('',#5426,#5428,#5430,.T.);
#5426 = VERTEX_POINT('',#5427);
#5427 = CARTESIAN_POINT('',(-33.25,26.,32.));
#5428 = VERTEX_POINT('',#5429);
#5429 = CARTESIAN_POINT('',(-30.75,26.,32.));
#5430 = SURFACE_CURVE('',#5431,(#5435,#5442),.PCURVE_S1.);
#5431 = LINE('',#5432,#5433);
#5432 = CARTESIAN_POINT('',(-66.565,26.,32.));
#5433 = VECTOR('',#5434,1.);
#5434 = DIRECTION('',(1.,0.,-0.));
#5435 = PCURVE('',#4605,#5436);
#5436 = DEFINITIONAL_REPRESENTATION('',(#5437),#5441);
#5437 = LINE('',#5438,#5439);
#5438 = CARTESIAN_POINT('',(85.78,38.315));
#5439 = VECTOR('',#5440,1.);
#5440 = DIRECTION('',(0.,1.));
#5441 = ( GEOMETRIC_REPRESENTATION_CONTEXT(2) 
PARAMETRIC_REPRESENTATION_CONTEXT() REPRESENTATION_CONTEXT('2D SPACE',''
  ) );
#5442 = PCURVE('',#5443,#5448);
#5443 = PLANE('',#5444);
#5444 = AXIS2_PLACEMENT_3D('',#5445,#5446,#5447);
#5445 = CARTESIAN_POINT('',(-33.25,22.5,32.));
#5446 = DIRECTION('',(0.,0.,1.));
#5447 = DIRECTION('',(1.,0.,-0.));
#5448 = DEFINITIONAL_REPRESENTATION('',(#5449),#5452);
#5449 = B_SPLINE_CURVE_WITH_KNOTS('',1,(#5450,#5451),.UNSPECIFIED.,.F.,
  .F.,(2,2),(33.315,35.815),.PIECEWISE_BEZIER_KNOTS.);
#5450 = CARTESIAN_POINT('',(0.,3.5));
#5451 = CARTESIAN_POINT('',(2.5,3.5));
#5452 = ( GEOMETRIC_REPRESENTATION_CONTEXT(2) 
PARAMETRIC_REPRESENTATION_CONTEXT() REPRESENTATION_CONTEXT('2D SPACE',''
  ) );
#5453 = ORIENTED_EDGE('',*,*,#5454,.T.);
#5454 = EDGE_CURVE('',#5426,#5455,#5457,.T.);
#5455 = VERTEX_POINT('',#5456);
#5456 = CARTESIAN_POINT('',(-33.25,26.,-12.));
#5457 = SURFACE_CURVE('',#5458,(#5462,#5469),.PCURVE_S1.);
#5458 = LINE('',#5459,#5460);
#5459 = CARTESIAN_POINT('',(-33.25,26.,-35.39));
#5460 = VECTOR('',#5461,1.);
#5461 = DIRECTION('',(-0.,0.,-1.));
#5462 = PCURVE('',#4605,#5463);
#5463 = DEFINITIONAL_REPRESENTATION('',(#5464),#5468);
#5464 = LINE('',#5465,#5466);
#5465 = CARTESIAN_POINT('',(18.39,71.63));
#5466 = VECTOR('',#5467,1.);
#5467 = DIRECTION('',(-1.,0.));
#5468 = ( GEOMETRIC_REPRESENTATION_CONTEXT(2) 
PARAMETRIC_REPRESENTATION_CONTEXT() REPRESENTATION_CONTEXT('2D SPACE',''
  ) );
#5469 = PCURVE('',#5470,#5475);
#5470 = PLANE('',#5471);
#5471 = AXIS2_PLACEMENT_3D('',#5472,#5473,#5474);
#5472 = CARTESIAN_POINT('',(-33.25,22.5,-12.));
#5473 = DIRECTION('',(1.,0.,-0.));
#5474 = DIRECTION('',(0.,0.,1.));
#5475 = DEFINITIONAL_REPRESENTATION('',(#5476),#5479);
#5476 = B_SPLINE_CURVE_WITH_KNOTS('',1,(#5477,#5478),.UNSPECIFIED.,.F.,
  .F.,(2,2),(-67.39,-23.39),.PIECEWISE_BEZIER_KNOTS.);
#5477 = CARTESIAN_POINT('',(44.,-3.5));
#5478 = CARTESIAN_POINT('',(0.,-3.5));
#5479 = ( GEOMETRIC_REPRESENTATION_CONTEXT(2) 
PARAMETRIC_REPRESENTATION_CONTEXT() REPRESENTATION_CONTEXT('2D SPACE',''
  ) );
#5480 = ORIENTED_EDGE('',*,*,#5481,.T.);
#5481 = EDGE_CURVE('',#5455,#5482,#5484,.T.);
#5482 = VERTEX_POINT('',#5483);
#5483 = CARTESIAN_POINT('',(-30.75,26.,-12.));
#5484 = SURFACE_CURVE('',#5485,(#5489,#5496),.PCURVE_S1.);
#5485 = LINE('',#5486,#5487);
#5486 = CARTESIAN_POINT('',(-66.565,26.,-12.));
#5487 = VECTOR('',#5488,1.);
#5488 = DIRECTION('',(1.,0.,-0.));
#5489 = PCURVE('',#4605,#5490);
#5490 = DEFINITIONAL_REPRESENTATION('',(#5491),#5495);
#5491 = LINE('',#5492,#5493);
#5492 = CARTESIAN_POINT('',(41.78,38.315));
#5493 = VECTOR('',#5494,1.);
#5494 = DIRECTION('',(0.,1.));
#5495 = ( GEOMETRIC_REPRESENTATION_CONTEXT(2) 
PARAMETRIC_REPRESENTATION_CONTEXT() REPRESENTATION_CONTEXT('2D SPACE',''
  ) );
#5496 = PCURVE('',#5497,#5502);
#5497 = PLANE('',#5498);
#5498 = AXIS2_PLACEMENT_3D('',#5499,#5500,#5501);
#5499 = CARTESIAN_POINT('',(-33.25,22.5,-12.));
#5500 = DIRECTION('',(0.,0.,1.));
#5501 = DIRECTION('',(1.,0.,-0.));
#5502 = DEFINITIONAL_REPRESENTATION('',(#5503),#5506);
#5503 = B_SPLINE_CURVE_WITH_KNOTS('',1,(#5504,#5505),.UNSPECIFIED.,.F.,
  .F.,(2,2),(33.315,35.815),.PIECEWISE_BEZIER_KNOTS.);
#5504 = CARTESIAN_POINT('',(0.,3.5));
#5505 = CARTESIAN_POINT('',(2.5,3.5));
#5506 = ( GEOMETRIC_REPRESENTATION_CONTEXT(2) 
PARAMETRIC_REPRESENTATION_CONTEXT() REPRESENTATION_CONTEXT('2D SPACE',''
  ) );
#5507 = ORIENTED_EDGE('',*,*,#5508,.F.);
#5508 = EDGE_CURVE('',#5428,#5482,#5509,.T.);
#5509 = SURFACE_CURVE('',#5510,(#5514,#5521),.PCURVE_S1.);
#5510 = LINE('',#5511,#5512);
#5511 = CARTESIAN_POINT('',(-30.75,26.,-35.39));
#5512 = VECTOR('',#5513,1.);
#5513 = DIRECTION('',(-0.,0.,-1.));
#5514 = PCURVE('',#4605,#5515);
#5515 = DEFINITIONAL_REPRESENTATION('',(#5516),#5520);
#5516 = LINE('',#5517,#5518);
#5517 = CARTESIAN_POINT('',(18.39,74.13));
#5518 = VECTOR('',#5519,1.);
#5519 = DIRECTION('',(-1.,0.));
#5520 = ( GEOMETRIC_REPRESENTATION_CONTEXT(2) 
PARAMETRIC_REPRESENTATION_CONTEXT() REPRESENTATION_CONTEXT('2D SPACE',''
  ) );
#5521 = PCURVE('',#5522,#5527);
#5522 = PLANE('',#5523);
#5523 = AXIS2_PLACEMENT_3D('',#5524,#5525,#5526);
#5524 = CARTESIAN_POINT('',(-30.75,22.5,-12.));
#5525 = DIRECTION('',(1.,0.,-0.));
#5526 = DIRECTION('',(0.,0.,1.));
#5527 = DEFINITIONAL_REPRESENTATION('',(#5528),#5531);
#5528 = B_SPLINE_CURVE_WITH_KNOTS('',1,(#5529,#5530),.UNSPECIFIED.,.F.,
  .F.,(2,2),(-67.39,-23.39),.PIECEWISE_BEZIER_KNOTS.);
#5529 = CARTESIAN_POINT('',(44.,-3.5));
#5530 = CARTESIAN_POINT('',(0.,-3.5));
#5531 = ( GEOMETRIC_REPRESENTATION_CONTEXT(2) 
PARAMETRIC_REPRESENTATION_CONTEXT() REPRESENTATION_CONTEXT('2D SPACE',''
  ) );
#5532 = FACE_BOUND('',#5533,.T.);
#5533 = EDGE_LOOP('',(#5534));
#5534 = ORIENTED_EDGE('',*,*,#5535,.F.);
#5535 = EDGE_CURVE('',#5536,#5536,#5538,.T.);
#5536 = VERTEX_POINT('',#5537);
#5537 = CARTESIAN_POINT('',(-61.57,26.,36.05));
#5538 = SURFACE_CURVE('',#5539,(#5544,#5551),.PCURVE_S1.);
#5539 = CIRCLE('',#5540,2.25);
#5540 = AXIS2_PLACEMENT_3D('',#5541,#5542,#5543);
#5541 = CARTESIAN_POINT('',(-61.57,26.,33.8));
#5542 = DIRECTION('',(0.,1.,0.));
#5543 = DIRECTION('',(0.,-0.,1.));
#5544 = PCURVE('',#4605,#5545);
#5545 = DEFINITIONAL_REPRESENTATION('',(#5546),#5550);
#5546 = CIRCLE('',#5547,2.25);
#5547 = AXIS2_PLACEMENT_2D('',#5548,#5549);
#5548 = CARTESIAN_POINT('',(87.58,43.31));
#5549 = DIRECTION('',(1.,0.));
#5550 = ( GEOMETRIC_REPRESENTATION_CONTEXT(2) 
PARAMETRIC_REPRESENTATION_CONTEXT() REPRESENTATION_CONTEXT('2D SPACE',''
  ) );
#5551 = PCURVE('',#5552,#5557);
#5552 = CYLINDRICAL_SURFACE('',#5553,2.25);
#5553 = AXIS2_PLACEMENT_3D('',#5554,#5555,#5556);
#5554 = CARTESIAN_POINT('',(-61.57,10.,33.8));
#5555 = DIRECTION('',(0.,1.,0.));
#5556 = DIRECTION('',(0.,-0.,1.));
#5557 = DEFINITIONAL_REPRESENTATION('',(#5558),#5562);
#5558 = LINE('',#5559,#5560);
#5559 = CARTESIAN_POINT('',(0.,16.));
#5560 = VECTOR('',#5561,1.);
#5561 = DIRECTION('',(1.,0.));
#5562 = ( GEOMETRIC_REPRESENTATION_CONTEXT(2) 
PARAMETRIC_REPRESENTATION_CONTEXT() REPRESENTATION_CONTEXT('2D SPACE',''
  ) );
#5563 = FACE_BOUND('',#5564,.T.);
#5564 = EDGE_LOOP('',(#5565,#5594,#5621,#5648));
#5565 = ORIENTED_EDGE('',*,*,#5566,.F.);
#5566 = EDGE_CURVE('',#5567,#5569,#5571,.T.);
#5567 = VERTEX_POINT('',#5568);
#5568 = CARTESIAN_POINT('',(-28.25,26.,32.));
#5569 = VERTEX_POINT('',#5570);
#5570 = CARTESIAN_POINT('',(-25.75,26.,32.));
#5571 = SURFACE_CURVE('',#5572,(#5576,#5583),.PCURVE_S1.);
#5572 = LINE('',#5573,#5574);
#5573 = CARTESIAN_POINT('',(-64.065,26.,32.));
#5574 = VECTOR('',#5575,1.);
#5575 = DIRECTION('',(1.,0.,-0.));
#5576 = PCURVE('',#4605,#5577);
#5577 = DEFINITIONAL_REPRESENTATION('',(#5578),#5582);
#5578 = LINE('',#5579,#5580);
#5579 = CARTESIAN_POINT('',(85.78,40.815));
#5580 = VECTOR('',#5581,1.);
#5581 = DIRECTION('',(0.,1.));
#5582 = ( GEOMETRIC_REPRESENTATION_CONTEXT(2) 
PARAMETRIC_REPRESENTATION_CONTEXT() REPRESENTATION_CONTEXT('2D SPACE',''
  ) );
#5583 = PCURVE('',#5584,#5589);
#5584 = PLANE('',#5585);
#5585 = AXIS2_PLACEMENT_3D('',#5586,#5587,#5588);
#5586 = CARTESIAN_POINT('',(-28.25,22.5,32.));
#5587 = DIRECTION('',(0.,0.,1.));
#5588 = DIRECTION('',(1.,0.,-0.));
#5589 = DEFINITIONAL_REPRESENTATION('',(#5590),#5593);
#5590 = B_SPLINE_CURVE_WITH_KNOTS('',1,(#5591,#5592),.UNSPECIFIED.,.F.,
  .F.,(2,2),(35.815,38.315),.PIECEWISE_BEZIER_KNOTS.);
#5591 = CARTESIAN_POINT('',(0.,3.5));
#5592 = CARTESIAN_POINT('',(2.5,3.5));
#5593 = ( GEOMETRIC_REPRESENTATION_CONTEXT(2) 
PARAMETRIC_REPRESENTATION_CONTEXT() REPRESENTATION_CONTEXT('2D SPACE',''
  ) );
#5594 = ORIENTED_EDGE('',*,*,#5595,.T.);
#5595 = EDGE_CURVE('',#5567,#5596,#5598,.T.);
#5596 = VERTEX_POINT('',#5597);
#5597 = CARTESIAN_POINT('',(-28.25,26.,-12.));
#5598 = SURFACE_CURVE('',#5599,(#5603,#5610),.PCURVE_S1.);
#5599 = LINE('',#5600,#5601);
#5600 = CARTESIAN_POINT('',(-28.25,26.,-35.39));
#5601 = VECTOR('',#5602,1.);
#5602 = DIRECTION('',(-0.,0.,-1.));
#5603 = PCURVE('',#4605,#5604);
#5604 = DEFINITIONAL_REPRESENTATION('',(#5605),#5609);
#5605 = LINE('',#5606,#5607);
#5606 = CARTESIAN_POINT('',(18.39,76.63));
#5607 = VECTOR('',#5608,1.);
#5608 = DIRECTION('',(-1.,0.));
#5609 = ( GEOMETRIC_REPRESENTATION_CONTEXT(2) 
PARAMETRIC_REPRESENTATION_CONTEXT() REPRESENTATION_CONTEXT('2D SPACE',''
  ) );
#5610 = PCURVE('',#5611,#5616);
#5611 = PLANE('',#5612);
#5612 = AXIS2_PLACEMENT_3D('',#5613,#5614,#5615);
#5613 = CARTESIAN_POINT('',(-28.25,22.5,-12.));
#5614 = DIRECTION('',(1.,0.,-0.));
#5615 = DIRECTION('',(0.,0.,1.));
#5616 = DEFINITIONAL_REPRESENTATION('',(#5617),#5620);
#5617 = B_SPLINE_CURVE_WITH_KNOTS('',1,(#5618,#5619),.UNSPECIFIED.,.F.,
  .F.,(2,2),(-67.39,-23.39),.PIECEWISE_BEZIER_KNOTS.);
#5618 = CARTESIAN_POINT('',(44.,-3.5));
#5619 = CARTESIAN_POINT('',(0.,-3.5));
#5620 = ( GEOMETRIC_REPRESENTATION_CONTEXT(2) 
PARAMETRIC_REPRESENTATION_CONTEXT() REPRESENTATION_CONTEXT('2D SPACE',''
  ) );
#5621 = ORIENTED_EDGE('',*,*,#5622,.T.);
#5622 = EDGE_CURVE('',#5596,#5623,#5625,.T.);
#5623 = VERTEX_POINT('',#5624);
#5624 = CARTESIAN_POINT('',(-25.75,26.,-12.));
#5625 = SURFACE_CURVE('',#5626,(#5630,#5637),.PCURVE_S1.);
#5626 = LINE('',#5627,#5628);
#5627 = CARTESIAN_POINT('',(-64.065,26.,-12.));
#5628 = VECTOR('',#5629,1.);
#5629 = DIRECTION('',(1.,0.,-0.));
#5630 = PCURVE('',#4605,#5631);
#5631 = DEFINITIONAL_REPRESENTATION('',(#5632),#5636);
#5632 = LINE('',#5633,#5634);
#5633 = CARTESIAN_POINT('',(41.78,40.815));
#5634 = VECTOR('',#5635,1.);
#5635 = DIRECTION('',(0.,1.));
#5636 = ( GEOMETRIC_REPRESENTATION_CONTEXT(2) 
PARAMETRIC_REPRESENTATION_CONTEXT() REPRESENTATION_CONTEXT('2D SPACE',''
  ) );
#5637 = PCURVE('',#5638,#5643);
#5638 = PLANE('',#5639);
#5639 = AXIS2_PLACEMENT_3D('',#5640,#5641,#5642);
#5640 = CARTESIAN_POINT('',(-28.25,22.5,-12.));
#5641 = DIRECTION('',(0.,0.,1.));
#5642 = DIRECTION('',(1.,0.,-0.));
#5643 = DEFINITIONAL_REPRESENTATION('',(#5644),#5647);
#5644 = B_SPLINE_CURVE_WITH_KNOTS('',1,(#5645,#5646),.UNSPECIFIED.,.F.,
  .F.,(2,2),(35.815,38.315),.PIECEWISE_BEZIER_KNOTS.);
#5645 = CARTESIAN_POINT('',(0.,3.5));
#5646 = CARTESIAN_POINT('',(2.5,3.5));
#5647 = ( GEOMETRIC_REPRESENTATION_CONTEXT(2) 
PARAMETRIC_REPRESENTATION_CONTEXT() REPRESENTATION_CONTEXT('2D SPACE',''
  ) );
#5648 = ORIENTED_EDGE('',*,*,#5649,.F.);
#5649 = EDGE_CURVE('',#5569,#5623,#5650,.T.);
#5650 = SURFACE_CURVE('',#5651,(#5655,#5662),.PCURVE_S1.);
#5651 = LINE('',#5652,#5653);
#5652 = CARTESIAN_POINT('',(-25.75,26.,-35.39));
#5653 = VECTOR('',#5654,1.);
#5654 = DIRECTION('',(-0.,0.,-1.));
#5655 = PCURVE('',#4605,#5656);
#5656 = DEFINITIONAL_REPRESENTATION('',(#5657),#5661);
#5657 = LINE('',#5658,#5659);
#5658 = CARTESIAN_POINT('',(18.39,79.13));
#5659 = VECTOR('',#5660,1.);
#5660 = DIRECTION('',(-1.,0.));
#5661 = ( GEOMETRIC_REPRESENTATION_CONTEXT(2) 
PARAMETRIC_REPRESENTATION_CONTEXT() REPRESENTATION_CONTEXT('2D SPACE',''
  ) );
#5662 = PCURVE('',#5663,#5668);
#5663 = PLANE('',#5664);
#5664 = AXIS2_PLACEMENT_3D('',#5665,#5666,#5667);
#5665 = CARTESIAN_POINT('',(-25.75,22.5,-12.));
#5666 = DIRECTION('',(1.,0.,-0.));
#5667 = DIRECTION('',(0.,0.,1.));
#5668 = DEFINITIONAL_REPRESENTATION('',(#5669),#5672);
#5669 = B_SPLINE_CURVE_WITH_KNOTS('',1,(#5670,#5671),.UNSPECIFIED.,.F.,
  .F.,(2,2),(-67.39,-23.39),.PIECEWISE_BEZIER_KNOTS.);
#5670 = CARTESIAN_POINT('',(44.,-3.5));
#5671 = CARTESIAN_POINT('',(0.,-3.5));
#5672 = ( GEOMETRIC_REPRESENTATION_CONTEXT(2) 
PARAMETRIC_REPRESENTATION_CONTEXT() REPRESENTATION_CONTEXT('2D SPACE',''
  ) );
#5673 = FACE_BOUND('',#5674,.T.);
#5674 = EDGE_LOOP('',(#5675));
#5675 = ORIENTED_EDGE('',*,*,#5676,.F.);
#5676 = EDGE_CURVE('',#5677,#5677,#5679,.T.);
#5677 = VERTEX_POINT('',#5678);
#5678 = CARTESIAN_POINT('',(64.63,26.,-29.6));
#5679 = SURFACE_CURVE('',#5680,(#5685,#5692),.PCURVE_S1.);
#5680 = CIRCLE('',#5681,2.25);
#5681 = AXIS2_PLACEMENT_3D('',#5682,#5683,#5684);
#5682 = CARTESIAN_POINT('',(64.63,26.,-31.85));
#5683 = DIRECTION('',(0.,1.,0.));
#5684 = DIRECTION('',(0.,-0.,1.));
#5685 = PCURVE('',#4605,#5686);
#5686 = DEFINITIONAL_REPRESENTATION('',(#5687),#5691);
#5687 = CIRCLE('',#5688,2.25);
#5688 = AXIS2_PLACEMENT_2D('',#5689,#5690);
#5689 = CARTESIAN_POINT('',(21.93,169.51));
#5690 = DIRECTION('',(1.,0.));
#5691 = ( GEOMETRIC_REPRESENTATION_CONTEXT(2) 
PARAMETRIC_REPRESENTATION_CONTEXT() REPRESENTATION_CONTEXT('2D SPACE',''
  ) );
#5692 = PCURVE('',#5693,#5698);
#5693 = CYLINDRICAL_SURFACE('',#5694,2.25);
#5694 = AXIS2_PLACEMENT_3D('',#5695,#5696,#5697);
#5695 = CARTESIAN_POINT('',(64.63,10.,-31.85));
#5696 = DIRECTION('',(0.,1.,0.));
#5697 = DIRECTION('',(0.,-0.,1.));
#5698 = DEFINITIONAL_REPRESENTATION('',(#5699),#5703);
#5699 = LINE('',#5700,#5701);
#5700 = CARTESIAN_POINT('',(0.,16.));
#5701 = VECTOR('',#5702,1.);
#5702 = DIRECTION('',(1.,0.));
#5703 = ( GEOMETRIC_REPRESENTATION_CONTEXT(2) 
PARAMETRIC_REPRESENTATION_CONTEXT() REPRESENTATION_CONTEXT('2D SPACE',''
  ) );
#5704 = FACE_BOUND('',#5705,.T.);
#5705 = EDGE_LOOP('',(#5706,#5735,#5762,#5789));
#5706 = ORIENTED_EDGE('',*,*,#5707,.F.);
#5707 = EDGE_CURVE('',#5708,#5710,#5712,.T.);
#5708 = VERTEX_POINT('',#5709);
#5709 = CARTESIAN_POINT('',(25.75,26.,32.));
#5710 = VERTEX_POINT('',#5711);
#5711 = CARTESIAN_POINT('',(28.25,26.,32.));
#5712 = SURFACE_CURVE('',#5713,(#5717,#5724),.PCURVE_S1.);
#5713 = LINE('',#5714,#5715);
#5714 = CARTESIAN_POINT('',(-37.065,26.,32.));
#5715 = VECTOR('',#5716,1.);
#5716 = DIRECTION('',(1.,0.,-0.));
#5717 = PCURVE('',#4605,#5718);
#5718 = DEFINITIONAL_REPRESENTATION('',(#5719),#5723);
#5719 = LINE('',#5720,#5721);
#5720 = CARTESIAN_POINT('',(85.78,67.815));
#5721 = VECTOR('',#5722,1.);
#5722 = DIRECTION('',(0.,1.));
#5723 = ( GEOMETRIC_REPRESENTATION_CONTEXT(2) 
PARAMETRIC_REPRESENTATION_CONTEXT() REPRESENTATION_CONTEXT('2D SPACE',''
  ) );
#5724 = PCURVE('',#5725,#5730);
#5725 = PLANE('',#5726);
#5726 = AXIS2_PLACEMENT_3D('',#5727,#5728,#5729);
#5727 = CARTESIAN_POINT('',(25.75,22.5,32.));
#5728 = DIRECTION('',(0.,0.,1.));
#5729 = DIRECTION('',(1.,0.,-0.));
#5730 = DEFINITIONAL_REPRESENTATION('',(#5731),#5734);
#5731 = B_SPLINE_CURVE_WITH_KNOTS('',1,(#5732,#5733),.UNSPECIFIED.,.F.,
  .F.,(2,2),(62.815,65.315),.PIECEWISE_BEZIER_KNOTS.);
#5732 = CARTESIAN_POINT('',(0.,3.5));
#5733 = CARTESIAN_POINT('',(2.5,3.5));
#5734 = ( GEOMETRIC_REPRESENTATION_CONTEXT(2) 
PARAMETRIC_REPRESENTATION_CONTEXT() REPRESENTATION_CONTEXT('2D SPACE',''
  ) );
#5735 = ORIENTED_EDGE('',*,*,#5736,.T.);
#5736 = EDGE_CURVE('',#5708,#5737,#5739,.T.);
#5737 = VERTEX_POINT('',#5738);
#5738 = CARTESIAN_POINT('',(25.75,26.,-12.));
#5739 = SURFACE_CURVE('',#5740,(#5744,#5751),.PCURVE_S1.);
#5740 = LINE('',#5741,#5742);
#5741 = CARTESIAN_POINT('',(25.75,26.,-35.39));
#5742 = VECTOR('',#5743,1.);
#5743 = DIRECTION('',(-0.,0.,-1.));
#5744 = PCURVE('',#4605,#5745);
#5745 = DEFINITIONAL_REPRESENTATION('',(#5746),#5750);
#5746 = LINE('',#5747,#5748);
#5747 = CARTESIAN_POINT('',(18.39,130.63));
#5748 = VECTOR('',#5749,1.);
#5749 = DIRECTION('',(-1.,0.));
#5750 = ( GEOMETRIC_REPRESENTATION_CONTEXT(2) 
PARAMETRIC_REPRESENTATION_CONTEXT() REPRESENTATION_CONTEXT('2D SPACE',''
  ) );
#5751 = PCURVE('',#5752,#5757);
#5752 = PLANE('',#5753);
#5753 = AXIS2_PLACEMENT_3D('',#5754,#5755,#5756);
#5754 = CARTESIAN_POINT('',(25.75,22.5,-12.));
#5755 = DIRECTION('',(1.,0.,-0.));
#5756 = DIRECTION('',(0.,0.,1.));
#5757 = DEFINITIONAL_REPRESENTATION('',(#5758),#5761);
#5758 = B_SPLINE_CURVE_WITH_KNOTS('',1,(#5759,#5760),.UNSPECIFIED.,.F.,
  .F.,(2,2),(-67.39,-23.39),.PIECEWISE_BEZIER_KNOTS.);
#5759 = CARTESIAN_POINT('',(44.,-3.5));
#5760 = CARTESIAN_POINT('',(0.,-3.5));
#5761 = ( GEOMETRIC_REPRESENTATION_CONTEXT(2) 
PARAMETRIC_REPRESENTATION_CONTEXT() REPRESENTATION_CONTEXT('2D SPACE',''
  ) );
#5762 = ORIENTED_EDGE('',*,*,#5763,.T.);
#5763 = EDGE_CURVE('',#5737,#5764,#5766,.T.);
#5764 = VERTEX_POINT('',#5765);
#5765 = CARTESIAN_POINT('',(28.25,26.,-12.));
#5766 = SURFACE_CURVE('',#5767,(#5771,#5778),.PCURVE_S1.);
#5767 = LINE('',#5768,#5769);
#5768 = CARTESIAN_POINT('',(-37.065,26.,-12.));
#5769 = VECTOR('',#5770,1.);
#5770 = DIRECTION('',(1.,0.,-0.));
#5771 = PCURVE('',#4605,#5772);
#5772 = DEFINITIONAL_REPRESENTATION('',(#5773),#5777);
#5773 = LINE('',#5774,#5775);
#5774 = CARTESIAN_POINT('',(41.78,67.815));
#5775 = VECTOR('',#5776,1.);
#5776 = DIRECTION('',(0.,1.));
#5777 = ( GEOMETRIC_REPRESENTATION_CONTEXT(2) 
PARAMETRIC_REPRESENTATION_CONTEXT() REPRESENTATION_CONTEXT('2D SPACE',''
  ) );
#5778 = PCURVE('',#5779,#5784);
#5779 = PLANE('',#5780);
#5780 = AXIS2_PLACEMENT_3D('',#5781,#5782,#5783);
#5781 = CARTESIAN_POINT('',(25.75,22.5,-12.));
#5782 = DIRECTION('',(0.,0.,1.));
#5783 = DIRECTION('',(1.,0.,-0.));
#5784 = DEFINITIONAL_REPRESENTATION('',(#5785),#5788);
#5785 = B_SPLINE_CURVE_WITH_KNOTS('',1,(#5786,#5787),.UNSPECIFIED.,.F.,
  .F.,(2,2),(62.815,65.315),.PIECEWISE_BEZIER_KNOTS.);
#5786 = CARTESIAN_POINT('',(0.,3.5));
#5787 = CARTESIAN_POINT('',(2.5,3.5));
#5788 = ( GEOMETRIC_REPRESENTATION_CONTEXT(2) 
PARAMETRIC_REPRESENTATION_CONTEXT() REPRESENTATION_CONTEXT('2D SPACE',''
  ) );
#5789 = ORIENTED_EDGE('',*,*,#5790,.F.);
#5790 = EDGE_CURVE('',#5710,#5764,#5791,.T.);
#5791 = SURFACE_CURVE('',#5792,(#5796,#5803),.PCURVE_S1.);
#5792 = LINE('',#5793,#5794);
#5793 = CARTESIAN_POINT('',(28.25,26.,-35.39));
#5794 = VECTOR('',#5795,1.);
#5795 = DIRECTION('',(-0.,0.,-1.));
#5796 = PCURVE('',#4605,#5797);
#5797 = DEFINITIONAL_REPRESENTATION('',(#5798),#5802);
#5798 = LINE('',#5799,#5800);
#5799 = CARTESIAN_POINT('',(18.39,133.13));
#5800 = VECTOR('',#5801,1.);
#5801 = DIRECTION('',(-1.,0.));
#5802 = ( GEOMETRIC_REPRESENTATION_CONTEXT(2) 
PARAMETRIC_REPRESENTATION_CONTEXT() REPRESENTATION_CONTEXT('2D SPACE',''
  ) );
#5803 = PCURVE('',#5804,#5809);
#5804 = PLANE('',#5805);
#5805 = AXIS2_PLACEMENT_3D('',#5806,#5807,#5808);
#5806 = CARTESIAN_POINT('',(28.25,22.5,-12.));
#5807 = DIRECTION('',(1.,0.,-0.));
#5808 = DIRECTION('',(0.,0.,1.));
#5809 = DEFINITIONAL_REPRESENTATION('',(#5810),#5813);
#5810 = B_SPLINE_CURVE_WITH_KNOTS('',1,(#5811,#5812),.UNSPECIFIED.,.F.,
  .F.,(2,2),(-67.39,-23.39),.PIECEWISE_BEZIER_KNOTS.);
#5811 = CARTESIAN_POINT('',(44.,-3.5));
#5812 = CARTESIAN_POINT('',(0.,-3.5));
#5813 = ( GEOMETRIC_REPRESENTATION_CONTEXT(2) 
PARAMETRIC_REPRESENTATION_CONTEXT() REPRESENTATION_CONTEXT('2D SPACE',''
  ) );
#5814 = FACE_BOUND('',#5815,.T.);
#5815 = EDGE_LOOP('',(#5816,#5845,#5872,#5899));
#5816 = ORIENTED_EDGE('',*,*,#5817,.F.);
#5817 = EDGE_CURVE('',#5818,#5820,#5822,.T.);
#5818 = VERTEX_POINT('',#5819);
#5819 = CARTESIAN_POINT('',(30.75,26.,32.));
#5820 = VERTEX_POINT('',#5821);
#5821 = CARTESIAN_POINT('',(33.25,26.,32.));
#5822 = SURFACE_CURVE('',#5823,(#5827,#5834),.PCURVE_S1.);
#5823 = LINE('',#5824,#5825);
#5824 = CARTESIAN_POINT('',(-34.565,26.,32.));
#5825 = VECTOR('',#5826,1.);
#5826 = DIRECTION('',(1.,0.,-0.));
#5827 = PCURVE('',#4605,#5828);
#5828 = DEFINITIONAL_REPRESENTATION('',(#5829),#5833);
#5829 = LINE('',#5830,#5831);
#5830 = CARTESIAN_POINT('',(85.78,70.315));
#5831 = VECTOR('',#5832,1.);
#5832 = DIRECTION('',(0.,1.));
#5833 = ( GEOMETRIC_REPRESENTATION_CONTEXT(2) 
PARAMETRIC_REPRESENTATION_CONTEXT() REPRESENTATION_CONTEXT('2D SPACE',''
  ) );
#5834 = PCURVE('',#5835,#5840);
#5835 = PLANE('',#5836);
#5836 = AXIS2_PLACEMENT_3D('',#5837,#5838,#5839);
#5837 = CARTESIAN_POINT('',(30.75,22.5,32.));
#5838 = DIRECTION('',(0.,0.,1.));
#5839 = DIRECTION('',(1.,0.,-0.));
#5840 = DEFINITIONAL_REPRESENTATION('',(#5841),#5844);
#5841 = B_SPLINE_CURVE_WITH_KNOTS('',1,(#5842,#5843),.UNSPECIFIED.,.F.,
  .F.,(2,2),(65.315,67.815),.PIECEWISE_BEZIER_KNOTS.);
#5842 = CARTESIAN_POINT('',(0.,3.5));
#5843 = CARTESIAN_POINT('',(2.5,3.5));
#5844 = ( GEOMETRIC_REPRESENTATION_CONTEXT(2) 
PARAMETRIC_REPRESENTATION_CONTEXT() REPRESENTATION_CONTEXT('2D SPACE',''
  ) );
#5845 = ORIENTED_EDGE('',*,*,#5846,.T.);
#5846 = EDGE_CURVE('',#5818,#5847,#5849,.T.);
#5847 = VERTEX_POINT('',#5848);
#5848 = CARTESIAN_POINT('',(30.75,26.,-12.));
#5849 = SURFACE_CURVE('',#5850,(#5854,#5861),.PCURVE_S1.);
#5850 = LINE('',#5851,#5852);
#5851 = CARTESIAN_POINT('',(30.75,26.,-35.39));
#5852 = VECTOR('',#5853,1.);
#5853 = DIRECTION('',(-0.,0.,-1.));
#5854 = PCURVE('',#4605,#5855);
#5855 = DEFINITIONAL_REPRESENTATION('',(#5856),#5860);
#5856 = LINE('',#5857,#5858);
#5857 = CARTESIAN_POINT('',(18.39,135.63));
#5858 = VECTOR('',#5859,1.);
#5859 = DIRECTION('',(-1.,0.));
#5860 = ( GEOMETRIC_REPRESENTATION_CONTEXT(2) 
PARAMETRIC_REPRESENTATION_CONTEXT() REPRESENTATION_CONTEXT('2D SPACE',''
  ) );
#5861 = PCURVE('',#5862,#5867);
#5862 = PLANE('',#5863);
#5863 = AXIS2_PLACEMENT_3D('',#5864,#5865,#5866);
#5864 = CARTESIAN_POINT('',(30.75,22.5,-12.));
#5865 = DIRECTION('',(1.,0.,-0.));
#5866 = DIRECTION('',(0.,0.,1.));
#5867 = DEFINITIONAL_REPRESENTATION('',(#5868),#5871);
#5868 = B_SPLINE_CURVE_WITH_KNOTS('',1,(#5869,#5870),.UNSPECIFIED.,.F.,
  .F.,(2,2),(-67.39,-23.39),.PIECEWISE_BEZIER_KNOTS.);
#5869 = CARTESIAN_POINT('',(44.,-3.5));
#5870 = CARTESIAN_POINT('',(0.,-3.5));
#5871 = ( GEOMETRIC_REPRESENTATION_CONTEXT(2) 
PARAMETRIC_REPRESENTATION_CONTEXT() REPRESENTATION_CONTEXT('2D SPACE',''
  ) );
#5872 = ORIENTED_EDGE('',*,*,#5873,.T.);
#5873 = EDGE_CURVE('',#5847,#5874,#5876,.T.);
#5874 = VERTEX_POINT('',#5875);
#5875 = CARTESIAN_POINT('',(33.25,26.,-12.));
#5876 = SURFACE_CURVE('',#5877,(#5881,#5888),.PCURVE_S1.);
#5877 = LINE('',#5878,#5879);
#5878 = CARTESIAN_POINT('',(-34.565,26.,-12.));
#5879 = VECTOR('',#5880,1.);
#5880 = DIRECTION('',(1.,0.,-0.));
#5881 = PCURVE('',#4605,#5882);
#5882 = DEFINITIONAL_REPRESENTATION('',(#5883),#5887);
#5883 = LINE('',#5884,#5885);
#5884 = CARTESIAN_POINT('',(41.78,70.315));
#5885 = VECTOR('',#5886,1.);
#5886 = DIRECTION('',(0.,1.));
#5887 = ( GEOMETRIC_REPRESENTATION_CONTEXT(2) 
PARAMETRIC_REPRESENTATION_CONTEXT() REPRESENTATION_CONTEXT('2D SPACE',''
  ) );
#5888 = PCURVE('',#5889,#5894);
#5889 = PLANE('',#5890);
#5890 = AXIS2_PLACEMENT_3D('',#5891,#5892,#5893);
#5891 = CARTESIAN_POINT('',(30.75,22.5,-12.));
#5892 = DIRECTION('',(0.,0.,1.));
#5893 = DIRECTION('',(1.,0.,-0.));
#5894 = DEFINITIONAL_REPRESENTATION('',(#5895),#5898);
#5895 = B_SPLINE_CURVE_WITH_KNOTS('',1,(#5896,#5897),.UNSPECIFIED.,.F.,
  .F.,(2,2),(65.315,67.815),.PIECEWISE_BEZIER_KNOTS.);
#5896 = CARTESIAN_POINT('',(0.,3.5));
#5897 = CARTESIAN_POINT('',(2.5,3.5));
#5898 = ( GEOMETRIC_REPRESENTATION_CONTEXT(2) 
PARAMETRIC_REPRESENTATION_CONTEXT() REPRESENTATION_CONTEXT('2D SPACE',''
  ) );
#5899 = ORIENTED_EDGE('',*,*,#5900,.F.);
#5900 = EDGE_CURVE('',#5820,#5874,#5901,.T.);
#5901 = SURFACE_CURVE('',#5902,(#5906,#5913),.PCURVE_S1.);
#5902 = LINE('',#5903,#5904);
#5903 = CARTESIAN_POINT('',(33.25,26.,-35.39));
#5904 = VECTOR('',#5905,1.);
#5905 = DIRECTION('',(-0.,0.,-1.));
#5906 = PCURVE('',#4605,#5907);
#5907 = DEFINITIONAL_REPRESENTATION('',(#5908),#5912);
#5908 = LINE('',#5909,#5910);
#5909 = CARTESIAN_POINT('',(18.39,138.13));
#5910 = VECTOR('',#5911,1.);
#5911 = DIRECTION('',(-1.,0.));
#5912 = ( GEOMETRIC_REPRESENTATION_CONTEXT(2) 
PARAMETRIC_REPRESENTATION_CONTEXT() REPRESENTATION_CONTEXT('2D SPACE',''
  ) );
#5913 = PCURVE('',#5914,#5919);
#5914 = PLANE('',#5915);
#5915 = AXIS2_PLACEMENT_3D('',#5916,#5917,#5918);
#5916 = CARTESIAN_POINT('',(33.25,22.5,-12.));
#5917 = DIRECTION('',(1.,0.,-0.));
#5918 = DIRECTION('',(0.,0.,1.));
#5919 = DEFINITIONAL_REPRESENTATION('',(#5920),#5923);
#5920 = B_SPLINE_CURVE_WITH_KNOTS('',1,(#5921,#5922),.UNSPECIFIED.,.F.,
  .F.,(2,2),(-67.39,-23.39),.PIECEWISE_BEZIER_KNOTS.);
#5921 = CARTESIAN_POINT('',(44.,-3.5));
#5922 = CARTESIAN_POINT('',(0.,-3.5));
#5923 = ( GEOMETRIC_REPRESENTATION_CONTEXT(2) 
PARAMETRIC_REPRESENTATION_CONTEXT() REPRESENTATION_CONTEXT('2D SPACE',''
  ) );
#5924 = FACE_BOUND('',#5925,.T.);
#5925 = EDGE_LOOP('',(#5926,#5955,#5982,#6009));
#5926 = ORIENTED_EDGE('',*,*,#5927,.F.);
#5927 = EDGE_CURVE('',#5928,#5930,#5932,.T.);
#5928 = VERTEX_POINT('',#5929);
#5929 = CARTESIAN_POINT('',(35.75,26.,32.));
#5930 = VERTEX_POINT('',#5931);
#5931 = CARTESIAN_POINT('',(38.25,26.,32.));
#5932 = SURFACE_CURVE('',#5933,(#5937,#5944),.PCURVE_S1.);
#5933 = LINE('',#5934,#5935);
#5934 = CARTESIAN_POINT('',(-32.065,26.,32.));
#5935 = VECTOR('',#5936,1.);
#5936 = DIRECTION('',(1.,0.,-0.));
#5937 = PCURVE('',#4605,#5938);
#5938 = DEFINITIONAL_REPRESENTATION('',(#5939),#5943);
#5939 = LINE('',#5940,#5941);
#5940 = CARTESIAN_POINT('',(85.78,72.815));
#5941 = VECTOR('',#5942,1.);
#5942 = DIRECTION('',(0.,1.));
#5943 = ( GEOMETRIC_REPRESENTATION_CONTEXT(2) 
PARAMETRIC_REPRESENTATION_CONTEXT() REPRESENTATION_CONTEXT('2D SPACE',''
  ) );
#5944 = PCURVE('',#5945,#5950);
#5945 = PLANE('',#5946);
#5946 = AXIS2_PLACEMENT_3D('',#5947,#5948,#5949);
#5947 = CARTESIAN_POINT('',(35.75,22.5,32.));
#5948 = DIRECTION('',(0.,0.,1.));
#5949 = DIRECTION('',(1.,0.,-0.));
#5950 = DEFINITIONAL_REPRESENTATION('',(#5951),#5954);
#5951 = B_SPLINE_CURVE_WITH_KNOTS('',1,(#5952,#5953),.UNSPECIFIED.,.F.,
  .F.,(2,2),(67.815,70.315),.PIECEWISE_BEZIER_KNOTS.);
#5952 = CARTESIAN_POINT('',(0.,3.5));
#5953 = CARTESIAN_POINT('',(2.5,3.5));
#5954 = ( GEOMETRIC_REPRESENTATION_CONTEXT(2) 
PARAMETRIC_REPRESENTATION_CONTEXT() REPRESENTATION_CONTEXT('2D SPACE',''
  ) );
#5955 = ORIENTED_EDGE('',*,*,#5956,.T.);
#5956 = EDGE_CURVE('',#5928,#5957,#5959,.T.);
#5957 = VERTEX_POINT('',#5958);
#5958 = CARTESIAN_POINT('',(35.75,26.,-12.));
#5959 = SURFACE_CURVE('',#5960,(#5964,#5971),.PCURVE_S1.);
#5960 = LINE('',#5961,#5962);
#5961 = CARTESIAN_POINT('',(35.75,26.,-35.39));
#5962 = VECTOR('',#5963,1.);
#5963 = DIRECTION('',(-0.,0.,-1.));
#5964 = PCURVE('',#4605,#5965);
#5965 = DEFINITIONAL_REPRESENTATION('',(#5966),#5970);
#5966 = LINE('',#5967,#5968);
#5967 = CARTESIAN_POINT('',(18.39,140.63));
#5968 = VECTOR('',#5969,1.);
#5969 = DIRECTION('',(-1.,0.));
#5970 = ( GEOMETRIC_REPRESENTATION_CONTEXT(2) 
PARAMETRIC_REPRESENTATION_CONTEXT() REPRESENTATION_CONTEXT('2D SPACE',''
  ) );
#5971 = PCURVE('',#5972,#5977);
#5972 = PLANE('',#5973);
#5973 = AXIS2_PLACEMENT_3D('',#5974,#5975,#5976);
#5974 = CARTESIAN_POINT('',(35.75,22.5,-12.));
#5975 = DIRECTION('',(1.,0.,-0.));
#5976 = DIRECTION('',(0.,0.,1.));
#5977 = DEFINITIONAL_REPRESENTATION('',(#5978),#5981);
#5978 = B_SPLINE_CURVE_WITH_KNOTS('',1,(#5979,#5980),.UNSPECIFIED.,.F.,
  .F.,(2,2),(-67.39,-23.39),.PIECEWISE_BEZIER_KNOTS.);
#5979 = CARTESIAN_POINT('',(44.,-3.5));
#5980 = CARTESIAN_POINT('',(0.,-3.5));
#5981 = ( GEOMETRIC_REPRESENTATION_CONTEXT(2) 
PARAMETRIC_REPRESENTATION_CONTEXT() REPRESENTATION_CONTEXT('2D SPACE',''
  ) );
#5982 = ORIENTED_EDGE('',*,*,#5983,.T.);
#5983 = EDGE_CURVE('',#5957,#5984,#5986,.T.);
#5984 = VERTEX_POINT('',#5985);
#5985 = CARTESIAN_POINT('',(38.25,26.,-12.));
#5986 = SURFACE_CURVE('',#5987,(#5991,#5998),.PCURVE_S1.);
#5987 = LINE('',#5988,#5989);
#5988 = CARTESIAN_POINT('',(-32.065,26.,-12.));
#5989 = VECTOR('',#5990,1.);
#5990 = DIRECTION('',(1.,0.,-0.));
#5991 = PCURVE('',#4605,#5992);
#5992 = DEFINITIONAL_REPRESENTATION('',(#5993),#5997);
#5993 = LINE('',#5994,#5995);
#5994 = CARTESIAN_POINT('',(41.78,72.815));
#5995 = VECTOR('',#5996,1.);
#5996 = DIRECTION('',(0.,1.));
#5997 = ( GEOMETRIC_REPRESENTATION_CONTEXT(2) 
PARAMETRIC_REPRESENTATION_CONTEXT() REPRESENTATION_CONTEXT('2D SPACE',''
  ) );
#5998 = PCURVE('',#5999,#6004);
#5999 = PLANE('',#6000);
#6000 = AXIS2_PLACEMENT_3D('',#6001,#6002,#6003);
#6001 = CARTESIAN_POINT('',(35.75,22.5,-12.));
#6002 = DIRECTION('',(0.,0.,1.));
#6003 = DIRECTION('',(1.,0.,-0.));
#6004 = DEFINITIONAL_REPRESENTATION('',(#6005),#6008);
#6005 = B_SPLINE_CURVE_WITH_KNOTS('',1,(#6006,#6007),.UNSPECIFIED.,.F.,
  .F.,(2,2),(67.815,70.315),.PIECEWISE_BEZIER_KNOTS.);
#6006 = CARTESIAN_POINT('',(0.,3.5));
#6007 = CARTESIAN_POINT('',(2.5,3.5));
#6008 = ( GEOMETRIC_REPRESENTATION_CONTEXT(2) 
PARAMETRIC_REPRESENTATION_CONTEXT() REPRESENTATION_CONTEXT('2D SPACE',''
  ) );
#6009 = ORIENTED_EDGE('',*,*,#6010,.F.);
#6010 = EDGE_CURVE('',#5930,#5984,#6011,.T.);
#6011 = SURFACE_CURVE('',#6012,(#6016,#6023),.PCURVE_S1.);
#6012 = LINE('',#6013,#6014);
#6013 = CARTESIAN_POINT('',(38.25,26.,-35.39));
#6014 = VECTOR('',#6015,1.);
#6015 = DIRECTION('',(-0.,0.,-1.));
#6016 = PCURVE('',#4605,#6017);
#6017 = DEFINITIONAL_REPRESENTATION('',(#6018),#6022);
#6018 = LINE('',#6019,#6020);
#6019 = CARTESIAN_POINT('',(18.39,143.13));
#6020 = VECTOR('',#6021,1.);
#6021 = DIRECTION('',(-1.,0.));
#6022 = ( GEOMETRIC_REPRESENTATION_CONTEXT(2) 
PARAMETRIC_REPRESENTATION_CONTEXT() REPRESENTATION_CONTEXT('2D SPACE',''
  ) );
#6023 = PCURVE('',#6024,#6029);
#6024 = PLANE('',#6025);
#6025 = AXIS2_PLACEMENT_3D('',#6026,#6027,#6028);
#6026 = CARTESIAN_POINT('',(38.25,22.5,-12.));
#6027 = DIRECTION('',(1.,0.,-0.));
#6028 = DIRECTION('',(0.,0.,1.));
#6029 = DEFINITIONAL_REPRESENTATION('',(#6030),#6033);
#6030 = B_SPLINE_CURVE_WITH_KNOTS('',1,(#6031,#6032),.UNSPECIFIED.,.F.,
  .F.,(2,2),(-67.39,-23.39),.PIECEWISE_BEZIER_KNOTS.);
#6031 = CARTESIAN_POINT('',(44.,-3.5));
#6032 = CARTESIAN_POINT('',(0.,-3.5));
#6033 = ( GEOMETRIC_REPRESENTATION_CONTEXT(2) 
PARAMETRIC_REPRESENTATION_CONTEXT() REPRESENTATION_CONTEXT('2D SPACE',''
  ) );
#6034 = FACE_BOUND('',#6035,.T.);
#6035 = EDGE_LOOP('',(#6036,#6065,#6092,#6119));
#6036 = ORIENTED_EDGE('',*,*,#6037,.F.);
#6037 = EDGE_CURVE('',#6038,#6040,#6042,.T.);
#6038 = VERTEX_POINT('',#6039);
#6039 = CARTESIAN_POINT('',(40.75,26.,32.));
#6040 = VERTEX_POINT('',#6041);
#6041 = CARTESIAN_POINT('',(43.25,26.,32.));
#6042 = SURFACE_CURVE('',#6043,(#6047,#6054),.PCURVE_S1.);
#6043 = LINE('',#6044,#6045);
#6044 = CARTESIAN_POINT('',(-29.565,26.,32.));
#6045 = VECTOR('',#6046,1.);
#6046 = DIRECTION('',(1.,0.,-0.));
#6047 = PCURVE('',#4605,#6048);
#6048 = DEFINITIONAL_REPRESENTATION('',(#6049),#6053);
#6049 = LINE('',#6050,#6051);
#6050 = CARTESIAN_POINT('',(85.78,75.315));
#6051 = VECTOR('',#6052,1.);
#6052 = DIRECTION('',(0.,1.));
#6053 = ( GEOMETRIC_REPRESENTATION_CONTEXT(2) 
PARAMETRIC_REPRESENTATION_CONTEXT() REPRESENTATION_CONTEXT('2D SPACE',''
  ) );
#6054 = PCURVE('',#6055,#6060);
#6055 = PLANE('',#6056);
#6056 = AXIS2_PLACEMENT_3D('',#6057,#6058,#6059);
#6057 = CARTESIAN_POINT('',(40.75,22.5,32.));
#6058 = DIRECTION('',(0.,0.,1.));
#6059 = DIRECTION('',(1.,0.,-0.));
#6060 = DEFINITIONAL_REPRESENTATION('',(#6061),#6064);
#6061 = B_SPLINE_CURVE_WITH_KNOTS('',1,(#6062,#6063),.UNSPECIFIED.,.F.,
  .F.,(2,2),(70.315,72.815),.PIECEWISE_BEZIER_KNOTS.);
#6062 = CARTESIAN_POINT('',(0.,3.5));
#6063 = CARTESIAN_POINT('',(2.5,3.5));
#6064 = ( GEOMETRIC_REPRESENTATION_CONTEXT(2) 
PARAMETRIC_REPRESENTATION_CONTEXT() REPRESENTATION_CONTEXT('2D SPACE',''
  ) );
#6065 = ORIENTED_EDGE('',*,*,#6066,.T.);
#6066 = EDGE_CURVE('',#6038,#6067,#6069,.T.);
#6067 = VERTEX_POINT('',#6068);
#6068 = CARTESIAN_POINT('',(40.75,26.,-12.));
#6069 = SURFACE_CURVE('',#6070,(#6074,#6081),.PCURVE_S1.);
#6070 = LINE('',#6071,#6072);
#6071 = CARTESIAN_POINT('',(40.75,26.,-35.39));
#6072 = VECTOR('',#6073,1.);
#6073 = DIRECTION('',(-0.,0.,-1.));
#6074 = PCURVE('',#4605,#6075);
#6075 = DEFINITIONAL_REPRESENTATION('',(#6076),#6080);
#6076 = LINE('',#6077,#6078);
#6077 = CARTESIAN_POINT('',(18.39,145.63));
#6078 = VECTOR('',#6079,1.);
#6079 = DIRECTION('',(-1.,0.));
#6080 = ( GEOMETRIC_REPRESENTATION_CONTEXT(2) 
PARAMETRIC_REPRESENTATION_CONTEXT() REPRESENTATION_CONTEXT('2D SPACE',''
  ) );
#6081 = PCURVE('',#6082,#6087);
#6082 = PLANE('',#6083);
#6083 = AXIS2_PLACEMENT_3D('',#6084,#6085,#6086);
#6084 = CARTESIAN_POINT('',(40.75,22.5,-12.));
#6085 = DIRECTION('',(1.,0.,-0.));
#6086 = DIRECTION('',(0.,0.,1.));
#6087 = DEFINITIONAL_REPRESENTATION('',(#6088),#6091);
#6088 = B_SPLINE_CURVE_WITH_KNOTS('',1,(#6089,#6090),.UNSPECIFIED.,.F.,
  .F.,(2,2),(-67.39,-23.39),.PIECEWISE_BEZIER_KNOTS.);
#6089 = CARTESIAN_POINT('',(44.,-3.5));
#6090 = CARTESIAN_POINT('',(0.,-3.5));
#6091 = ( GEOMETRIC_REPRESENTATION_CONTEXT(2) 
PARAMETRIC_REPRESENTATION_CONTEXT() REPRESENTATION_CONTEXT('2D SPACE',''
  ) );
#6092 = ORIENTED_EDGE('',*,*,#6093,.T.);
#6093 = EDGE_CURVE('',#6067,#6094,#6096,.T.);
#6094 = VERTEX_POINT('',#6095);
#6095 = CARTESIAN_POINT('',(43.25,26.,-12.));
#6096 = SURFACE_CURVE('',#6097,(#6101,#6108),.PCURVE_S1.);
#6097 = LINE('',#6098,#6099);
#6098 = CARTESIAN_POINT('',(-29.565,26.,-12.));
#6099 = VECTOR('',#6100,1.);
#6100 = DIRECTION('',(1.,0.,-0.));
#6101 = PCURVE('',#4605,#6102);
#6102 = DEFINITIONAL_REPRESENTATION('',(#6103),#6107);
#6103 = LINE('',#6104,#6105);
#6104 = CARTESIAN_POINT('',(41.78,75.315));
#6105 = VECTOR('',#6106,1.);
#6106 = DIRECTION('',(0.,1.));
#6107 = ( GEOMETRIC_REPRESENTATION_CONTEXT(2) 
PARAMETRIC_REPRESENTATION_CONTEXT() REPRESENTATION_CONTEXT('2D SPACE',''
  ) );
#6108 = PCURVE('',#6109,#6114);
#6109 = PLANE('',#6110);
#6110 = AXIS2_PLACEMENT_3D('',#6111,#6112,#6113);
#6111 = CARTESIAN_POINT('',(40.75,22.5,-12.));
#6112 = DIRECTION('',(0.,0.,1.));
#6113 = DIRECTION('',(1.,0.,-0.));
#6114 = DEFINITIONAL_REPRESENTATION('',(#6115),#6118);
#6115 = B_SPLINE_CURVE_WITH_KNOTS('',1,(#6116,#6117),.UNSPECIFIED.,.F.,
  .F.,(2,2),(70.315,72.815),.PIECEWISE_BEZIER_KNOTS.);
#6116 = CARTESIAN_POINT('',(0.,3.5));
#6117 = CARTESIAN_POINT('',(2.5,3.5));
#6118 = ( GEOMETRIC_REPRESENTATION_CONTEXT(2) 
PARAMETRIC_REPRESENTATION_CONTEXT() REPRESENTATION_CONTEXT('2D SPACE',''
  ) );
#6119 = ORIENTED_EDGE('',*,*,#6120,.F.);
#6120 = EDGE_CURVE('',#6040,#6094,#6121,.T.);
#6121 = SURFACE_CURVE('',#6122,(#6126,#6133),.PCURVE_S1.);
#6122 = LINE('',#6123,#6124);
#6123 = CARTESIAN_POINT('',(43.25,26.,-35.39));
#6124 = VECTOR('',#6125,1.);
#6125 = DIRECTION('',(-0.,0.,-1.));
#6126 = PCURVE('',#4605,#6127);
#6127 = DEFINITIONAL_REPRESENTATION('',(#6128),#6132);
#6128 = LINE('',#6129,#6130);
#6129 = CARTESIAN_POINT('',(18.39,148.13));
#6130 = VECTOR('',#6131,1.);
#6131 = DIRECTION('',(-1.,0.));
#6132 = ( GEOMETRIC_REPRESENTATION_CONTEXT(2) 
PARAMETRIC_REPRESENTATION_CONTEXT() REPRESENTATION_CONTEXT('2D SPACE',''
  ) );
#6133 = PCURVE('',#6134,#6139);
#6134 = PLANE('',#6135);
#6135 = AXIS2_PLACEMENT_3D('',#6136,#6137,#6138);
#6136 = CARTESIAN_POINT('',(43.25,22.5,-12.));
#6137 = DIRECTION('',(1.,0.,-0.));
#6138 = DIRECTION('',(0.,0.,1.));
#6139 = DEFINITIONAL_REPRESENTATION('',(#6140),#6143);
#6140 = B_SPLINE_CURVE_WITH_KNOTS('',1,(#6141,#6142),.UNSPECIFIED.,.F.,
  .F.,(2,2),(-67.39,-23.39),.PIECEWISE_BEZIER_KNOTS.);
#6141 = CARTESIAN_POINT('',(44.,-3.5));
#6142 = CARTESIAN_POINT('',(0.,-3.5));
#6143 = ( GEOMETRIC_REPRESENTATION_CONTEXT(2) 
PARAMETRIC_REPRESENTATION_CONTEXT() REPRESENTATION_CONTEXT('2D SPACE',''
  ) );
#6144 = FACE_BOUND('',#6145,.T.);
#6145 = EDGE_LOOP('',(#6146,#6175,#6202,#6229));
#6146 = ORIENTED_EDGE('',*,*,#6147,.F.);
#6147 = EDGE_CURVE('',#6148,#6150,#6152,.T.);
#6148 = VERTEX_POINT('',#6149);
#6149 = CARTESIAN_POINT('',(45.75,26.,32.));
#6150 = VERTEX_POINT('',#6151);
#6151 = CARTESIAN_POINT('',(48.25,26.,32.));
#6152 = SURFACE_CURVE('',#6153,(#6157,#6164),.PCURVE_S1.);
#6153 = LINE('',#6154,#6155);
#6154 = CARTESIAN_POINT('',(-27.065,26.,32.));
#6155 = VECTOR('',#6156,1.);
#6156 = DIRECTION('',(1.,0.,-0.));
#6157 = PCURVE('',#4605,#6158);
#6158 = DEFINITIONAL_REPRESENTATION('',(#6159),#6163);
#6159 = LINE('',#6160,#6161);
#6160 = CARTESIAN_POINT('',(85.78,77.815));
#6161 = VECTOR('',#6162,1.);
#6162 = DIRECTION('',(0.,1.));
#6163 = ( GEOMETRIC_REPRESENTATION_CONTEXT(2) 
PARAMETRIC_REPRESENTATION_CONTEXT() REPRESENTATION_CONTEXT('2D SPACE',''
  ) );
#6164 = PCURVE('',#6165,#6170);
#6165 = PLANE('',#6166);
#6166 = AXIS2_PLACEMENT_3D('',#6167,#6168,#6169);
#6167 = CARTESIAN_POINT('',(45.75,22.5,32.));
#6168 = DIRECTION('',(0.,0.,1.));
#6169 = DIRECTION('',(1.,0.,-0.));
#6170 = DEFINITIONAL_REPRESENTATION('',(#6171),#6174);
#6171 = B_SPLINE_CURVE_WITH_KNOTS('',1,(#6172,#6173),.UNSPECIFIED.,.F.,
  .F.,(2,2),(72.815,75.315),.PIECEWISE_BEZIER_KNOTS.);
#6172 = CARTESIAN_POINT('',(0.,3.5));
#6173 = CARTESIAN_POINT('',(2.5,3.5));
#6174 = ( GEOMETRIC_REPRESENTATION_CONTEXT(2) 
PARAMETRIC_REPRESENTATION_CONTEXT() REPRESENTATION_CONTEXT('2D SPACE',''
  ) );
#6175 = ORIENTED_EDGE('',*,*,#6176,.T.);
#6176 = EDGE_CURVE('',#6148,#6177,#6179,.T.);
#6177 = VERTEX_POINT('',#6178);
#6178 = CARTESIAN_POINT('',(45.75,26.,-12.));
#6179 = SURFACE_CURVE('',#6180,(#6184,#6191),.PCURVE_S1.);
#6180 = LINE('',#6181,#6182);
#6181 = CARTESIAN_POINT('',(45.75,26.,-35.39));
#6182 = VECTOR('',#6183,1.);
#6183 = DIRECTION('',(-0.,0.,-1.));
#6184 = PCURVE('',#4605,#6185);
#6185 = DEFINITIONAL_REPRESENTATION('',(#6186),#6190);
#6186 = LINE('',#6187,#6188);
#6187 = CARTESIAN_POINT('',(18.39,150.63));
#6188 = VECTOR('',#6189,1.);
#6189 = DIRECTION('',(-1.,0.));
#6190 = ( GEOMETRIC_REPRESENTATION_CONTEXT(2) 
PARAMETRIC_REPRESENTATION_CONTEXT() REPRESENTATION_CONTEXT('2D SPACE',''
  ) );
#6191 = PCURVE('',#6192,#6197);
#6192 = PLANE('',#6193);
#6193 = AXIS2_PLACEMENT_3D('',#6194,#6195,#6196);
#6194 = CARTESIAN_POINT('',(45.75,22.5,-12.));
#6195 = DIRECTION('',(1.,0.,-0.));
#6196 = DIRECTION('',(0.,0.,1.));
#6197 = DEFINITIONAL_REPRESENTATION('',(#6198),#6201);
#6198 = B_SPLINE_CURVE_WITH_KNOTS('',1,(#6199,#6200),.UNSPECIFIED.,.F.,
  .F.,(2,2),(-67.39,-23.39),.PIECEWISE_BEZIER_KNOTS.);
#6199 = CARTESIAN_POINT('',(44.,-3.5));
#6200 = CARTESIAN_POINT('',(0.,-3.5));
#6201 = ( GEOMETRIC_REPRESENTATION_CONTEXT(2) 
PARAMETRIC_REPRESENTATION_CONTEXT() REPRESENTATION_CONTEXT('2D SPACE',''
  ) );
#6202 = ORIENTED_EDGE('',*,*,#6203,.T.);
#6203 = EDGE_CURVE('',#6177,#6204,#6206,.T.);
#6204 = VERTEX_POINT('',#6205);
#6205 = CARTESIAN_POINT('',(48.25,26.,-12.));
#6206 = SURFACE_CURVE('',#6207,(#6211,#6218),.PCURVE_S1.);
#6207 = LINE('',#6208,#6209);
#6208 = CARTESIAN_POINT('',(-27.065,26.,-12.));
#6209 = VECTOR('',#6210,1.);
#6210 = DIRECTION('',(1.,0.,-0.));
#6211 = PCURVE('',#4605,#6212);
#6212 = DEFINITIONAL_REPRESENTATION('',(#6213),#6217);
#6213 = LINE('',#6214,#6215);
#6214 = CARTESIAN_POINT('',(41.78,77.815));
#6215 = VECTOR('',#6216,1.);
#6216 = DIRECTION('',(0.,1.));
#6217 = ( GEOMETRIC_REPRESENTATION_CONTEXT(2) 
PARAMETRIC_REPRESENTATION_CONTEXT() REPRESENTATION_CONTEXT('2D SPACE',''
  ) );
#6218 = PCURVE('',#6219,#6224);
#6219 = PLANE('',#6220);
#6220 = AXIS2_PLACEMENT_3D('',#6221,#6222,#6223);
#6221 = CARTESIAN_POINT('',(45.75,22.5,-12.));
#6222 = DIRECTION('',(0.,0.,1.));
#6223 = DIRECTION('',(1.,0.,-0.));
#6224 = DEFINITIONAL_REPRESENTATION('',(#6225),#6228);
#6225 = B_SPLINE_CURVE_WITH_KNOTS('',1,(#6226,#6227),.UNSPECIFIED.,.F.,
  .F.,(2,2),(72.815,75.315),.PIECEWISE_BEZIER_KNOTS.);
#6226 = CARTESIAN_POINT('',(0.,3.5));
#6227 = CARTESIAN_POINT('',(2.5,3.5));
#6228 = ( GEOMETRIC_REPRESENTATION_CONTEXT(2) 
PARAMETRIC_REPRESENTATION_CONTEXT() REPRESENTATION_CONTEXT('2D SPACE',''
  ) );
#6229 = ORIENTED_EDGE('',*,*,#6230,.F.);
#6230 = EDGE_CURVE('',#6150,#6204,#6231,.T.);
#6231 = SURFACE_CURVE('',#6232,(#6236,#6243),.PCURVE_S1.);
#6232 = LINE('',#6233,#6234);
#6233 = CARTESIAN_POINT('',(48.25,26.,-35.39));
#6234 = VECTOR('',#6235,1.);
#6235 = DIRECTION('',(-0.,0.,-1.));
#6236 = PCURVE('',#4605,#6237);
#6237 = DEFINITIONAL_REPRESENTATION('',(#6238),#6242);
#6238 = LINE('',#6239,#6240);
#6239 = CARTESIAN_POINT('',(18.39,153.13));
#6240 = VECTOR('',#6241,1.);
#6241 = DIRECTION('',(-1.,0.));
#6242 = ( GEOMETRIC_REPRESENTATION_CONTEXT(2) 
PARAMETRIC_REPRESENTATION_CONTEXT() REPRESENTATION_CONTEXT('2D SPACE',''
  ) );
#6243 = PCURVE('',#6244,#6249);
#6244 = PLANE('',#6245);
#6245 = AXIS2_PLACEMENT_3D('',#6246,#6247,#6248);
#6246 = CARTESIAN_POINT('',(48.25,22.5,-12.));
#6247 = DIRECTION('',(1.,0.,-0.));
#6248 = DIRECTION('',(0.,0.,1.));
#6249 = DEFINITIONAL_REPRESENTATION('',(#6250),#6253);
#6250 = B_SPLINE_CURVE_WITH_KNOTS('',1,(#6251,#6252),.UNSPECIFIED.,.F.,
  .F.,(2,2),(-67.39,-23.39),.PIECEWISE_BEZIER_KNOTS.);
#6251 = CARTESIAN_POINT('',(44.,-3.5));
#6252 = CARTESIAN_POINT('',(0.,-3.5));
#6253 = ( GEOMETRIC_REPRESENTATION_CONTEXT(2) 
PARAMETRIC_REPRESENTATION_CONTEXT() REPRESENTATION_CONTEXT('2D SPACE',''
  ) );
#6254 = FACE_BOUND('',#6255,.T.);
#6255 = EDGE_LOOP('',(#6256,#6285,#6312,#6339));
#6256 = ORIENTED_EDGE('',*,*,#6257,.F.);
#6257 = EDGE_CURVE('',#6258,#6260,#6262,.T.);
#6258 = VERTEX_POINT('',#6259);
#6259 = CARTESIAN_POINT('',(50.75,26.,32.));
#6260 = VERTEX_POINT('',#6261);
#6261 = CARTESIAN_POINT('',(53.25,26.,32.));
#6262 = SURFACE_CURVE('',#6263,(#6267,#6274),.PCURVE_S1.);
#6263 = LINE('',#6264,#6265);
#6264 = CARTESIAN_POINT('',(-24.565,26.,32.));
#6265 = VECTOR('',#6266,1.);
#6266 = DIRECTION('',(1.,0.,-0.));
#6267 = PCURVE('',#4605,#6268);
#6268 = DEFINITIONAL_REPRESENTATION('',(#6269),#6273);
#6269 = LINE('',#6270,#6271);
#6270 = CARTESIAN_POINT('',(85.78,80.315));
#6271 = VECTOR('',#6272,1.);
#6272 = DIRECTION('',(0.,1.));
#6273 = ( GEOMETRIC_REPRESENTATION_CONTEXT(2) 
PARAMETRIC_REPRESENTATION_CONTEXT() REPRESENTATION_CONTEXT('2D SPACE',''
  ) );
#6274 = PCURVE('',#6275,#6280);
#6275 = PLANE('',#6276);
#6276 = AXIS2_PLACEMENT_3D('',#6277,#6278,#6279);
#6277 = CARTESIAN_POINT('',(50.75,22.5,32.));
#6278 = DIRECTION('',(0.,0.,1.));
#6279 = DIRECTION('',(1.,0.,-0.));
#6280 = DEFINITIONAL_REPRESENTATION('',(#6281),#6284);
#6281 = B_SPLINE_CURVE_WITH_KNOTS('',1,(#6282,#6283),.UNSPECIFIED.,.F.,
  .F.,(2,2),(75.315,77.815),.PIECEWISE_BEZIER_KNOTS.);
#6282 = CARTESIAN_POINT('',(0.,3.5));
#6283 = CARTESIAN_POINT('',(2.5,3.5));
#6284 = ( GEOMETRIC_REPRESENTATION_CONTEXT(2) 
PARAMETRIC_REPRESENTATION_CONTEXT() REPRESENTATION_CONTEXT('2D SPACE',''
  ) );
#6285 = ORIENTED_EDGE('',*,*,#6286,.T.);
#6286 = EDGE_CURVE('',#6258,#6287,#6289,.T.);
#6287 = VERTEX_POINT('',#6288);
#6288 = CARTESIAN_POINT('',(50.75,26.,-12.));
#6289 = SURFACE_CURVE('',#6290,(#6294,#6301),.PCURVE_S1.);
#6290 = LINE('',#6291,#6292);
#6291 = CARTESIAN_POINT('',(50.75,26.,-35.39));
#6292 = VECTOR('',#6293,1.);
#6293 = DIRECTION('',(-0.,0.,-1.));
#6294 = PCURVE('',#4605,#6295);
#6295 = DEFINITIONAL_REPRESENTATION('',(#6296),#6300);
#6296 = LINE('',#6297,#6298);
#6297 = CARTESIAN_POINT('',(18.39,155.63));
#6298 = VECTOR('',#6299,1.);
#6299 = DIRECTION('',(-1.,0.));
#6300 = ( GEOMETRIC_REPRESENTATION_CONTEXT(2) 
PARAMETRIC_REPRESENTATION_CONTEXT() REPRESENTATION_CONTEXT('2D SPACE',''
  ) );
#6301 = PCURVE('',#6302,#6307);
#6302 = PLANE('',#6303);
#6303 = AXIS2_PLACEMENT_3D('',#6304,#6305,#6306);
#6304 = CARTESIAN_POINT('',(50.75,22.5,-12.));
#6305 = DIRECTION('',(1.,0.,-0.));
#6306 = DIRECTION('',(0.,0.,1.));
#6307 = DEFINITIONAL_REPRESENTATION('',(#6308),#6311);
#6308 = B_SPLINE_CURVE_WITH_KNOTS('',1,(#6309,#6310),.UNSPECIFIED.,.F.,
  .F.,(2,2),(-67.39,-23.39),.PIECEWISE_BEZIER_KNOTS.);
#6309 = CARTESIAN_POINT('',(44.,-3.5));
#6310 = CARTESIAN_POINT('',(0.,-3.5));
#6311 = ( GEOMETRIC_REPRESENTATION_CONTEXT(2) 
PARAMETRIC_REPRESENTATION_CONTEXT() REPRESENTATION_CONTEXT('2D SPACE',''
  ) );
#6312 = ORIENTED_EDGE('',*,*,#6313,.T.);
#6313 = EDGE_CURVE('',#6287,#6314,#6316,.T.);
#6314 = VERTEX_POINT('',#6315);
#6315 = CARTESIAN_POINT('',(53.25,26.,-12.));
#6316 = SURFACE_CURVE('',#6317,(#6321,#6328),.PCURVE_S1.);
#6317 = LINE('',#6318,#6319);
#6318 = CARTESIAN_POINT('',(-24.565,26.,-12.));
#6319 = VECTOR('',#6320,1.);
#6320 = DIRECTION('',(1.,0.,-0.));
#6321 = PCURVE('',#4605,#6322);
#6322 = DEFINITIONAL_REPRESENTATION('',(#6323),#6327);
#6323 = LINE('',#6324,#6325);
#6324 = CARTESIAN_POINT('',(41.78,80.315));
#6325 = VECTOR('',#6326,1.);
#6326 = DIRECTION('',(0.,1.));
#6327 = ( GEOMETRIC_REPRESENTATION_CONTEXT(2) 
PARAMETRIC_REPRESENTATION_CONTEXT() REPRESENTATION_CONTEXT('2D SPACE',''
  ) );
#6328 = PCURVE('',#6329,#6334);
#6329 = PLANE('',#6330);
#6330 = AXIS2_PLACEMENT_3D('',#6331,#6332,#6333);
#6331 = CARTESIAN_POINT('',(50.75,22.5,-12.));
#6332 = DIRECTION('',(0.,0.,1.));
#6333 = DIRECTION('',(1.,0.,-0.));
#6334 = DEFINITIONAL_REPRESENTATION('',(#6335),#6338);
#6335 = B_SPLINE_CURVE_WITH_KNOTS('',1,(#6336,#6337),.UNSPECIFIED.,.F.,
  .F.,(2,2),(75.315,77.815),.PIECEWISE_BEZIER_KNOTS.);
#6336 = CARTESIAN_POINT('',(0.,3.5));
#6337 = CARTESIAN_POINT('',(2.5,3.5));
#6338 = ( GEOMETRIC_REPRESENTATION_CONTEXT(2) 
PARAMETRIC_REPRESENTATION_CONTEXT() REPRESENTATION_CONTEXT('2D SPACE',''
  ) );
#6339 = ORIENTED_EDGE('',*,*,#6340,.F.);
#6340 = EDGE_CURVE('',#6260,#6314,#6341,.T.);
#6341 = SURFACE_CURVE('',#6342,(#6346,#6353),.PCURVE_S1.);
#6342 = LINE('',#6343,#6344);
#6343 = CARTESIAN_POINT('',(53.25,26.,-35.39));
#6344 = VECTOR('',#6345,1.);
#6345 = DIRECTION('',(-0.,0.,-1.));
#6346 = PCURVE('',#4605,#6347);
#6347 = DEFINITIONAL_REPRESENTATION('',(#6348),#6352);
#6348 = LINE('',#6349,#6350);
#6349 = CARTESIAN_POINT('',(18.39,158.13));
#6350 = VECTOR('',#6351,1.);
#6351 = DIRECTION('',(-1.,0.));
#6352 = ( GEOMETRIC_REPRESENTATION_CONTEXT(2) 
PARAMETRIC_REPRESENTATION_CONTEXT() REPRESENTATION_CONTEXT('2D SPACE',''
  ) );
#6353 = PCURVE('',#6354,#6359);
#6354 = PLANE('',#6355);
#6355 = AXIS2_PLACEMENT_3D('',#6356,#6357,#6358);
#6356 = CARTESIAN_POINT('',(53.25,22.5,-12.));
#6357 = DIRECTION('',(1.,0.,-0.));
#6358 = DIRECTION('',(0.,0.,1.));
#6359 = DEFINITIONAL_REPRESENTATION('',(#6360),#6363);
#6360 = B_SPLINE_CURVE_WITH_KNOTS('',1,(#6361,#6362),.UNSPECIFIED.,.F.,
  .F.,(2,2),(-67.39,-23.39),.PIECEWISE_BEZIER_KNOTS.);
#6361 = CARTESIAN_POINT('',(44.,-3.5));
#6362 = CARTESIAN_POINT('',(0.,-3.5));
#6363 = ( GEOMETRIC_REPRESENTATION_CONTEXT(2) 
PARAMETRIC_REPRESENTATION_CONTEXT() REPRESENTATION_CONTEXT('2D SPACE',''
  ) );
#6364 = FACE_BOUND('',#6365,.T.);
#6365 = EDGE_LOOP('',(#6366));
#6366 = ORIENTED_EDGE('',*,*,#6367,.T.);
#6367 = EDGE_CURVE('',#6368,#6368,#6370,.T.);
#6368 = VERTEX_POINT('',#6369);
#6369 = CARTESIAN_POINT('',(-99.6,26.,55.2));
#6370 = SURFACE_CURVE('',#6371,(#6376,#6387),.PCURVE_S1.);
#6371 = CIRCLE('',#6372,1.700000000001);
#6372 = AXIS2_PLACEMENT_3D('',#6373,#6374,#6375);
#6373 = CARTESIAN_POINT('',(-99.6,26.,53.499999999999));
#6374 = DIRECTION('',(0.,-1.,0.));
#6375 = DIRECTION('',(-6.687461042444E-14,0.,1.));
#6376 = PCURVE('',#4605,#6377);
#6377 = DEFINITIONAL_REPRESENTATION('',(#6378),#6386);
#6378 = ( BOUNDED_CURVE() B_SPLINE_CURVE(2,(#6379,#6380,#6381,#6382,
#6383,#6384,#6385),.UNSPECIFIED.,.T.,.F.) B_SPLINE_CURVE_WITH_KNOTS((1,2
    ,2,2,2,1),(-2.094395102393,0.,2.094395102393,4.188790204786,
6.28318530718,8.377580409573),.UNSPECIFIED.) CURVE() 
GEOMETRIC_REPRESENTATION_ITEM() RATIONAL_B_SPLINE_CURVE((1.,0.5,1.,0.5,
1.,0.5,1.)) REPRESENTATION_ITEM('') );
#6379 = CARTESIAN_POINT('',(108.98,5.28));
#6380 = CARTESIAN_POINT('',(108.98,2.335513627131));
#6381 = CARTESIAN_POINT('',(106.42999999999,3.807756813566));
#6382 = CARTESIAN_POINT('',(103.87999999999,5.28));
#6383 = CARTESIAN_POINT('',(106.42999999999,6.752243186435));
#6384 = CARTESIAN_POINT('',(108.98,8.224486372869));
#6385 = CARTESIAN_POINT('',(108.98,5.28));
#6386 = ( GEOMETRIC_REPRESENTATION_CONTEXT(2) 
PARAMETRIC_REPRESENTATION_CONTEXT() REPRESENTATION_CONTEXT('2D SPACE',''
  ) );
#6387 = PCURVE('',#6388,#6393);
#6388 = CYLINDRICAL_SURFACE('',#6389,1.7);
#6389 = AXIS2_PLACEMENT_3D('',#6390,#6391,#6392);
#6390 = CARTESIAN_POINT('',(-99.6,22.5,53.5));
#6391 = DIRECTION('',(0.,1.,0.));
#6392 = DIRECTION('',(0.,-0.,1.));
#6393 = DEFINITIONAL_REPRESENTATION('',(#6394),#6398);
#6394 = LINE('',#6395,#6396);
#6395 = CARTESIAN_POINT('',(6.28318530718,3.5));
#6396 = VECTOR('',#6397,1.);
#6397 = DIRECTION('',(-1.,-0.));
#6398 = ( GEOMETRIC_REPRESENTATION_CONTEXT(2) 
PARAMETRIC_REPRESENTATION_CONTEXT() REPRESENTATION_CONTEXT('2D SPACE',''
  ) );
#6399 = FACE_BOUND('',#6400,.T.);
#6400 = EDGE_LOOP('',(#6401));
#6401 = ORIENTED_EDGE('',*,*,#6402,.T.);
#6402 = EDGE_CURVE('',#6403,#6403,#6405,.T.);
#6403 = VERTEX_POINT('',#6404);
#6404 = CARTESIAN_POINT('',(99.6,26.,-51.8));
#6405 = SURFACE_CURVE('',#6406,(#6411,#6422),.PCURVE_S1.);
#6406 = CIRCLE('',#6407,1.7);
#6407 = AXIS2_PLACEMENT_3D('',#6408,#6409,#6410);
#6408 = CARTESIAN_POINT('',(99.6,26.,-53.5));
#6409 = DIRECTION('',(0.,-1.,0.));
#6410 = DIRECTION('',(-8.35932630306E-15,0.,1.));
#6411 = PCURVE('',#4605,#6412);
#6412 = DEFINITIONAL_REPRESENTATION('',(#6413),#6421);
#6413 = ( BOUNDED_CURVE() B_SPLINE_CURVE(2,(#6414,#6415,#6416,#6417,
#6418,#6419,#6420),.UNSPECIFIED.,.T.,.F.) B_SPLINE_CURVE_WITH_KNOTS((1,2
    ,2,2,2,1),(-2.094395102393,0.,2.094395102393,4.188790204786,
6.28318530718,8.377580409573),.UNSPECIFIED.) CURVE() 
GEOMETRIC_REPRESENTATION_ITEM() RATIONAL_B_SPLINE_CURVE((1.,0.5,1.,0.5,
1.,0.5,1.)) REPRESENTATION_ITEM('') );
#6414 = CARTESIAN_POINT('',(1.98,204.48));
#6415 = CARTESIAN_POINT('',(1.98,201.53551362713));
#6416 = CARTESIAN_POINT('',(-0.57,203.00775681356));
#6417 = CARTESIAN_POINT('',(-3.12,204.48));
#6418 = CARTESIAN_POINT('',(-0.57,205.95224318643));
#6419 = CARTESIAN_POINT('',(1.98,207.42448637286));
#6420 = CARTESIAN_POINT('',(1.98,204.48));
#6421 = ( GEOMETRIC_REPRESENTATION_CONTEXT(2) 
PARAMETRIC_REPRESENTATION_CONTEXT() REPRESENTATION_CONTEXT('2D SPACE',''
  ) );
#6422 = PCURVE('',#6423,#6428);
#6423 = CYLINDRICAL_SURFACE('',#6424,1.7);
#6424 = AXIS2_PLACEMENT_3D('',#6425,#6426,#6427);
#6425 = CARTESIAN_POINT('',(99.6,22.5,-53.5));
#6426 = DIRECTION('',(0.,1.,0.));
#6427 = DIRECTION('',(0.,-0.,1.));
#6428 = DEFINITIONAL_REPRESENTATION('',(#6429),#6433);
#6429 = LINE('',#6430,#6431);
#6430 = CARTESIAN_POINT('',(6.28318530718,3.5));
#6431 = VECTOR('',#6432,1.);
#6432 = DIRECTION('',(-1.,-0.));
#6433 = ( GEOMETRIC_REPRESENTATION_CONTEXT(2) 
PARAMETRIC_REPRESENTATION_CONTEXT() REPRESENTATION_CONTEXT('2D SPACE',''
  ) );
#6434 = FACE_BOUND('',#6435,.T.);
#6435 = EDGE_LOOP('',(#6436));
#6436 = ORIENTED_EDGE('',*,*,#6437,.T.);
#6437 = EDGE_CURVE('',#6438,#6438,#6440,.T.);
#6438 = VERTEX_POINT('',#6439);
#6439 = CARTESIAN_POINT('',(99.6,26.,55.2));
#6440 = SURFACE_CURVE('',#6441,(#6446,#6457),.PCURVE_S1.);
#6441 = CIRCLE('',#6442,1.7);
#6442 = AXIS2_PLACEMENT_3D('',#6443,#6444,#6445);
#6443 = CARTESIAN_POINT('',(99.6,26.,53.5));
#6444 = DIRECTION('',(0.,-1.,0.));
#6445 = DIRECTION('',(-1.671865260612E-14,0.,1.));
#6446 = PCURVE('',#4605,#6447);
#6447 = DEFINITIONAL_REPRESENTATION('',(#6448),#6456);
#6448 = ( BOUNDED_CURVE() B_SPLINE_CURVE(2,(#6449,#6450,#6451,#6452,
#6453,#6454,#6455),.UNSPECIFIED.,.T.,.F.) B_SPLINE_CURVE_WITH_KNOTS((1,2
    ,2,2,2,1),(-2.094395102393,0.,2.094395102393,4.188790204786,
6.28318530718,8.377580409573),.UNSPECIFIED.) CURVE() 
GEOMETRIC_REPRESENTATION_ITEM() RATIONAL_B_SPLINE_CURVE((1.,0.5,1.,0.5,
1.,0.5,1.)) REPRESENTATION_ITEM('') );
#6449 = CARTESIAN_POINT('',(108.98,204.48));
#6450 = CARTESIAN_POINT('',(108.98,201.53551362713));
#6451 = CARTESIAN_POINT('',(106.43,203.00775681356));
#6452 = CARTESIAN_POINT('',(103.88,204.48));
#6453 = CARTESIAN_POINT('',(106.43,205.95224318643));
#6454 = CARTESIAN_POINT('',(108.98,207.42448637286));
#6455 = CARTESIAN_POINT('',(108.98,204.48));
#6456 = ( GEOMETRIC_REPRESENTATION_CONTEXT(2) 
PARAMETRIC_REPRESENTATION_CONTEXT() REPRESENTATION_CONTEXT('2D SPACE',''
  ) );
#6457 = PCURVE('',#6458,#6463);
#6458 = CYLINDRICAL_SURFACE('',#6459,1.7);
#6459 = AXIS2_PLACEMENT_3D('',#6460,#6461,#6462);
#6460 = CARTESIAN_POINT('',(99.6,22.5,53.5));
#6461 = DIRECTION('',(0.,1.,0.));
#6462 = DIRECTION('',(0.,-0.,1.));
#6463 = DEFINITIONAL_REPRESENTATION('',(#6464),#6468);
#6464 = LINE('',#6465,#6466);
#6465 = CARTESIAN_POINT('',(6.28318530718,3.5));
#6466 = VECTOR('',#6467,1.);
#6467 = DIRECTION('',(-1.,-0.));
#6468 = ( GEOMETRIC_REPRESENTATION_CONTEXT(2) 
PARAMETRIC_REPRESENTATION_CONTEXT() REPRESENTATION_CONTEXT('2D SPACE',''
  ) );
#6469 = FACE_BOUND('',#6470,.T.);
#6470 = EDGE_LOOP('',(#6471));
#6471 = ORIENTED_EDGE('',*,*,#6472,.T.);
#6472 = EDGE_CURVE('',#6473,#6473,#6475,.T.);
#6473 = VERTEX_POINT('',#6474);
#6474 = CARTESIAN_POINT('',(-99.6,26.,-51.8));
#6475 = SURFACE_CURVE('',#6476,(#6481,#6492),.PCURVE_S1.);
#6476 = CIRCLE('',#6477,1.700000000001);
#6477 = AXIS2_PLACEMENT_3D('',#6478,#6479,#6480);
#6478 = CARTESIAN_POINT('',(-99.6,26.,-53.5));
#6479 = DIRECTION('',(0.,-1.,0.));
#6480 = DIRECTION('',(-4.179663151528E-14,0.,1.));
#6481 = PCURVE('',#4605,#6482);
#6482 = DEFINITIONAL_REPRESENTATION('',(#6483),#6491);
#6483 = ( BOUNDED_CURVE() B_SPLINE_CURVE(2,(#6484,#6485,#6486,#6487,
#6488,#6489,#6490),.UNSPECIFIED.,.T.,.F.) B_SPLINE_CURVE_WITH_KNOTS((1,2
    ,2,2,2,1),(-2.094395102393,0.,2.094395102393,4.188790204786,
6.28318530718,8.377580409573),.UNSPECIFIED.) CURVE() 
GEOMETRIC_REPRESENTATION_ITEM() RATIONAL_B_SPLINE_CURVE((1.,0.5,1.,0.5,
1.,0.5,1.)) REPRESENTATION_ITEM('') );
#6484 = CARTESIAN_POINT('',(1.98,5.28));
#6485 = CARTESIAN_POINT('',(1.98,2.335513627132));
#6486 = CARTESIAN_POINT('',(-0.570000000001,3.807756813566));
#6487 = CARTESIAN_POINT('',(-3.120000000002,5.28));
#6488 = CARTESIAN_POINT('',(-0.570000000001,6.752243186434));
#6489 = CARTESIAN_POINT('',(1.98,8.224486372868));
#6490 = CARTESIAN_POINT('',(1.98,5.28));
#6491 = ( GEOMETRIC_REPRESENTATION_CONTEXT(2) 
PARAMETRIC_REPRESENTATION_CONTEXT() REPRESENTATION_CONTEXT('2D SPACE',''
  ) );
#6492 = PCURVE('',#6493,#6498);
#6493 = CYLINDRICAL_SURFACE('',#6494,1.7);
#6494 = AXIS2_PLACEMENT_3D('',#6495,#6496,#6497);
#6495 = CARTESIAN_POINT('',(-99.6,22.5,-53.5));
#6496 = DIRECTION('',(0.,1.,0.));
#6497 = DIRECTION('',(0.,-0.,1.));
#6498 = DEFINITIONAL_REPRESENTATION('',(#6499),#6503);
#6499 = LINE('',#6500,#6501);
#6500 = CARTESIAN_POINT('',(6.28318530718,3.5));
#6501 = VECTOR('',#6502,1.);
#6502 = DIRECTION('',(-1.,-0.));
#6503 = ( GEOMETRIC_REPRESENTATION_CONTEXT(2) 
PARAMETRIC_REPRESENTATION_CONTEXT() REPRESENTATION_CONTEXT('2D SPACE',''
  ) );
#6504 = ADVANCED_FACE('',(#6505),#6493,.F.);
#6505 = FACE_BOUND('',#6506,.F.);
#6506 = EDGE_LOOP('',(#6507,#6508,#6531,#6553));
#6507 = ORIENTED_EDGE('',*,*,#6472,.T.);
#6508 = ORIENTED_EDGE('',*,*,#6509,.F.);
#6509 = EDGE_CURVE('',#6510,#6473,#6512,.T.);
#6510 = VERTEX_POINT('',#6511);
#6511 = CARTESIAN_POINT('',(-99.6,23.5,-51.8));
#6512 = SEAM_CURVE('',#6513,(#6517,#6524),.PCURVE_S1.);
#6513 = LINE('',#6514,#6515);
#6514 = CARTESIAN_POINT('',(-99.6,22.5,-51.8));
#6515 = VECTOR('',#6516,1.);
#6516 = DIRECTION('',(0.,1.,0.));
#6517 = PCURVE('',#6493,#6518);
#6518 = DEFINITIONAL_REPRESENTATION('',(#6519),#6523);
#6519 = LINE('',#6520,#6521);
#6520 = CARTESIAN_POINT('',(0.,-0.));
#6521 = VECTOR('',#6522,1.);
#6522 = DIRECTION('',(0.,1.));
#6523 = ( GEOMETRIC_REPRESENTATION_CONTEXT(2) 
PARAMETRIC_REPRESENTATION_CONTEXT() REPRESENTATION_CONTEXT('2D SPACE',''
  ) );
#6524 = PCURVE('',#6493,#6525);
#6525 = DEFINITIONAL_REPRESENTATION('',(#6526),#6530);
#6526 = LINE('',#6527,#6528);
#6527 = CARTESIAN_POINT('',(6.28318530718,-0.));
#6528 = VECTOR('',#6529,1.);
#6529 = DIRECTION('',(0.,1.));
#6530 = ( GEOMETRIC_REPRESENTATION_CONTEXT(2) 
PARAMETRIC_REPRESENTATION_CONTEXT() REPRESENTATION_CONTEXT('2D SPACE',''
  ) );
#6531 = ORIENTED_EDGE('',*,*,#6532,.T.);
#6532 = EDGE_CURVE('',#6510,#6510,#6533,.T.);
#6533 = SURFACE_CURVE('',#6534,(#6539,#6546),.PCURVE_S1.);
#6534 = CIRCLE('',#6535,1.7);
#6535 = AXIS2_PLACEMENT_3D('',#6536,#6537,#6538);
#6536 = CARTESIAN_POINT('',(-99.6,23.5,-53.5));
#6537 = DIRECTION('',(0.,1.,0.));
#6538 = DIRECTION('',(0.,-0.,1.));
#6539 = PCURVE('',#6493,#6540);
#6540 = DEFINITIONAL_REPRESENTATION('',(#6541),#6545);
#6541 = LINE('',#6542,#6543);
#6542 = CARTESIAN_POINT('',(0.,1.));
#6543 = VECTOR('',#6544,1.);
#6544 = DIRECTION('',(1.,0.));
#6545 = ( GEOMETRIC_REPRESENTATION_CONTEXT(2) 
PARAMETRIC_REPRESENTATION_CONTEXT() REPRESENTATION_CONTEXT('2D SPACE',''
  ) );
#6546 = PCURVE('',#4115,#6547);
#6547 = DEFINITIONAL_REPRESENTATION('',(#6548),#6552);
#6548 = CIRCLE('',#6549,1.7);
#6549 = AXIS2_PLACEMENT_2D('',#6550,#6551);
#6550 = CARTESIAN_POINT('',(0.28,5.28));
#6551 = DIRECTION('',(1.,0.));
#6552 = ( GEOMETRIC_REPRESENTATION_CONTEXT(2) 
PARAMETRIC_REPRESENTATION_CONTEXT() REPRESENTATION_CONTEXT('2D SPACE',''
  ) );
#6553 = ORIENTED_EDGE('',*,*,#6509,.T.);
#6554 = ADVANCED_FACE('',(#6555),#6458,.F.);
#6555 = FACE_BOUND('',#6556,.F.);
#6556 = EDGE_LOOP('',(#6557,#6558,#6581,#6603));
#6557 = ORIENTED_EDGE('',*,*,#6437,.T.);
#6558 = ORIENTED_EDGE('',*,*,#6559,.F.);
#6559 = EDGE_CURVE('',#6560,#6438,#6562,.T.);
#6560 = VERTEX_POINT('',#6561);
#6561 = CARTESIAN_POINT('',(99.6,23.5,55.2));
#6562 = SEAM_CURVE('',#6563,(#6567,#6574),.PCURVE_S1.);
#6563 = LINE('',#6564,#6565);
#6564 = CARTESIAN_POINT('',(99.6,22.5,55.2));
#6565 = VECTOR('',#6566,1.);
#6566 = DIRECTION('',(0.,1.,0.));
#6567 = PCURVE('',#6458,#6568);
#6568 = DEFINITIONAL_REPRESENTATION('',(#6569),#6573);
#6569 = LINE('',#6570,#6571);
#6570 = CARTESIAN_POINT('',(0.,-0.));
#6571 = VECTOR('',#6572,1.);
#6572 = DIRECTION('',(0.,1.));
#6573 = ( GEOMETRIC_REPRESENTATION_CONTEXT(2) 
PARAMETRIC_REPRESENTATION_CONTEXT() REPRESENTATION_CONTEXT('2D SPACE',''
  ) );
#6574 = PCURVE('',#6458,#6575);
#6575 = DEFINITIONAL_REPRESENTATION('',(#6576),#6580);
#6576 = LINE('',#6577,#6578);
#6577 = CARTESIAN_POINT('',(6.28318530718,-0.));
#6578 = VECTOR('',#6579,1.);
#6579 = DIRECTION('',(0.,1.));
#6580 = ( GEOMETRIC_REPRESENTATION_CONTEXT(2) 
PARAMETRIC_REPRESENTATION_CONTEXT() REPRESENTATION_CONTEXT('2D SPACE',''
  ) );
#6581 = ORIENTED_EDGE('',*,*,#6582,.T.);
#6582 = EDGE_CURVE('',#6560,#6560,#6583,.T.);
#6583 = SURFACE_CURVE('',#6584,(#6589,#6596),.PCURVE_S1.);
#6584 = CIRCLE('',#6585,1.7);
#6585 = AXIS2_PLACEMENT_3D('',#6586,#6587,#6588);
#6586 = CARTESIAN_POINT('',(99.6,23.5,53.5));
#6587 = DIRECTION('',(0.,1.,0.));
#6588 = DIRECTION('',(0.,-0.,1.));
#6589 = PCURVE('',#6458,#6590);
#6590 = DEFINITIONAL_REPRESENTATION('',(#6591),#6595);
#6591 = LINE('',#6592,#6593);
#6592 = CARTESIAN_POINT('',(0.,1.));
#6593 = VECTOR('',#6594,1.);
#6594 = DIRECTION('',(1.,0.));
#6595 = ( GEOMETRIC_REPRESENTATION_CONTEXT(2) 
PARAMETRIC_REPRESENTATION_CONTEXT() REPRESENTATION_CONTEXT('2D SPACE',''
  ) );
#6596 = PCURVE('',#4115,#6597);
#6597 = DEFINITIONAL_REPRESENTATION('',(#6598),#6602);
#6598 = CIRCLE('',#6599,1.7);
#6599 = AXIS2_PLACEMENT_2D('',#6600,#6601);
#6600 = CARTESIAN_POINT('',(107.28,204.48));
#6601 = DIRECTION('',(1.,0.));
#6602 = ( GEOMETRIC_REPRESENTATION_CONTEXT(2) 
PARAMETRIC_REPRESENTATION_CONTEXT() REPRESENTATION_CONTEXT('2D SPACE',''
  ) );
#6603 = ORIENTED_EDGE('',*,*,#6559,.T.);
#6604 = ADVANCED_FACE('',(#6605),#6423,.F.);
#6605 = FACE_BOUND('',#6606,.F.);
#6606 = EDGE_LOOP('',(#6607,#6608,#6631,#6653));
#6607 = ORIENTED_EDGE('',*,*,#6402,.T.);
#6608 = ORIENTED_EDGE('',*,*,#6609,.F.);
#6609 = EDGE_CURVE('',#6610,#6403,#6612,.T.);
#6610 = VERTEX_POINT('',#6611);
#6611 = CARTESIAN_POINT('',(99.6,23.5,-51.8));
#6612 = SEAM_CURVE('',#6613,(#6617,#6624),.PCURVE_S1.);
#6613 = LINE('',#6614,#6615);
#6614 = CARTESIAN_POINT('',(99.6,22.5,-51.8));
#6615 = VECTOR('',#6616,1.);
#6616 = DIRECTION('',(0.,1.,0.));
#6617 = PCURVE('',#6423,#6618);
#6618 = DEFINITIONAL_REPRESENTATION('',(#6619),#6623);
#6619 = LINE('',#6620,#6621);
#6620 = CARTESIAN_POINT('',(0.,-0.));
#6621 = VECTOR('',#6622,1.);
#6622 = DIRECTION('',(0.,1.));
#6623 = ( GEOMETRIC_REPRESENTATION_CONTEXT(2) 
PARAMETRIC_REPRESENTATION_CONTEXT() REPRESENTATION_CONTEXT('2D SPACE',''
  ) );
#6624 = PCURVE('',#6423,#6625);
#6625 = DEFINITIONAL_REPRESENTATION('',(#6626),#6630);
#6626 = LINE('',#6627,#6628);
#6627 = CARTESIAN_POINT('',(6.28318530718,-0.));
#6628 = VECTOR('',#6629,1.);
#6629 = DIRECTION('',(0.,1.));
#6630 = ( GEOMETRIC_REPRESENTATION_CONTEXT(2) 
PARAMETRIC_REPRESENTATION_CONTEXT() REPRESENTATION_CONTEXT('2D SPACE',''
  ) );
#6631 = ORIENTED_EDGE('',*,*,#6632,.T.);
#6632 = EDGE_CURVE('',#6610,#6610,#6633,.T.);
#6633 = SURFACE_CURVE('',#6634,(#6639,#6646),.PCURVE_S1.);
#6634 = CIRCLE('',#6635,1.7);
#6635 = AXIS2_PLACEMENT_3D('',#6636,#6637,#6638);
#6636 = CARTESIAN_POINT('',(99.6,23.5,-53.5));
#6637 = DIRECTION('',(0.,1.,0.));
#6638 = DIRECTION('',(0.,-0.,1.));
#6639 = PCURVE('',#6423,#6640);
#6640 = DEFINITIONAL_REPRESENTATION('',(#6641),#6645);
#6641 = LINE('',#6642,#6643);
#6642 = CARTESIAN_POINT('',(0.,1.));
#6643 = VECTOR('',#6644,1.);
#6644 = DIRECTION('',(1.,0.));
#6645 = ( GEOMETRIC_REPRESENTATION_CONTEXT(2) 
PARAMETRIC_REPRESENTATION_CONTEXT() REPRESENTATION_CONTEXT('2D SPACE',''
  ) );
#6646 = PCURVE('',#4115,#6647);
#6647 = DEFINITIONAL_REPRESENTATION('',(#6648),#6652);
#6648 = CIRCLE('',#6649,1.7);
#6649 = AXIS2_PLACEMENT_2D('',#6650,#6651);
#6650 = CARTESIAN_POINT('',(0.28,204.48));
#6651 = DIRECTION('',(1.,0.));
#6652 = ( GEOMETRIC_REPRESENTATION_CONTEXT(2) 
PARAMETRIC_REPRESENTATION_CONTEXT() REPRESENTATION_CONTEXT('2D SPACE',''
  ) );
#6653 = ORIENTED_EDGE('',*,*,#6609,.T.);
#6654 = ADVANCED_FACE('',(#6655),#6388,.F.);
#6655 = FACE_BOUND('',#6656,.F.);
#6656 = EDGE_LOOP('',(#6657,#6658,#6681,#6703));
#6657 = ORIENTED_EDGE('',*,*,#6367,.T.);
#6658 = ORIENTED_EDGE('',*,*,#6659,.F.);
#6659 = EDGE_CURVE('',#6660,#6368,#6662,.T.);
#6660 = VERTEX_POINT('',#6661);
#6661 = CARTESIAN_POINT('',(-99.6,23.5,55.2));
#6662 = SEAM_CURVE('',#6663,(#6667,#6674),.PCURVE_S1.);
#6663 = LINE('',#6664,#6665);
#6664 = CARTESIAN_POINT('',(-99.6,22.5,55.2));
#6665 = VECTOR('',#6666,1.);
#6666 = DIRECTION('',(0.,1.,0.));
#6667 = PCURVE('',#6388,#6668);
#6668 = DEFINITIONAL_REPRESENTATION('',(#6669),#6673);
#6669 = LINE('',#6670,#6671);
#6670 = CARTESIAN_POINT('',(0.,-0.));
#6671 = VECTOR('',#6672,1.);
#6672 = DIRECTION('',(0.,1.));
#6673 = ( GEOMETRIC_REPRESENTATION_CONTEXT(2) 
PARAMETRIC_REPRESENTATION_CONTEXT() REPRESENTATION_CONTEXT('2D SPACE',''
  ) );
#6674 = PCURVE('',#6388,#6675);
#6675 = DEFINITIONAL_REPRESENTATION('',(#6676),#6680);
#6676 = LINE('',#6677,#6678);
#6677 = CARTESIAN_POINT('',(6.28318530718,-0.));
#6678 = VECTOR('',#6679,1.);
#6679 = DIRECTION('',(0.,1.));
#6680 = ( GEOMETRIC_REPRESENTATION_CONTEXT(2) 
PARAMETRIC_REPRESENTATION_CONTEXT() REPRESENTATION_CONTEXT('2D SPACE',''
  ) );
#6681 = ORIENTED_EDGE('',*,*,#6682,.T.);
#6682 = EDGE_CURVE('',#6660,#6660,#6683,.T.);
#6683 = SURFACE_CURVE('',#6684,(#6689,#6696),.PCURVE_S1.);
#6684 = CIRCLE('',#6685,1.7);
#6685 = AXIS2_PLACEMENT_3D('',#6686,#6687,#6688);
#6686 = CARTESIAN_POINT('',(-99.6,23.5,53.5));
#6687 = DIRECTION('',(0.,1.,0.));
#6688 = DIRECTION('',(0.,-0.,1.));
#6689 = PCURVE('',#6388,#6690);
#6690 = DEFINITIONAL_REPRESENTATION('',(#6691),#6695);
#6691 = LINE('',#6692,#6693);
#6692 = CARTESIAN_POINT('',(0.,1.));
#6693 = VECTOR('',#6694,1.);
#6694 = DIRECTION('',(1.,0.));
#6695 = ( GEOMETRIC_REPRESENTATION_CONTEXT(2) 
PARAMETRIC_REPRESENTATION_CONTEXT() REPRESENTATION_CONTEXT('2D SPACE',''
  ) );
#6696 = PCURVE('',#4115,#6697);
#6697 = DEFINITIONAL_REPRESENTATION('',(#6698),#6702);
#6698 = CIRCLE('',#6699,1.7);
#6699 = AXIS2_PLACEMENT_2D('',#6700,#6701);
#6700 = CARTESIAN_POINT('',(107.28,5.28));
#6701 = DIRECTION('',(1.,0.));
#6702 = ( GEOMETRIC_REPRESENTATION_CONTEXT(2) 
PARAMETRIC_REPRESENTATION_CONTEXT() REPRESENTATION_CONTEXT('2D SPACE',''
  ) );
#6703 = ORIENTED_EDGE('',*,*,#6659,.T.);
#6704 = ADVANCED_FACE('',(#6705),#6354,.F.);
#6705 = FACE_BOUND('',#6706,.F.);
#6706 = EDGE_LOOP('',(#6707,#6730,#6752,#6773));
#6707 = ORIENTED_EDGE('',*,*,#6708,.F.);
#6708 = EDGE_CURVE('',#6709,#6260,#6711,.T.);
#6709 = VERTEX_POINT('',#6710);
#6710 = CARTESIAN_POINT('',(53.25,23.5,32.));
#6711 = SURFACE_CURVE('',#6712,(#6716,#6723),.PCURVE_S1.);
#6712 = LINE('',#6713,#6714);
#6713 = CARTESIAN_POINT('',(53.25,22.5,32.));
#6714 = VECTOR('',#6715,1.);
#6715 = DIRECTION('',(-0.,1.,0.));
#6716 = PCURVE('',#6354,#6717);
#6717 = DEFINITIONAL_REPRESENTATION('',(#6718),#6722);
#6718 = LINE('',#6719,#6720);
#6719 = CARTESIAN_POINT('',(44.,0.));
#6720 = VECTOR('',#6721,1.);
#6721 = DIRECTION('',(0.,-1.));
#6722 = ( GEOMETRIC_REPRESENTATION_CONTEXT(2) 
PARAMETRIC_REPRESENTATION_CONTEXT() REPRESENTATION_CONTEXT('2D SPACE',''
  ) );
#6723 = PCURVE('',#6275,#6724);
#6724 = DEFINITIONAL_REPRESENTATION('',(#6725),#6729);
#6725 = LINE('',#6726,#6727);
#6726 = CARTESIAN_POINT('',(2.5,0.));
#6727 = VECTOR('',#6728,1.);
#6728 = DIRECTION('',(0.,1.));
#6729 = ( GEOMETRIC_REPRESENTATION_CONTEXT(2) 
PARAMETRIC_REPRESENTATION_CONTEXT() REPRESENTATION_CONTEXT('2D SPACE',''
  ) );
#6730 = ORIENTED_EDGE('',*,*,#6731,.T.);
#6731 = EDGE_CURVE('',#6709,#6732,#6734,.T.);
#6732 = VERTEX_POINT('',#6733);
#6733 = CARTESIAN_POINT('',(53.25,23.5,-12.));
#6734 = SURFACE_CURVE('',#6735,(#6739,#6745),.PCURVE_S1.);
#6735 = LINE('',#6736,#6737);
#6736 = CARTESIAN_POINT('',(53.25,23.5,-35.39));
#6737 = VECTOR('',#6738,1.);
#6738 = DIRECTION('',(-0.,0.,-1.));
#6739 = PCURVE('',#6354,#6740);
#6740 = DEFINITIONAL_REPRESENTATION('',(#6741),#6744);
#6741 = B_SPLINE_CURVE_WITH_KNOTS('',1,(#6742,#6743),.UNSPECIFIED.,.F.,
  .F.,(2,2),(-67.39,-23.39),.PIECEWISE_BEZIER_KNOTS.);
#6742 = CARTESIAN_POINT('',(44.,-1.));
#6743 = CARTESIAN_POINT('',(0.,-1.));
#6744 = ( GEOMETRIC_REPRESENTATION_CONTEXT(2) 
PARAMETRIC_REPRESENTATION_CONTEXT() REPRESENTATION_CONTEXT('2D SPACE',''
  ) );
#6745 = PCURVE('',#4115,#6746);
#6746 = DEFINITIONAL_REPRESENTATION('',(#6747),#6751);
#6747 = LINE('',#6748,#6749);
#6748 = CARTESIAN_POINT('',(18.39,158.13));
#6749 = VECTOR('',#6750,1.);
#6750 = DIRECTION('',(-1.,0.));
#6751 = ( GEOMETRIC_REPRESENTATION_CONTEXT(2) 
PARAMETRIC_REPRESENTATION_CONTEXT() REPRESENTATION_CONTEXT('2D SPACE',''
  ) );
#6752 = ORIENTED_EDGE('',*,*,#6753,.T.);
#6753 = EDGE_CURVE('',#6732,#6314,#6754,.T.);
#6754 = SURFACE_CURVE('',#6755,(#6759,#6766),.PCURVE_S1.);
#6755 = LINE('',#6756,#6757);
#6756 = CARTESIAN_POINT('',(53.25,22.5,-12.));
#6757 = VECTOR('',#6758,1.);
#6758 = DIRECTION('',(-0.,1.,0.));
#6759 = PCURVE('',#6354,#6760);
#6760 = DEFINITIONAL_REPRESENTATION('',(#6761),#6765);
#6761 = LINE('',#6762,#6763);
#6762 = CARTESIAN_POINT('',(0.,0.));
#6763 = VECTOR('',#6764,1.);
#6764 = DIRECTION('',(0.,-1.));
#6765 = ( GEOMETRIC_REPRESENTATION_CONTEXT(2) 
PARAMETRIC_REPRESENTATION_CONTEXT() REPRESENTATION_CONTEXT('2D SPACE',''
  ) );
#6766 = PCURVE('',#6329,#6767);
#6767 = DEFINITIONAL_REPRESENTATION('',(#6768),#6772);
#6768 = LINE('',#6769,#6770);
#6769 = CARTESIAN_POINT('',(2.5,0.));
#6770 = VECTOR('',#6771,1.);
#6771 = DIRECTION('',(0.,1.));
#6772 = ( GEOMETRIC_REPRESENTATION_CONTEXT(2) 
PARAMETRIC_REPRESENTATION_CONTEXT() REPRESENTATION_CONTEXT('2D SPACE',''
  ) );
#6773 = ORIENTED_EDGE('',*,*,#6340,.F.);
#6774 = ADVANCED_FACE('',(#6775),#6329,.T.);
#6775 = FACE_BOUND('',#6776,.T.);
#6776 = EDGE_LOOP('',(#6777,#6800,#6820,#6821));
#6777 = ORIENTED_EDGE('',*,*,#6778,.F.);
#6778 = EDGE_CURVE('',#6779,#6287,#6781,.T.);
#6779 = VERTEX_POINT('',#6780);
#6780 = CARTESIAN_POINT('',(50.75,23.5,-12.));
#6781 = SURFACE_CURVE('',#6782,(#6786,#6793),.PCURVE_S1.);
#6782 = LINE('',#6783,#6784);
#6783 = CARTESIAN_POINT('',(50.75,22.5,-12.));
#6784 = VECTOR('',#6785,1.);
#6785 = DIRECTION('',(-0.,1.,0.));
#6786 = PCURVE('',#6329,#6787);
#6787 = DEFINITIONAL_REPRESENTATION('',(#6788),#6792);
#6788 = LINE('',#6789,#6790);
#6789 = CARTESIAN_POINT('',(0.,0.));
#6790 = VECTOR('',#6791,1.);
#6791 = DIRECTION('',(0.,1.));
#6792 = ( GEOMETRIC_REPRESENTATION_CONTEXT(2) 
PARAMETRIC_REPRESENTATION_CONTEXT() REPRESENTATION_CONTEXT('2D SPACE',''
  ) );
#6793 = PCURVE('',#6302,#6794);
#6794 = DEFINITIONAL_REPRESENTATION('',(#6795),#6799);
#6795 = LINE('',#6796,#6797);
#6796 = CARTESIAN_POINT('',(0.,0.));
#6797 = VECTOR('',#6798,1.);
#6798 = DIRECTION('',(0.,-1.));
#6799 = ( GEOMETRIC_REPRESENTATION_CONTEXT(2) 
PARAMETRIC_REPRESENTATION_CONTEXT() REPRESENTATION_CONTEXT('2D SPACE',''
  ) );
#6800 = ORIENTED_EDGE('',*,*,#6801,.T.);
#6801 = EDGE_CURVE('',#6779,#6732,#6802,.T.);
#6802 = SURFACE_CURVE('',#6803,(#6807,#6813),.PCURVE_S1.);
#6803 = LINE('',#6804,#6805);
#6804 = CARTESIAN_POINT('',(-24.565,23.5,-12.));
#6805 = VECTOR('',#6806,1.);
#6806 = DIRECTION('',(1.,0.,-0.));
#6807 = PCURVE('',#6329,#6808);
#6808 = DEFINITIONAL_REPRESENTATION('',(#6809),#6812);
#6809 = B_SPLINE_CURVE_WITH_KNOTS('',1,(#6810,#6811),.UNSPECIFIED.,.F.,
  .F.,(2,2),(75.315,77.815),.PIECEWISE_BEZIER_KNOTS.);
#6810 = CARTESIAN_POINT('',(0.,1.));
#6811 = CARTESIAN_POINT('',(2.5,1.));
#6812 = ( GEOMETRIC_REPRESENTATION_CONTEXT(2) 
PARAMETRIC_REPRESENTATION_CONTEXT() REPRESENTATION_CONTEXT('2D SPACE',''
  ) );
#6813 = PCURVE('',#4115,#6814);
#6814 = DEFINITIONAL_REPRESENTATION('',(#6815),#6819);
#6815 = LINE('',#6816,#6817);
#6816 = CARTESIAN_POINT('',(41.78,80.315));
#6817 = VECTOR('',#6818,1.);
#6818 = DIRECTION('',(0.,1.));
#6819 = ( GEOMETRIC_REPRESENTATION_CONTEXT(2) 
PARAMETRIC_REPRESENTATION_CONTEXT() REPRESENTATION_CONTEXT('2D SPACE',''
  ) );
#6820 = ORIENTED_EDGE('',*,*,#6753,.T.);
#6821 = ORIENTED_EDGE('',*,*,#6313,.F.);
#6822 = ADVANCED_FACE('',(#6823),#6302,.T.);
#6823 = FACE_BOUND('',#6824,.T.);
#6824 = EDGE_LOOP('',(#6825,#6848,#6868,#6869));
#6825 = ORIENTED_EDGE('',*,*,#6826,.F.);
#6826 = EDGE_CURVE('',#6827,#6258,#6829,.T.);
#6827 = VERTEX_POINT('',#6828);
#6828 = CARTESIAN_POINT('',(50.75,23.5,32.));
#6829 = SURFACE_CURVE('',#6830,(#6834,#6841),.PCURVE_S1.);
#6830 = LINE('',#6831,#6832);
#6831 = CARTESIAN_POINT('',(50.75,22.5,32.));
#6832 = VECTOR('',#6833,1.);
#6833 = DIRECTION('',(-0.,1.,0.));
#6834 = PCURVE('',#6302,#6835);
#6835 = DEFINITIONAL_REPRESENTATION('',(#6836),#6840);
#6836 = LINE('',#6837,#6838);
#6837 = CARTESIAN_POINT('',(44.,0.));
#6838 = VECTOR('',#6839,1.);
#6839 = DIRECTION('',(0.,-1.));
#6840 = ( GEOMETRIC_REPRESENTATION_CONTEXT(2) 
PARAMETRIC_REPRESENTATION_CONTEXT() REPRESENTATION_CONTEXT('2D SPACE',''
  ) );
#6841 = PCURVE('',#6275,#6842);
#6842 = DEFINITIONAL_REPRESENTATION('',(#6843),#6847);
#6843 = LINE('',#6844,#6845);
#6844 = CARTESIAN_POINT('',(0.,0.));
#6845 = VECTOR('',#6846,1.);
#6846 = DIRECTION('',(0.,1.));
#6847 = ( GEOMETRIC_REPRESENTATION_CONTEXT(2) 
PARAMETRIC_REPRESENTATION_CONTEXT() REPRESENTATION_CONTEXT('2D SPACE',''
  ) );
#6848 = ORIENTED_EDGE('',*,*,#6849,.T.);
#6849 = EDGE_CURVE('',#6827,#6779,#6850,.T.);
#6850 = SURFACE_CURVE('',#6851,(#6855,#6861),.PCURVE_S1.);
#6851 = LINE('',#6852,#6853);
#6852 = CARTESIAN_POINT('',(50.75,23.5,-35.39));
#6853 = VECTOR('',#6854,1.);
#6854 = DIRECTION('',(-0.,0.,-1.));
#6855 = PCURVE('',#6302,#6856);
#6856 = DEFINITIONAL_REPRESENTATION('',(#6857),#6860);
#6857 = B_SPLINE_CURVE_WITH_KNOTS('',1,(#6858,#6859),.UNSPECIFIED.,.F.,
  .F.,(2,2),(-67.39,-23.39),.PIECEWISE_BEZIER_KNOTS.);
#6858 = CARTESIAN_POINT('',(44.,-1.));
#6859 = CARTESIAN_POINT('',(0.,-1.));
#6860 = ( GEOMETRIC_REPRESENTATION_CONTEXT(2) 
PARAMETRIC_REPRESENTATION_CONTEXT() REPRESENTATION_CONTEXT('2D SPACE',''
  ) );
#6861 = PCURVE('',#4115,#6862);
#6862 = DEFINITIONAL_REPRESENTATION('',(#6863),#6867);
#6863 = LINE('',#6864,#6865);
#6864 = CARTESIAN_POINT('',(18.39,155.63));
#6865 = VECTOR('',#6866,1.);
#6866 = DIRECTION('',(-1.,0.));
#6867 = ( GEOMETRIC_REPRESENTATION_CONTEXT(2) 
PARAMETRIC_REPRESENTATION_CONTEXT() REPRESENTATION_CONTEXT('2D SPACE',''
  ) );
#6868 = ORIENTED_EDGE('',*,*,#6778,.T.);
#6869 = ORIENTED_EDGE('',*,*,#6286,.F.);
#6870 = ADVANCED_FACE('',(#6871),#6275,.F.);
#6871 = FACE_BOUND('',#6872,.F.);
#6872 = EDGE_LOOP('',(#6873,#6874,#6894,#6895));
#6873 = ORIENTED_EDGE('',*,*,#6826,.F.);
#6874 = ORIENTED_EDGE('',*,*,#6875,.T.);
#6875 = EDGE_CURVE('',#6827,#6709,#6876,.T.);
#6876 = SURFACE_CURVE('',#6877,(#6881,#6887),.PCURVE_S1.);
#6877 = LINE('',#6878,#6879);
#6878 = CARTESIAN_POINT('',(-24.565,23.5,32.));
#6879 = VECTOR('',#6880,1.);
#6880 = DIRECTION('',(1.,0.,-0.));
#6881 = PCURVE('',#6275,#6882);
#6882 = DEFINITIONAL_REPRESENTATION('',(#6883),#6886);
#6883 = B_SPLINE_CURVE_WITH_KNOTS('',1,(#6884,#6885),.UNSPECIFIED.,.F.,
  .F.,(2,2),(75.315,77.815),.PIECEWISE_BEZIER_KNOTS.);
#6884 = CARTESIAN_POINT('',(0.,1.));
#6885 = CARTESIAN_POINT('',(2.5,1.));
#6886 = ( GEOMETRIC_REPRESENTATION_CONTEXT(2) 
PARAMETRIC_REPRESENTATION_CONTEXT() REPRESENTATION_CONTEXT('2D SPACE',''
  ) );
#6887 = PCURVE('',#4115,#6888);
#6888 = DEFINITIONAL_REPRESENTATION('',(#6889),#6893);
#6889 = LINE('',#6890,#6891);
#6890 = CARTESIAN_POINT('',(85.78,80.315));
#6891 = VECTOR('',#6892,1.);
#6892 = DIRECTION('',(0.,1.));
#6893 = ( GEOMETRIC_REPRESENTATION_CONTEXT(2) 
PARAMETRIC_REPRESENTATION_CONTEXT() REPRESENTATION_CONTEXT('2D SPACE',''
  ) );
#6894 = ORIENTED_EDGE('',*,*,#6708,.T.);
#6895 = ORIENTED_EDGE('',*,*,#6257,.F.);
#6896 = ADVANCED_FACE('',(#6897),#6244,.F.);
#6897 = FACE_BOUND('',#6898,.F.);
#6898 = EDGE_LOOP('',(#6899,#6922,#6944,#6965));
#6899 = ORIENTED_EDGE('',*,*,#6900,.F.);
#6900 = EDGE_CURVE('',#6901,#6150,#6903,.T.);
#6901 = VERTEX_POINT('',#6902);
#6902 = CARTESIAN_POINT('',(48.25,23.5,32.));
#6903 = SURFACE_CURVE('',#6904,(#6908,#6915),.PCURVE_S1.);
#6904 = LINE('',#6905,#6906);
#6905 = CARTESIAN_POINT('',(48.25,22.5,32.));
#6906 = VECTOR('',#6907,1.);
#6907 = DIRECTION('',(-0.,1.,0.));
#6908 = PCURVE('',#6244,#6909);
#6909 = DEFINITIONAL_REPRESENTATION('',(#6910),#6914);
#6910 = LINE('',#6911,#6912);
#6911 = CARTESIAN_POINT('',(44.,0.));
#6912 = VECTOR('',#6913,1.);
#6913 = DIRECTION('',(0.,-1.));
#6914 = ( GEOMETRIC_REPRESENTATION_CONTEXT(2) 
PARAMETRIC_REPRESENTATION_CONTEXT() REPRESENTATION_CONTEXT('2D SPACE',''
  ) );
#6915 = PCURVE('',#6165,#6916);
#6916 = DEFINITIONAL_REPRESENTATION('',(#6917),#6921);
#6917 = LINE('',#6918,#6919);
#6918 = CARTESIAN_POINT('',(2.5,0.));
#6919 = VECTOR('',#6920,1.);
#6920 = DIRECTION('',(0.,1.));
#6921 = ( GEOMETRIC_REPRESENTATION_CONTEXT(2) 
PARAMETRIC_REPRESENTATION_CONTEXT() REPRESENTATION_CONTEXT('2D SPACE',''
  ) );
#6922 = ORIENTED_EDGE('',*,*,#6923,.T.);
#6923 = EDGE_CURVE('',#6901,#6924,#6926,.T.);
#6924 = VERTEX_POINT('',#6925);
#6925 = CARTESIAN_POINT('',(48.25,23.5,-12.));
#6926 = SURFACE_CURVE('',#6927,(#6931,#6937),.PCURVE_S1.);
#6927 = LINE('',#6928,#6929);
#6928 = CARTESIAN_POINT('',(48.25,23.5,-35.39));
#6929 = VECTOR('',#6930,1.);
#6930 = DIRECTION('',(-0.,0.,-1.));
#6931 = PCURVE('',#6244,#6932);
#6932 = DEFINITIONAL_REPRESENTATION('',(#6933),#6936);
#6933 = B_SPLINE_CURVE_WITH_KNOTS('',1,(#6934,#6935),.UNSPECIFIED.,.F.,
  .F.,(2,2),(-67.39,-23.39),.PIECEWISE_BEZIER_KNOTS.);
#6934 = CARTESIAN_POINT('',(44.,-1.));
#6935 = CARTESIAN_POINT('',(0.,-1.));
#6936 = ( GEOMETRIC_REPRESENTATION_CONTEXT(2) 
PARAMETRIC_REPRESENTATION_CONTEXT() REPRESENTATION_CONTEXT('2D SPACE',''
  ) );
#6937 = PCURVE('',#4115,#6938);
#6938 = DEFINITIONAL_REPRESENTATION('',(#6939),#6943);
#6939 = LINE('',#6940,#6941);
#6940 = CARTESIAN_POINT('',(18.39,153.13));
#6941 = VECTOR('',#6942,1.);
#6942 = DIRECTION('',(-1.,0.));
#6943 = ( GEOMETRIC_REPRESENTATION_CONTEXT(2) 
PARAMETRIC_REPRESENTATION_CONTEXT() REPRESENTATION_CONTEXT('2D SPACE',''
  ) );
#6944 = ORIENTED_EDGE('',*,*,#6945,.T.);
#6945 = EDGE_CURVE('',#6924,#6204,#6946,.T.);
#6946 = SURFACE_CURVE('',#6947,(#6951,#6958),.PCURVE_S1.);
#6947 = LINE('',#6948,#6949);
#6948 = CARTESIAN_POINT('',(48.25,22.5,-12.));
#6949 = VECTOR('',#6950,1.);
#6950 = DIRECTION('',(-0.,1.,0.));
#6951 = PCURVE('',#6244,#6952);
#6952 = DEFINITIONAL_REPRESENTATION('',(#6953),#6957);
#6953 = LINE('',#6954,#6955);
#6954 = CARTESIAN_POINT('',(0.,0.));
#6955 = VECTOR('',#6956,1.);
#6956 = DIRECTION('',(0.,-1.));
#6957 = ( GEOMETRIC_REPRESENTATION_CONTEXT(2) 
PARAMETRIC_REPRESENTATION_CONTEXT() REPRESENTATION_CONTEXT('2D SPACE',''
  ) );
#6958 = PCURVE('',#6219,#6959);
#6959 = DEFINITIONAL_REPRESENTATION('',(#6960),#6964);
#6960 = LINE('',#6961,#6962);
#6961 = CARTESIAN_POINT('',(2.5,0.));
#6962 = VECTOR('',#6963,1.);
#6963 = DIRECTION('',(0.,1.));
#6964 = ( GEOMETRIC_REPRESENTATION_CONTEXT(2) 
PARAMETRIC_REPRESENTATION_CONTEXT() REPRESENTATION_CONTEXT('2D SPACE',''
  ) );
#6965 = ORIENTED_EDGE('',*,*,#6230,.F.);
#6966 = ADVANCED_FACE('',(#6967),#6219,.T.);
#6967 = FACE_BOUND('',#6968,.T.);
#6968 = EDGE_LOOP('',(#6969,#6992,#7012,#7013));
#6969 = ORIENTED_EDGE('',*,*,#6970,.F.);
#6970 = EDGE_CURVE('',#6971,#6177,#6973,.T.);
#6971 = VERTEX_POINT('',#6972);
#6972 = CARTESIAN_POINT('',(45.75,23.5,-12.));
#6973 = SURFACE_CURVE('',#6974,(#6978,#6985),.PCURVE_S1.);
#6974 = LINE('',#6975,#6976);
#6975 = CARTESIAN_POINT('',(45.75,22.5,-12.));
#6976 = VECTOR('',#6977,1.);
#6977 = DIRECTION('',(-0.,1.,0.));
#6978 = PCURVE('',#6219,#6979);
#6979 = DEFINITIONAL_REPRESENTATION('',(#6980),#6984);
#6980 = LINE('',#6981,#6982);
#6981 = CARTESIAN_POINT('',(0.,0.));
#6982 = VECTOR('',#6983,1.);
#6983 = DIRECTION('',(0.,1.));
#6984 = ( GEOMETRIC_REPRESENTATION_CONTEXT(2) 
PARAMETRIC_REPRESENTATION_CONTEXT() REPRESENTATION_CONTEXT('2D SPACE',''
  ) );
#6985 = PCURVE('',#6192,#6986);
#6986 = DEFINITIONAL_REPRESENTATION('',(#6987),#6991);
#6987 = LINE('',#6988,#6989);
#6988 = CARTESIAN_POINT('',(0.,0.));
#6989 = VECTOR('',#6990,1.);
#6990 = DIRECTION('',(0.,-1.));
#6991 = ( GEOMETRIC_REPRESENTATION_CONTEXT(2) 
PARAMETRIC_REPRESENTATION_CONTEXT() REPRESENTATION_CONTEXT('2D SPACE',''
  ) );
#6992 = ORIENTED_EDGE('',*,*,#6993,.T.);
#6993 = EDGE_CURVE('',#6971,#6924,#6994,.T.);
#6994 = SURFACE_CURVE('',#6995,(#6999,#7005),.PCURVE_S1.);
#6995 = LINE('',#6996,#6997);
#6996 = CARTESIAN_POINT('',(-27.065,23.5,-12.));
#6997 = VECTOR('',#6998,1.);
#6998 = DIRECTION('',(1.,0.,-0.));
#6999 = PCURVE('',#6219,#7000);
#7000 = DEFINITIONAL_REPRESENTATION('',(#7001),#7004);
#7001 = B_SPLINE_CURVE_WITH_KNOTS('',1,(#7002,#7003),.UNSPECIFIED.,.F.,
  .F.,(2,2),(72.815,75.315),.PIECEWISE_BEZIER_KNOTS.);
#7002 = CARTESIAN_POINT('',(0.,1.));
#7003 = CARTESIAN_POINT('',(2.5,1.));
#7004 = ( GEOMETRIC_REPRESENTATION_CONTEXT(2) 
PARAMETRIC_REPRESENTATION_CONTEXT() REPRESENTATION_CONTEXT('2D SPACE',''
  ) );
#7005 = PCURVE('',#4115,#7006);
#7006 = DEFINITIONAL_REPRESENTATION('',(#7007),#7011);
#7007 = LINE('',#7008,#7009);
#7008 = CARTESIAN_POINT('',(41.78,77.815));
#7009 = VECTOR('',#7010,1.);
#7010 = DIRECTION('',(0.,1.));
#7011 = ( GEOMETRIC_REPRESENTATION_CONTEXT(2) 
PARAMETRIC_REPRESENTATION_CONTEXT() REPRESENTATION_CONTEXT('2D SPACE',''
  ) );
#7012 = ORIENTED_EDGE('',*,*,#6945,.T.);
#7013 = ORIENTED_EDGE('',*,*,#6203,.F.);
#7014 = ADVANCED_FACE('',(#7015),#6192,.T.);
#7015 = FACE_BOUND('',#7016,.T.);
#7016 = EDGE_LOOP('',(#7017,#7040,#7060,#7061));
#7017 = ORIENTED_EDGE('',*,*,#7018,.F.);
#7018 = EDGE_CURVE('',#7019,#6148,#7021,.T.);
#7019 = VERTEX_POINT('',#7020);
#7020 = CARTESIAN_POINT('',(45.75,23.5,32.));
#7021 = SURFACE_CURVE('',#7022,(#7026,#7033),.PCURVE_S1.);
#7022 = LINE('',#7023,#7024);
#7023 = CARTESIAN_POINT('',(45.75,22.5,32.));
#7024 = VECTOR('',#7025,1.);
#7025 = DIRECTION('',(-0.,1.,0.));
#7026 = PCURVE('',#6192,#7027);
#7027 = DEFINITIONAL_REPRESENTATION('',(#7028),#7032);
#7028 = LINE('',#7029,#7030);
#7029 = CARTESIAN_POINT('',(44.,0.));
#7030 = VECTOR('',#7031,1.);
#7031 = DIRECTION('',(0.,-1.));
#7032 = ( GEOMETRIC_REPRESENTATION_CONTEXT(2) 
PARAMETRIC_REPRESENTATION_CONTEXT() REPRESENTATION_CONTEXT('2D SPACE',''
  ) );
#7033 = PCURVE('',#6165,#7034);
#7034 = DEFINITIONAL_REPRESENTATION('',(#7035),#7039);
#7035 = LINE('',#7036,#7037);
#7036 = CARTESIAN_POINT('',(0.,0.));
#7037 = VECTOR('',#7038,1.);
#7038 = DIRECTION('',(0.,1.));
#7039 = ( GEOMETRIC_REPRESENTATION_CONTEXT(2) 
PARAMETRIC_REPRESENTATION_CONTEXT() REPRESENTATION_CONTEXT('2D SPACE',''
  ) );
#7040 = ORIENTED_EDGE('',*,*,#7041,.T.);
#7041 = EDGE_CURVE('',#7019,#6971,#7042,.T.);
#7042 = SURFACE_CURVE('',#7043,(#7047,#7053),.PCURVE_S1.);
#7043 = LINE('',#7044,#7045);
#7044 = CARTESIAN_POINT('',(45.75,23.5,-35.39));
#7045 = VECTOR('',#7046,1.);
#7046 = DIRECTION('',(-0.,0.,-1.));
#7047 = PCURVE('',#6192,#7048);
#7048 = DEFINITIONAL_REPRESENTATION('',(#7049),#7052);
#7049 = B_SPLINE_CURVE_WITH_KNOTS('',1,(#7050,#7051),.UNSPECIFIED.,.F.,
  .F.,(2,2),(-67.39,-23.39),.PIECEWISE_BEZIER_KNOTS.);
#7050 = CARTESIAN_POINT('',(44.,-1.));
#7051 = CARTESIAN_POINT('',(0.,-1.));
#7052 = ( GEOMETRIC_REPRESENTATION_CONTEXT(2) 
PARAMETRIC_REPRESENTATION_CONTEXT() REPRESENTATION_CONTEXT('2D SPACE',''
  ) );
#7053 = PCURVE('',#4115,#7054);
#7054 = DEFINITIONAL_REPRESENTATION('',(#7055),#7059);
#7055 = LINE('',#7056,#7057);
#7056 = CARTESIAN_POINT('',(18.39,150.63));
#7057 = VECTOR('',#7058,1.);
#7058 = DIRECTION('',(-1.,0.));
#7059 = ( GEOMETRIC_REPRESENTATION_CONTEXT(2) 
PARAMETRIC_REPRESENTATION_CONTEXT() REPRESENTATION_CONTEXT('2D SPACE',''
  ) );
#7060 = ORIENTED_EDGE('',*,*,#6970,.T.);
#7061 = ORIENTED_EDGE('',*,*,#6176,.F.);
#7062 = ADVANCED_FACE('',(#7063),#6165,.F.);
#7063 = FACE_BOUND('',#7064,.F.);
#7064 = EDGE_LOOP('',(#7065,#7066,#7086,#7087));
#7065 = ORIENTED_EDGE('',*,*,#7018,.F.);
#7066 = ORIENTED_EDGE('',*,*,#7067,.T.);
#7067 = EDGE_CURVE('',#7019,#6901,#7068,.T.);
#7068 = SURFACE_CURVE('',#7069,(#7073,#7079),.PCURVE_S1.);
#7069 = LINE('',#7070,#7071);
#7070 = CARTESIAN_POINT('',(-27.065,23.5,32.));
#7071 = VECTOR('',#7072,1.);
#7072 = DIRECTION('',(1.,0.,-0.));
#7073 = PCURVE('',#6165,#7074);
#7074 = DEFINITIONAL_REPRESENTATION('',(#7075),#7078);
#7075 = B_SPLINE_CURVE_WITH_KNOTS('',1,(#7076,#7077),.UNSPECIFIED.,.F.,
  .F.,(2,2),(72.815,75.315),.PIECEWISE_BEZIER_KNOTS.);
#7076 = CARTESIAN_POINT('',(0.,1.));
#7077 = CARTESIAN_POINT('',(2.5,1.));
#7078 = ( GEOMETRIC_REPRESENTATION_CONTEXT(2) 
PARAMETRIC_REPRESENTATION_CONTEXT() REPRESENTATION_CONTEXT('2D SPACE',''
  ) );
#7079 = PCURVE('',#4115,#7080);
#7080 = DEFINITIONAL_REPRESENTATION('',(#7081),#7085);
#7081 = LINE('',#7082,#7083);
#7082 = CARTESIAN_POINT('',(85.78,77.815));
#7083 = VECTOR('',#7084,1.);
#7084 = DIRECTION('',(0.,1.));
#7085 = ( GEOMETRIC_REPRESENTATION_CONTEXT(2) 
PARAMETRIC_REPRESENTATION_CONTEXT() REPRESENTATION_CONTEXT('2D SPACE',''
  ) );
#7086 = ORIENTED_EDGE('',*,*,#6900,.T.);
#7087 = ORIENTED_EDGE('',*,*,#6147,.F.);
#7088 = ADVANCED_FACE('',(#7089),#6134,.F.);
#7089 = FACE_BOUND('',#7090,.F.);
#7090 = EDGE_LOOP('',(#7091,#7114,#7136,#7157));
#7091 = ORIENTED_EDGE('',*,*,#7092,.F.);
#7092 = EDGE_CURVE('',#7093,#6040,#7095,.T.);
#7093 = VERTEX_POINT('',#7094);
#7094 = CARTESIAN_POINT('',(43.25,23.5,32.));
#7095 = SURFACE_CURVE('',#7096,(#7100,#7107),.PCURVE_S1.);
#7096 = LINE('',#7097,#7098);
#7097 = CARTESIAN_POINT('',(43.25,22.5,32.));
#7098 = VECTOR('',#7099,1.);
#7099 = DIRECTION('',(-0.,1.,0.));
#7100 = PCURVE('',#6134,#7101);
#7101 = DEFINITIONAL_REPRESENTATION('',(#7102),#7106);
#7102 = LINE('',#7103,#7104);
#7103 = CARTESIAN_POINT('',(44.,0.));
#7104 = VECTOR('',#7105,1.);
#7105 = DIRECTION('',(0.,-1.));
#7106 = ( GEOMETRIC_REPRESENTATION_CONTEXT(2) 
PARAMETRIC_REPRESENTATION_CONTEXT() REPRESENTATION_CONTEXT('2D SPACE',''
  ) );
#7107 = PCURVE('',#6055,#7108);
#7108 = DEFINITIONAL_REPRESENTATION('',(#7109),#7113);
#7109 = LINE('',#7110,#7111);
#7110 = CARTESIAN_POINT('',(2.5,0.));
#7111 = VECTOR('',#7112,1.);
#7112 = DIRECTION('',(0.,1.));
#7113 = ( GEOMETRIC_REPRESENTATION_CONTEXT(2) 
PARAMETRIC_REPRESENTATION_CONTEXT() REPRESENTATION_CONTEXT('2D SPACE',''
  ) );
#7114 = ORIENTED_EDGE('',*,*,#7115,.T.);
#7115 = EDGE_CURVE('',#7093,#7116,#7118,.T.);
#7116 = VERTEX_POINT('',#7117);
#7117 = CARTESIAN_POINT('',(43.25,23.5,-12.));
#7118 = SURFACE_CURVE('',#7119,(#7123,#7129),.PCURVE_S1.);
#7119 = LINE('',#7120,#7121);
#7120 = CARTESIAN_POINT('',(43.25,23.5,-35.39));
#7121 = VECTOR('',#7122,1.);
#7122 = DIRECTION('',(-0.,0.,-1.));
#7123 = PCURVE('',#6134,#7124);
#7124 = DEFINITIONAL_REPRESENTATION('',(#7125),#7128);
#7125 = B_SPLINE_CURVE_WITH_KNOTS('',1,(#7126,#7127),.UNSPECIFIED.,.F.,
  .F.,(2,2),(-67.39,-23.39),.PIECEWISE_BEZIER_KNOTS.);
#7126 = CARTESIAN_POINT('',(44.,-1.));
#7127 = CARTESIAN_POINT('',(0.,-1.));
#7128 = ( GEOMETRIC_REPRESENTATION_CONTEXT(2) 
PARAMETRIC_REPRESENTATION_CONTEXT() REPRESENTATION_CONTEXT('2D SPACE',''
  ) );
#7129 = PCURVE('',#4115,#7130);
#7130 = DEFINITIONAL_REPRESENTATION('',(#7131),#7135);
#7131 = LINE('',#7132,#7133);
#7132 = CARTESIAN_POINT('',(18.39,148.13));
#7133 = VECTOR('',#7134,1.);
#7134 = DIRECTION('',(-1.,0.));
#7135 = ( GEOMETRIC_REPRESENTATION_CONTEXT(2) 
PARAMETRIC_REPRESENTATION_CONTEXT() REPRESENTATION_CONTEXT('2D SPACE',''
  ) );
#7136 = ORIENTED_EDGE('',*,*,#7137,.T.);
#7137 = EDGE_CURVE('',#7116,#6094,#7138,.T.);
#7138 = SURFACE_CURVE('',#7139,(#7143,#7150),.PCURVE_S1.);
#7139 = LINE('',#7140,#7141);
#7140 = CARTESIAN_POINT('',(43.25,22.5,-12.));
#7141 = VECTOR('',#7142,1.);
#7142 = DIRECTION('',(-0.,1.,0.));
#7143 = PCURVE('',#6134,#7144);
#7144 = DEFINITIONAL_REPRESENTATION('',(#7145),#7149);
#7145 = LINE('',#7146,#7147);
#7146 = CARTESIAN_POINT('',(0.,0.));
#7147 = VECTOR('',#7148,1.);
#7148 = DIRECTION('',(0.,-1.));
#7149 = ( GEOMETRIC_REPRESENTATION_CONTEXT(2) 
PARAMETRIC_REPRESENTATION_CONTEXT() REPRESENTATION_CONTEXT('2D SPACE',''
  ) );
#7150 = PCURVE('',#6109,#7151);
#7151 = DEFINITIONAL_REPRESENTATION('',(#7152),#7156);
#7152 = LINE('',#7153,#7154);
#7153 = CARTESIAN_POINT('',(2.5,0.));
#7154 = VECTOR('',#7155,1.);
#7155 = DIRECTION('',(0.,1.));
#7156 = ( GEOMETRIC_REPRESENTATION_CONTEXT(2) 
PARAMETRIC_REPRESENTATION_CONTEXT() REPRESENTATION_CONTEXT('2D SPACE',''
  ) );
#7157 = ORIENTED_EDGE('',*,*,#6120,.F.);
#7158 = ADVANCED_FACE('',(#7159),#6109,.T.);
#7159 = FACE_BOUND('',#7160,.T.);
#7160 = EDGE_LOOP('',(#7161,#7184,#7204,#7205));
#7161 = ORIENTED_EDGE('',*,*,#7162,.F.);
#7162 = EDGE_CURVE('',#7163,#6067,#7165,.T.);
#7163 = VERTEX_POINT('',#7164);
#7164 = CARTESIAN_POINT('',(40.75,23.5,-12.));
#7165 = SURFACE_CURVE('',#7166,(#7170,#7177),.PCURVE_S1.);
#7166 = LINE('',#7167,#7168);
#7167 = CARTESIAN_POINT('',(40.75,22.5,-12.));
#7168 = VECTOR('',#7169,1.);
#7169 = DIRECTION('',(-0.,1.,0.));
#7170 = PCURVE('',#6109,#7171);
#7171 = DEFINITIONAL_REPRESENTATION('',(#7172),#7176);
#7172 = LINE('',#7173,#7174);
#7173 = CARTESIAN_POINT('',(0.,0.));
#7174 = VECTOR('',#7175,1.);
#7175 = DIRECTION('',(0.,1.));
#7176 = ( GEOMETRIC_REPRESENTATION_CONTEXT(2) 
PARAMETRIC_REPRESENTATION_CONTEXT() REPRESENTATION_CONTEXT('2D SPACE',''
  ) );
#7177 = PCURVE('',#6082,#7178);
#7178 = DEFINITIONAL_REPRESENTATION('',(#7179),#7183);
#7179 = LINE('',#7180,#7181);
#7180 = CARTESIAN_POINT('',(0.,0.));
#7181 = VECTOR('',#7182,1.);
#7182 = DIRECTION('',(0.,-1.));
#7183 = ( GEOMETRIC_REPRESENTATION_CONTEXT(2) 
PARAMETRIC_REPRESENTATION_CONTEXT() REPRESENTATION_CONTEXT('2D SPACE',''
  ) );
#7184 = ORIENTED_EDGE('',*,*,#7185,.T.);
#7185 = EDGE_CURVE('',#7163,#7116,#7186,.T.);
#7186 = SURFACE_CURVE('',#7187,(#7191,#7197),.PCURVE_S1.);
#7187 = LINE('',#7188,#7189);
#7188 = CARTESIAN_POINT('',(-29.565,23.5,-12.));
#7189 = VECTOR('',#7190,1.);
#7190 = DIRECTION('',(1.,0.,-0.));
#7191 = PCURVE('',#6109,#7192);
#7192 = DEFINITIONAL_REPRESENTATION('',(#7193),#7196);
#7193 = B_SPLINE_CURVE_WITH_KNOTS('',1,(#7194,#7195),.UNSPECIFIED.,.F.,
  .F.,(2,2),(70.315,72.815),.PIECEWISE_BEZIER_KNOTS.);
#7194 = CARTESIAN_POINT('',(0.,1.));
#7195 = CARTESIAN_POINT('',(2.5,1.));
#7196 = ( GEOMETRIC_REPRESENTATION_CONTEXT(2) 
PARAMETRIC_REPRESENTATION_CONTEXT() REPRESENTATION_CONTEXT('2D SPACE',''
  ) );
#7197 = PCURVE('',#4115,#7198);
#7198 = DEFINITIONAL_REPRESENTATION('',(#7199),#7203);
#7199 = LINE('',#7200,#7201);
#7200 = CARTESIAN_POINT('',(41.78,75.315));
#7201 = VECTOR('',#7202,1.);
#7202 = DIRECTION('',(0.,1.));
#7203 = ( GEOMETRIC_REPRESENTATION_CONTEXT(2) 
PARAMETRIC_REPRESENTATION_CONTEXT() REPRESENTATION_CONTEXT('2D SPACE',''
  ) );
#7204 = ORIENTED_EDGE('',*,*,#7137,.T.);
#7205 = ORIENTED_EDGE('',*,*,#6093,.F.);
#7206 = ADVANCED_FACE('',(#7207),#6082,.T.);
#7207 = FACE_BOUND('',#7208,.T.);
#7208 = EDGE_LOOP('',(#7209,#7232,#7252,#7253));
#7209 = ORIENTED_EDGE('',*,*,#7210,.F.);
#7210 = EDGE_CURVE('',#7211,#6038,#7213,.T.);
#7211 = VERTEX_POINT('',#7212);
#7212 = CARTESIAN_POINT('',(40.75,23.5,32.));
#7213 = SURFACE_CURVE('',#7214,(#7218,#7225),.PCURVE_S1.);
#7214 = LINE('',#7215,#7216);
#7215 = CARTESIAN_POINT('',(40.75,22.5,32.));
#7216 = VECTOR('',#7217,1.);
#7217 = DIRECTION('',(-0.,1.,0.));
#7218 = PCURVE('',#6082,#7219);
#7219 = DEFINITIONAL_REPRESENTATION('',(#7220),#7224);
#7220 = LINE('',#7221,#7222);
#7221 = CARTESIAN_POINT('',(44.,0.));
#7222 = VECTOR('',#7223,1.);
#7223 = DIRECTION('',(0.,-1.));
#7224 = ( GEOMETRIC_REPRESENTATION_CONTEXT(2) 
PARAMETRIC_REPRESENTATION_CONTEXT() REPRESENTATION_CONTEXT('2D SPACE',''
  ) );
#7225 = PCURVE('',#6055,#7226);
#7226 = DEFINITIONAL_REPRESENTATION('',(#7227),#7231);
#7227 = LINE('',#7228,#7229);
#7228 = CARTESIAN_POINT('',(0.,0.));
#7229 = VECTOR('',#7230,1.);
#7230 = DIRECTION('',(0.,1.));
#7231 = ( GEOMETRIC_REPRESENTATION_CONTEXT(2) 
PARAMETRIC_REPRESENTATION_CONTEXT() REPRESENTATION_CONTEXT('2D SPACE',''
  ) );
#7232 = ORIENTED_EDGE('',*,*,#7233,.T.);
#7233 = EDGE_CURVE('',#7211,#7163,#7234,.T.);
#7234 = SURFACE_CURVE('',#7235,(#7239,#7245),.PCURVE_S1.);
#7235 = LINE('',#7236,#7237);
#7236 = CARTESIAN_POINT('',(40.75,23.5,-35.39));
#7237 = VECTOR('',#7238,1.);
#7238 = DIRECTION('',(-0.,0.,-1.));
#7239 = PCURVE('',#6082,#7240);
#7240 = DEFINITIONAL_REPRESENTATION('',(#7241),#7244);
#7241 = B_SPLINE_CURVE_WITH_KNOTS('',1,(#7242,#7243),.UNSPECIFIED.,.F.,
  .F.,(2,2),(-67.39,-23.39),.PIECEWISE_BEZIER_KNOTS.);
#7242 = CARTESIAN_POINT('',(44.,-1.));
#7243 = CARTESIAN_POINT('',(0.,-1.));
#7244 = ( GEOMETRIC_REPRESENTATION_CONTEXT(2) 
PARAMETRIC_REPRESENTATION_CONTEXT() REPRESENTATION_CONTEXT('2D SPACE',''
  ) );
#7245 = PCURVE('',#4115,#7246);
#7246 = DEFINITIONAL_REPRESENTATION('',(#7247),#7251);
#7247 = LINE('',#7248,#7249);
#7248 = CARTESIAN_POINT('',(18.39,145.63));
#7249 = VECTOR('',#7250,1.);
#7250 = DIRECTION('',(-1.,0.));
#7251 = ( GEOMETRIC_REPRESENTATION_CONTEXT(2) 
PARAMETRIC_REPRESENTATION_CONTEXT() REPRESENTATION_CONTEXT('2D SPACE',''
  ) );
#7252 = ORIENTED_EDGE('',*,*,#7162,.T.);
#7253 = ORIENTED_EDGE('',*,*,#6066,.F.);
#7254 = ADVANCED_FACE('',(#7255),#6055,.F.);
#7255 = FACE_BOUND('',#7256,.F.);
#7256 = EDGE_LOOP('',(#7257,#7258,#7278,#7279));
#7257 = ORIENTED_EDGE('',*,*,#7210,.F.);
#7258 = ORIENTED_EDGE('',*,*,#7259,.T.);
#7259 = EDGE_CURVE('',#7211,#7093,#7260,.T.);
#7260 = SURFACE_CURVE('',#7261,(#7265,#7271),.PCURVE_S1.);
#7261 = LINE('',#7262,#7263);
#7262 = CARTESIAN_POINT('',(-29.565,23.5,32.));
#7263 = VECTOR('',#7264,1.);
#7264 = DIRECTION('',(1.,0.,-0.));
#7265 = PCURVE('',#6055,#7266);
#7266 = DEFINITIONAL_REPRESENTATION('',(#7267),#7270);
#7267 = B_SPLINE_CURVE_WITH_KNOTS('',1,(#7268,#7269),.UNSPECIFIED.,.F.,
  .F.,(2,2),(70.315,72.815),.PIECEWISE_BEZIER_KNOTS.);
#7268 = CARTESIAN_POINT('',(0.,1.));
#7269 = CARTESIAN_POINT('',(2.5,1.));
#7270 = ( GEOMETRIC_REPRESENTATION_CONTEXT(2) 
PARAMETRIC_REPRESENTATION_CONTEXT() REPRESENTATION_CONTEXT('2D SPACE',''
  ) );
#7271 = PCURVE('',#4115,#7272);
#7272 = DEFINITIONAL_REPRESENTATION('',(#7273),#7277);
#7273 = LINE('',#7274,#7275);
#7274 = CARTESIAN_POINT('',(85.78,75.315));
#7275 = VECTOR('',#7276,1.);
#7276 = DIRECTION('',(0.,1.));
#7277 = ( GEOMETRIC_REPRESENTATION_CONTEXT(2) 
PARAMETRIC_REPRESENTATION_CONTEXT() REPRESENTATION_CONTEXT('2D SPACE',''
  ) );
#7278 = ORIENTED_EDGE('',*,*,#7092,.T.);
#7279 = ORIENTED_EDGE('',*,*,#6037,.F.);
#7280 = ADVANCED_FACE('',(#7281),#6024,.F.);
#7281 = FACE_BOUND('',#7282,.F.);
#7282 = EDGE_LOOP('',(#7283,#7306,#7328,#7349));
#7283 = ORIENTED_EDGE('',*,*,#7284,.F.);
#7284 = EDGE_CURVE('',#7285,#5930,#7287,.T.);
#7285 = VERTEX_POINT('',#7286);
#7286 = CARTESIAN_POINT('',(38.25,23.5,32.));
#7287 = SURFACE_CURVE('',#7288,(#7292,#7299),.PCURVE_S1.);
#7288 = LINE('',#7289,#7290);
#7289 = CARTESIAN_POINT('',(38.25,22.5,32.));
#7290 = VECTOR('',#7291,1.);
#7291 = DIRECTION('',(-0.,1.,0.));
#7292 = PCURVE('',#6024,#7293);
#7293 = DEFINITIONAL_REPRESENTATION('',(#7294),#7298);
#7294 = LINE('',#7295,#7296);
#7295 = CARTESIAN_POINT('',(44.,0.));
#7296 = VECTOR('',#7297,1.);
#7297 = DIRECTION('',(0.,-1.));
#7298 = ( GEOMETRIC_REPRESENTATION_CONTEXT(2) 
PARAMETRIC_REPRESENTATION_CONTEXT() REPRESENTATION_CONTEXT('2D SPACE',''
  ) );
#7299 = PCURVE('',#5945,#7300);
#7300 = DEFINITIONAL_REPRESENTATION('',(#7301),#7305);
#7301 = LINE('',#7302,#7303);
#7302 = CARTESIAN_POINT('',(2.5,0.));
#7303 = VECTOR('',#7304,1.);
#7304 = DIRECTION('',(0.,1.));
#7305 = ( GEOMETRIC_REPRESENTATION_CONTEXT(2) 
PARAMETRIC_REPRESENTATION_CONTEXT() REPRESENTATION_CONTEXT('2D SPACE',''
  ) );
#7306 = ORIENTED_EDGE('',*,*,#7307,.T.);
#7307 = EDGE_CURVE('',#7285,#7308,#7310,.T.);
#7308 = VERTEX_POINT('',#7309);
#7309 = CARTESIAN_POINT('',(38.25,23.5,-12.));
#7310 = SURFACE_CURVE('',#7311,(#7315,#7321),.PCURVE_S1.);
#7311 = LINE('',#7312,#7313);
#7312 = CARTESIAN_POINT('',(38.25,23.5,-35.39));
#7313 = VECTOR('',#7314,1.);
#7314 = DIRECTION('',(-0.,0.,-1.));
#7315 = PCURVE('',#6024,#7316);
#7316 = DEFINITIONAL_REPRESENTATION('',(#7317),#7320);
#7317 = B_SPLINE_CURVE_WITH_KNOTS('',1,(#7318,#7319),.UNSPECIFIED.,.F.,
  .F.,(2,2),(-67.39,-23.39),.PIECEWISE_BEZIER_KNOTS.);
#7318 = CARTESIAN_POINT('',(44.,-1.));
#7319 = CARTESIAN_POINT('',(0.,-1.));
#7320 = ( GEOMETRIC_REPRESENTATION_CONTEXT(2) 
PARAMETRIC_REPRESENTATION_CONTEXT() REPRESENTATION_CONTEXT('2D SPACE',''
  ) );
#7321 = PCURVE('',#4115,#7322);
#7322 = DEFINITIONAL_REPRESENTATION('',(#7323),#7327);
#7323 = LINE('',#7324,#7325);
#7324 = CARTESIAN_POINT('',(18.39,143.13));
#7325 = VECTOR('',#7326,1.);
#7326 = DIRECTION('',(-1.,0.));
#7327 = ( GEOMETRIC_REPRESENTATION_CONTEXT(2) 
PARAMETRIC_REPRESENTATION_CONTEXT() REPRESENTATION_CONTEXT('2D SPACE',''
  ) );
#7328 = ORIENTED_EDGE('',*,*,#7329,.T.);
#7329 = EDGE_CURVE('',#7308,#5984,#7330,.T.);
#7330 = SURFACE_CURVE('',#7331,(#7335,#7342),.PCURVE_S1.);
#7331 = LINE('',#7332,#7333);
#7332 = CARTESIAN_POINT('',(38.25,22.5,-12.));
#7333 = VECTOR('',#7334,1.);
#7334 = DIRECTION('',(-0.,1.,0.));
#7335 = PCURVE('',#6024,#7336);
#7336 = DEFINITIONAL_REPRESENTATION('',(#7337),#7341);
#7337 = LINE('',#7338,#7339);
#7338 = CARTESIAN_POINT('',(0.,0.));
#7339 = VECTOR('',#7340,1.);
#7340 = DIRECTION('',(0.,-1.));
#7341 = ( GEOMETRIC_REPRESENTATION_CONTEXT(2) 
PARAMETRIC_REPRESENTATION_CONTEXT() REPRESENTATION_CONTEXT('2D SPACE',''
  ) );
#7342 = PCURVE('',#5999,#7343);
#7343 = DEFINITIONAL_REPRESENTATION('',(#7344),#7348);
#7344 = LINE('',#7345,#7346);
#7345 = CARTESIAN_POINT('',(2.5,0.));
#7346 = VECTOR('',#7347,1.);
#7347 = DIRECTION('',(0.,1.));
#7348 = ( GEOMETRIC_REPRESENTATION_CONTEXT(2) 
PARAMETRIC_REPRESENTATION_CONTEXT() REPRESENTATION_CONTEXT('2D SPACE',''
  ) );
#7349 = ORIENTED_EDGE('',*,*,#6010,.F.);
#7350 = ADVANCED_FACE('',(#7351),#5999,.T.);
#7351 = FACE_BOUND('',#7352,.T.);
#7352 = EDGE_LOOP('',(#7353,#7376,#7396,#7397));
#7353 = ORIENTED_EDGE('',*,*,#7354,.F.);
#7354 = EDGE_CURVE('',#7355,#5957,#7357,.T.);
#7355 = VERTEX_POINT('',#7356);
#7356 = CARTESIAN_POINT('',(35.75,23.5,-12.));
#7357 = SURFACE_CURVE('',#7358,(#7362,#7369),.PCURVE_S1.);
#7358 = LINE('',#7359,#7360);
#7359 = CARTESIAN_POINT('',(35.75,22.5,-12.));
#7360 = VECTOR('',#7361,1.);
#7361 = DIRECTION('',(-0.,1.,0.));
#7362 = PCURVE('',#5999,#7363);
#7363 = DEFINITIONAL_REPRESENTATION('',(#7364),#7368);
#7364 = LINE('',#7365,#7366);
#7365 = CARTESIAN_POINT('',(0.,0.));
#7366 = VECTOR('',#7367,1.);
#7367 = DIRECTION('',(0.,1.));
#7368 = ( GEOMETRIC_REPRESENTATION_CONTEXT(2) 
PARAMETRIC_REPRESENTATION_CONTEXT() REPRESENTATION_CONTEXT('2D SPACE',''
  ) );
#7369 = PCURVE('',#5972,#7370);
#7370 = DEFINITIONAL_REPRESENTATION('',(#7371),#7375);
#7371 = LINE('',#7372,#7373);
#7372 = CARTESIAN_POINT('',(0.,0.));
#7373 = VECTOR('',#7374,1.);
#7374 = DIRECTION('',(0.,-1.));
#7375 = ( GEOMETRIC_REPRESENTATION_CONTEXT(2) 
PARAMETRIC_REPRESENTATION_CONTEXT() REPRESENTATION_CONTEXT('2D SPACE',''
  ) );
#7376 = ORIENTED_EDGE('',*,*,#7377,.T.);
#7377 = EDGE_CURVE('',#7355,#7308,#7378,.T.);
#7378 = SURFACE_CURVE('',#7379,(#7383,#7389),.PCURVE_S1.);
#7379 = LINE('',#7380,#7381);
#7380 = CARTESIAN_POINT('',(-32.065,23.5,-12.));
#7381 = VECTOR('',#7382,1.);
#7382 = DIRECTION('',(1.,0.,-0.));
#7383 = PCURVE('',#5999,#7384);
#7384 = DEFINITIONAL_REPRESENTATION('',(#7385),#7388);
#7385 = B_SPLINE_CURVE_WITH_KNOTS('',1,(#7386,#7387),.UNSPECIFIED.,.F.,
  .F.,(2,2),(67.815,70.315),.PIECEWISE_BEZIER_KNOTS.);
#7386 = CARTESIAN_POINT('',(0.,1.));
#7387 = CARTESIAN_POINT('',(2.5,1.));
#7388 = ( GEOMETRIC_REPRESENTATION_CONTEXT(2) 
PARAMETRIC_REPRESENTATION_CONTEXT() REPRESENTATION_CONTEXT('2D SPACE',''
  ) );
#7389 = PCURVE('',#4115,#7390);
#7390 = DEFINITIONAL_REPRESENTATION('',(#7391),#7395);
#7391 = LINE('',#7392,#7393);
#7392 = CARTESIAN_POINT('',(41.78,72.815));
#7393 = VECTOR('',#7394,1.);
#7394 = DIRECTION('',(0.,1.));
#7395 = ( GEOMETRIC_REPRESENTATION_CONTEXT(2) 
PARAMETRIC_REPRESENTATION_CONTEXT() REPRESENTATION_CONTEXT('2D SPACE',''
  ) );
#7396 = ORIENTED_EDGE('',*,*,#7329,.T.);
#7397 = ORIENTED_EDGE('',*,*,#5983,.F.);
#7398 = ADVANCED_FACE('',(#7399),#5972,.T.);
#7399 = FACE_BOUND('',#7400,.T.);
#7400 = EDGE_LOOP('',(#7401,#7424,#7444,#7445));
#7401 = ORIENTED_EDGE('',*,*,#7402,.F.);
#7402 = EDGE_CURVE('',#7403,#5928,#7405,.T.);
#7403 = VERTEX_POINT('',#7404);
#7404 = CARTESIAN_POINT('',(35.75,23.5,32.));
#7405 = SURFACE_CURVE('',#7406,(#7410,#7417),.PCURVE_S1.);
#7406 = LINE('',#7407,#7408);
#7407 = CARTESIAN_POINT('',(35.75,22.5,32.));
#7408 = VECTOR('',#7409,1.);
#7409 = DIRECTION('',(-0.,1.,0.));
#7410 = PCURVE('',#5972,#7411);
#7411 = DEFINITIONAL_REPRESENTATION('',(#7412),#7416);
#7412 = LINE('',#7413,#7414);
#7413 = CARTESIAN_POINT('',(44.,0.));
#7414 = VECTOR('',#7415,1.);
#7415 = DIRECTION('',(0.,-1.));
#7416 = ( GEOMETRIC_REPRESENTATION_CONTEXT(2) 
PARAMETRIC_REPRESENTATION_CONTEXT() REPRESENTATION_CONTEXT('2D SPACE',''
  ) );
#7417 = PCURVE('',#5945,#7418);
#7418 = DEFINITIONAL_REPRESENTATION('',(#7419),#7423);
#7419 = LINE('',#7420,#7421);
#7420 = CARTESIAN_POINT('',(0.,0.));
#7421 = VECTOR('',#7422,1.);
#7422 = DIRECTION('',(0.,1.));
#7423 = ( GEOMETRIC_REPRESENTATION_CONTEXT(2) 
PARAMETRIC_REPRESENTATION_CONTEXT() REPRESENTATION_CONTEXT('2D SPACE',''
  ) );
#7424 = ORIENTED_EDGE('',*,*,#7425,.T.);
#7425 = EDGE_CURVE('',#7403,#7355,#7426,.T.);
#7426 = SURFACE_CURVE('',#7427,(#7431,#7437),.PCURVE_S1.);
#7427 = LINE('',#7428,#7429);
#7428 = CARTESIAN_POINT('',(35.75,23.5,-35.39));
#7429 = VECTOR('',#7430,1.);
#7430 = DIRECTION('',(-0.,0.,-1.));
#7431 = PCURVE('',#5972,#7432);
#7432 = DEFINITIONAL_REPRESENTATION('',(#7433),#7436);
#7433 = B_SPLINE_CURVE_WITH_KNOTS('',1,(#7434,#7435),.UNSPECIFIED.,.F.,
  .F.,(2,2),(-67.39,-23.39),.PIECEWISE_BEZIER_KNOTS.);
#7434 = CARTESIAN_POINT('',(44.,-1.));
#7435 = CARTESIAN_POINT('',(0.,-1.));
#7436 = ( GEOMETRIC_REPRESENTATION_CONTEXT(2) 
PARAMETRIC_REPRESENTATION_CONTEXT() REPRESENTATION_CONTEXT('2D SPACE',''
  ) );
#7437 = PCURVE('',#4115,#7438);
#7438 = DEFINITIONAL_REPRESENTATION('',(#7439),#7443);
#7439 = LINE('',#7440,#7441);
#7440 = CARTESIAN_POINT('',(18.39,140.63));
#7441 = VECTOR('',#7442,1.);
#7442 = DIRECTION('',(-1.,0.));
#7443 = ( GEOMETRIC_REPRESENTATION_CONTEXT(2) 
PARAMETRIC_REPRESENTATION_CONTEXT() REPRESENTATION_CONTEXT('2D SPACE',''
  ) );
#7444 = ORIENTED_EDGE('',*,*,#7354,.T.);
#7445 = ORIENTED_EDGE('',*,*,#5956,.F.);
#7446 = ADVANCED_FACE('',(#7447),#5945,.F.);
#7447 = FACE_BOUND('',#7448,.F.);
#7448 = EDGE_LOOP('',(#7449,#7450,#7470,#7471));
#7449 = ORIENTED_EDGE('',*,*,#7402,.F.);
#7450 = ORIENTED_EDGE('',*,*,#7451,.T.);
#7451 = EDGE_CURVE('',#7403,#7285,#7452,.T.);
#7452 = SURFACE_CURVE('',#7453,(#7457,#7463),.PCURVE_S1.);
#7453 = LINE('',#7454,#7455);
#7454 = CARTESIAN_POINT('',(-32.065,23.5,32.));
#7455 = VECTOR('',#7456,1.);
#7456 = DIRECTION('',(1.,0.,-0.));
#7457 = PCURVE('',#5945,#7458);
#7458 = DEFINITIONAL_REPRESENTATION('',(#7459),#7462);
#7459 = B_SPLINE_CURVE_WITH_KNOTS('',1,(#7460,#7461),.UNSPECIFIED.,.F.,
  .F.,(2,2),(67.815,70.315),.PIECEWISE_BEZIER_KNOTS.);
#7460 = CARTESIAN_POINT('',(0.,1.));
#7461 = CARTESIAN_POINT('',(2.5,1.));
#7462 = ( GEOMETRIC_REPRESENTATION_CONTEXT(2) 
PARAMETRIC_REPRESENTATION_CONTEXT() REPRESENTATION_CONTEXT('2D SPACE',''
  ) );
#7463 = PCURVE('',#4115,#7464);
#7464 = DEFINITIONAL_REPRESENTATION('',(#7465),#7469);
#7465 = LINE('',#7466,#7467);
#7466 = CARTESIAN_POINT('',(85.78,72.815));
#7467 = VECTOR('',#7468,1.);
#7468 = DIRECTION('',(0.,1.));
#7469 = ( GEOMETRIC_REPRESENTATION_CONTEXT(2) 
PARAMETRIC_REPRESENTATION_CONTEXT() REPRESENTATION_CONTEXT('2D SPACE',''
  ) );
#7470 = ORIENTED_EDGE('',*,*,#7284,.T.);
#7471 = ORIENTED_EDGE('',*,*,#5927,.F.);
#7472 = ADVANCED_FACE('',(#7473),#5914,.F.);
#7473 = FACE_BOUND('',#7474,.F.);
#7474 = EDGE_LOOP('',(#7475,#7498,#7520,#7541));
#7475 = ORIENTED_EDGE('',*,*,#7476,.F.);
#7476 = EDGE_CURVE('',#7477,#5820,#7479,.T.);
#7477 = VERTEX_POINT('',#7478);
#7478 = CARTESIAN_POINT('',(33.25,23.5,32.));
#7479 = SURFACE_CURVE('',#7480,(#7484,#7491),.PCURVE_S1.);
#7480 = LINE('',#7481,#7482);
#7481 = CARTESIAN_POINT('',(33.25,22.5,32.));
#7482 = VECTOR('',#7483,1.);
#7483 = DIRECTION('',(-0.,1.,0.));
#7484 = PCURVE('',#5914,#7485);
#7485 = DEFINITIONAL_REPRESENTATION('',(#7486),#7490);
#7486 = LINE('',#7487,#7488);
#7487 = CARTESIAN_POINT('',(44.,0.));
#7488 = VECTOR('',#7489,1.);
#7489 = DIRECTION('',(0.,-1.));
#7490 = ( GEOMETRIC_REPRESENTATION_CONTEXT(2) 
PARAMETRIC_REPRESENTATION_CONTEXT() REPRESENTATION_CONTEXT('2D SPACE',''
  ) );
#7491 = PCURVE('',#5835,#7492);
#7492 = DEFINITIONAL_REPRESENTATION('',(#7493),#7497);
#7493 = LINE('',#7494,#7495);
#7494 = CARTESIAN_POINT('',(2.5,0.));
#7495 = VECTOR('',#7496,1.);
#7496 = DIRECTION('',(0.,1.));
#7497 = ( GEOMETRIC_REPRESENTATION_CONTEXT(2) 
PARAMETRIC_REPRESENTATION_CONTEXT() REPRESENTATION_CONTEXT('2D SPACE',''
  ) );
#7498 = ORIENTED_EDGE('',*,*,#7499,.T.);
#7499 = EDGE_CURVE('',#7477,#7500,#7502,.T.);
#7500 = VERTEX_POINT('',#7501);
#7501 = CARTESIAN_POINT('',(33.25,23.5,-12.));
#7502 = SURFACE_CURVE('',#7503,(#7507,#7513),.PCURVE_S1.);
#7503 = LINE('',#7504,#7505);
#7504 = CARTESIAN_POINT('',(33.25,23.5,-35.39));
#7505 = VECTOR('',#7506,1.);
#7506 = DIRECTION('',(-0.,0.,-1.));
#7507 = PCURVE('',#5914,#7508);
#7508 = DEFINITIONAL_REPRESENTATION('',(#7509),#7512);
#7509 = B_SPLINE_CURVE_WITH_KNOTS('',1,(#7510,#7511),.UNSPECIFIED.,.F.,
  .F.,(2,2),(-67.39,-23.39),.PIECEWISE_BEZIER_KNOTS.);
#7510 = CARTESIAN_POINT('',(44.,-1.));
#7511 = CARTESIAN_POINT('',(0.,-1.));
#7512 = ( GEOMETRIC_REPRESENTATION_CONTEXT(2) 
PARAMETRIC_REPRESENTATION_CONTEXT() REPRESENTATION_CONTEXT('2D SPACE',''
  ) );
#7513 = PCURVE('',#4115,#7514);
#7514 = DEFINITIONAL_REPRESENTATION('',(#7515),#7519);
#7515 = LINE('',#7516,#7517);
#7516 = CARTESIAN_POINT('',(18.39,138.13));
#7517 = VECTOR('',#7518,1.);
#7518 = DIRECTION('',(-1.,0.));
#7519 = ( GEOMETRIC_REPRESENTATION_CONTEXT(2) 
PARAMETRIC_REPRESENTATION_CONTEXT() REPRESENTATION_CONTEXT('2D SPACE',''
  ) );
#7520 = ORIENTED_EDGE('',*,*,#7521,.T.);
#7521 = EDGE_CURVE('',#7500,#5874,#7522,.T.);
#7522 = SURFACE_CURVE('',#7523,(#7527,#7534),.PCURVE_S1.);
#7523 = LINE('',#7524,#7525);
#7524 = CARTESIAN_POINT('',(33.25,22.5,-12.));
#7525 = VECTOR('',#7526,1.);
#7526 = DIRECTION('',(-0.,1.,0.));
#7527 = PCURVE('',#5914,#7528);
#7528 = DEFINITIONAL_REPRESENTATION('',(#7529),#7533);
#7529 = LINE('',#7530,#7531);
#7530 = CARTESIAN_POINT('',(0.,0.));
#7531 = VECTOR('',#7532,1.);
#7532 = DIRECTION('',(0.,-1.));
#7533 = ( GEOMETRIC_REPRESENTATION_CONTEXT(2) 
PARAMETRIC_REPRESENTATION_CONTEXT() REPRESENTATION_CONTEXT('2D SPACE',''
  ) );
#7534 = PCURVE('',#5889,#7535);
#7535 = DEFINITIONAL_REPRESENTATION('',(#7536),#7540);
#7536 = LINE('',#7537,#7538);
#7537 = CARTESIAN_POINT('',(2.5,0.));
#7538 = VECTOR('',#7539,1.);
#7539 = DIRECTION('',(0.,1.));
#7540 = ( GEOMETRIC_REPRESENTATION_CONTEXT(2) 
PARAMETRIC_REPRESENTATION_CONTEXT() REPRESENTATION_CONTEXT('2D SPACE',''
  ) );
#7541 = ORIENTED_EDGE('',*,*,#5900,.F.);
#7542 = ADVANCED_FACE('',(#7543),#5889,.T.);
#7543 = FACE_BOUND('',#7544,.T.);
#7544 = EDGE_LOOP('',(#7545,#7568,#7588,#7589));
#7545 = ORIENTED_EDGE('',*,*,#7546,.F.);
#7546 = EDGE_CURVE('',#7547,#5847,#7549,.T.);
#7547 = VERTEX_POINT('',#7548);
#7548 = CARTESIAN_POINT('',(30.75,23.5,-12.));
#7549 = SURFACE_CURVE('',#7550,(#7554,#7561),.PCURVE_S1.);
#7550 = LINE('',#7551,#7552);
#7551 = CARTESIAN_POINT('',(30.75,22.5,-12.));
#7552 = VECTOR('',#7553,1.);
#7553 = DIRECTION('',(-0.,1.,0.));
#7554 = PCURVE('',#5889,#7555);
#7555 = DEFINITIONAL_REPRESENTATION('',(#7556),#7560);
#7556 = LINE('',#7557,#7558);
#7557 = CARTESIAN_POINT('',(0.,0.));
#7558 = VECTOR('',#7559,1.);
#7559 = DIRECTION('',(0.,1.));
#7560 = ( GEOMETRIC_REPRESENTATION_CONTEXT(2) 
PARAMETRIC_REPRESENTATION_CONTEXT() REPRESENTATION_CONTEXT('2D SPACE',''
  ) );
#7561 = PCURVE('',#5862,#7562);
#7562 = DEFINITIONAL_REPRESENTATION('',(#7563),#7567);
#7563 = LINE('',#7564,#7565);
#7564 = CARTESIAN_POINT('',(0.,0.));
#7565 = VECTOR('',#7566,1.);
#7566 = DIRECTION('',(0.,-1.));
#7567 = ( GEOMETRIC_REPRESENTATION_CONTEXT(2) 
PARAMETRIC_REPRESENTATION_CONTEXT() REPRESENTATION_CONTEXT('2D SPACE',''
  ) );
#7568 = ORIENTED_EDGE('',*,*,#7569,.T.);
#7569 = EDGE_CURVE('',#7547,#7500,#7570,.T.);
#7570 = SURFACE_CURVE('',#7571,(#7575,#7581),.PCURVE_S1.);
#7571 = LINE('',#7572,#7573);
#7572 = CARTESIAN_POINT('',(-34.565,23.5,-12.));
#7573 = VECTOR('',#7574,1.);
#7574 = DIRECTION('',(1.,0.,-0.));
#7575 = PCURVE('',#5889,#7576);
#7576 = DEFINITIONAL_REPRESENTATION('',(#7577),#7580);
#7577 = B_SPLINE_CURVE_WITH_KNOTS('',1,(#7578,#7579),.UNSPECIFIED.,.F.,
  .F.,(2,2),(65.315,67.815),.PIECEWISE_BEZIER_KNOTS.);
#7578 = CARTESIAN_POINT('',(0.,1.));
#7579 = CARTESIAN_POINT('',(2.5,1.));
#7580 = ( GEOMETRIC_REPRESENTATION_CONTEXT(2) 
PARAMETRIC_REPRESENTATION_CONTEXT() REPRESENTATION_CONTEXT('2D SPACE',''
  ) );
#7581 = PCURVE('',#4115,#7582);
#7582 = DEFINITIONAL_REPRESENTATION('',(#7583),#7587);
#7583 = LINE('',#7584,#7585);
#7584 = CARTESIAN_POINT('',(41.78,70.315));
#7585 = VECTOR('',#7586,1.);
#7586 = DIRECTION('',(0.,1.));
#7587 = ( GEOMETRIC_REPRESENTATION_CONTEXT(2) 
PARAMETRIC_REPRESENTATION_CONTEXT() REPRESENTATION_CONTEXT('2D SPACE',''
  ) );
#7588 = ORIENTED_EDGE('',*,*,#7521,.T.);
#7589 = ORIENTED_EDGE('',*,*,#5873,.F.);
#7590 = ADVANCED_FACE('',(#7591),#5862,.T.);
#7591 = FACE_BOUND('',#7592,.T.);
#7592 = EDGE_LOOP('',(#7593,#7616,#7636,#7637));
#7593 = ORIENTED_EDGE('',*,*,#7594,.F.);
#7594 = EDGE_CURVE('',#7595,#5818,#7597,.T.);
#7595 = VERTEX_POINT('',#7596);
#7596 = CARTESIAN_POINT('',(30.75,23.5,32.));
#7597 = SURFACE_CURVE('',#7598,(#7602,#7609),.PCURVE_S1.);
#7598 = LINE('',#7599,#7600);
#7599 = CARTESIAN_POINT('',(30.75,22.5,32.));
#7600 = VECTOR('',#7601,1.);
#7601 = DIRECTION('',(-0.,1.,0.));
#7602 = PCURVE('',#5862,#7603);
#7603 = DEFINITIONAL_REPRESENTATION('',(#7604),#7608);
#7604 = LINE('',#7605,#7606);
#7605 = CARTESIAN_POINT('',(44.,0.));
#7606 = VECTOR('',#7607,1.);
#7607 = DIRECTION('',(0.,-1.));
#7608 = ( GEOMETRIC_REPRESENTATION_CONTEXT(2) 
PARAMETRIC_REPRESENTATION_CONTEXT() REPRESENTATION_CONTEXT('2D SPACE',''
  ) );
#7609 = PCURVE('',#5835,#7610);
#7610 = DEFINITIONAL_REPRESENTATION('',(#7611),#7615);
#7611 = LINE('',#7612,#7613);
#7612 = CARTESIAN_POINT('',(0.,0.));
#7613 = VECTOR('',#7614,1.);
#7614 = DIRECTION('',(0.,1.));
#7615 = ( GEOMETRIC_REPRESENTATION_CONTEXT(2) 
PARAMETRIC_REPRESENTATION_CONTEXT() REPRESENTATION_CONTEXT('2D SPACE',''
  ) );
#7616 = ORIENTED_EDGE('',*,*,#7617,.T.);
#7617 = EDGE_CURVE('',#7595,#7547,#7618,.T.);
#7618 = SURFACE_CURVE('',#7619,(#7623,#7629),.PCURVE_S1.);
#7619 = LINE('',#7620,#7621);
#7620 = CARTESIAN_POINT('',(30.75,23.5,-35.39));
#7621 = VECTOR('',#7622,1.);
#7622 = DIRECTION('',(-0.,0.,-1.));
#7623 = PCURVE('',#5862,#7624);
#7624 = DEFINITIONAL_REPRESENTATION('',(#7625),#7628);
#7625 = B_SPLINE_CURVE_WITH_KNOTS('',1,(#7626,#7627),.UNSPECIFIED.,.F.,
  .F.,(2,2),(-67.39,-23.39),.PIECEWISE_BEZIER_KNOTS.);
#7626 = CARTESIAN_POINT('',(44.,-1.));
#7627 = CARTESIAN_POINT('',(0.,-1.));
#7628 = ( GEOMETRIC_REPRESENTATION_CONTEXT(2) 
PARAMETRIC_REPRESENTATION_CONTEXT() REPRESENTATION_CONTEXT('2D SPACE',''
  ) );
#7629 = PCURVE('',#4115,#7630);
#7630 = DEFINITIONAL_REPRESENTATION('',(#7631),#7635);
#7631 = LINE('',#7632,#7633);
#7632 = CARTESIAN_POINT('',(18.39,135.63));
#7633 = VECTOR('',#7634,1.);
#7634 = DIRECTION('',(-1.,0.));
#7635 = ( GEOMETRIC_REPRESENTATION_CONTEXT(2) 
PARAMETRIC_REPRESENTATION_CONTEXT() REPRESENTATION_CONTEXT('2D SPACE',''
  ) );
#7636 = ORIENTED_EDGE('',*,*,#7546,.T.);
#7637 = ORIENTED_EDGE('',*,*,#5846,.F.);
#7638 = ADVANCED_FACE('',(#7639),#5835,.F.);
#7639 = FACE_BOUND('',#7640,.F.);
#7640 = EDGE_LOOP('',(#7641,#7642,#7662,#7663));
#7641 = ORIENTED_EDGE('',*,*,#7594,.F.);
#7642 = ORIENTED_EDGE('',*,*,#7643,.T.);
#7643 = EDGE_CURVE('',#7595,#7477,#7644,.T.);
#7644 = SURFACE_CURVE('',#7645,(#7649,#7655),.PCURVE_S1.);
#7645 = LINE('',#7646,#7647);
#7646 = CARTESIAN_POINT('',(-34.565,23.5,32.));
#7647 = VECTOR('',#7648,1.);
#7648 = DIRECTION('',(1.,0.,-0.));
#7649 = PCURVE('',#5835,#7650);
#7650 = DEFINITIONAL_REPRESENTATION('',(#7651),#7654);
#7651 = B_SPLINE_CURVE_WITH_KNOTS('',1,(#7652,#7653),.UNSPECIFIED.,.F.,
  .F.,(2,2),(65.315,67.815),.PIECEWISE_BEZIER_KNOTS.);
#7652 = CARTESIAN_POINT('',(0.,1.));
#7653 = CARTESIAN_POINT('',(2.5,1.));
#7654 = ( GEOMETRIC_REPRESENTATION_CONTEXT(2) 
PARAMETRIC_REPRESENTATION_CONTEXT() REPRESENTATION_CONTEXT('2D SPACE',''
  ) );
#7655 = PCURVE('',#4115,#7656);
#7656 = DEFINITIONAL_REPRESENTATION('',(#7657),#7661);
#7657 = LINE('',#7658,#7659);
#7658 = CARTESIAN_POINT('',(85.78,70.315));
#7659 = VECTOR('',#7660,1.);
#7660 = DIRECTION('',(0.,1.));
#7661 = ( GEOMETRIC_REPRESENTATION_CONTEXT(2) 
PARAMETRIC_REPRESENTATION_CONTEXT() REPRESENTATION_CONTEXT('2D SPACE',''
  ) );
#7662 = ORIENTED_EDGE('',*,*,#7476,.T.);
#7663 = ORIENTED_EDGE('',*,*,#5817,.F.);
#7664 = ADVANCED_FACE('',(#7665),#5804,.F.);
#7665 = FACE_BOUND('',#7666,.F.);
#7666 = EDGE_LOOP('',(#7667,#7690,#7712,#7733));
#7667 = ORIENTED_EDGE('',*,*,#7668,.F.);
#7668 = EDGE_CURVE('',#7669,#5710,#7671,.T.);
#7669 = VERTEX_POINT('',#7670);
#7670 = CARTESIAN_POINT('',(28.25,23.5,32.));
#7671 = SURFACE_CURVE('',#7672,(#7676,#7683),.PCURVE_S1.);
#7672 = LINE('',#7673,#7674);
#7673 = CARTESIAN_POINT('',(28.25,22.5,32.));
#7674 = VECTOR('',#7675,1.);
#7675 = DIRECTION('',(-0.,1.,0.));
#7676 = PCURVE('',#5804,#7677);
#7677 = DEFINITIONAL_REPRESENTATION('',(#7678),#7682);
#7678 = LINE('',#7679,#7680);
#7679 = CARTESIAN_POINT('',(44.,0.));
#7680 = VECTOR('',#7681,1.);
#7681 = DIRECTION('',(0.,-1.));
#7682 = ( GEOMETRIC_REPRESENTATION_CONTEXT(2) 
PARAMETRIC_REPRESENTATION_CONTEXT() REPRESENTATION_CONTEXT('2D SPACE',''
  ) );
#7683 = PCURVE('',#5725,#7684);
#7684 = DEFINITIONAL_REPRESENTATION('',(#7685),#7689);
#7685 = LINE('',#7686,#7687);
#7686 = CARTESIAN_POINT('',(2.5,0.));
#7687 = VECTOR('',#7688,1.);
#7688 = DIRECTION('',(0.,1.));
#7689 = ( GEOMETRIC_REPRESENTATION_CONTEXT(2) 
PARAMETRIC_REPRESENTATION_CONTEXT() REPRESENTATION_CONTEXT('2D SPACE',''
  ) );
#7690 = ORIENTED_EDGE('',*,*,#7691,.T.);
#7691 = EDGE_CURVE('',#7669,#7692,#7694,.T.);
#7692 = VERTEX_POINT('',#7693);
#7693 = CARTESIAN_POINT('',(28.25,23.5,-12.));
#7694 = SURFACE_CURVE('',#7695,(#7699,#7705),.PCURVE_S1.);
#7695 = LINE('',#7696,#7697);
#7696 = CARTESIAN_POINT('',(28.25,23.5,-35.39));
#7697 = VECTOR('',#7698,1.);
#7698 = DIRECTION('',(-0.,0.,-1.));
#7699 = PCURVE('',#5804,#7700);
#7700 = DEFINITIONAL_REPRESENTATION('',(#7701),#7704);
#7701 = B_SPLINE_CURVE_WITH_KNOTS('',1,(#7702,#7703),.UNSPECIFIED.,.F.,
  .F.,(2,2),(-67.39,-23.39),.PIECEWISE_BEZIER_KNOTS.);
#7702 = CARTESIAN_POINT('',(44.,-1.));
#7703 = CARTESIAN_POINT('',(0.,-1.));
#7704 = ( GEOMETRIC_REPRESENTATION_CONTEXT(2) 
PARAMETRIC_REPRESENTATION_CONTEXT() REPRESENTATION_CONTEXT('2D SPACE',''
  ) );
#7705 = PCURVE('',#4115,#7706);
#7706 = DEFINITIONAL_REPRESENTATION('',(#7707),#7711);
#7707 = LINE('',#7708,#7709);
#7708 = CARTESIAN_POINT('',(18.39,133.13));
#7709 = VECTOR('',#7710,1.);
#7710 = DIRECTION('',(-1.,0.));
#7711 = ( GEOMETRIC_REPRESENTATION_CONTEXT(2) 
PARAMETRIC_REPRESENTATION_CONTEXT() REPRESENTATION_CONTEXT('2D SPACE',''
  ) );
#7712 = ORIENTED_EDGE('',*,*,#7713,.T.);
#7713 = EDGE_CURVE('',#7692,#5764,#7714,.T.);
#7714 = SURFACE_CURVE('',#7715,(#7719,#7726),.PCURVE_S1.);
#7715 = LINE('',#7716,#7717);
#7716 = CARTESIAN_POINT('',(28.25,22.5,-12.));
#7717 = VECTOR('',#7718,1.);
#7718 = DIRECTION('',(-0.,1.,0.));
#7719 = PCURVE('',#5804,#7720);
#7720 = DEFINITIONAL_REPRESENTATION('',(#7721),#7725);
#7721 = LINE('',#7722,#7723);
#7722 = CARTESIAN_POINT('',(0.,0.));
#7723 = VECTOR('',#7724,1.);
#7724 = DIRECTION('',(0.,-1.));
#7725 = ( GEOMETRIC_REPRESENTATION_CONTEXT(2) 
PARAMETRIC_REPRESENTATION_CONTEXT() REPRESENTATION_CONTEXT('2D SPACE',''
  ) );
#7726 = PCURVE('',#5779,#7727);
#7727 = DEFINITIONAL_REPRESENTATION('',(#7728),#7732);
#7728 = LINE('',#7729,#7730);
#7729 = CARTESIAN_POINT('',(2.5,0.));
#7730 = VECTOR('',#7731,1.);
#7731 = DIRECTION('',(0.,1.));
#7732 = ( GEOMETRIC_REPRESENTATION_CONTEXT(2) 
PARAMETRIC_REPRESENTATION_CONTEXT() REPRESENTATION_CONTEXT('2D SPACE',''
  ) );
#7733 = ORIENTED_EDGE('',*,*,#5790,.F.);
#7734 = ADVANCED_FACE('',(#7735),#5779,.T.);
#7735 = FACE_BOUND('',#7736,.T.);
#7736 = EDGE_LOOP('',(#7737,#7760,#7780,#7781));
#7737 = ORIENTED_EDGE('',*,*,#7738,.F.);
#7738 = EDGE_CURVE('',#7739,#5737,#7741,.T.);
#7739 = VERTEX_POINT('',#7740);
#7740 = CARTESIAN_POINT('',(25.75,23.5,-12.));
#7741 = SURFACE_CURVE('',#7742,(#7746,#7753),.PCURVE_S1.);
#7742 = LINE('',#7743,#7744);
#7743 = CARTESIAN_POINT('',(25.75,22.5,-12.));
#7744 = VECTOR('',#7745,1.);
#7745 = DIRECTION('',(-0.,1.,0.));
#7746 = PCURVE('',#5779,#7747);
#7747 = DEFINITIONAL_REPRESENTATION('',(#7748),#7752);
#7748 = LINE('',#7749,#7750);
#7749 = CARTESIAN_POINT('',(0.,0.));
#7750 = VECTOR('',#7751,1.);
#7751 = DIRECTION('',(0.,1.));
#7752 = ( GEOMETRIC_REPRESENTATION_CONTEXT(2) 
PARAMETRIC_REPRESENTATION_CONTEXT() REPRESENTATION_CONTEXT('2D SPACE',''
  ) );
#7753 = PCURVE('',#5752,#7754);
#7754 = DEFINITIONAL_REPRESENTATION('',(#7755),#7759);
#7755 = LINE('',#7756,#7757);
#7756 = CARTESIAN_POINT('',(0.,0.));
#7757 = VECTOR('',#7758,1.);
#7758 = DIRECTION('',(0.,-1.));
#7759 = ( GEOMETRIC_REPRESENTATION_CONTEXT(2) 
PARAMETRIC_REPRESENTATION_CONTEXT() REPRESENTATION_CONTEXT('2D SPACE',''
  ) );
#7760 = ORIENTED_EDGE('',*,*,#7761,.T.);
#7761 = EDGE_CURVE('',#7739,#7692,#7762,.T.);
#7762 = SURFACE_CURVE('',#7763,(#7767,#7773),.PCURVE_S1.);
#7763 = LINE('',#7764,#7765);
#7764 = CARTESIAN_POINT('',(-37.065,23.5,-12.));
#7765 = VECTOR('',#7766,1.);
#7766 = DIRECTION('',(1.,0.,-0.));
#7767 = PCURVE('',#5779,#7768);
#7768 = DEFINITIONAL_REPRESENTATION('',(#7769),#7772);
#7769 = B_SPLINE_CURVE_WITH_KNOTS('',1,(#7770,#7771),.UNSPECIFIED.,.F.,
  .F.,(2,2),(62.815,65.315),.PIECEWISE_BEZIER_KNOTS.);
#7770 = CARTESIAN_POINT('',(0.,1.));
#7771 = CARTESIAN_POINT('',(2.5,1.));
#7772 = ( GEOMETRIC_REPRESENTATION_CONTEXT(2) 
PARAMETRIC_REPRESENTATION_CONTEXT() REPRESENTATION_CONTEXT('2D SPACE',''
  ) );
#7773 = PCURVE('',#4115,#7774);
#7774 = DEFINITIONAL_REPRESENTATION('',(#7775),#7779);
#7775 = LINE('',#7776,#7777);
#7776 = CARTESIAN_POINT('',(41.78,67.815));
#7777 = VECTOR('',#7778,1.);
#7778 = DIRECTION('',(0.,1.));
#7779 = ( GEOMETRIC_REPRESENTATION_CONTEXT(2) 
PARAMETRIC_REPRESENTATION_CONTEXT() REPRESENTATION_CONTEXT('2D SPACE',''
  ) );
#7780 = ORIENTED_EDGE('',*,*,#7713,.T.);
#7781 = ORIENTED_EDGE('',*,*,#5763,.F.);
#7782 = ADVANCED_FACE('',(#7783),#5752,.T.);
#7783 = FACE_BOUND('',#7784,.T.);
#7784 = EDGE_LOOP('',(#7785,#7808,#7828,#7829));
#7785 = ORIENTED_EDGE('',*,*,#7786,.F.);
#7786 = EDGE_CURVE('',#7787,#5708,#7789,.T.);
#7787 = VERTEX_POINT('',#7788);
#7788 = CARTESIAN_POINT('',(25.75,23.5,32.));
#7789 = SURFACE_CURVE('',#7790,(#7794,#7801),.PCURVE_S1.);
#7790 = LINE('',#7791,#7792);
#7791 = CARTESIAN_POINT('',(25.75,22.5,32.));
#7792 = VECTOR('',#7793,1.);
#7793 = DIRECTION('',(-0.,1.,0.));
#7794 = PCURVE('',#5752,#7795);
#7795 = DEFINITIONAL_REPRESENTATION('',(#7796),#7800);
#7796 = LINE('',#7797,#7798);
#7797 = CARTESIAN_POINT('',(44.,0.));
#7798 = VECTOR('',#7799,1.);
#7799 = DIRECTION('',(0.,-1.));
#7800 = ( GEOMETRIC_REPRESENTATION_CONTEXT(2) 
PARAMETRIC_REPRESENTATION_CONTEXT() REPRESENTATION_CONTEXT('2D SPACE',''
  ) );
#7801 = PCURVE('',#5725,#7802);
#7802 = DEFINITIONAL_REPRESENTATION('',(#7803),#7807);
#7803 = LINE('',#7804,#7805);
#7804 = CARTESIAN_POINT('',(0.,0.));
#7805 = VECTOR('',#7806,1.);
#7806 = DIRECTION('',(0.,1.));
#7807 = ( GEOMETRIC_REPRESENTATION_CONTEXT(2) 
PARAMETRIC_REPRESENTATION_CONTEXT() REPRESENTATION_CONTEXT('2D SPACE',''
  ) );
#7808 = ORIENTED_EDGE('',*,*,#7809,.T.);
#7809 = EDGE_CURVE('',#7787,#7739,#7810,.T.);
#7810 = SURFACE_CURVE('',#7811,(#7815,#7821),.PCURVE_S1.);
#7811 = LINE('',#7812,#7813);
#7812 = CARTESIAN_POINT('',(25.75,23.5,-35.39));
#7813 = VECTOR('',#7814,1.);
#7814 = DIRECTION('',(-0.,0.,-1.));
#7815 = PCURVE('',#5752,#7816);
#7816 = DEFINITIONAL_REPRESENTATION('',(#7817),#7820);
#7817 = B_SPLINE_CURVE_WITH_KNOTS('',1,(#7818,#7819),.UNSPECIFIED.,.F.,
  .F.,(2,2),(-67.39,-23.39),.PIECEWISE_BEZIER_KNOTS.);
#7818 = CARTESIAN_POINT('',(44.,-1.));
#7819 = CARTESIAN_POINT('',(0.,-1.));
#7820 = ( GEOMETRIC_REPRESENTATION_CONTEXT(2) 
PARAMETRIC_REPRESENTATION_CONTEXT() REPRESENTATION_CONTEXT('2D SPACE',''
  ) );
#7821 = PCURVE('',#4115,#7822);
#7822 = DEFINITIONAL_REPRESENTATION('',(#7823),#7827);
#7823 = LINE('',#7824,#7825);
#7824 = CARTESIAN_POINT('',(18.39,130.63));
#7825 = VECTOR('',#7826,1.);
#7826 = DIRECTION('',(-1.,0.));
#7827 = ( GEOMETRIC_REPRESENTATION_CONTEXT(2) 
PARAMETRIC_REPRESENTATION_CONTEXT() REPRESENTATION_CONTEXT('2D SPACE',''
  ) );
#7828 = ORIENTED_EDGE('',*,*,#7738,.T.);
#7829 = ORIENTED_EDGE('',*,*,#5736,.F.);
#7830 = ADVANCED_FACE('',(#7831),#5725,.F.);
#7831 = FACE_BOUND('',#7832,.F.);
#7832 = EDGE_LOOP('',(#7833,#7834,#7854,#7855));
#7833 = ORIENTED_EDGE('',*,*,#7786,.F.);
#7834 = ORIENTED_EDGE('',*,*,#7835,.T.);
#7835 = EDGE_CURVE('',#7787,#7669,#7836,.T.);
#7836 = SURFACE_CURVE('',#7837,(#7841,#7847),.PCURVE_S1.);
#7837 = LINE('',#7838,#7839);
#7838 = CARTESIAN_POINT('',(-37.065,23.5,32.));
#7839 = VECTOR('',#7840,1.);
#7840 = DIRECTION('',(1.,0.,-0.));
#7841 = PCURVE('',#5725,#7842);
#7842 = DEFINITIONAL_REPRESENTATION('',(#7843),#7846);
#7843 = B_SPLINE_CURVE_WITH_KNOTS('',1,(#7844,#7845),.UNSPECIFIED.,.F.,
  .F.,(2,2),(62.815,65.315),.PIECEWISE_BEZIER_KNOTS.);
#7844 = CARTESIAN_POINT('',(0.,1.));
#7845 = CARTESIAN_POINT('',(2.5,1.));
#7846 = ( GEOMETRIC_REPRESENTATION_CONTEXT(2) 
PARAMETRIC_REPRESENTATION_CONTEXT() REPRESENTATION_CONTEXT('2D SPACE',''
  ) );
#7847 = PCURVE('',#4115,#7848);
#7848 = DEFINITIONAL_REPRESENTATION('',(#7849),#7853);
#7849 = LINE('',#7850,#7851);
#7850 = CARTESIAN_POINT('',(85.78,67.815));
#7851 = VECTOR('',#7852,1.);
#7852 = DIRECTION('',(0.,1.));
#7853 = ( GEOMETRIC_REPRESENTATION_CONTEXT(2) 
PARAMETRIC_REPRESENTATION_CONTEXT() REPRESENTATION_CONTEXT('2D SPACE',''
  ) );
#7854 = ORIENTED_EDGE('',*,*,#7668,.T.);
#7855 = ORIENTED_EDGE('',*,*,#5707,.F.);
#7856 = ADVANCED_FACE('',(#7857),#5693,.F.);
#7857 = FACE_BOUND('',#7858,.F.);
#7858 = EDGE_LOOP('',(#7859,#7860,#7883,#7910));
#7859 = ORIENTED_EDGE('',*,*,#5676,.F.);
#7860 = ORIENTED_EDGE('',*,*,#7861,.F.);
#7861 = EDGE_CURVE('',#7862,#5677,#7864,.T.);
#7862 = VERTEX_POINT('',#7863);
#7863 = CARTESIAN_POINT('',(64.63,11.,-29.6));
#7864 = SEAM_CURVE('',#7865,(#7869,#7876),.PCURVE_S1.);
#7865 = LINE('',#7866,#7867);
#7866 = CARTESIAN_POINT('',(64.63,10.,-29.6));
#7867 = VECTOR('',#7868,1.);
#7868 = DIRECTION('',(0.,1.,0.));
#7869 = PCURVE('',#5693,#7870);
#7870 = DEFINITIONAL_REPRESENTATION('',(#7871),#7875);
#7871 = LINE('',#7872,#7873);
#7872 = CARTESIAN_POINT('',(6.28318530718,-0.));
#7873 = VECTOR('',#7874,1.);
#7874 = DIRECTION('',(0.,1.));
#7875 = ( GEOMETRIC_REPRESENTATION_CONTEXT(2) 
PARAMETRIC_REPRESENTATION_CONTEXT() REPRESENTATION_CONTEXT('2D SPACE',''
  ) );
#7876 = PCURVE('',#5693,#7877);
#7877 = DEFINITIONAL_REPRESENTATION('',(#7878),#7882);
#7878 = LINE('',#7879,#7880);
#7879 = CARTESIAN_POINT('',(0.,-0.));
#7880 = VECTOR('',#7881,1.);
#7881 = DIRECTION('',(0.,1.));
#7882 = ( GEOMETRIC_REPRESENTATION_CONTEXT(2) 
PARAMETRIC_REPRESENTATION_CONTEXT() REPRESENTATION_CONTEXT('2D SPACE',''
  ) );
#7883 = ORIENTED_EDGE('',*,*,#7884,.T.);
#7884 = EDGE_CURVE('',#7862,#7862,#7885,.T.);
#7885 = SURFACE_CURVE('',#7886,(#7891,#7898),.PCURVE_S1.);
#7886 = CIRCLE('',#7887,2.25);
#7887 = AXIS2_PLACEMENT_3D('',#7888,#7889,#7890);
#7888 = CARTESIAN_POINT('',(64.63,11.,-31.85));
#7889 = DIRECTION('',(0.,1.,0.));
#7890 = DIRECTION('',(0.,-0.,1.));
#7891 = PCURVE('',#5693,#7892);
#7892 = DEFINITIONAL_REPRESENTATION('',(#7893),#7897);
#7893 = LINE('',#7894,#7895);
#7894 = CARTESIAN_POINT('',(0.,1.));
#7895 = VECTOR('',#7896,1.);
#7896 = DIRECTION('',(1.,0.));
#7897 = ( GEOMETRIC_REPRESENTATION_CONTEXT(2) 
PARAMETRIC_REPRESENTATION_CONTEXT() REPRESENTATION_CONTEXT('2D SPACE',''
  ) );
#7898 = PCURVE('',#7899,#7904);
#7899 = PLANE('',#7900);
#7900 = AXIS2_PLACEMENT_3D('',#7901,#7902,#7903);
#7901 = CARTESIAN_POINT('',(64.63,11.,-31.85));
#7902 = DIRECTION('',(0.,1.,0.));
#7903 = DIRECTION('',(0.,-0.,1.));
#7904 = DEFINITIONAL_REPRESENTATION('',(#7905),#7909);
#7905 = CIRCLE('',#7906,2.25);
#7906 = AXIS2_PLACEMENT_2D('',#7907,#7908);
#7907 = CARTESIAN_POINT('',(0.,0.));
#7908 = DIRECTION('',(1.,0.));
#7909 = ( GEOMETRIC_REPRESENTATION_CONTEXT(2) 
PARAMETRIC_REPRESENTATION_CONTEXT() REPRESENTATION_CONTEXT('2D SPACE',''
  ) );
#7910 = ORIENTED_EDGE('',*,*,#7861,.T.);
#7911 = ADVANCED_FACE('',(#7912,#7943),#7899,.F.);
#7912 = FACE_BOUND('',#7913,.F.);
#7913 = EDGE_LOOP('',(#7914));
#7914 = ORIENTED_EDGE('',*,*,#7915,.T.);
#7915 = EDGE_CURVE('',#7916,#7916,#7918,.T.);
#7916 = VERTEX_POINT('',#7917);
#7917 = CARTESIAN_POINT('',(64.63,11.,-27.85));
#7918 = SURFACE_CURVE('',#7919,(#7924,#7931),.PCURVE_S1.);
#7919 = CIRCLE('',#7920,4.);
#7920 = AXIS2_PLACEMENT_3D('',#7921,#7922,#7923);
#7921 = CARTESIAN_POINT('',(64.63,11.,-31.85));
#7922 = DIRECTION('',(0.,1.,0.));
#7923 = DIRECTION('',(0.,-0.,1.));
#7924 = PCURVE('',#7899,#7925);
#7925 = DEFINITIONAL_REPRESENTATION('',(#7926),#7930);
#7926 = CIRCLE('',#7927,4.);
#7927 = AXIS2_PLACEMENT_2D('',#7928,#7929);
#7928 = CARTESIAN_POINT('',(0.,0.));
#7929 = DIRECTION('',(1.,0.));
#7930 = ( GEOMETRIC_REPRESENTATION_CONTEXT(2) 
PARAMETRIC_REPRESENTATION_CONTEXT() REPRESENTATION_CONTEXT('2D SPACE',''
  ) );
#7931 = PCURVE('',#7932,#7937);
#7932 = CYLINDRICAL_SURFACE('',#7933,4.);
#7933 = AXIS2_PLACEMENT_3D('',#7934,#7935,#7936);
#7934 = CARTESIAN_POINT('',(64.63,11.,-31.85));
#7935 = DIRECTION('',(0.,1.,0.));
#7936 = DIRECTION('',(0.,-0.,1.));
#7937 = DEFINITIONAL_REPRESENTATION('',(#7938),#7942);
#7938 = LINE('',#7939,#7940);
#7939 = CARTESIAN_POINT('',(0.,0.));
#7940 = VECTOR('',#7941,1.);
#7941 = DIRECTION('',(1.,0.));
#7942 = ( GEOMETRIC_REPRESENTATION_CONTEXT(2) 
PARAMETRIC_REPRESENTATION_CONTEXT() REPRESENTATION_CONTEXT('2D SPACE',''
  ) );
#7943 = FACE_BOUND('',#7944,.F.);
#7944 = EDGE_LOOP('',(#7945));
#7945 = ORIENTED_EDGE('',*,*,#7884,.F.);
#7946 = ADVANCED_FACE('',(#7947),#7932,.T.);
#7947 = FACE_BOUND('',#7948,.T.);
#7948 = EDGE_LOOP('',(#7949,#7973,#7994,#7995));
#7949 = ORIENTED_EDGE('',*,*,#7950,.F.);
#7950 = EDGE_CURVE('',#7951,#7951,#7953,.T.);
#7951 = VERTEX_POINT('',#7952);
#7952 = CARTESIAN_POINT('',(64.63,23.5,-27.85));
#7953 = SURFACE_CURVE('',#7954,(#7959,#7966),.PCURVE_S1.);
#7954 = CIRCLE('',#7955,4.);
#7955 = AXIS2_PLACEMENT_3D('',#7956,#7957,#7958);
#7956 = CARTESIAN_POINT('',(64.63,23.5,-31.85));
#7957 = DIRECTION('',(0.,1.,0.));
#7958 = DIRECTION('',(0.,-0.,1.));
#7959 = PCURVE('',#7932,#7960);
#7960 = DEFINITIONAL_REPRESENTATION('',(#7961),#7965);
#7961 = LINE('',#7962,#7963);
#7962 = CARTESIAN_POINT('',(0.,12.5));
#7963 = VECTOR('',#7964,1.);
#7964 = DIRECTION('',(1.,0.));
#7965 = ( GEOMETRIC_REPRESENTATION_CONTEXT(2) 
PARAMETRIC_REPRESENTATION_CONTEXT() REPRESENTATION_CONTEXT('2D SPACE',''
  ) );
#7966 = PCURVE('',#4115,#7967);
#7967 = DEFINITIONAL_REPRESENTATION('',(#7968),#7972);
#7968 = CIRCLE('',#7969,4.);
#7969 = AXIS2_PLACEMENT_2D('',#7970,#7971);
#7970 = CARTESIAN_POINT('',(21.93,169.51));
#7971 = DIRECTION('',(1.,0.));
#7972 = ( GEOMETRIC_REPRESENTATION_CONTEXT(2) 
PARAMETRIC_REPRESENTATION_CONTEXT() REPRESENTATION_CONTEXT('2D SPACE',''
  ) );
#7973 = ORIENTED_EDGE('',*,*,#7974,.F.);
#7974 = EDGE_CURVE('',#7916,#7951,#7975,.T.);
#7975 = SEAM_CURVE('',#7976,(#7980,#7987),.PCURVE_S1.);
#7976 = LINE('',#7977,#7978);
#7977 = CARTESIAN_POINT('',(64.63,11.,-27.85));
#7978 = VECTOR('',#7979,1.);
#7979 = DIRECTION('',(0.,1.,0.));
#7980 = PCURVE('',#7932,#7981);
#7981 = DEFINITIONAL_REPRESENTATION('',(#7982),#7986);
#7982 = LINE('',#7983,#7984);
#7983 = CARTESIAN_POINT('',(6.28318530718,-0.));
#7984 = VECTOR('',#7985,1.);
#7985 = DIRECTION('',(0.,1.));
#7986 = ( GEOMETRIC_REPRESENTATION_CONTEXT(2) 
PARAMETRIC_REPRESENTATION_CONTEXT() REPRESENTATION_CONTEXT('2D SPACE',''
  ) );
#7987 = PCURVE('',#7932,#7988);
#7988 = DEFINITIONAL_REPRESENTATION('',(#7989),#7993);
#7989 = LINE('',#7990,#7991);
#7990 = CARTESIAN_POINT('',(0.,-0.));
#7991 = VECTOR('',#7992,1.);
#7992 = DIRECTION('',(0.,1.));
#7993 = ( GEOMETRIC_REPRESENTATION_CONTEXT(2) 
PARAMETRIC_REPRESENTATION_CONTEXT() REPRESENTATION_CONTEXT('2D SPACE',''
  ) );
#7994 = ORIENTED_EDGE('',*,*,#7915,.T.);
#7995 = ORIENTED_EDGE('',*,*,#7974,.T.);
#7996 = ADVANCED_FACE('',(#7997),#5663,.F.);
#7997 = FACE_BOUND('',#7998,.F.);
#7998 = EDGE_LOOP('',(#7999,#8022,#8044,#8065));
#7999 = ORIENTED_EDGE('',*,*,#8000,.F.);
#8000 = EDGE_CURVE('',#8001,#5569,#8003,.T.);
#8001 = VERTEX_POINT('',#8002);
#8002 = CARTESIAN_POINT('',(-25.75,23.5,32.));
#8003 = SURFACE_CURVE('',#8004,(#8008,#8015),.PCURVE_S1.);
#8004 = LINE('',#8005,#8006);
#8005 = CARTESIAN_POINT('',(-25.75,22.5,32.));
#8006 = VECTOR('',#8007,1.);
#8007 = DIRECTION('',(-0.,1.,0.));
#8008 = PCURVE('',#5663,#8009);
#8009 = DEFINITIONAL_REPRESENTATION('',(#8010),#8014);
#8010 = LINE('',#8011,#8012);
#8011 = CARTESIAN_POINT('',(44.,0.));
#8012 = VECTOR('',#8013,1.);
#8013 = DIRECTION('',(0.,-1.));
#8014 = ( GEOMETRIC_REPRESENTATION_CONTEXT(2) 
PARAMETRIC_REPRESENTATION_CONTEXT() REPRESENTATION_CONTEXT('2D SPACE',''
  ) );
#8015 = PCURVE('',#5584,#8016);
#8016 = DEFINITIONAL_REPRESENTATION('',(#8017),#8021);
#8017 = LINE('',#8018,#8019);
#8018 = CARTESIAN_POINT('',(2.5,0.));
#8019 = VECTOR('',#8020,1.);
#8020 = DIRECTION('',(0.,1.));
#8021 = ( GEOMETRIC_REPRESENTATION_CONTEXT(2) 
PARAMETRIC_REPRESENTATION_CONTEXT() REPRESENTATION_CONTEXT('2D SPACE',''
  ) );
#8022 = ORIENTED_EDGE('',*,*,#8023,.T.);
#8023 = EDGE_CURVE('',#8001,#8024,#8026,.T.);
#8024 = VERTEX_POINT('',#8025);
#8025 = CARTESIAN_POINT('',(-25.75,23.5,-12.));
#8026 = SURFACE_CURVE('',#8027,(#8031,#8037),.PCURVE_S1.);
#8027 = LINE('',#8028,#8029);
#8028 = CARTESIAN_POINT('',(-25.75,23.5,-35.39));
#8029 = VECTOR('',#8030,1.);
#8030 = DIRECTION('',(-0.,0.,-1.));
#8031 = PCURVE('',#5663,#8032);
#8032 = DEFINITIONAL_REPRESENTATION('',(#8033),#8036);
#8033 = B_SPLINE_CURVE_WITH_KNOTS('',1,(#8034,#8035),.UNSPECIFIED.,.F.,
  .F.,(2,2),(-67.39,-23.39),.PIECEWISE_BEZIER_KNOTS.);
#8034 = CARTESIAN_POINT('',(44.,-1.));
#8035 = CARTESIAN_POINT('',(0.,-1.));
#8036 = ( GEOMETRIC_REPRESENTATION_CONTEXT(2) 
PARAMETRIC_REPRESENTATION_CONTEXT() REPRESENTATION_CONTEXT('2D SPACE',''
  ) );
#8037 = PCURVE('',#4115,#8038);
#8038 = DEFINITIONAL_REPRESENTATION('',(#8039),#8043);
#8039 = LINE('',#8040,#8041);
#8040 = CARTESIAN_POINT('',(18.39,79.13));
#8041 = VECTOR('',#8042,1.);
#8042 = DIRECTION('',(-1.,0.));
#8043 = ( GEOMETRIC_REPRESENTATION_CONTEXT(2) 
PARAMETRIC_REPRESENTATION_CONTEXT() REPRESENTATION_CONTEXT('2D SPACE',''
  ) );
#8044 = ORIENTED_EDGE('',*,*,#8045,.T.);
#8045 = EDGE_CURVE('',#8024,#5623,#8046,.T.);
#8046 = SURFACE_CURVE('',#8047,(#8051,#8058),.PCURVE_S1.);
#8047 = LINE('',#8048,#8049);
#8048 = CARTESIAN_POINT('',(-25.75,22.5,-12.));
#8049 = VECTOR('',#8050,1.);
#8050 = DIRECTION('',(-0.,1.,0.));
#8051 = PCURVE('',#5663,#8052);
#8052 = DEFINITIONAL_REPRESENTATION('',(#8053),#8057);
#8053 = LINE('',#8054,#8055);
#8054 = CARTESIAN_POINT('',(0.,0.));
#8055 = VECTOR('',#8056,1.);
#8056 = DIRECTION('',(0.,-1.));
#8057 = ( GEOMETRIC_REPRESENTATION_CONTEXT(2) 
PARAMETRIC_REPRESENTATION_CONTEXT() REPRESENTATION_CONTEXT('2D SPACE',''
  ) );
#8058 = PCURVE('',#5638,#8059);
#8059 = DEFINITIONAL_REPRESENTATION('',(#8060),#8064);
#8060 = LINE('',#8061,#8062);
#8061 = CARTESIAN_POINT('',(2.5,0.));
#8062 = VECTOR('',#8063,1.);
#8063 = DIRECTION('',(0.,1.));
#8064 = ( GEOMETRIC_REPRESENTATION_CONTEXT(2) 
PARAMETRIC_REPRESENTATION_CONTEXT() REPRESENTATION_CONTEXT('2D SPACE',''
  ) );
#8065 = ORIENTED_EDGE('',*,*,#5649,.F.);
#8066 = ADVANCED_FACE('',(#8067),#5638,.T.);
#8067 = FACE_BOUND('',#8068,.T.);
#8068 = EDGE_LOOP('',(#8069,#8092,#8112,#8113));
#8069 = ORIENTED_EDGE('',*,*,#8070,.F.);
#8070 = EDGE_CURVE('',#8071,#5596,#8073,.T.);
#8071 = VERTEX_POINT('',#8072);
#8072 = CARTESIAN_POINT('',(-28.25,23.5,-12.));
#8073 = SURFACE_CURVE('',#8074,(#8078,#8085),.PCURVE_S1.);
#8074 = LINE('',#8075,#8076);
#8075 = CARTESIAN_POINT('',(-28.25,22.5,-12.));
#8076 = VECTOR('',#8077,1.);
#8077 = DIRECTION('',(-0.,1.,0.));
#8078 = PCURVE('',#5638,#8079);
#8079 = DEFINITIONAL_REPRESENTATION('',(#8080),#8084);
#8080 = LINE('',#8081,#8082);
#8081 = CARTESIAN_POINT('',(0.,0.));
#8082 = VECTOR('',#8083,1.);
#8083 = DIRECTION('',(0.,1.));
#8084 = ( GEOMETRIC_REPRESENTATION_CONTEXT(2) 
PARAMETRIC_REPRESENTATION_CONTEXT() REPRESENTATION_CONTEXT('2D SPACE',''
  ) );
#8085 = PCURVE('',#5611,#8086);
#8086 = DEFINITIONAL_REPRESENTATION('',(#8087),#8091);
#8087 = LINE('',#8088,#8089);
#8088 = CARTESIAN_POINT('',(0.,0.));
#8089 = VECTOR('',#8090,1.);
#8090 = DIRECTION('',(0.,-1.));
#8091 = ( GEOMETRIC_REPRESENTATION_CONTEXT(2) 
PARAMETRIC_REPRESENTATION_CONTEXT() REPRESENTATION_CONTEXT('2D SPACE',''
  ) );
#8092 = ORIENTED_EDGE('',*,*,#8093,.T.);
#8093 = EDGE_CURVE('',#8071,#8024,#8094,.T.);
#8094 = SURFACE_CURVE('',#8095,(#8099,#8105),.PCURVE_S1.);
#8095 = LINE('',#8096,#8097);
#8096 = CARTESIAN_POINT('',(-64.065,23.5,-12.));
#8097 = VECTOR('',#8098,1.);
#8098 = DIRECTION('',(1.,0.,-0.));
#8099 = PCURVE('',#5638,#8100);
#8100 = DEFINITIONAL_REPRESENTATION('',(#8101),#8104);
#8101 = B_SPLINE_CURVE_WITH_KNOTS('',1,(#8102,#8103),.UNSPECIFIED.,.F.,
  .F.,(2,2),(35.815,38.315),.PIECEWISE_BEZIER_KNOTS.);
#8102 = CARTESIAN_POINT('',(0.,1.));
#8103 = CARTESIAN_POINT('',(2.5,1.));
#8104 = ( GEOMETRIC_REPRESENTATION_CONTEXT(2) 
PARAMETRIC_REPRESENTATION_CONTEXT() REPRESENTATION_CONTEXT('2D SPACE',''
  ) );
#8105 = PCURVE('',#4115,#8106);
#8106 = DEFINITIONAL_REPRESENTATION('',(#8107),#8111);
#8107 = LINE('',#8108,#8109);
#8108 = CARTESIAN_POINT('',(41.78,40.815));
#8109 = VECTOR('',#8110,1.);
#8110 = DIRECTION('',(0.,1.));
#8111 = ( GEOMETRIC_REPRESENTATION_CONTEXT(2) 
PARAMETRIC_REPRESENTATION_CONTEXT() REPRESENTATION_CONTEXT('2D SPACE',''
  ) );
#8112 = ORIENTED_EDGE('',*,*,#8045,.T.);
#8113 = ORIENTED_EDGE('',*,*,#5622,.F.);
#8114 = ADVANCED_FACE('',(#8115),#5611,.T.);
#8115 = FACE_BOUND('',#8116,.T.);
#8116 = EDGE_LOOP('',(#8117,#8140,#8160,#8161));
#8117 = ORIENTED_EDGE('',*,*,#8118,.F.);
#8118 = EDGE_CURVE('',#8119,#5567,#8121,.T.);
#8119 = VERTEX_POINT('',#8120);
#8120 = CARTESIAN_POINT('',(-28.25,23.5,32.));
#8121 = SURFACE_CURVE('',#8122,(#8126,#8133),.PCURVE_S1.);
#8122 = LINE('',#8123,#8124);
#8123 = CARTESIAN_POINT('',(-28.25,22.5,32.));
#8124 = VECTOR('',#8125,1.);
#8125 = DIRECTION('',(-0.,1.,0.));
#8126 = PCURVE('',#5611,#8127);
#8127 = DEFINITIONAL_REPRESENTATION('',(#8128),#8132);
#8128 = LINE('',#8129,#8130);
#8129 = CARTESIAN_POINT('',(44.,0.));
#8130 = VECTOR('',#8131,1.);
#8131 = DIRECTION('',(0.,-1.));
#8132 = ( GEOMETRIC_REPRESENTATION_CONTEXT(2) 
PARAMETRIC_REPRESENTATION_CONTEXT() REPRESENTATION_CONTEXT('2D SPACE',''
  ) );
#8133 = PCURVE('',#5584,#8134);
#8134 = DEFINITIONAL_REPRESENTATION('',(#8135),#8139);
#8135 = LINE('',#8136,#8137);
#8136 = CARTESIAN_POINT('',(0.,0.));
#8137 = VECTOR('',#8138,1.);
#8138 = DIRECTION('',(0.,1.));
#8139 = ( GEOMETRIC_REPRESENTATION_CONTEXT(2) 
PARAMETRIC_REPRESENTATION_CONTEXT() REPRESENTATION_CONTEXT('2D SPACE',''
  ) );
#8140 = ORIENTED_EDGE('',*,*,#8141,.T.);
#8141 = EDGE_CURVE('',#8119,#8071,#8142,.T.);
#8142 = SURFACE_CURVE('',#8143,(#8147,#8153),.PCURVE_S1.);
#8143 = LINE('',#8144,#8145);
#8144 = CARTESIAN_POINT('',(-28.25,23.5,-35.39));
#8145 = VECTOR('',#8146,1.);
#8146 = DIRECTION('',(-0.,0.,-1.));
#8147 = PCURVE('',#5611,#8148);
#8148 = DEFINITIONAL_REPRESENTATION('',(#8149),#8152);
#8149 = B_SPLINE_CURVE_WITH_KNOTS('',1,(#8150,#8151),.UNSPECIFIED.,.F.,
  .F.,(2,2),(-67.39,-23.39),.PIECEWISE_BEZIER_KNOTS.);
#8150 = CARTESIAN_POINT('',(44.,-1.));
#8151 = CARTESIAN_POINT('',(0.,-1.));
#8152 = ( GEOMETRIC_REPRESENTATION_CONTEXT(2) 
PARAMETRIC_REPRESENTATION_CONTEXT() REPRESENTATION_CONTEXT('2D SPACE',''
  ) );
#8153 = PCURVE('',#4115,#8154);
#8154 = DEFINITIONAL_REPRESENTATION('',(#8155),#8159);
#8155 = LINE('',#8156,#8157);
#8156 = CARTESIAN_POINT('',(18.39,76.63));
#8157 = VECTOR('',#8158,1.);
#8158 = DIRECTION('',(-1.,0.));
#8159 = ( GEOMETRIC_REPRESENTATION_CONTEXT(2) 
PARAMETRIC_REPRESENTATION_CONTEXT() REPRESENTATION_CONTEXT('2D SPACE',''
  ) );
#8160 = ORIENTED_EDGE('',*,*,#8070,.T.);
#8161 = ORIENTED_EDGE('',*,*,#5595,.F.);
#8162 = ADVANCED_FACE('',(#8163),#5584,.F.);
#8163 = FACE_BOUND('',#8164,.F.);
#8164 = EDGE_LOOP('',(#8165,#8166,#8186,#8187));
#8165 = ORIENTED_EDGE('',*,*,#8118,.F.);
#8166 = ORIENTED_EDGE('',*,*,#8167,.T.);
#8167 = EDGE_CURVE('',#8119,#8001,#8168,.T.);
#8168 = SURFACE_CURVE('',#8169,(#8173,#8179),.PCURVE_S1.);
#8169 = LINE('',#8170,#8171);
#8170 = CARTESIAN_POINT('',(-64.065,23.5,32.));
#8171 = VECTOR('',#8172,1.);
#8172 = DIRECTION('',(1.,0.,-0.));
#8173 = PCURVE('',#5584,#8174);
#8174 = DEFINITIONAL_REPRESENTATION('',(#8175),#8178);
#8175 = B_SPLINE_CURVE_WITH_KNOTS('',1,(#8176,#8177),.UNSPECIFIED.,.F.,
  .F.,(2,2),(35.815,38.315),.PIECEWISE_BEZIER_KNOTS.);
#8176 = CARTESIAN_POINT('',(0.,1.));
#8177 = CARTESIAN_POINT('',(2.5,1.));
#8178 = ( GEOMETRIC_REPRESENTATION_CONTEXT(2) 
PARAMETRIC_REPRESENTATION_CONTEXT() REPRESENTATION_CONTEXT('2D SPACE',''
  ) );
#8179 = PCURVE('',#4115,#8180);
#8180 = DEFINITIONAL_REPRESENTATION('',(#8181),#8185);
#8181 = LINE('',#8182,#8183);
#8182 = CARTESIAN_POINT('',(85.78,40.815));
#8183 = VECTOR('',#8184,1.);
#8184 = DIRECTION('',(0.,1.));
#8185 = ( GEOMETRIC_REPRESENTATION_CONTEXT(2) 
PARAMETRIC_REPRESENTATION_CONTEXT() REPRESENTATION_CONTEXT('2D SPACE',''
  ) );
#8186 = ORIENTED_EDGE('',*,*,#8000,.T.);
#8187 = ORIENTED_EDGE('',*,*,#5566,.F.);
#8188 = ADVANCED_FACE('',(#8189),#5552,.F.);
#8189 = FACE_BOUND('',#8190,.F.);
#8190 = EDGE_LOOP('',(#8191,#8192,#8215,#8242));
#8191 = ORIENTED_EDGE('',*,*,#5535,.F.);
#8192 = ORIENTED_EDGE('',*,*,#8193,.F.);
#8193 = EDGE_CURVE('',#8194,#5536,#8196,.T.);
#8194 = VERTEX_POINT('',#8195);
#8195 = CARTESIAN_POINT('',(-61.57,11.,36.05));
#8196 = SEAM_CURVE('',#8197,(#8201,#8208),.PCURVE_S1.);
#8197 = LINE('',#8198,#8199);
#8198 = CARTESIAN_POINT('',(-61.57,10.,36.05));
#8199 = VECTOR('',#8200,1.);
#8200 = DIRECTION('',(0.,1.,0.));
#8201 = PCURVE('',#5552,#8202);
#8202 = DEFINITIONAL_REPRESENTATION('',(#8203),#8207);
#8203 = LINE('',#8204,#8205);
#8204 = CARTESIAN_POINT('',(6.28318530718,-0.));
#8205 = VECTOR('',#8206,1.);
#8206 = DIRECTION('',(0.,1.));
#8207 = ( GEOMETRIC_REPRESENTATION_CONTEXT(2) 
PARAMETRIC_REPRESENTATION_CONTEXT() REPRESENTATION_CONTEXT('2D SPACE',''
  ) );
#8208 = PCURVE('',#5552,#8209);
#8209 = DEFINITIONAL_REPRESENTATION('',(#8210),#8214);
#8210 = LINE('',#8211,#8212);
#8211 = CARTESIAN_POINT('',(0.,-0.));
#8212 = VECTOR('',#8213,1.);
#8213 = DIRECTION('',(0.,1.));
#8214 = ( GEOMETRIC_REPRESENTATION_CONTEXT(2) 
PARAMETRIC_REPRESENTATION_CONTEXT() REPRESENTATION_CONTEXT('2D SPACE',''
  ) );
#8215 = ORIENTED_EDGE('',*,*,#8216,.T.);
#8216 = EDGE_CURVE('',#8194,#8194,#8217,.T.);
#8217 = SURFACE_CURVE('',#8218,(#8223,#8230),.PCURVE_S1.);
#8218 = CIRCLE('',#8219,2.25);
#8219 = AXIS2_PLACEMENT_3D('',#8220,#8221,#8222);
#8220 = CARTESIAN_POINT('',(-61.57,11.,33.8));
#8221 = DIRECTION('',(0.,1.,0.));
#8222 = DIRECTION('',(0.,-0.,1.));
#8223 = PCURVE('',#5552,#8224);
#8224 = DEFINITIONAL_REPRESENTATION('',(#8225),#8229);
#8225 = LINE('',#8226,#8227);
#8226 = CARTESIAN_POINT('',(0.,1.));
#8227 = VECTOR('',#8228,1.);
#8228 = DIRECTION('',(1.,0.));
#8229 = ( GEOMETRIC_REPRESENTATION_CONTEXT(2) 
PARAMETRIC_REPRESENTATION_CONTEXT() REPRESENTATION_CONTEXT('2D SPACE',''
  ) );
#8230 = PCURVE('',#8231,#8236);
#8231 = PLANE('',#8232);
#8232 = AXIS2_PLACEMENT_3D('',#8233,#8234,#8235);
#8233 = CARTESIAN_POINT('',(-61.57,11.,33.8));
#8234 = DIRECTION('',(0.,1.,0.));
#8235 = DIRECTION('',(0.,-0.,1.));
#8236 = DEFINITIONAL_REPRESENTATION('',(#8237),#8241);
#8237 = CIRCLE('',#8238,2.25);
#8238 = AXIS2_PLACEMENT_2D('',#8239,#8240);
#8239 = CARTESIAN_POINT('',(0.,0.));
#8240 = DIRECTION('',(1.,0.));
#8241 = ( GEOMETRIC_REPRESENTATION_CONTEXT(2) 
PARAMETRIC_REPRESENTATION_CONTEXT() REPRESENTATION_CONTEXT('2D SPACE',''
  ) );
#8242 = ORIENTED_EDGE('',*,*,#8193,.T.);
#8243 = ADVANCED_FACE('',(#8244,#8275),#8231,.F.);
#8244 = FACE_BOUND('',#8245,.F.);
#8245 = EDGE_LOOP('',(#8246));
#8246 = ORIENTED_EDGE('',*,*,#8247,.T.);
#8247 = EDGE_CURVE('',#8248,#8248,#8250,.T.);
#8248 = VERTEX_POINT('',#8249);
#8249 = CARTESIAN_POINT('',(-61.57,11.,37.8));
#8250 = SURFACE_CURVE('',#8251,(#8256,#8263),.PCURVE_S1.);
#8251 = CIRCLE('',#8252,4.);
#8252 = AXIS2_PLACEMENT_3D('',#8253,#8254,#8255);
#8253 = CARTESIAN_POINT('',(-61.57,11.,33.8));
#8254 = DIRECTION('',(0.,1.,0.));
#8255 = DIRECTION('',(0.,-0.,1.));
#8256 = PCURVE('',#8231,#8257);
#8257 = DEFINITIONAL_REPRESENTATION('',(#8258),#8262);
#8258 = CIRCLE('',#8259,4.);
#8259 = AXIS2_PLACEMENT_2D('',#8260,#8261);
#8260 = CARTESIAN_POINT('',(0.,0.));
#8261 = DIRECTION('',(1.,0.));
#8262 = ( GEOMETRIC_REPRESENTATION_CONTEXT(2) 
PARAMETRIC_REPRESENTATION_CONTEXT() REPRESENTATION_CONTEXT('2D SPACE',''
  ) );
#8263 = PCURVE('',#8264,#8269);
#8264 = CYLINDRICAL_SURFACE('',#8265,4.);
#8265 = AXIS2_PLACEMENT_3D('',#8266,#8267,#8268);
#8266 = CARTESIAN_POINT('',(-61.57,11.,33.8));
#8267 = DIRECTION('',(0.,1.,0.));
#8268 = DIRECTION('',(0.,-0.,1.));
#8269 = DEFINITIONAL_REPRESENTATION('',(#8270),#8274);
#8270 = LINE('',#8271,#8272);
#8271 = CARTESIAN_POINT('',(0.,0.));
#8272 = VECTOR('',#8273,1.);
#8273 = DIRECTION('',(1.,0.));
#8274 = ( GEOMETRIC_REPRESENTATION_CONTEXT(2) 
PARAMETRIC_REPRESENTATION_CONTEXT() REPRESENTATION_CONTEXT('2D SPACE',''
  ) );
#8275 = FACE_BOUND('',#8276,.F.);
#8276 = EDGE_LOOP('',(#8277));
#8277 = ORIENTED_EDGE('',*,*,#8216,.F.);
#8278 = ADVANCED_FACE('',(#8279),#8264,.T.);
#8279 = FACE_BOUND('',#8280,.T.);
#8280 = EDGE_LOOP('',(#8281,#8305,#8326,#8327));
#8281 = ORIENTED_EDGE('',*,*,#8282,.F.);
#8282 = EDGE_CURVE('',#8283,#8283,#8285,.T.);
#8283 = VERTEX_POINT('',#8284);
#8284 = CARTESIAN_POINT('',(-61.57,23.5,37.8));
#8285 = SURFACE_CURVE('',#8286,(#8291,#8298),.PCURVE_S1.);
#8286 = CIRCLE('',#8287,4.);
#8287 = AXIS2_PLACEMENT_3D('',#8288,#8289,#8290);
#8288 = CARTESIAN_POINT('',(-61.57,23.5,33.8));
#8289 = DIRECTION('',(0.,1.,0.));
#8290 = DIRECTION('',(0.,-0.,1.));
#8291 = PCURVE('',#8264,#8292);
#8292 = DEFINITIONAL_REPRESENTATION('',(#8293),#8297);
#8293 = LINE('',#8294,#8295);
#8294 = CARTESIAN_POINT('',(0.,12.5));
#8295 = VECTOR('',#8296,1.);
#8296 = DIRECTION('',(1.,0.));
#8297 = ( GEOMETRIC_REPRESENTATION_CONTEXT(2) 
PARAMETRIC_REPRESENTATION_CONTEXT() REPRESENTATION_CONTEXT('2D SPACE',''
  ) );
#8298 = PCURVE('',#4115,#8299);
#8299 = DEFINITIONAL_REPRESENTATION('',(#8300),#8304);
#8300 = CIRCLE('',#8301,4.);
#8301 = AXIS2_PLACEMENT_2D('',#8302,#8303);
#8302 = CARTESIAN_POINT('',(87.58,43.31));
#8303 = DIRECTION('',(1.,0.));
#8304 = ( GEOMETRIC_REPRESENTATION_CONTEXT(2) 
PARAMETRIC_REPRESENTATION_CONTEXT() REPRESENTATION_CONTEXT('2D SPACE',''
  ) );
#8305 = ORIENTED_EDGE('',*,*,#8306,.F.);
#8306 = EDGE_CURVE('',#8248,#8283,#8307,.T.);
#8307 = SEAM_CURVE('',#8308,(#8312,#8319),.PCURVE_S1.);
#8308 = LINE('',#8309,#8310);
#8309 = CARTESIAN_POINT('',(-61.57,11.,37.8));
#8310 = VECTOR('',#8311,1.);
#8311 = DIRECTION('',(0.,1.,0.));
#8312 = PCURVE('',#8264,#8313);
#8313 = DEFINITIONAL_REPRESENTATION('',(#8314),#8318);
#8314 = LINE('',#8315,#8316);
#8315 = CARTESIAN_POINT('',(6.28318530718,-0.));
#8316 = VECTOR('',#8317,1.);
#8317 = DIRECTION('',(0.,1.));
#8318 = ( GEOMETRIC_REPRESENTATION_CONTEXT(2) 
PARAMETRIC_REPRESENTATION_CONTEXT() REPRESENTATION_CONTEXT('2D SPACE',''
  ) );
#8319 = PCURVE('',#8264,#8320);
#8320 = DEFINITIONAL_REPRESENTATION('',(#8321),#8325);
#8321 = LINE('',#8322,#8323);
#8322 = CARTESIAN_POINT('',(0.,-0.));
#8323 = VECTOR('',#8324,1.);
#8324 = DIRECTION('',(0.,1.));
#8325 = ( GEOMETRIC_REPRESENTATION_CONTEXT(2) 
PARAMETRIC_REPRESENTATION_CONTEXT() REPRESENTATION_CONTEXT('2D SPACE',''
  ) );
#8326 = ORIENTED_EDGE('',*,*,#8247,.T.);
#8327 = ORIENTED_EDGE('',*,*,#8306,.T.);
#8328 = ADVANCED_FACE('',(#8329),#5522,.F.);
#8329 = FACE_BOUND('',#8330,.F.);
#8330 = EDGE_LOOP('',(#8331,#8354,#8376,#8397));
#8331 = ORIENTED_EDGE('',*,*,#8332,.F.);
#8332 = EDGE_CURVE('',#8333,#5428,#8335,.T.);
#8333 = VERTEX_POINT('',#8334);
#8334 = CARTESIAN_POINT('',(-30.75,23.5,32.));
#8335 = SURFACE_CURVE('',#8336,(#8340,#8347),.PCURVE_S1.);
#8336 = LINE('',#8337,#8338);
#8337 = CARTESIAN_POINT('',(-30.75,22.5,32.));
#8338 = VECTOR('',#8339,1.);
#8339 = DIRECTION('',(-0.,1.,0.));
#8340 = PCURVE('',#5522,#8341);
#8341 = DEFINITIONAL_REPRESENTATION('',(#8342),#8346);
#8342 = LINE('',#8343,#8344);
#8343 = CARTESIAN_POINT('',(44.,0.));
#8344 = VECTOR('',#8345,1.);
#8345 = DIRECTION('',(0.,-1.));
#8346 = ( GEOMETRIC_REPRESENTATION_CONTEXT(2) 
PARAMETRIC_REPRESENTATION_CONTEXT() REPRESENTATION_CONTEXT('2D SPACE',''
  ) );
#8347 = PCURVE('',#5443,#8348);
#8348 = DEFINITIONAL_REPRESENTATION('',(#8349),#8353);
#8349 = LINE('',#8350,#8351);
#8350 = CARTESIAN_POINT('',(2.5,0.));
#8351 = VECTOR('',#8352,1.);
#8352 = DIRECTION('',(0.,1.));
#8353 = ( GEOMETRIC_REPRESENTATION_CONTEXT(2) 
PARAMETRIC_REPRESENTATION_CONTEXT() REPRESENTATION_CONTEXT('2D SPACE',''
  ) );
#8354 = ORIENTED_EDGE('',*,*,#8355,.T.);
#8355 = EDGE_CURVE('',#8333,#8356,#8358,.T.);
#8356 = VERTEX_POINT('',#8357);
#8357 = CARTESIAN_POINT('',(-30.75,23.5,-12.));
#8358 = SURFACE_CURVE('',#8359,(#8363,#8369),.PCURVE_S1.);
#8359 = LINE('',#8360,#8361);
#8360 = CARTESIAN_POINT('',(-30.75,23.5,-35.39));
#8361 = VECTOR('',#8362,1.);
#8362 = DIRECTION('',(-0.,0.,-1.));
#8363 = PCURVE('',#5522,#8364);
#8364 = DEFINITIONAL_REPRESENTATION('',(#8365),#8368);
#8365 = B_SPLINE_CURVE_WITH_KNOTS('',1,(#8366,#8367),.UNSPECIFIED.,.F.,
  .F.,(2,2),(-67.39,-23.39),.PIECEWISE_BEZIER_KNOTS.);
#8366 = CARTESIAN_POINT('',(44.,-1.));
#8367 = CARTESIAN_POINT('',(0.,-1.));
#8368 = ( GEOMETRIC_REPRESENTATION_CONTEXT(2) 
PARAMETRIC_REPRESENTATION_CONTEXT() REPRESENTATION_CONTEXT('2D SPACE',''
  ) );
#8369 = PCURVE('',#4115,#8370);
#8370 = DEFINITIONAL_REPRESENTATION('',(#8371),#8375);
#8371 = LINE('',#8372,#8373);
#8372 = CARTESIAN_POINT('',(18.39,74.13));
#8373 = VECTOR('',#8374,1.);
#8374 = DIRECTION('',(-1.,0.));
#8375 = ( GEOMETRIC_REPRESENTATION_CONTEXT(2) 
PARAMETRIC_REPRESENTATION_CONTEXT() REPRESENTATION_CONTEXT('2D SPACE',''
  ) );
#8376 = ORIENTED_EDGE('',*,*,#8377,.T.);
#8377 = EDGE_CURVE('',#8356,#5482,#8378,.T.);
#8378 = SURFACE_CURVE('',#8379,(#8383,#8390),.PCURVE_S1.);
#8379 = LINE('',#8380,#8381);
#8380 = CARTESIAN_POINT('',(-30.75,22.5,-12.));
#8381 = VECTOR('',#8382,1.);
#8382 = DIRECTION('',(-0.,1.,0.));
#8383 = PCURVE('',#5522,#8384);
#8384 = DEFINITIONAL_REPRESENTATION('',(#8385),#8389);
#8385 = LINE('',#8386,#8387);
#8386 = CARTESIAN_POINT('',(0.,0.));
#8387 = VECTOR('',#8388,1.);
#8388 = DIRECTION('',(0.,-1.));
#8389 = ( GEOMETRIC_REPRESENTATION_CONTEXT(2) 
PARAMETRIC_REPRESENTATION_CONTEXT() REPRESENTATION_CONTEXT('2D SPACE',''
  ) );
#8390 = PCURVE('',#5497,#8391);
#8391 = DEFINITIONAL_REPRESENTATION('',(#8392),#8396);
#8392 = LINE('',#8393,#8394);
#8393 = CARTESIAN_POINT('',(2.5,0.));
#8394 = VECTOR('',#8395,1.);
#8395 = DIRECTION('',(0.,1.));
#8396 = ( GEOMETRIC_REPRESENTATION_CONTEXT(2) 
PARAMETRIC_REPRESENTATION_CONTEXT() REPRESENTATION_CONTEXT('2D SPACE',''
  ) );
#8397 = ORIENTED_EDGE('',*,*,#5508,.F.);
#8398 = ADVANCED_FACE('',(#8399),#5497,.T.);
#8399 = FACE_BOUND('',#8400,.T.);
#8400 = EDGE_LOOP('',(#8401,#8424,#8444,#8445));
#8401 = ORIENTED_EDGE('',*,*,#8402,.F.);
#8402 = EDGE_CURVE('',#8403,#5455,#8405,.T.);
#8403 = VERTEX_POINT('',#8404);
#8404 = CARTESIAN_POINT('',(-33.25,23.5,-12.));
#8405 = SURFACE_CURVE('',#8406,(#8410,#8417),.PCURVE_S1.);
#8406 = LINE('',#8407,#8408);
#8407 = CARTESIAN_POINT('',(-33.25,22.5,-12.));
#8408 = VECTOR('',#8409,1.);
#8409 = DIRECTION('',(-0.,1.,0.));
#8410 = PCURVE('',#5497,#8411);
#8411 = DEFINITIONAL_REPRESENTATION('',(#8412),#8416);
#8412 = LINE('',#8413,#8414);
#8413 = CARTESIAN_POINT('',(0.,0.));
#8414 = VECTOR('',#8415,1.);
#8415 = DIRECTION('',(0.,1.));
#8416 = ( GEOMETRIC_REPRESENTATION_CONTEXT(2) 
PARAMETRIC_REPRESENTATION_CONTEXT() REPRESENTATION_CONTEXT('2D SPACE',''
  ) );
#8417 = PCURVE('',#5470,#8418);
#8418 = DEFINITIONAL_REPRESENTATION('',(#8419),#8423);
#8419 = LINE('',#8420,#8421);
#8420 = CARTESIAN_POINT('',(0.,0.));
#8421 = VECTOR('',#8422,1.);
#8422 = DIRECTION('',(0.,-1.));
#8423 = ( GEOMETRIC_REPRESENTATION_CONTEXT(2) 
PARAMETRIC_REPRESENTATION_CONTEXT() REPRESENTATION_CONTEXT('2D SPACE',''
  ) );
#8424 = ORIENTED_EDGE('',*,*,#8425,.T.);
#8425 = EDGE_CURVE('',#8403,#8356,#8426,.T.);
#8426 = SURFACE_CURVE('',#8427,(#8431,#8437),.PCURVE_S1.);
#8427 = LINE('',#8428,#8429);
#8428 = CARTESIAN_POINT('',(-66.565,23.5,-12.));
#8429 = VECTOR('',#8430,1.);
#8430 = DIRECTION('',(1.,0.,-0.));
#8431 = PCURVE('',#5497,#8432);
#8432 = DEFINITIONAL_REPRESENTATION('',(#8433),#8436);
#8433 = B_SPLINE_CURVE_WITH_KNOTS('',1,(#8434,#8435),.UNSPECIFIED.,.F.,
  .F.,(2,2),(33.315,35.815),.PIECEWISE_BEZIER_KNOTS.);
#8434 = CARTESIAN_POINT('',(0.,1.));
#8435 = CARTESIAN_POINT('',(2.5,1.));
#8436 = ( GEOMETRIC_REPRESENTATION_CONTEXT(2) 
PARAMETRIC_REPRESENTATION_CONTEXT() REPRESENTATION_CONTEXT('2D SPACE',''
  ) );
#8437 = PCURVE('',#4115,#8438);
#8438 = DEFINITIONAL_REPRESENTATION('',(#8439),#8443);
#8439 = LINE('',#8440,#8441);
#8440 = CARTESIAN_POINT('',(41.78,38.315));
#8441 = VECTOR('',#8442,1.);
#8442 = DIRECTION('',(0.,1.));
#8443 = ( GEOMETRIC_REPRESENTATION_CONTEXT(2) 
PARAMETRIC_REPRESENTATION_CONTEXT() REPRESENTATION_CONTEXT('2D SPACE',''
  ) );
#8444 = ORIENTED_EDGE('',*,*,#8377,.T.);
#8445 = ORIENTED_EDGE('',*,*,#5481,.F.);
#8446 = ADVANCED_FACE('',(#8447),#5470,.T.);
#8447 = FACE_BOUND('',#8448,.T.);
#8448 = EDGE_LOOP('',(#8449,#8472,#8492,#8493));
#8449 = ORIENTED_EDGE('',*,*,#8450,.F.);
#8450 = EDGE_CURVE('',#8451,#5426,#8453,.T.);
#8451 = VERTEX_POINT('',#8452);
#8452 = CARTESIAN_POINT('',(-33.25,23.5,32.));
#8453 = SURFACE_CURVE('',#8454,(#8458,#8465),.PCURVE_S1.);
#8454 = LINE('',#8455,#8456);
#8455 = CARTESIAN_POINT('',(-33.25,22.5,32.));
#8456 = VECTOR('',#8457,1.);
#8457 = DIRECTION('',(-0.,1.,0.));
#8458 = PCURVE('',#5470,#8459);
#8459 = DEFINITIONAL_REPRESENTATION('',(#8460),#8464);
#8460 = LINE('',#8461,#8462);
#8461 = CARTESIAN_POINT('',(44.,0.));
#8462 = VECTOR('',#8463,1.);
#8463 = DIRECTION('',(0.,-1.));
#8464 = ( GEOMETRIC_REPRESENTATION_CONTEXT(2) 
PARAMETRIC_REPRESENTATION_CONTEXT() REPRESENTATION_CONTEXT('2D SPACE',''
  ) );
#8465 = PCURVE('',#5443,#8466);
#8466 = DEFINITIONAL_REPRESENTATION('',(#8467),#8471);
#8467 = LINE('',#8468,#8469);
#8468 = CARTESIAN_POINT('',(0.,0.));
#8469 = VECTOR('',#8470,1.);
#8470 = DIRECTION('',(0.,1.));
#8471 = ( GEOMETRIC_REPRESENTATION_CONTEXT(2) 
PARAMETRIC_REPRESENTATION_CONTEXT() REPRESENTATION_CONTEXT('2D SPACE',''
  ) );
#8472 = ORIENTED_EDGE('',*,*,#8473,.T.);
#8473 = EDGE_CURVE('',#8451,#8403,#8474,.T.);
#8474 = SURFACE_CURVE('',#8475,(#8479,#8485),.PCURVE_S1.);
#8475 = LINE('',#8476,#8477);
#8476 = CARTESIAN_POINT('',(-33.25,23.5,-35.39));
#8477 = VECTOR('',#8478,1.);
#8478 = DIRECTION('',(-0.,0.,-1.));
#8479 = PCURVE('',#5470,#8480);
#8480 = DEFINITIONAL_REPRESENTATION('',(#8481),#8484);
#8481 = B_SPLINE_CURVE_WITH_KNOTS('',1,(#8482,#8483),.UNSPECIFIED.,.F.,
  .F.,(2,2),(-67.39,-23.39),.PIECEWISE_BEZIER_KNOTS.);
#8482 = CARTESIAN_POINT('',(44.,-1.));
#8483 = CARTESIAN_POINT('',(0.,-1.));
#8484 = ( GEOMETRIC_REPRESENTATION_CONTEXT(2) 
PARAMETRIC_REPRESENTATION_CONTEXT() REPRESENTATION_CONTEXT('2D SPACE',''
  ) );
#8485 = PCURVE('',#4115,#8486);
#8486 = DEFINITIONAL_REPRESENTATION('',(#8487),#8491);
#8487 = LINE('',#8488,#8489);
#8488 = CARTESIAN_POINT('',(18.39,71.63));
#8489 = VECTOR('',#8490,1.);
#8490 = DIRECTION('',(-1.,0.));
#8491 = ( GEOMETRIC_REPRESENTATION_CONTEXT(2) 
PARAMETRIC_REPRESENTATION_CONTEXT() REPRESENTATION_CONTEXT('2D SPACE',''
  ) );
#8492 = ORIENTED_EDGE('',*,*,#8402,.T.);
#8493 = ORIENTED_EDGE('',*,*,#5454,.F.);
#8494 = ADVANCED_FACE('',(#8495),#5443,.F.);
#8495 = FACE_BOUND('',#8496,.F.);
#8496 = EDGE_LOOP('',(#8497,#8498,#8518,#8519));
#8497 = ORIENTED_EDGE('',*,*,#8450,.F.);
#8498 = ORIENTED_EDGE('',*,*,#8499,.T.);
#8499 = EDGE_CURVE('',#8451,#8333,#8500,.T.);
#8500 = SURFACE_CURVE('',#8501,(#8505,#8511),.PCURVE_S1.);
#8501 = LINE('',#8502,#8503);
#8502 = CARTESIAN_POINT('',(-66.565,23.5,32.));
#8503 = VECTOR('',#8504,1.);
#8504 = DIRECTION('',(1.,0.,-0.));
#8505 = PCURVE('',#5443,#8506);
#8506 = DEFINITIONAL_REPRESENTATION('',(#8507),#8510);
#8507 = B_SPLINE_CURVE_WITH_KNOTS('',1,(#8508,#8509),.UNSPECIFIED.,.F.,
  .F.,(2,2),(33.315,35.815),.PIECEWISE_BEZIER_KNOTS.);
#8508 = CARTESIAN_POINT('',(0.,1.));
#8509 = CARTESIAN_POINT('',(2.5,1.));
#8510 = ( GEOMETRIC_REPRESENTATION_CONTEXT(2) 
PARAMETRIC_REPRESENTATION_CONTEXT() REPRESENTATION_CONTEXT('2D SPACE',''
  ) );
#8511 = PCURVE('',#4115,#8512);
#8512 = DEFINITIONAL_REPRESENTATION('',(#8513),#8517);
#8513 = LINE('',#8514,#8515);
#8514 = CARTESIAN_POINT('',(85.78,38.315));
#8515 = VECTOR('',#8516,1.);
#8516 = DIRECTION('',(0.,1.));
#8517 = ( GEOMETRIC_REPRESENTATION_CONTEXT(2) 
PARAMETRIC_REPRESENTATION_CONTEXT() REPRESENTATION_CONTEXT('2D SPACE',''
  ) );
#8518 = ORIENTED_EDGE('',*,*,#8332,.T.);
#8519 = ORIENTED_EDGE('',*,*,#5425,.F.);
#8520 = ADVANCED_FACE('',(#8521),#5412,.F.);
#8521 = FACE_BOUND('',#8522,.F.);
#8522 = EDGE_LOOP('',(#8523,#8546,#8568,#8589));
#8523 = ORIENTED_EDGE('',*,*,#8524,.F.);
#8524 = EDGE_CURVE('',#8525,#5318,#8527,.T.);
#8525 = VERTEX_POINT('',#8526);
#8526 = CARTESIAN_POINT('',(-35.75,23.5,32.));
#8527 = SURFACE_CURVE('',#8528,(#8532,#8539),.PCURVE_S1.);
#8528 = LINE('',#8529,#8530);
#8529 = CARTESIAN_POINT('',(-35.75,22.5,32.));
#8530 = VECTOR('',#8531,1.);
#8531 = DIRECTION('',(-0.,1.,0.));
#8532 = PCURVE('',#5412,#8533);
#8533 = DEFINITIONAL_REPRESENTATION('',(#8534),#8538);
#8534 = LINE('',#8535,#8536);
#8535 = CARTESIAN_POINT('',(44.,0.));
#8536 = VECTOR('',#8537,1.);
#8537 = DIRECTION('',(0.,-1.));
#8538 = ( GEOMETRIC_REPRESENTATION_CONTEXT(2) 
PARAMETRIC_REPRESENTATION_CONTEXT() REPRESENTATION_CONTEXT('2D SPACE',''
  ) );
#8539 = PCURVE('',#5333,#8540);
#8540 = DEFINITIONAL_REPRESENTATION('',(#8541),#8545);
#8541 = LINE('',#8542,#8543);
#8542 = CARTESIAN_POINT('',(2.5,0.));
#8543 = VECTOR('',#8544,1.);
#8544 = DIRECTION('',(0.,1.));
#8545 = ( GEOMETRIC_REPRESENTATION_CONTEXT(2) 
PARAMETRIC_REPRESENTATION_CONTEXT() REPRESENTATION_CONTEXT('2D SPACE',''
  ) );
#8546 = ORIENTED_EDGE('',*,*,#8547,.T.);
#8547 = EDGE_CURVE('',#8525,#8548,#8550,.T.);
#8548 = VERTEX_POINT('',#8549);
#8549 = CARTESIAN_POINT('',(-35.75,23.5,-12.));
#8550 = SURFACE_CURVE('',#8551,(#8555,#8561),.PCURVE_S1.);
#8551 = LINE('',#8552,#8553);
#8552 = CARTESIAN_POINT('',(-35.75,23.5,-35.39));
#8553 = VECTOR('',#8554,1.);
#8554 = DIRECTION('',(-0.,0.,-1.));
#8555 = PCURVE('',#5412,#8556);
#8556 = DEFINITIONAL_REPRESENTATION('',(#8557),#8560);
#8557 = B_SPLINE_CURVE_WITH_KNOTS('',1,(#8558,#8559),.UNSPECIFIED.,.F.,
  .F.,(2,2),(-67.39,-23.39),.PIECEWISE_BEZIER_KNOTS.);
#8558 = CARTESIAN_POINT('',(44.,-1.));
#8559 = CARTESIAN_POINT('',(0.,-1.));
#8560 = ( GEOMETRIC_REPRESENTATION_CONTEXT(2) 
PARAMETRIC_REPRESENTATION_CONTEXT() REPRESENTATION_CONTEXT('2D SPACE',''
  ) );
#8561 = PCURVE('',#4115,#8562);
#8562 = DEFINITIONAL_REPRESENTATION('',(#8563),#8567);
#8563 = LINE('',#8564,#8565);
#8564 = CARTESIAN_POINT('',(18.39,69.13));
#8565 = VECTOR('',#8566,1.);
#8566 = DIRECTION('',(-1.,0.));
#8567 = ( GEOMETRIC_REPRESENTATION_CONTEXT(2) 
PARAMETRIC_REPRESENTATION_CONTEXT() REPRESENTATION_CONTEXT('2D SPACE',''
  ) );
#8568 = ORIENTED_EDGE('',*,*,#8569,.T.);
#8569 = EDGE_CURVE('',#8548,#5372,#8570,.T.);
#8570 = SURFACE_CURVE('',#8571,(#8575,#8582),.PCURVE_S1.);
#8571 = LINE('',#8572,#8573);
#8572 = CARTESIAN_POINT('',(-35.75,22.5,-12.));
#8573 = VECTOR('',#8574,1.);
#8574 = DIRECTION('',(-0.,1.,0.));
#8575 = PCURVE('',#5412,#8576);
#8576 = DEFINITIONAL_REPRESENTATION('',(#8577),#8581);
#8577 = LINE('',#8578,#8579);
#8578 = CARTESIAN_POINT('',(0.,0.));
#8579 = VECTOR('',#8580,1.);
#8580 = DIRECTION('',(0.,-1.));
#8581 = ( GEOMETRIC_REPRESENTATION_CONTEXT(2) 
PARAMETRIC_REPRESENTATION_CONTEXT() REPRESENTATION_CONTEXT('2D SPACE',''
  ) );
#8582 = PCURVE('',#5387,#8583);
#8583 = DEFINITIONAL_REPRESENTATION('',(#8584),#8588);
#8584 = LINE('',#8585,#8586);
#8585 = CARTESIAN_POINT('',(2.5,0.));
#8586 = VECTOR('',#8587,1.);
#8587 = DIRECTION('',(0.,1.));
#8588 = ( GEOMETRIC_REPRESENTATION_CONTEXT(2) 
PARAMETRIC_REPRESENTATION_CONTEXT() REPRESENTATION_CONTEXT('2D SPACE',''
  ) );
#8589 = ORIENTED_EDGE('',*,*,#5398,.F.);
#8590 = ADVANCED_FACE('',(#8591),#5387,.T.);
#8591 = FACE_BOUND('',#8592,.T.);
#8592 = EDGE_LOOP('',(#8593,#8616,#8636,#8637));
#8593 = ORIENTED_EDGE('',*,*,#8594,.F.);
#8594 = EDGE_CURVE('',#8595,#5345,#8597,.T.);
#8595 = VERTEX_POINT('',#8596);
#8596 = CARTESIAN_POINT('',(-38.25,23.5,-12.));
#8597 = SURFACE_CURVE('',#8598,(#8602,#8609),.PCURVE_S1.);
#8598 = LINE('',#8599,#8600);
#8599 = CARTESIAN_POINT('',(-38.25,22.5,-12.));
#8600 = VECTOR('',#8601,1.);
#8601 = DIRECTION('',(-0.,1.,0.));
#8602 = PCURVE('',#5387,#8603);
#8603 = DEFINITIONAL_REPRESENTATION('',(#8604),#8608);
#8604 = LINE('',#8605,#8606);
#8605 = CARTESIAN_POINT('',(0.,0.));
#8606 = VECTOR('',#8607,1.);
#8607 = DIRECTION('',(0.,1.));
#8608 = ( GEOMETRIC_REPRESENTATION_CONTEXT(2) 
PARAMETRIC_REPRESENTATION_CONTEXT() REPRESENTATION_CONTEXT('2D SPACE',''
  ) );
#8609 = PCURVE('',#5360,#8610);
#8610 = DEFINITIONAL_REPRESENTATION('',(#8611),#8615);
#8611 = LINE('',#8612,#8613);
#8612 = CARTESIAN_POINT('',(0.,0.));
#8613 = VECTOR('',#8614,1.);
#8614 = DIRECTION('',(0.,-1.));
#8615 = ( GEOMETRIC_REPRESENTATION_CONTEXT(2) 
PARAMETRIC_REPRESENTATION_CONTEXT() REPRESENTATION_CONTEXT('2D SPACE',''
  ) );
#8616 = ORIENTED_EDGE('',*,*,#8617,.T.);
#8617 = EDGE_CURVE('',#8595,#8548,#8618,.T.);
#8618 = SURFACE_CURVE('',#8619,(#8623,#8629),.PCURVE_S1.);
#8619 = LINE('',#8620,#8621);
#8620 = CARTESIAN_POINT('',(-69.065,23.5,-12.));
#8621 = VECTOR('',#8622,1.);
#8622 = DIRECTION('',(1.,0.,-0.));
#8623 = PCURVE('',#5387,#8624);
#8624 = DEFINITIONAL_REPRESENTATION('',(#8625),#8628);
#8625 = B_SPLINE_CURVE_WITH_KNOTS('',1,(#8626,#8627),.UNSPECIFIED.,.F.,
  .F.,(2,2),(30.815,33.315),.PIECEWISE_BEZIER_KNOTS.);
#8626 = CARTESIAN_POINT('',(0.,1.));
#8627 = CARTESIAN_POINT('',(2.5,1.));
#8628 = ( GEOMETRIC_REPRESENTATION_CONTEXT(2) 
PARAMETRIC_REPRESENTATION_CONTEXT() REPRESENTATION_CONTEXT('2D SPACE',''
  ) );
#8629 = PCURVE('',#4115,#8630);
#8630 = DEFINITIONAL_REPRESENTATION('',(#8631),#8635);
#8631 = LINE('',#8632,#8633);
#8632 = CARTESIAN_POINT('',(41.78,35.815));
#8633 = VECTOR('',#8634,1.);
#8634 = DIRECTION('',(0.,1.));
#8635 = ( GEOMETRIC_REPRESENTATION_CONTEXT(2) 
PARAMETRIC_REPRESENTATION_CONTEXT() REPRESENTATION_CONTEXT('2D SPACE',''
  ) );
#8636 = ORIENTED_EDGE('',*,*,#8569,.T.);
#8637 = ORIENTED_EDGE('',*,*,#5371,.F.);
#8638 = ADVANCED_FACE('',(#8639),#5360,.T.);
#8639 = FACE_BOUND('',#8640,.T.);
#8640 = EDGE_LOOP('',(#8641,#8664,#8684,#8685));
#8641 = ORIENTED_EDGE('',*,*,#8642,.F.);
#8642 = EDGE_CURVE('',#8643,#5316,#8645,.T.);
#8643 = VERTEX_POINT('',#8644);
#8644 = CARTESIAN_POINT('',(-38.25,23.5,32.));
#8645 = SURFACE_CURVE('',#8646,(#8650,#8657),.PCURVE_S1.);
#8646 = LINE('',#8647,#8648);
#8647 = CARTESIAN_POINT('',(-38.25,22.5,32.));
#8648 = VECTOR('',#8649,1.);
#8649 = DIRECTION('',(-0.,1.,0.));
#8650 = PCURVE('',#5360,#8651);
#8651 = DEFINITIONAL_REPRESENTATION('',(#8652),#8656);
#8652 = LINE('',#8653,#8654);
#8653 = CARTESIAN_POINT('',(44.,0.));
#8654 = VECTOR('',#8655,1.);
#8655 = DIRECTION('',(0.,-1.));
#8656 = ( GEOMETRIC_REPRESENTATION_CONTEXT(2) 
PARAMETRIC_REPRESENTATION_CONTEXT() REPRESENTATION_CONTEXT('2D SPACE',''
  ) );
#8657 = PCURVE('',#5333,#8658);
#8658 = DEFINITIONAL_REPRESENTATION('',(#8659),#8663);
#8659 = LINE('',#8660,#8661);
#8660 = CARTESIAN_POINT('',(0.,0.));
#8661 = VECTOR('',#8662,1.);
#8662 = DIRECTION('',(0.,1.));
#8663 = ( GEOMETRIC_REPRESENTATION_CONTEXT(2) 
PARAMETRIC_REPRESENTATION_CONTEXT() REPRESENTATION_CONTEXT('2D SPACE',''
  ) );
#8664 = ORIENTED_EDGE('',*,*,#8665,.T.);
#8665 = EDGE_CURVE('',#8643,#8595,#8666,.T.);
#8666 = SURFACE_CURVE('',#8667,(#8671,#8677),.PCURVE_S1.);
#8667 = LINE('',#8668,#8669);
#8668 = CARTESIAN_POINT('',(-38.25,23.5,-35.39));
#8669 = VECTOR('',#8670,1.);
#8670 = DIRECTION('',(-0.,0.,-1.));
#8671 = PCURVE('',#5360,#8672);
#8672 = DEFINITIONAL_REPRESENTATION('',(#8673),#8676);
#8673 = B_SPLINE_CURVE_WITH_KNOTS('',1,(#8674,#8675),.UNSPECIFIED.,.F.,
  .F.,(2,2),(-67.39,-23.39),.PIECEWISE_BEZIER_KNOTS.);
#8674 = CARTESIAN_POINT('',(44.,-1.));
#8675 = CARTESIAN_POINT('',(0.,-1.));
#8676 = ( GEOMETRIC_REPRESENTATION_CONTEXT(2) 
PARAMETRIC_REPRESENTATION_CONTEXT() REPRESENTATION_CONTEXT('2D SPACE',''
  ) );
#8677 = PCURVE('',#4115,#8678);
#8678 = DEFINITIONAL_REPRESENTATION('',(#8679),#8683);
#8679 = LINE('',#8680,#8681);
#8680 = CARTESIAN_POINT('',(18.39,66.63));
#8681 = VECTOR('',#8682,1.);
#8682 = DIRECTION('',(-1.,0.));
#8683 = ( GEOMETRIC_REPRESENTATION_CONTEXT(2) 
PARAMETRIC_REPRESENTATION_CONTEXT() REPRESENTATION_CONTEXT('2D SPACE',''
  ) );
#8684 = ORIENTED_EDGE('',*,*,#8594,.T.);
#8685 = ORIENTED_EDGE('',*,*,#5344,.F.);
#8686 = ADVANCED_FACE('',(#8687),#5333,.F.);
#8687 = FACE_BOUND('',#8688,.F.);
#8688 = EDGE_LOOP('',(#8689,#8690,#8710,#8711));
#8689 = ORIENTED_EDGE('',*,*,#8642,.F.);
#8690 = ORIENTED_EDGE('',*,*,#8691,.T.);
#8691 = EDGE_CURVE('',#8643,#8525,#8692,.T.);
#8692 = SURFACE_CURVE('',#8693,(#8697,#8703),.PCURVE_S1.);
#8693 = LINE('',#8694,#8695);
#8694 = CARTESIAN_POINT('',(-69.065,23.5,32.));
#8695 = VECTOR('',#8696,1.);
#8696 = DIRECTION('',(1.,0.,-0.));
#8697 = PCURVE('',#5333,#8698);
#8698 = DEFINITIONAL_REPRESENTATION('',(#8699),#8702);
#8699 = B_SPLINE_CURVE_WITH_KNOTS('',1,(#8700,#8701),.UNSPECIFIED.,.F.,
  .F.,(2,2),(30.815,33.315),.PIECEWISE_BEZIER_KNOTS.);
#8700 = CARTESIAN_POINT('',(0.,1.));
#8701 = CARTESIAN_POINT('',(2.5,1.));
#8702 = ( GEOMETRIC_REPRESENTATION_CONTEXT(2) 
PARAMETRIC_REPRESENTATION_CONTEXT() REPRESENTATION_CONTEXT('2D SPACE',''
  ) );
#8703 = PCURVE('',#4115,#8704);
#8704 = DEFINITIONAL_REPRESENTATION('',(#8705),#8709);
#8705 = LINE('',#8706,#8707);
#8706 = CARTESIAN_POINT('',(85.78,35.815));
#8707 = VECTOR('',#8708,1.);
#8708 = DIRECTION('',(0.,1.));
#8709 = ( GEOMETRIC_REPRESENTATION_CONTEXT(2) 
PARAMETRIC_REPRESENTATION_CONTEXT() REPRESENTATION_CONTEXT('2D SPACE',''
  ) );
#8710 = ORIENTED_EDGE('',*,*,#8524,.T.);
#8711 = ORIENTED_EDGE('',*,*,#5315,.F.);
#8712 = ADVANCED_FACE('',(#8713),#5302,.F.);
#8713 = FACE_BOUND('',#8714,.F.);
#8714 = EDGE_LOOP('',(#8715,#8738,#8760,#8781));
#8715 = ORIENTED_EDGE('',*,*,#8716,.F.);
#8716 = EDGE_CURVE('',#8717,#5208,#8719,.T.);
#8717 = VERTEX_POINT('',#8718);
#8718 = CARTESIAN_POINT('',(-40.75,23.5,32.));
#8719 = SURFACE_CURVE('',#8720,(#8724,#8731),.PCURVE_S1.);
#8720 = LINE('',#8721,#8722);
#8721 = CARTESIAN_POINT('',(-40.75,22.5,32.));
#8722 = VECTOR('',#8723,1.);
#8723 = DIRECTION('',(-0.,1.,0.));
#8724 = PCURVE('',#5302,#8725);
#8725 = DEFINITIONAL_REPRESENTATION('',(#8726),#8730);
#8726 = LINE('',#8727,#8728);
#8727 = CARTESIAN_POINT('',(44.,0.));
#8728 = VECTOR('',#8729,1.);
#8729 = DIRECTION('',(0.,-1.));
#8730 = ( GEOMETRIC_REPRESENTATION_CONTEXT(2) 
PARAMETRIC_REPRESENTATION_CONTEXT() REPRESENTATION_CONTEXT('2D SPACE',''
  ) );
#8731 = PCURVE('',#5223,#8732);
#8732 = DEFINITIONAL_REPRESENTATION('',(#8733),#8737);
#8733 = LINE('',#8734,#8735);
#8734 = CARTESIAN_POINT('',(2.5,0.));
#8735 = VECTOR('',#8736,1.);
#8736 = DIRECTION('',(0.,1.));
#8737 = ( GEOMETRIC_REPRESENTATION_CONTEXT(2) 
PARAMETRIC_REPRESENTATION_CONTEXT() REPRESENTATION_CONTEXT('2D SPACE',''
  ) );
#8738 = ORIENTED_EDGE('',*,*,#8739,.T.);
#8739 = EDGE_CURVE('',#8717,#8740,#8742,.T.);
#8740 = VERTEX_POINT('',#8741);
#8741 = CARTESIAN_POINT('',(-40.75,23.5,-12.));
#8742 = SURFACE_CURVE('',#8743,(#8747,#8753),.PCURVE_S1.);
#8743 = LINE('',#8744,#8745);
#8744 = CARTESIAN_POINT('',(-40.75,23.5,-35.39));
#8745 = VECTOR('',#8746,1.);
#8746 = DIRECTION('',(-0.,0.,-1.));
#8747 = PCURVE('',#5302,#8748);
#8748 = DEFINITIONAL_REPRESENTATION('',(#8749),#8752);
#8749 = B_SPLINE_CURVE_WITH_KNOTS('',1,(#8750,#8751),.UNSPECIFIED.,.F.,
  .F.,(2,2),(-67.39,-23.39),.PIECEWISE_BEZIER_KNOTS.);
#8750 = CARTESIAN_POINT('',(44.,-1.));
#8751 = CARTESIAN_POINT('',(0.,-1.));
#8752 = ( GEOMETRIC_REPRESENTATION_CONTEXT(2) 
PARAMETRIC_REPRESENTATION_CONTEXT() REPRESENTATION_CONTEXT('2D SPACE',''
  ) );
#8753 = PCURVE('',#4115,#8754);
#8754 = DEFINITIONAL_REPRESENTATION('',(#8755),#8759);
#8755 = LINE('',#8756,#8757);
#8756 = CARTESIAN_POINT('',(18.39,64.13));
#8757 = VECTOR('',#8758,1.);
#8758 = DIRECTION('',(-1.,0.));
#8759 = ( GEOMETRIC_REPRESENTATION_CONTEXT(2) 
PARAMETRIC_REPRESENTATION_CONTEXT() REPRESENTATION_CONTEXT('2D SPACE',''
  ) );
#8760 = ORIENTED_EDGE('',*,*,#8761,.T.);
#8761 = EDGE_CURVE('',#8740,#5262,#8762,.T.);
#8762 = SURFACE_CURVE('',#8763,(#8767,#8774),.PCURVE_S1.);
#8763 = LINE('',#8764,#8765);
#8764 = CARTESIAN_POINT('',(-40.75,22.5,-12.));
#8765 = VECTOR('',#8766,1.);
#8766 = DIRECTION('',(-0.,1.,0.));
#8767 = PCURVE('',#5302,#8768);
#8768 = DEFINITIONAL_REPRESENTATION('',(#8769),#8773);
#8769 = LINE('',#8770,#8771);
#8770 = CARTESIAN_POINT('',(0.,0.));
#8771 = VECTOR('',#8772,1.);
#8772 = DIRECTION('',(0.,-1.));
#8773 = ( GEOMETRIC_REPRESENTATION_CONTEXT(2) 
PARAMETRIC_REPRESENTATION_CONTEXT() REPRESENTATION_CONTEXT('2D SPACE',''
  ) );
#8774 = PCURVE('',#5277,#8775);
#8775 = DEFINITIONAL_REPRESENTATION('',(#8776),#8780);
#8776 = LINE('',#8777,#8778);
#8777 = CARTESIAN_POINT('',(2.5,0.));
#8778 = VECTOR('',#8779,1.);
#8779 = DIRECTION('',(0.,1.));
#8780 = ( GEOMETRIC_REPRESENTATION_CONTEXT(2) 
PARAMETRIC_REPRESENTATION_CONTEXT() REPRESENTATION_CONTEXT('2D SPACE',''
  ) );
#8781 = ORIENTED_EDGE('',*,*,#5288,.F.);
#8782 = ADVANCED_FACE('',(#8783),#5277,.T.);
#8783 = FACE_BOUND('',#8784,.T.);
#8784 = EDGE_LOOP('',(#8785,#8808,#8828,#8829));
#8785 = ORIENTED_EDGE('',*,*,#8786,.F.);
#8786 = EDGE_CURVE('',#8787,#5235,#8789,.T.);
#8787 = VERTEX_POINT('',#8788);
#8788 = CARTESIAN_POINT('',(-43.25,23.5,-12.));
#8789 = SURFACE_CURVE('',#8790,(#8794,#8801),.PCURVE_S1.);
#8790 = LINE('',#8791,#8792);
#8791 = CARTESIAN_POINT('',(-43.25,22.5,-12.));
#8792 = VECTOR('',#8793,1.);
#8793 = DIRECTION('',(-0.,1.,0.));
#8794 = PCURVE('',#5277,#8795);
#8795 = DEFINITIONAL_REPRESENTATION('',(#8796),#8800);
#8796 = LINE('',#8797,#8798);
#8797 = CARTESIAN_POINT('',(0.,0.));
#8798 = VECTOR('',#8799,1.);
#8799 = DIRECTION('',(0.,1.));
#8800 = ( GEOMETRIC_REPRESENTATION_CONTEXT(2) 
PARAMETRIC_REPRESENTATION_CONTEXT() REPRESENTATION_CONTEXT('2D SPACE',''
  ) );
#8801 = PCURVE('',#5250,#8802);
#8802 = DEFINITIONAL_REPRESENTATION('',(#8803),#8807);
#8803 = LINE('',#8804,#8805);
#8804 = CARTESIAN_POINT('',(0.,0.));
#8805 = VECTOR('',#8806,1.);
#8806 = DIRECTION('',(0.,-1.));
#8807 = ( GEOMETRIC_REPRESENTATION_CONTEXT(2) 
PARAMETRIC_REPRESENTATION_CONTEXT() REPRESENTATION_CONTEXT('2D SPACE',''
  ) );
#8808 = ORIENTED_EDGE('',*,*,#8809,.T.);
#8809 = EDGE_CURVE('',#8787,#8740,#8810,.T.);
#8810 = SURFACE_CURVE('',#8811,(#8815,#8821),.PCURVE_S1.);
#8811 = LINE('',#8812,#8813);
#8812 = CARTESIAN_POINT('',(-71.565,23.5,-12.));
#8813 = VECTOR('',#8814,1.);
#8814 = DIRECTION('',(1.,0.,-0.));
#8815 = PCURVE('',#5277,#8816);
#8816 = DEFINITIONAL_REPRESENTATION('',(#8817),#8820);
#8817 = B_SPLINE_CURVE_WITH_KNOTS('',1,(#8818,#8819),.UNSPECIFIED.,.F.,
  .F.,(2,2),(28.315,30.815),.PIECEWISE_BEZIER_KNOTS.);
#8818 = CARTESIAN_POINT('',(0.,1.));
#8819 = CARTESIAN_POINT('',(2.5,1.));
#8820 = ( GEOMETRIC_REPRESENTATION_CONTEXT(2) 
PARAMETRIC_REPRESENTATION_CONTEXT() REPRESENTATION_CONTEXT('2D SPACE',''
  ) );
#8821 = PCURVE('',#4115,#8822);
#8822 = DEFINITIONAL_REPRESENTATION('',(#8823),#8827);
#8823 = LINE('',#8824,#8825);
#8824 = CARTESIAN_POINT('',(41.78,33.315));
#8825 = VECTOR('',#8826,1.);
#8826 = DIRECTION('',(0.,1.));
#8827 = ( GEOMETRIC_REPRESENTATION_CONTEXT(2) 
PARAMETRIC_REPRESENTATION_CONTEXT() REPRESENTATION_CONTEXT('2D SPACE',''
  ) );
#8828 = ORIENTED_EDGE('',*,*,#8761,.T.);
#8829 = ORIENTED_EDGE('',*,*,#5261,.F.);
#8830 = ADVANCED_FACE('',(#8831),#5250,.T.);
#8831 = FACE_BOUND('',#8832,.T.);
#8832 = EDGE_LOOP('',(#8833,#8856,#8876,#8877));
#8833 = ORIENTED_EDGE('',*,*,#8834,.F.);
#8834 = EDGE_CURVE('',#8835,#5206,#8837,.T.);
#8835 = VERTEX_POINT('',#8836);
#8836 = CARTESIAN_POINT('',(-43.25,23.5,32.));
#8837 = SURFACE_CURVE('',#8838,(#8842,#8849),.PCURVE_S1.);
#8838 = LINE('',#8839,#8840);
#8839 = CARTESIAN_POINT('',(-43.25,22.5,32.));
#8840 = VECTOR('',#8841,1.);
#8841 = DIRECTION('',(-0.,1.,0.));
#8842 = PCURVE('',#5250,#8843);
#8843 = DEFINITIONAL_REPRESENTATION('',(#8844),#8848);
#8844 = LINE('',#8845,#8846);
#8845 = CARTESIAN_POINT('',(44.,0.));
#8846 = VECTOR('',#8847,1.);
#8847 = DIRECTION('',(0.,-1.));
#8848 = ( GEOMETRIC_REPRESENTATION_CONTEXT(2) 
PARAMETRIC_REPRESENTATION_CONTEXT() REPRESENTATION_CONTEXT('2D SPACE',''
  ) );
#8849 = PCURVE('',#5223,#8850);
#8850 = DEFINITIONAL_REPRESENTATION('',(#8851),#8855);
#8851 = LINE('',#8852,#8853);
#8852 = CARTESIAN_POINT('',(0.,0.));
#8853 = VECTOR('',#8854,1.);
#8854 = DIRECTION('',(0.,1.));
#8855 = ( GEOMETRIC_REPRESENTATION_CONTEXT(2) 
PARAMETRIC_REPRESENTATION_CONTEXT() REPRESENTATION_CONTEXT('2D SPACE',''
  ) );
#8856 = ORIENTED_EDGE('',*,*,#8857,.T.);
#8857 = EDGE_CURVE('',#8835,#8787,#8858,.T.);
#8858 = SURFACE_CURVE('',#8859,(#8863,#8869),.PCURVE_S1.);
#8859 = LINE('',#8860,#8861);
#8860 = CARTESIAN_POINT('',(-43.25,23.5,-35.39));
#8861 = VECTOR('',#8862,1.);
#8862 = DIRECTION('',(-0.,0.,-1.));
#8863 = PCURVE('',#5250,#8864);
#8864 = DEFINITIONAL_REPRESENTATION('',(#8865),#8868);
#8865 = B_SPLINE_CURVE_WITH_KNOTS('',1,(#8866,#8867),.UNSPECIFIED.,.F.,
  .F.,(2,2),(-67.39,-23.39),.PIECEWISE_BEZIER_KNOTS.);
#8866 = CARTESIAN_POINT('',(44.,-1.));
#8867 = CARTESIAN_POINT('',(0.,-1.));
#8868 = ( GEOMETRIC_REPRESENTATION_CONTEXT(2) 
PARAMETRIC_REPRESENTATION_CONTEXT() REPRESENTATION_CONTEXT('2D SPACE',''
  ) );
#8869 = PCURVE('',#4115,#8870);
#8870 = DEFINITIONAL_REPRESENTATION('',(#8871),#8875);
#8871 = LINE('',#8872,#8873);
#8872 = CARTESIAN_POINT('',(18.39,61.63));
#8873 = VECTOR('',#8874,1.);
#8874 = DIRECTION('',(-1.,0.));
#8875 = ( GEOMETRIC_REPRESENTATION_CONTEXT(2) 
PARAMETRIC_REPRESENTATION_CONTEXT() REPRESENTATION_CONTEXT('2D SPACE',''
  ) );
#8876 = ORIENTED_EDGE('',*,*,#8786,.T.);
#8877 = ORIENTED_EDGE('',*,*,#5234,.F.);
#8878 = ADVANCED_FACE('',(#8879),#5223,.F.);
#8879 = FACE_BOUND('',#8880,.F.);
#8880 = EDGE_LOOP('',(#8881,#8882,#8902,#8903));
#8881 = ORIENTED_EDGE('',*,*,#8834,.F.);
#8882 = ORIENTED_EDGE('',*,*,#8883,.T.);
#8883 = EDGE_CURVE('',#8835,#8717,#8884,.T.);
#8884 = SURFACE_CURVE('',#8885,(#8889,#8895),.PCURVE_S1.);
#8885 = LINE('',#8886,#8887);
#8886 = CARTESIAN_POINT('',(-71.565,23.5,32.));
#8887 = VECTOR('',#8888,1.);
#8888 = DIRECTION('',(1.,0.,-0.));
#8889 = PCURVE('',#5223,#8890);
#8890 = DEFINITIONAL_REPRESENTATION('',(#8891),#8894);
#8891 = B_SPLINE_CURVE_WITH_KNOTS('',1,(#8892,#8893),.UNSPECIFIED.,.F.,
  .F.,(2,2),(28.315,30.815),.PIECEWISE_BEZIER_KNOTS.);
#8892 = CARTESIAN_POINT('',(0.,1.));
#8893 = CARTESIAN_POINT('',(2.5,1.));
#8894 = ( GEOMETRIC_REPRESENTATION_CONTEXT(2) 
PARAMETRIC_REPRESENTATION_CONTEXT() REPRESENTATION_CONTEXT('2D SPACE',''
  ) );
#8895 = PCURVE('',#4115,#8896);
#8896 = DEFINITIONAL_REPRESENTATION('',(#8897),#8901);
#8897 = LINE('',#8898,#8899);
#8898 = CARTESIAN_POINT('',(85.78,33.315));
#8899 = VECTOR('',#8900,1.);
#8900 = DIRECTION('',(0.,1.));
#8901 = ( GEOMETRIC_REPRESENTATION_CONTEXT(2) 
PARAMETRIC_REPRESENTATION_CONTEXT() REPRESENTATION_CONTEXT('2D SPACE',''
  ) );
#8902 = ORIENTED_EDGE('',*,*,#8716,.T.);
#8903 = ORIENTED_EDGE('',*,*,#5205,.F.);
#8904 = ADVANCED_FACE('',(#8905),#5192,.F.);
#8905 = FACE_BOUND('',#8906,.F.);
#8906 = EDGE_LOOP('',(#8907,#8930,#8952,#8973));
#8907 = ORIENTED_EDGE('',*,*,#8908,.F.);
#8908 = EDGE_CURVE('',#8909,#5098,#8911,.T.);
#8909 = VERTEX_POINT('',#8910);
#8910 = CARTESIAN_POINT('',(-45.75,23.5,32.));
#8911 = SURFACE_CURVE('',#8912,(#8916,#8923),.PCURVE_S1.);
#8912 = LINE('',#8913,#8914);
#8913 = CARTESIAN_POINT('',(-45.75,22.5,32.));
#8914 = VECTOR('',#8915,1.);
#8915 = DIRECTION('',(-0.,1.,0.));
#8916 = PCURVE('',#5192,#8917);
#8917 = DEFINITIONAL_REPRESENTATION('',(#8918),#8922);
#8918 = LINE('',#8919,#8920);
#8919 = CARTESIAN_POINT('',(44.,0.));
#8920 = VECTOR('',#8921,1.);
#8921 = DIRECTION('',(0.,-1.));
#8922 = ( GEOMETRIC_REPRESENTATION_CONTEXT(2) 
PARAMETRIC_REPRESENTATION_CONTEXT() REPRESENTATION_CONTEXT('2D SPACE',''
  ) );
#8923 = PCURVE('',#5113,#8924);
#8924 = DEFINITIONAL_REPRESENTATION('',(#8925),#8929);
#8925 = LINE('',#8926,#8927);
#8926 = CARTESIAN_POINT('',(2.5,0.));
#8927 = VECTOR('',#8928,1.);
#8928 = DIRECTION('',(0.,1.));
#8929 = ( GEOMETRIC_REPRESENTATION_CONTEXT(2) 
PARAMETRIC_REPRESENTATION_CONTEXT() REPRESENTATION_CONTEXT('2D SPACE',''
  ) );
#8930 = ORIENTED_EDGE('',*,*,#8931,.T.);
#8931 = EDGE_CURVE('',#8909,#8932,#8934,.T.);
#8932 = VERTEX_POINT('',#8933);
#8933 = CARTESIAN_POINT('',(-45.75,23.5,-12.));
#8934 = SURFACE_CURVE('',#8935,(#8939,#8945),.PCURVE_S1.);
#8935 = LINE('',#8936,#8937);
#8936 = CARTESIAN_POINT('',(-45.75,23.5,-35.39));
#8937 = VECTOR('',#8938,1.);
#8938 = DIRECTION('',(-0.,0.,-1.));
#8939 = PCURVE('',#5192,#8940);
#8940 = DEFINITIONAL_REPRESENTATION('',(#8941),#8944);
#8941 = B_SPLINE_CURVE_WITH_KNOTS('',1,(#8942,#8943),.UNSPECIFIED.,.F.,
  .F.,(2,2),(-67.39,-23.39),.PIECEWISE_BEZIER_KNOTS.);
#8942 = CARTESIAN_POINT('',(44.,-1.));
#8943 = CARTESIAN_POINT('',(0.,-1.));
#8944 = ( GEOMETRIC_REPRESENTATION_CONTEXT(2) 
PARAMETRIC_REPRESENTATION_CONTEXT() REPRESENTATION_CONTEXT('2D SPACE',''
  ) );
#8945 = PCURVE('',#4115,#8946);
#8946 = DEFINITIONAL_REPRESENTATION('',(#8947),#8951);
#8947 = LINE('',#8948,#8949);
#8948 = CARTESIAN_POINT('',(18.39,59.13));
#8949 = VECTOR('',#8950,1.);
#8950 = DIRECTION('',(-1.,0.));
#8951 = ( GEOMETRIC_REPRESENTATION_CONTEXT(2) 
PARAMETRIC_REPRESENTATION_CONTEXT() REPRESENTATION_CONTEXT('2D SPACE',''
  ) );
#8952 = ORIENTED_EDGE('',*,*,#8953,.T.);
#8953 = EDGE_CURVE('',#8932,#5152,#8954,.T.);
#8954 = SURFACE_CURVE('',#8955,(#8959,#8966),.PCURVE_S1.);
#8955 = LINE('',#8956,#8957);
#8956 = CARTESIAN_POINT('',(-45.75,22.5,-12.));
#8957 = VECTOR('',#8958,1.);
#8958 = DIRECTION('',(-0.,1.,0.));
#8959 = PCURVE('',#5192,#8960);
#8960 = DEFINITIONAL_REPRESENTATION('',(#8961),#8965);
#8961 = LINE('',#8962,#8963);
#8962 = CARTESIAN_POINT('',(0.,0.));
#8963 = VECTOR('',#8964,1.);
#8964 = DIRECTION('',(0.,-1.));
#8965 = ( GEOMETRIC_REPRESENTATION_CONTEXT(2) 
PARAMETRIC_REPRESENTATION_CONTEXT() REPRESENTATION_CONTEXT('2D SPACE',''
  ) );
#8966 = PCURVE('',#5167,#8967);
#8967 = DEFINITIONAL_REPRESENTATION('',(#8968),#8972);
#8968 = LINE('',#8969,#8970);
#8969 = CARTESIAN_POINT('',(2.5,0.));
#8970 = VECTOR('',#8971,1.);
#8971 = DIRECTION('',(0.,1.));
#8972 = ( GEOMETRIC_REPRESENTATION_CONTEXT(2) 
PARAMETRIC_REPRESENTATION_CONTEXT() REPRESENTATION_CONTEXT('2D SPACE',''
  ) );
#8973 = ORIENTED_EDGE('',*,*,#5178,.F.);
#8974 = ADVANCED_FACE('',(#8975),#5167,.T.);
#8975 = FACE_BOUND('',#8976,.T.);
#8976 = EDGE_LOOP('',(#8977,#9000,#9020,#9021));
#8977 = ORIENTED_EDGE('',*,*,#8978,.F.);
#8978 = EDGE_CURVE('',#8979,#5125,#8981,.T.);
#8979 = VERTEX_POINT('',#8980);
#8980 = CARTESIAN_POINT('',(-48.25,23.5,-12.));
#8981 = SURFACE_CURVE('',#8982,(#8986,#8993),.PCURVE_S1.);
#8982 = LINE('',#8983,#8984);
#8983 = CARTESIAN_POINT('',(-48.25,22.5,-12.));
#8984 = VECTOR('',#8985,1.);
#8985 = DIRECTION('',(-0.,1.,0.));
#8986 = PCURVE('',#5167,#8987);
#8987 = DEFINITIONAL_REPRESENTATION('',(#8988),#8992);
#8988 = LINE('',#8989,#8990);
#8989 = CARTESIAN_POINT('',(0.,0.));
#8990 = VECTOR('',#8991,1.);
#8991 = DIRECTION('',(0.,1.));
#8992 = ( GEOMETRIC_REPRESENTATION_CONTEXT(2) 
PARAMETRIC_REPRESENTATION_CONTEXT() REPRESENTATION_CONTEXT('2D SPACE',''
  ) );
#8993 = PCURVE('',#5140,#8994);
#8994 = DEFINITIONAL_REPRESENTATION('',(#8995),#8999);
#8995 = LINE('',#8996,#8997);
#8996 = CARTESIAN_POINT('',(0.,0.));
#8997 = VECTOR('',#8998,1.);
#8998 = DIRECTION('',(0.,-1.));
#8999 = ( GEOMETRIC_REPRESENTATION_CONTEXT(2) 
PARAMETRIC_REPRESENTATION_CONTEXT() REPRESENTATION_CONTEXT('2D SPACE',''
  ) );
#9000 = ORIENTED_EDGE('',*,*,#9001,.T.);
#9001 = EDGE_CURVE('',#8979,#8932,#9002,.T.);
#9002 = SURFACE_CURVE('',#9003,(#9007,#9013),.PCURVE_S1.);
#9003 = LINE('',#9004,#9005);
#9004 = CARTESIAN_POINT('',(-74.065,23.5,-12.));
#9005 = VECTOR('',#9006,1.);
#9006 = DIRECTION('',(1.,0.,-0.));
#9007 = PCURVE('',#5167,#9008);
#9008 = DEFINITIONAL_REPRESENTATION('',(#9009),#9012);
#9009 = B_SPLINE_CURVE_WITH_KNOTS('',1,(#9010,#9011),.UNSPECIFIED.,.F.,
  .F.,(2,2),(25.815,28.315),.PIECEWISE_BEZIER_KNOTS.);
#9010 = CARTESIAN_POINT('',(0.,1.));
#9011 = CARTESIAN_POINT('',(2.5,1.));
#9012 = ( GEOMETRIC_REPRESENTATION_CONTEXT(2) 
PARAMETRIC_REPRESENTATION_CONTEXT() REPRESENTATION_CONTEXT('2D SPACE',''
  ) );
#9013 = PCURVE('',#4115,#9014);
#9014 = DEFINITIONAL_REPRESENTATION('',(#9015),#9019);
#9015 = LINE('',#9016,#9017);
#9016 = CARTESIAN_POINT('',(41.78,30.815));
#9017 = VECTOR('',#9018,1.);
#9018 = DIRECTION('',(0.,1.));
#9019 = ( GEOMETRIC_REPRESENTATION_CONTEXT(2) 
PARAMETRIC_REPRESENTATION_CONTEXT() REPRESENTATION_CONTEXT('2D SPACE',''
  ) );
#9020 = ORIENTED_EDGE('',*,*,#8953,.T.);
#9021 = ORIENTED_EDGE('',*,*,#5151,.F.);
#9022 = ADVANCED_FACE('',(#9023),#5140,.T.);
#9023 = FACE_BOUND('',#9024,.T.);
#9024 = EDGE_LOOP('',(#9025,#9048,#9068,#9069));
#9025 = ORIENTED_EDGE('',*,*,#9026,.F.);
#9026 = EDGE_CURVE('',#9027,#5096,#9029,.T.);
#9027 = VERTEX_POINT('',#9028);
#9028 = CARTESIAN_POINT('',(-48.25,23.5,32.));
#9029 = SURFACE_CURVE('',#9030,(#9034,#9041),.PCURVE_S1.);
#9030 = LINE('',#9031,#9032);
#9031 = CARTESIAN_POINT('',(-48.25,22.5,32.));
#9032 = VECTOR('',#9033,1.);
#9033 = DIRECTION('',(-0.,1.,0.));
#9034 = PCURVE('',#5140,#9035);
#9035 = DEFINITIONAL_REPRESENTATION('',(#9036),#9040);
#9036 = LINE('',#9037,#9038);
#9037 = CARTESIAN_POINT('',(44.,0.));
#9038 = VECTOR('',#9039,1.);
#9039 = DIRECTION('',(0.,-1.));
#9040 = ( GEOMETRIC_REPRESENTATION_CONTEXT(2) 
PARAMETRIC_REPRESENTATION_CONTEXT() REPRESENTATION_CONTEXT('2D SPACE',''
  ) );
#9041 = PCURVE('',#5113,#9042);
#9042 = DEFINITIONAL_REPRESENTATION('',(#9043),#9047);
#9043 = LINE('',#9044,#9045);
#9044 = CARTESIAN_POINT('',(0.,0.));
#9045 = VECTOR('',#9046,1.);
#9046 = DIRECTION('',(0.,1.));
#9047 = ( GEOMETRIC_REPRESENTATION_CONTEXT(2) 
PARAMETRIC_REPRESENTATION_CONTEXT() REPRESENTATION_CONTEXT('2D SPACE',''
  ) );
#9048 = ORIENTED_EDGE('',*,*,#9049,.T.);
#9049 = EDGE_CURVE('',#9027,#8979,#9050,.T.);
#9050 = SURFACE_CURVE('',#9051,(#9055,#9061),.PCURVE_S1.);
#9051 = LINE('',#9052,#9053);
#9052 = CARTESIAN_POINT('',(-48.25,23.5,-35.39));
#9053 = VECTOR('',#9054,1.);
#9054 = DIRECTION('',(-0.,0.,-1.));
#9055 = PCURVE('',#5140,#9056);
#9056 = DEFINITIONAL_REPRESENTATION('',(#9057),#9060);
#9057 = B_SPLINE_CURVE_WITH_KNOTS('',1,(#9058,#9059),.UNSPECIFIED.,.F.,
  .F.,(2,2),(-67.39,-23.39),.PIECEWISE_BEZIER_KNOTS.);
#9058 = CARTESIAN_POINT('',(44.,-1.));
#9059 = CARTESIAN_POINT('',(0.,-1.));
#9060 = ( GEOMETRIC_REPRESENTATION_CONTEXT(2) 
PARAMETRIC_REPRESENTATION_CONTEXT() REPRESENTATION_CONTEXT('2D SPACE',''
  ) );
#9061 = PCURVE('',#4115,#9062);
#9062 = DEFINITIONAL_REPRESENTATION('',(#9063),#9067);
#9063 = LINE('',#9064,#9065);
#9064 = CARTESIAN_POINT('',(18.39,56.63));
#9065 = VECTOR('',#9066,1.);
#9066 = DIRECTION('',(-1.,0.));
#9067 = ( GEOMETRIC_REPRESENTATION_CONTEXT(2) 
PARAMETRIC_REPRESENTATION_CONTEXT() REPRESENTATION_CONTEXT('2D SPACE',''
  ) );
#9068 = ORIENTED_EDGE('',*,*,#8978,.T.);
#9069 = ORIENTED_EDGE('',*,*,#5124,.F.);
#9070 = ADVANCED_FACE('',(#9071),#5113,.F.);
#9071 = FACE_BOUND('',#9072,.F.);
#9072 = EDGE_LOOP('',(#9073,#9074,#9094,#9095));
#9073 = ORIENTED_EDGE('',*,*,#9026,.F.);
#9074 = ORIENTED_EDGE('',*,*,#9075,.T.);
#9075 = EDGE_CURVE('',#9027,#8909,#9076,.T.);
#9076 = SURFACE_CURVE('',#9077,(#9081,#9087),.PCURVE_S1.);
#9077 = LINE('',#9078,#9079);
#9078 = CARTESIAN_POINT('',(-74.065,23.5,32.));
#9079 = VECTOR('',#9080,1.);
#9080 = DIRECTION('',(1.,0.,-0.));
#9081 = PCURVE('',#5113,#9082);
#9082 = DEFINITIONAL_REPRESENTATION('',(#9083),#9086);
#9083 = B_SPLINE_CURVE_WITH_KNOTS('',1,(#9084,#9085),.UNSPECIFIED.,.F.,
  .F.,(2,2),(25.815,28.315),.PIECEWISE_BEZIER_KNOTS.);
#9084 = CARTESIAN_POINT('',(0.,1.));
#9085 = CARTESIAN_POINT('',(2.5,1.));
#9086 = ( GEOMETRIC_REPRESENTATION_CONTEXT(2) 
PARAMETRIC_REPRESENTATION_CONTEXT() REPRESENTATION_CONTEXT('2D SPACE',''
  ) );
#9087 = PCURVE('',#4115,#9088);
#9088 = DEFINITIONAL_REPRESENTATION('',(#9089),#9093);
#9089 = LINE('',#9090,#9091);
#9090 = CARTESIAN_POINT('',(85.78,30.815));
#9091 = VECTOR('',#9092,1.);
#9092 = DIRECTION('',(0.,1.));
#9093 = ( GEOMETRIC_REPRESENTATION_CONTEXT(2) 
PARAMETRIC_REPRESENTATION_CONTEXT() REPRESENTATION_CONTEXT('2D SPACE',''
  ) );
#9094 = ORIENTED_EDGE('',*,*,#8908,.T.);
#9095 = ORIENTED_EDGE('',*,*,#5095,.F.);
#9096 = ADVANCED_FACE('',(#9097),#5082,.F.);
#9097 = FACE_BOUND('',#9098,.F.);
#9098 = EDGE_LOOP('',(#9099,#9122,#9144,#9165));
#9099 = ORIENTED_EDGE('',*,*,#9100,.F.);
#9100 = EDGE_CURVE('',#9101,#4988,#9103,.T.);
#9101 = VERTEX_POINT('',#9102);
#9102 = CARTESIAN_POINT('',(-50.75,23.5,32.));
#9103 = SURFACE_CURVE('',#9104,(#9108,#9115),.PCURVE_S1.);
#9104 = LINE('',#9105,#9106);
#9105 = CARTESIAN_POINT('',(-50.75,22.5,32.));
#9106 = VECTOR('',#9107,1.);
#9107 = DIRECTION('',(-0.,1.,0.));
#9108 = PCURVE('',#5082,#9109);
#9109 = DEFINITIONAL_REPRESENTATION('',(#9110),#9114);
#9110 = LINE('',#9111,#9112);
#9111 = CARTESIAN_POINT('',(44.,0.));
#9112 = VECTOR('',#9113,1.);
#9113 = DIRECTION('',(0.,-1.));
#9114 = ( GEOMETRIC_REPRESENTATION_CONTEXT(2) 
PARAMETRIC_REPRESENTATION_CONTEXT() REPRESENTATION_CONTEXT('2D SPACE',''
  ) );
#9115 = PCURVE('',#5003,#9116);
#9116 = DEFINITIONAL_REPRESENTATION('',(#9117),#9121);
#9117 = LINE('',#9118,#9119);
#9118 = CARTESIAN_POINT('',(2.5,0.));
#9119 = VECTOR('',#9120,1.);
#9120 = DIRECTION('',(0.,1.));
#9121 = ( GEOMETRIC_REPRESENTATION_CONTEXT(2) 
PARAMETRIC_REPRESENTATION_CONTEXT() REPRESENTATION_CONTEXT('2D SPACE',''
  ) );
#9122 = ORIENTED_EDGE('',*,*,#9123,.T.);
#9123 = EDGE_CURVE('',#9101,#9124,#9126,.T.);
#9124 = VERTEX_POINT('',#9125);
#9125 = CARTESIAN_POINT('',(-50.75,23.5,-12.));
#9126 = SURFACE_CURVE('',#9127,(#9131,#9137),.PCURVE_S1.);
#9127 = LINE('',#9128,#9129);
#9128 = CARTESIAN_POINT('',(-50.75,23.5,-35.39));
#9129 = VECTOR('',#9130,1.);
#9130 = DIRECTION('',(-0.,0.,-1.));
#9131 = PCURVE('',#5082,#9132);
#9132 = DEFINITIONAL_REPRESENTATION('',(#9133),#9136);
#9133 = B_SPLINE_CURVE_WITH_KNOTS('',1,(#9134,#9135),.UNSPECIFIED.,.F.,
  .F.,(2,2),(-67.39,-23.39),.PIECEWISE_BEZIER_KNOTS.);
#9134 = CARTESIAN_POINT('',(44.,-1.));
#9135 = CARTESIAN_POINT('',(0.,-1.));
#9136 = ( GEOMETRIC_REPRESENTATION_CONTEXT(2) 
PARAMETRIC_REPRESENTATION_CONTEXT() REPRESENTATION_CONTEXT('2D SPACE',''
  ) );
#9137 = PCURVE('',#4115,#9138);
#9138 = DEFINITIONAL_REPRESENTATION('',(#9139),#9143);
#9139 = LINE('',#9140,#9141);
#9140 = CARTESIAN_POINT('',(18.39,54.13));
#9141 = VECTOR('',#9142,1.);
#9142 = DIRECTION('',(-1.,0.));
#9143 = ( GEOMETRIC_REPRESENTATION_CONTEXT(2) 
PARAMETRIC_REPRESENTATION_CONTEXT() REPRESENTATION_CONTEXT('2D SPACE',''
  ) );
#9144 = ORIENTED_EDGE('',*,*,#9145,.T.);
#9145 = EDGE_CURVE('',#9124,#5042,#9146,.T.);
#9146 = SURFACE_CURVE('',#9147,(#9151,#9158),.PCURVE_S1.);
#9147 = LINE('',#9148,#9149);
#9148 = CARTESIAN_POINT('',(-50.75,22.5,-12.));
#9149 = VECTOR('',#9150,1.);
#9150 = DIRECTION('',(-0.,1.,0.));
#9151 = PCURVE('',#5082,#9152);
#9152 = DEFINITIONAL_REPRESENTATION('',(#9153),#9157);
#9153 = LINE('',#9154,#9155);
#9154 = CARTESIAN_POINT('',(0.,0.));
#9155 = VECTOR('',#9156,1.);
#9156 = DIRECTION('',(0.,-1.));
#9157 = ( GEOMETRIC_REPRESENTATION_CONTEXT(2) 
PARAMETRIC_REPRESENTATION_CONTEXT() REPRESENTATION_CONTEXT('2D SPACE',''
  ) );
#9158 = PCURVE('',#5057,#9159);
#9159 = DEFINITIONAL_REPRESENTATION('',(#9160),#9164);
#9160 = LINE('',#9161,#9162);
#9161 = CARTESIAN_POINT('',(2.5,0.));
#9162 = VECTOR('',#9163,1.);
#9163 = DIRECTION('',(0.,1.));
#9164 = ( GEOMETRIC_REPRESENTATION_CONTEXT(2) 
PARAMETRIC_REPRESENTATION_CONTEXT() REPRESENTATION_CONTEXT('2D SPACE',''
  ) );
#9165 = ORIENTED_EDGE('',*,*,#5068,.F.);
#9166 = ADVANCED_FACE('',(#9167),#5057,.T.);
#9167 = FACE_BOUND('',#9168,.T.);
#9168 = EDGE_LOOP('',(#9169,#9192,#9212,#9213));
#9169 = ORIENTED_EDGE('',*,*,#9170,.F.);
#9170 = EDGE_CURVE('',#9171,#5015,#9173,.T.);
#9171 = VERTEX_POINT('',#9172);
#9172 = CARTESIAN_POINT('',(-53.25,23.5,-12.));
#9173 = SURFACE_CURVE('',#9174,(#9178,#9185),.PCURVE_S1.);
#9174 = LINE('',#9175,#9176);
#9175 = CARTESIAN_POINT('',(-53.25,22.5,-12.));
#9176 = VECTOR('',#9177,1.);
#9177 = DIRECTION('',(-0.,1.,0.));
#9178 = PCURVE('',#5057,#9179);
#9179 = DEFINITIONAL_REPRESENTATION('',(#9180),#9184);
#9180 = LINE('',#9181,#9182);
#9181 = CARTESIAN_POINT('',(0.,0.));
#9182 = VECTOR('',#9183,1.);
#9183 = DIRECTION('',(0.,1.));
#9184 = ( GEOMETRIC_REPRESENTATION_CONTEXT(2) 
PARAMETRIC_REPRESENTATION_CONTEXT() REPRESENTATION_CONTEXT('2D SPACE',''
  ) );
#9185 = PCURVE('',#5030,#9186);
#9186 = DEFINITIONAL_REPRESENTATION('',(#9187),#9191);
#9187 = LINE('',#9188,#9189);
#9188 = CARTESIAN_POINT('',(0.,0.));
#9189 = VECTOR('',#9190,1.);
#9190 = DIRECTION('',(0.,-1.));
#9191 = ( GEOMETRIC_REPRESENTATION_CONTEXT(2) 
PARAMETRIC_REPRESENTATION_CONTEXT() REPRESENTATION_CONTEXT('2D SPACE',''
  ) );
#9192 = ORIENTED_EDGE('',*,*,#9193,.T.);
#9193 = EDGE_CURVE('',#9171,#9124,#9194,.T.);
#9194 = SURFACE_CURVE('',#9195,(#9199,#9205),.PCURVE_S1.);
#9195 = LINE('',#9196,#9197);
#9196 = CARTESIAN_POINT('',(-76.565,23.5,-12.));
#9197 = VECTOR('',#9198,1.);
#9198 = DIRECTION('',(1.,0.,-0.));
#9199 = PCURVE('',#5057,#9200);
#9200 = DEFINITIONAL_REPRESENTATION('',(#9201),#9204);
#9201 = B_SPLINE_CURVE_WITH_KNOTS('',1,(#9202,#9203),.UNSPECIFIED.,.F.,
  .F.,(2,2),(23.315,25.815),.PIECEWISE_BEZIER_KNOTS.);
#9202 = CARTESIAN_POINT('',(0.,1.));
#9203 = CARTESIAN_POINT('',(2.5,1.));
#9204 = ( GEOMETRIC_REPRESENTATION_CONTEXT(2) 
PARAMETRIC_REPRESENTATION_CONTEXT() REPRESENTATION_CONTEXT('2D SPACE',''
  ) );
#9205 = PCURVE('',#4115,#9206);
#9206 = DEFINITIONAL_REPRESENTATION('',(#9207),#9211);
#9207 = LINE('',#9208,#9209);
#9208 = CARTESIAN_POINT('',(41.78,28.315));
#9209 = VECTOR('',#9210,1.);
#9210 = DIRECTION('',(0.,1.));
#9211 = ( GEOMETRIC_REPRESENTATION_CONTEXT(2) 
PARAMETRIC_REPRESENTATION_CONTEXT() REPRESENTATION_CONTEXT('2D SPACE',''
  ) );
#9212 = ORIENTED_EDGE('',*,*,#9145,.T.);
#9213 = ORIENTED_EDGE('',*,*,#5041,.F.);
#9214 = ADVANCED_FACE('',(#9215),#5030,.T.);
#9215 = FACE_BOUND('',#9216,.T.);
#9216 = EDGE_LOOP('',(#9217,#9240,#9260,#9261));
#9217 = ORIENTED_EDGE('',*,*,#9218,.F.);
#9218 = EDGE_CURVE('',#9219,#4986,#9221,.T.);
#9219 = VERTEX_POINT('',#9220);
#9220 = CARTESIAN_POINT('',(-53.25,23.5,32.));
#9221 = SURFACE_CURVE('',#9222,(#9226,#9233),.PCURVE_S1.);
#9222 = LINE('',#9223,#9224);
#9223 = CARTESIAN_POINT('',(-53.25,22.5,32.));
#9224 = VECTOR('',#9225,1.);
#9225 = DIRECTION('',(-0.,1.,0.));
#9226 = PCURVE('',#5030,#9227);
#9227 = DEFINITIONAL_REPRESENTATION('',(#9228),#9232);
#9228 = LINE('',#9229,#9230);
#9229 = CARTESIAN_POINT('',(44.,0.));
#9230 = VECTOR('',#9231,1.);
#9231 = DIRECTION('',(0.,-1.));
#9232 = ( GEOMETRIC_REPRESENTATION_CONTEXT(2) 
PARAMETRIC_REPRESENTATION_CONTEXT() REPRESENTATION_CONTEXT('2D SPACE',''
  ) );
#9233 = PCURVE('',#5003,#9234);
#9234 = DEFINITIONAL_REPRESENTATION('',(#9235),#9239);
#9235 = LINE('',#9236,#9237);
#9236 = CARTESIAN_POINT('',(0.,0.));
#9237 = VECTOR('',#9238,1.);
#9238 = DIRECTION('',(0.,1.));
#9239 = ( GEOMETRIC_REPRESENTATION_CONTEXT(2) 
PARAMETRIC_REPRESENTATION_CONTEXT() REPRESENTATION_CONTEXT('2D SPACE',''
  ) );
#9240 = ORIENTED_EDGE('',*,*,#9241,.T.);
#9241 = EDGE_CURVE('',#9219,#9171,#9242,.T.);
#9242 = SURFACE_CURVE('',#9243,(#9247,#9253),.PCURVE_S1.);
#9243 = LINE('',#9244,#9245);
#9244 = CARTESIAN_POINT('',(-53.25,23.5,-35.39));
#9245 = VECTOR('',#9246,1.);
#9246 = DIRECTION('',(-0.,0.,-1.));
#9247 = PCURVE('',#5030,#9248);
#9248 = DEFINITIONAL_REPRESENTATION('',(#9249),#9252);
#9249 = B_SPLINE_CURVE_WITH_KNOTS('',1,(#9250,#9251),.UNSPECIFIED.,.F.,
  .F.,(2,2),(-67.39,-23.39),.PIECEWISE_BEZIER_KNOTS.);
#9250 = CARTESIAN_POINT('',(44.,-1.));
#9251 = CARTESIAN_POINT('',(0.,-1.));
#9252 = ( GEOMETRIC_REPRESENTATION_CONTEXT(2) 
PARAMETRIC_REPRESENTATION_CONTEXT() REPRESENTATION_CONTEXT('2D SPACE',''
  ) );
#9253 = PCURVE('',#4115,#9254);
#9254 = DEFINITIONAL_REPRESENTATION('',(#9255),#9259);
#9255 = LINE('',#9256,#9257);
#9256 = CARTESIAN_POINT('',(18.39,51.63));
#9257 = VECTOR('',#9258,1.);
#9258 = DIRECTION('',(-1.,0.));
#9259 = ( GEOMETRIC_REPRESENTATION_CONTEXT(2) 
PARAMETRIC_REPRESENTATION_CONTEXT() REPRESENTATION_CONTEXT('2D SPACE',''
  ) );
#9260 = ORIENTED_EDGE('',*,*,#9170,.T.);
#9261 = ORIENTED_EDGE('',*,*,#5014,.F.);
#9262 = ADVANCED_FACE('',(#9263),#5003,.F.);
#9263 = FACE_BOUND('',#9264,.F.);
#9264 = EDGE_LOOP('',(#9265,#9266,#9286,#9287));
#9265 = ORIENTED_EDGE('',*,*,#9218,.F.);
#9266 = ORIENTED_EDGE('',*,*,#9267,.T.);
#9267 = EDGE_CURVE('',#9219,#9101,#9268,.T.);
#9268 = SURFACE_CURVE('',#9269,(#9273,#9279),.PCURVE_S1.);
#9269 = LINE('',#9270,#9271);
#9270 = CARTESIAN_POINT('',(-76.565,23.5,32.));
#9271 = VECTOR('',#9272,1.);
#9272 = DIRECTION('',(1.,0.,-0.));
#9273 = PCURVE('',#5003,#9274);
#9274 = DEFINITIONAL_REPRESENTATION('',(#9275),#9278);
#9275 = B_SPLINE_CURVE_WITH_KNOTS('',1,(#9276,#9277),.UNSPECIFIED.,.F.,
  .F.,(2,2),(23.315,25.815),.PIECEWISE_BEZIER_KNOTS.);
#9276 = CARTESIAN_POINT('',(0.,1.));
#9277 = CARTESIAN_POINT('',(2.5,1.));
#9278 = ( GEOMETRIC_REPRESENTATION_CONTEXT(2) 
PARAMETRIC_REPRESENTATION_CONTEXT() REPRESENTATION_CONTEXT('2D SPACE',''
  ) );
#9279 = PCURVE('',#4115,#9280);
#9280 = DEFINITIONAL_REPRESENTATION('',(#9281),#9285);
#9281 = LINE('',#9282,#9283);
#9282 = CARTESIAN_POINT('',(85.78,28.315));
#9283 = VECTOR('',#9284,1.);
#9284 = DIRECTION('',(0.,1.));
#9285 = ( GEOMETRIC_REPRESENTATION_CONTEXT(2) 
PARAMETRIC_REPRESENTATION_CONTEXT() REPRESENTATION_CONTEXT('2D SPACE',''
  ) );
#9286 = ORIENTED_EDGE('',*,*,#9100,.T.);
#9287 = ORIENTED_EDGE('',*,*,#4985,.F.);
#9288 = ADVANCED_FACE('',(#9289),#4971,.F.);
#9289 = FACE_BOUND('',#9290,.F.);
#9290 = EDGE_LOOP('',(#9291,#9292,#9315,#9342));
#9291 = ORIENTED_EDGE('',*,*,#4954,.F.);
#9292 = ORIENTED_EDGE('',*,*,#9293,.F.);
#9293 = EDGE_CURVE('',#9294,#4955,#9296,.T.);
#9294 = VERTEX_POINT('',#9295);
#9295 = CARTESIAN_POINT('',(-61.57,11.,-29.6));
#9296 = SEAM_CURVE('',#9297,(#9301,#9308),.PCURVE_S1.);
#9297 = LINE('',#9298,#9299);
#9298 = CARTESIAN_POINT('',(-61.57,10.,-29.6));
#9299 = VECTOR('',#9300,1.);
#9300 = DIRECTION('',(0.,1.,0.));
#9301 = PCURVE('',#4971,#9302);
#9302 = DEFINITIONAL_REPRESENTATION('',(#9303),#9307);
#9303 = LINE('',#9304,#9305);
#9304 = CARTESIAN_POINT('',(6.28318530718,-0.));
#9305 = VECTOR('',#9306,1.);
#9306 = DIRECTION('',(0.,1.));
#9307 = ( GEOMETRIC_REPRESENTATION_CONTEXT(2) 
PARAMETRIC_REPRESENTATION_CONTEXT() REPRESENTATION_CONTEXT('2D SPACE',''
  ) );
#9308 = PCURVE('',#4971,#9309);
#9309 = DEFINITIONAL_REPRESENTATION('',(#9310),#9314);
#9310 = LINE('',#9311,#9312);
#9311 = CARTESIAN_POINT('',(0.,-0.));
#9312 = VECTOR('',#9313,1.);
#9313 = DIRECTION('',(0.,1.));
#9314 = ( GEOMETRIC_REPRESENTATION_CONTEXT(2) 
PARAMETRIC_REPRESENTATION_CONTEXT() REPRESENTATION_CONTEXT('2D SPACE',''
  ) );
#9315 = ORIENTED_EDGE('',*,*,#9316,.T.);
#9316 = EDGE_CURVE('',#9294,#9294,#9317,.T.);
#9317 = SURFACE_CURVE('',#9318,(#9323,#9330),.PCURVE_S1.);
#9318 = CIRCLE('',#9319,2.25);
#9319 = AXIS2_PLACEMENT_3D('',#9320,#9321,#9322);
#9320 = CARTESIAN_POINT('',(-61.57,11.,-31.85));
#9321 = DIRECTION('',(0.,1.,0.));
#9322 = DIRECTION('',(0.,-0.,1.));
#9323 = PCURVE('',#4971,#9324);
#9324 = DEFINITIONAL_REPRESENTATION('',(#9325),#9329);
#9325 = LINE('',#9326,#9327);
#9326 = CARTESIAN_POINT('',(0.,1.));
#9327 = VECTOR('',#9328,1.);
#9328 = DIRECTION('',(1.,0.));
#9329 = ( GEOMETRIC_REPRESENTATION_CONTEXT(2) 
PARAMETRIC_REPRESENTATION_CONTEXT() REPRESENTATION_CONTEXT('2D SPACE',''
  ) );
#9330 = PCURVE('',#9331,#9336);
#9331 = PLANE('',#9332);
#9332 = AXIS2_PLACEMENT_3D('',#9333,#9334,#9335);
#9333 = CARTESIAN_POINT('',(-61.57,11.,-31.85));
#9334 = DIRECTION('',(0.,1.,0.));
#9335 = DIRECTION('',(0.,-0.,1.));
#9336 = DEFINITIONAL_REPRESENTATION('',(#9337),#9341);
#9337 = CIRCLE('',#9338,2.25);
#9338 = AXIS2_PLACEMENT_2D('',#9339,#9340);
#9339 = CARTESIAN_POINT('',(0.,0.));
#9340 = DIRECTION('',(1.,0.));
#9341 = ( GEOMETRIC_REPRESENTATION_CONTEXT(2) 
PARAMETRIC_REPRESENTATION_CONTEXT() REPRESENTATION_CONTEXT('2D SPACE',''
  ) );
#9342 = ORIENTED_EDGE('',*,*,#9293,.T.);
#9343 = ADVANCED_FACE('',(#9344,#9375),#9331,.F.);
#9344 = FACE_BOUND('',#9345,.F.);
#9345 = EDGE_LOOP('',(#9346));
#9346 = ORIENTED_EDGE('',*,*,#9347,.T.);
#9347 = EDGE_CURVE('',#9348,#9348,#9350,.T.);
#9348 = VERTEX_POINT('',#9349);
#9349 = CARTESIAN_POINT('',(-61.57,11.,-27.85));
#9350 = SURFACE_CURVE('',#9351,(#9356,#9363),.PCURVE_S1.);
#9351 = CIRCLE('',#9352,4.);
#9352 = AXIS2_PLACEMENT_3D('',#9353,#9354,#9355);
#9353 = CARTESIAN_POINT('',(-61.57,11.,-31.85));
#9354 = DIRECTION('',(0.,1.,0.));
#9355 = DIRECTION('',(0.,-0.,1.));
#9356 = PCURVE('',#9331,#9357);
#9357 = DEFINITIONAL_REPRESENTATION('',(#9358),#9362);
#9358 = CIRCLE('',#9359,4.);
#9359 = AXIS2_PLACEMENT_2D('',#9360,#9361);
#9360 = CARTESIAN_POINT('',(0.,0.));
#9361 = DIRECTION('',(1.,0.));
#9362 = ( GEOMETRIC_REPRESENTATION_CONTEXT(2) 
PARAMETRIC_REPRESENTATION_CONTEXT() REPRESENTATION_CONTEXT('2D SPACE',''
  ) );
#9363 = PCURVE('',#9364,#9369);
#9364 = CYLINDRICAL_SURFACE('',#9365,4.);
#9365 = AXIS2_PLACEMENT_3D('',#9366,#9367,#9368);
#9366 = CARTESIAN_POINT('',(-61.57,11.,-31.85));
#9367 = DIRECTION('',(0.,1.,0.));
#9368 = DIRECTION('',(0.,-0.,1.));
#9369 = DEFINITIONAL_REPRESENTATION('',(#9370),#9374);
#9370 = LINE('',#9371,#9372);
#9371 = CARTESIAN_POINT('',(0.,0.));
#9372 = VECTOR('',#9373,1.);
#9373 = DIRECTION('',(1.,0.));
#9374 = ( GEOMETRIC_REPRESENTATION_CONTEXT(2) 
PARAMETRIC_REPRESENTATION_CONTEXT() REPRESENTATION_CONTEXT('2D SPACE',''
  ) );
#9375 = FACE_BOUND('',#9376,.F.);
#9376 = EDGE_LOOP('',(#9377));
#9377 = ORIENTED_EDGE('',*,*,#9316,.F.);
#9378 = ADVANCED_FACE('',(#9379),#9364,.T.);
#9379 = FACE_BOUND('',#9380,.T.);
#9380 = EDGE_LOOP('',(#9381,#9405,#9426,#9427));
#9381 = ORIENTED_EDGE('',*,*,#9382,.F.);
#9382 = EDGE_CURVE('',#9383,#9383,#9385,.T.);
#9383 = VERTEX_POINT('',#9384);
#9384 = CARTESIAN_POINT('',(-61.57,23.5,-27.85));
#9385 = SURFACE_CURVE('',#9386,(#9391,#9398),.PCURVE_S1.);
#9386 = CIRCLE('',#9387,4.);
#9387 = AXIS2_PLACEMENT_3D('',#9388,#9389,#9390);
#9388 = CARTESIAN_POINT('',(-61.57,23.5,-31.85));
#9389 = DIRECTION('',(0.,1.,0.));
#9390 = DIRECTION('',(0.,-0.,1.));
#9391 = PCURVE('',#9364,#9392);
#9392 = DEFINITIONAL_REPRESENTATION('',(#9393),#9397);
#9393 = LINE('',#9394,#9395);
#9394 = CARTESIAN_POINT('',(0.,12.5));
#9395 = VECTOR('',#9396,1.);
#9396 = DIRECTION('',(1.,0.));
#9397 = ( GEOMETRIC_REPRESENTATION_CONTEXT(2) 
PARAMETRIC_REPRESENTATION_CONTEXT() REPRESENTATION_CONTEXT('2D SPACE',''
  ) );
#9398 = PCURVE('',#4115,#9399);
#9399 = DEFINITIONAL_REPRESENTATION('',(#9400),#9404);
#9400 = CIRCLE('',#9401,4.);
#9401 = AXIS2_PLACEMENT_2D('',#9402,#9403);
#9402 = CARTESIAN_POINT('',(21.93,43.31));
#9403 = DIRECTION('',(1.,0.));
#9404 = ( GEOMETRIC_REPRESENTATION_CONTEXT(2) 
PARAMETRIC_REPRESENTATION_CONTEXT() REPRESENTATION_CONTEXT('2D SPACE',''
  ) );
#9405 = ORIENTED_EDGE('',*,*,#9406,.F.);
#9406 = EDGE_CURVE('',#9348,#9383,#9407,.T.);
#9407 = SEAM_CURVE('',#9408,(#9412,#9419),.PCURVE_S1.);
#9408 = LINE('',#9409,#9410);
#9409 = CARTESIAN_POINT('',(-61.57,11.,-27.85));
#9410 = VECTOR('',#9411,1.);
#9411 = DIRECTION('',(0.,1.,0.));
#9412 = PCURVE('',#9364,#9413);
#9413 = DEFINITIONAL_REPRESENTATION('',(#9414),#9418);
#9414 = LINE('',#9415,#9416);
#9415 = CARTESIAN_POINT('',(6.28318530718,-0.));
#9416 = VECTOR('',#9417,1.);
#9417 = DIRECTION('',(0.,1.));
#9418 = ( GEOMETRIC_REPRESENTATION_CONTEXT(2) 
PARAMETRIC_REPRESENTATION_CONTEXT() REPRESENTATION_CONTEXT('2D SPACE',''
  ) );
#9419 = PCURVE('',#9364,#9420);
#9420 = DEFINITIONAL_REPRESENTATION('',(#9421),#9425);
#9421 = LINE('',#9422,#9423);
#9422 = CARTESIAN_POINT('',(0.,-0.));
#9423 = VECTOR('',#9424,1.);
#9424 = DIRECTION('',(0.,1.));
#9425 = ( GEOMETRIC_REPRESENTATION_CONTEXT(2) 
PARAMETRIC_REPRESENTATION_CONTEXT() REPRESENTATION_CONTEXT('2D SPACE',''
  ) );
#9426 = ORIENTED_EDGE('',*,*,#9347,.T.);
#9427 = ORIENTED_EDGE('',*,*,#9406,.T.);
#9428 = ADVANCED_FACE('',(#9429),#4940,.F.);
#9429 = FACE_BOUND('',#9430,.F.);
#9430 = EDGE_LOOP('',(#9431,#9432,#9455,#9482));
#9431 = ORIENTED_EDGE('',*,*,#4923,.F.);
#9432 = ORIENTED_EDGE('',*,*,#9433,.F.);
#9433 = EDGE_CURVE('',#9434,#4924,#9436,.T.);
#9434 = VERTEX_POINT('',#9435);
#9435 = CARTESIAN_POINT('',(64.63,11.,36.05));
#9436 = SEAM_CURVE('',#9437,(#9441,#9448),.PCURVE_S1.);
#9437 = LINE('',#9438,#9439);
#9438 = CARTESIAN_POINT('',(64.63,10.,36.05));
#9439 = VECTOR('',#9440,1.);
#9440 = DIRECTION('',(0.,1.,0.));
#9441 = PCURVE('',#4940,#9442);
#9442 = DEFINITIONAL_REPRESENTATION('',(#9443),#9447);
#9443 = LINE('',#9444,#9445);
#9444 = CARTESIAN_POINT('',(6.28318530718,-0.));
#9445 = VECTOR('',#9446,1.);
#9446 = DIRECTION('',(0.,1.));
#9447 = ( GEOMETRIC_REPRESENTATION_CONTEXT(2) 
PARAMETRIC_REPRESENTATION_CONTEXT() REPRESENTATION_CONTEXT('2D SPACE',''
  ) );
#9448 = PCURVE('',#4940,#9449);
#9449 = DEFINITIONAL_REPRESENTATION('',(#9450),#9454);
#9450 = LINE('',#9451,#9452);
#9451 = CARTESIAN_POINT('',(0.,-0.));
#9452 = VECTOR('',#9453,1.);
#9453 = DIRECTION('',(0.,1.));
#9454 = ( GEOMETRIC_REPRESENTATION_CONTEXT(2) 
PARAMETRIC_REPRESENTATION_CONTEXT() REPRESENTATION_CONTEXT('2D SPACE',''
  ) );
#9455 = ORIENTED_EDGE('',*,*,#9456,.T.);
#9456 = EDGE_CURVE('',#9434,#9434,#9457,.T.);
#9457 = SURFACE_CURVE('',#9458,(#9463,#9470),.PCURVE_S1.);
#9458 = CIRCLE('',#9459,2.25);
#9459 = AXIS2_PLACEMENT_3D('',#9460,#9461,#9462);
#9460 = CARTESIAN_POINT('',(64.63,11.,33.8));
#9461 = DIRECTION('',(0.,1.,0.));
#9462 = DIRECTION('',(0.,-0.,1.));
#9463 = PCURVE('',#4940,#9464);
#9464 = DEFINITIONAL_REPRESENTATION('',(#9465),#9469);
#9465 = LINE('',#9466,#9467);
#9466 = CARTESIAN_POINT('',(0.,1.));
#9467 = VECTOR('',#9468,1.);
#9468 = DIRECTION('',(1.,0.));
#9469 = ( GEOMETRIC_REPRESENTATION_CONTEXT(2) 
PARAMETRIC_REPRESENTATION_CONTEXT() REPRESENTATION_CONTEXT('2D SPACE',''
  ) );
#9470 = PCURVE('',#9471,#9476);
#9471 = PLANE('',#9472);
#9472 = AXIS2_PLACEMENT_3D('',#9473,#9474,#9475);
#9473 = CARTESIAN_POINT('',(64.63,11.,33.8));
#9474 = DIRECTION('',(0.,1.,0.));
#9475 = DIRECTION('',(0.,-0.,1.));
#9476 = DEFINITIONAL_REPRESENTATION('',(#9477),#9481);
#9477 = CIRCLE('',#9478,2.25);
#9478 = AXIS2_PLACEMENT_2D('',#9479,#9480);
#9479 = CARTESIAN_POINT('',(0.,0.));
#9480 = DIRECTION('',(1.,0.));
#9481 = ( GEOMETRIC_REPRESENTATION_CONTEXT(2) 
PARAMETRIC_REPRESENTATION_CONTEXT() REPRESENTATION_CONTEXT('2D SPACE',''
  ) );
#9482 = ORIENTED_EDGE('',*,*,#9433,.T.);
#9483 = ADVANCED_FACE('',(#9484,#9515),#9471,.F.);
#9484 = FACE_BOUND('',#9485,.F.);
#9485 = EDGE_LOOP('',(#9486));
#9486 = ORIENTED_EDGE('',*,*,#9487,.T.);
#9487 = EDGE_CURVE('',#9488,#9488,#9490,.T.);
#9488 = VERTEX_POINT('',#9489);
#9489 = CARTESIAN_POINT('',(64.63,11.,37.8));
#9490 = SURFACE_CURVE('',#9491,(#9496,#9503),.PCURVE_S1.);
#9491 = CIRCLE('',#9492,4.);
#9492 = AXIS2_PLACEMENT_3D('',#9493,#9494,#9495);
#9493 = CARTESIAN_POINT('',(64.63,11.,33.8));
#9494 = DIRECTION('',(0.,1.,0.));
#9495 = DIRECTION('',(0.,-0.,1.));
#9496 = PCURVE('',#9471,#9497);
#9497 = DEFINITIONAL_REPRESENTATION('',(#9498),#9502);
#9498 = CIRCLE('',#9499,4.);
#9499 = AXIS2_PLACEMENT_2D('',#9500,#9501);
#9500 = CARTESIAN_POINT('',(0.,0.));
#9501 = DIRECTION('',(1.,0.));
#9502 = ( GEOMETRIC_REPRESENTATION_CONTEXT(2) 
PARAMETRIC_REPRESENTATION_CONTEXT() REPRESENTATION_CONTEXT('2D SPACE',''
  ) );
#9503 = PCURVE('',#9504,#9509);
#9504 = CYLINDRICAL_SURFACE('',#9505,4.);
#9505 = AXIS2_PLACEMENT_3D('',#9506,#9507,#9508);
#9506 = CARTESIAN_POINT('',(64.63,11.,33.8));
#9507 = DIRECTION('',(0.,1.,0.));
#9508 = DIRECTION('',(0.,-0.,1.));
#9509 = DEFINITIONAL_REPRESENTATION('',(#9510),#9514);
#9510 = LINE('',#9511,#9512);
#9511 = CARTESIAN_POINT('',(0.,0.));
#9512 = VECTOR('',#9513,1.);
#9513 = DIRECTION('',(1.,0.));
#9514 = ( GEOMETRIC_REPRESENTATION_CONTEXT(2) 
PARAMETRIC_REPRESENTATION_CONTEXT() REPRESENTATION_CONTEXT('2D SPACE',''
  ) );
#9515 = FACE_BOUND('',#9516,.F.);
#9516 = EDGE_LOOP('',(#9517));
#9517 = ORIENTED_EDGE('',*,*,#9456,.F.);
#9518 = ADVANCED_FACE('',(#9519),#9504,.T.);
#9519 = FACE_BOUND('',#9520,.T.);
#9520 = EDGE_LOOP('',(#9521,#9545,#9566,#9567));
#9521 = ORIENTED_EDGE('',*,*,#9522,.F.);
#9522 = EDGE_CURVE('',#9523,#9523,#9525,.T.);
#9523 = VERTEX_POINT('',#9524);
#9524 = CARTESIAN_POINT('',(64.63,23.5,37.8));
#9525 = SURFACE_CURVE('',#9526,(#9531,#9538),.PCURVE_S1.);
#9526 = CIRCLE('',#9527,4.);
#9527 = AXIS2_PLACEMENT_3D('',#9528,#9529,#9530);
#9528 = CARTESIAN_POINT('',(64.63,23.5,33.8));
#9529 = DIRECTION('',(0.,1.,0.));
#9530 = DIRECTION('',(0.,-0.,1.));
#9531 = PCURVE('',#9504,#9532);
#9532 = DEFINITIONAL_REPRESENTATION('',(#9533),#9537);
#9533 = LINE('',#9534,#9535);
#9534 = CARTESIAN_POINT('',(0.,12.5));
#9535 = VECTOR('',#9536,1.);
#9536 = DIRECTION('',(1.,0.));
#9537 = ( GEOMETRIC_REPRESENTATION_CONTEXT(2) 
PARAMETRIC_REPRESENTATION_CONTEXT() REPRESENTATION_CONTEXT('2D SPACE',''
  ) );
#9538 = PCURVE('',#4115,#9539);
#9539 = DEFINITIONAL_REPRESENTATION('',(#9540),#9544);
#9540 = CIRCLE('',#9541,4.);
#9541 = AXIS2_PLACEMENT_2D('',#9542,#9543);
#9542 = CARTESIAN_POINT('',(87.58,169.51));
#9543 = DIRECTION('',(1.,0.));
#9544 = ( GEOMETRIC_REPRESENTATION_CONTEXT(2) 
PARAMETRIC_REPRESENTATION_CONTEXT() REPRESENTATION_CONTEXT('2D SPACE',''
  ) );
#9545 = ORIENTED_EDGE('',*,*,#9546,.F.);
#9546 = EDGE_CURVE('',#9488,#9523,#9547,.T.);
#9547 = SEAM_CURVE('',#9548,(#9552,#9559),.PCURVE_S1.);
#9548 = LINE('',#9549,#9550);
#9549 = CARTESIAN_POINT('',(64.63,11.,37.8));
#9550 = VECTOR('',#9551,1.);
#9551 = DIRECTION('',(0.,1.,0.));
#9552 = PCURVE('',#9504,#9553);
#9553 = DEFINITIONAL_REPRESENTATION('',(#9554),#9558);
#9554 = LINE('',#9555,#9556);
#9555 = CARTESIAN_POINT('',(6.28318530718,-0.));
#9556 = VECTOR('',#9557,1.);
#9557 = DIRECTION('',(0.,1.));
#9558 = ( GEOMETRIC_REPRESENTATION_CONTEXT(2) 
PARAMETRIC_REPRESENTATION_CONTEXT() REPRESENTATION_CONTEXT('2D SPACE',''
  ) );
#9559 = PCURVE('',#9504,#9560);
#9560 = DEFINITIONAL_REPRESENTATION('',(#9561),#9565);
#9561 = LINE('',#9562,#9563);
#9562 = CARTESIAN_POINT('',(0.,-0.));
#9563 = VECTOR('',#9564,1.);
#9564 = DIRECTION('',(0.,1.));
#9565 = ( GEOMETRIC_REPRESENTATION_CONTEXT(2) 
PARAMETRIC_REPRESENTATION_CONTEXT() REPRESENTATION_CONTEXT('2D SPACE',''
  ) );
#9566 = ORIENTED_EDGE('',*,*,#9487,.T.);
#9567 = ORIENTED_EDGE('',*,*,#9546,.T.);
#9568 = ADVANCED_FACE('',(#9569),#4887,.F.);
#9569 = FACE_BOUND('',#9570,.F.);
#9570 = EDGE_LOOP('',(#9571,#9596,#9617,#9618));
#9571 = ORIENTED_EDGE('',*,*,#9572,.F.);
#9572 = EDGE_CURVE('',#9573,#9575,#9577,.T.);
#9573 = VERTEX_POINT('',#9574);
#9574 = CARTESIAN_POINT('',(-104.88,23.5,-53.78));
#9575 = VERTEX_POINT('',#9576);
#9576 = CARTESIAN_POINT('',(-104.88,23.5,-20.));
#9577 = SURFACE_CURVE('',#9578,(#9582,#9589),.PCURVE_S1.);
#9578 = LINE('',#9579,#9580);
#9579 = CARTESIAN_POINT('',(-104.88,23.5,-53.78));
#9580 = VECTOR('',#9581,1.);
#9581 = DIRECTION('',(0.,0.,1.));
#9582 = PCURVE('',#4887,#9583);
#9583 = DEFINITIONAL_REPRESENTATION('',(#9584),#9588);
#9584 = LINE('',#9585,#9586);
#9585 = CARTESIAN_POINT('',(0.,0.));
#9586 = VECTOR('',#9587,1.);
#9587 = DIRECTION('',(1.,0.));
#9588 = ( GEOMETRIC_REPRESENTATION_CONTEXT(2) 
PARAMETRIC_REPRESENTATION_CONTEXT() REPRESENTATION_CONTEXT('2D SPACE',''
  ) );
#9589 = PCURVE('',#4115,#9590);
#9590 = DEFINITIONAL_REPRESENTATION('',(#9591),#9595);
#9591 = LINE('',#9592,#9593);
#9592 = CARTESIAN_POINT('',(0.,0.));
#9593 = VECTOR('',#9594,1.);
#9594 = DIRECTION('',(1.,0.));
#9595 = ( GEOMETRIC_REPRESENTATION_CONTEXT(2) 
PARAMETRIC_REPRESENTATION_CONTEXT() REPRESENTATION_CONTEXT('2D SPACE',''
  ) );
#9596 = ORIENTED_EDGE('',*,*,#9597,.T.);
#9597 = EDGE_CURVE('',#9573,#4843,#9598,.T.);
#9598 = SURFACE_CURVE('',#9599,(#9603,#9610),.PCURVE_S1.);
#9599 = LINE('',#9600,#9601);
#9600 = CARTESIAN_POINT('',(-104.88,23.5,-53.78));
#9601 = VECTOR('',#9602,1.);
#9602 = DIRECTION('',(-0.,1.,0.));
#9603 = PCURVE('',#4887,#9604);
#9604 = DEFINITIONAL_REPRESENTATION('',(#9605),#9609);
#9605 = LINE('',#9606,#9607);
#9606 = CARTESIAN_POINT('',(0.,0.));
#9607 = VECTOR('',#9608,1.);
#9608 = DIRECTION('',(0.,-1.));
#9609 = ( GEOMETRIC_REPRESENTATION_CONTEXT(2) 
PARAMETRIC_REPRESENTATION_CONTEXT() REPRESENTATION_CONTEXT('2D SPACE',''
  ) );
#9610 = PCURVE('',#4859,#9611);
#9611 = DEFINITIONAL_REPRESENTATION('',(#9612),#9616);
#9612 = LINE('',#9613,#9614);
#9613 = CARTESIAN_POINT('',(4.712388980385,0.));
#9614 = VECTOR('',#9615,1.);
#9615 = DIRECTION('',(0.,1.));
#9616 = ( GEOMETRIC_REPRESENTATION_CONTEXT(2) 
PARAMETRIC_REPRESENTATION_CONTEXT() REPRESENTATION_CONTEXT('2D SPACE',''
  ) );
#9617 = ORIENTED_EDGE('',*,*,#4871,.T.);
#9618 = ORIENTED_EDGE('',*,*,#9619,.T.);
#9619 = EDGE_CURVE('',#4872,#9575,#9620,.T.);
#9620 = SURFACE_CURVE('',#9621,(#9625,#9631),.PCURVE_S1.);
#9621 = LINE('',#9622,#9623);
#9622 = CARTESIAN_POINT('',(-104.88,14.45,-20.));
#9623 = VECTOR('',#9624,1.);
#9624 = DIRECTION('',(0.,-1.,0.));
#9625 = PCURVE('',#4887,#9626);
#9626 = DEFINITIONAL_REPRESENTATION('',(#9627),#9630);
#9627 = B_SPLINE_CURVE_WITH_KNOTS('',1,(#9628,#9629),.UNSPECIFIED.,.F.,
  .F.,(2,2),(-11.55,-9.05),.PIECEWISE_BEZIER_KNOTS.);
#9628 = CARTESIAN_POINT('',(33.78,-2.5));
#9629 = CARTESIAN_POINT('',(33.78,0.));
#9630 = ( GEOMETRIC_REPRESENTATION_CONTEXT(2) 
PARAMETRIC_REPRESENTATION_CONTEXT() REPRESENTATION_CONTEXT('2D SPACE',''
  ) );
#9631 = PCURVE('',#4142,#9632);
#9632 = DEFINITIONAL_REPRESENTATION('',(#9633),#9637);
#9633 = LINE('',#9634,#9635);
#9634 = CARTESIAN_POINT('',(45.12,9.05));
#9635 = VECTOR('',#9636,1.);
#9636 = DIRECTION('',(0.,-1.));
#9637 = ( GEOMETRIC_REPRESENTATION_CONTEXT(2) 
PARAMETRIC_REPRESENTATION_CONTEXT() REPRESENTATION_CONTEXT('2D SPACE',''
  ) );
#9638 = ADVANCED_FACE('',(#9639),#4859,.T.);
#9639 = FACE_BOUND('',#9640,.T.);
#9640 = EDGE_LOOP('',(#9641,#9642,#9665,#9687));
#9641 = ORIENTED_EDGE('',*,*,#4842,.F.);
#9642 = ORIENTED_EDGE('',*,*,#9643,.F.);
#9643 = EDGE_CURVE('',#9644,#4815,#9646,.T.);
#9644 = VERTEX_POINT('',#9645);
#9645 = CARTESIAN_POINT('',(-99.88,23.5,-58.78));
#9646 = SURFACE_CURVE('',#9647,(#9651,#9658),.PCURVE_S1.);
#9647 = LINE('',#9648,#9649);
#9648 = CARTESIAN_POINT('',(-99.88,23.5,-58.78));
#9649 = VECTOR('',#9650,1.);
#9650 = DIRECTION('',(-0.,1.,0.));
#9651 = PCURVE('',#4859,#9652);
#9652 = DEFINITIONAL_REPRESENTATION('',(#9653),#9657);
#9653 = LINE('',#9654,#9655);
#9654 = CARTESIAN_POINT('',(3.14159265359,0.));
#9655 = VECTOR('',#9656,1.);
#9656 = DIRECTION('',(0.,1.));
#9657 = ( GEOMETRIC_REPRESENTATION_CONTEXT(2) 
PARAMETRIC_REPRESENTATION_CONTEXT() REPRESENTATION_CONTEXT('2D SPACE',''
  ) );
#9658 = PCURVE('',#4830,#9659);
#9659 = DEFINITIONAL_REPRESENTATION('',(#9660),#9664);
#9660 = LINE('',#9661,#9662);
#9661 = CARTESIAN_POINT('',(0.,0.));
#9662 = VECTOR('',#9663,1.);
#9663 = DIRECTION('',(0.,1.));
#9664 = ( GEOMETRIC_REPRESENTATION_CONTEXT(2) 
PARAMETRIC_REPRESENTATION_CONTEXT() REPRESENTATION_CONTEXT('2D SPACE',''
  ) );
#9665 = ORIENTED_EDGE('',*,*,#9666,.T.);
#9666 = EDGE_CURVE('',#9644,#9573,#9667,.T.);
#9667 = SURFACE_CURVE('',#9668,(#9673,#9680),.PCURVE_S1.);
#9668 = CIRCLE('',#9669,5.);
#9669 = AXIS2_PLACEMENT_3D('',#9670,#9671,#9672);
#9670 = CARTESIAN_POINT('',(-99.88,23.5,-53.78));
#9671 = DIRECTION('',(0.,1.,0.));
#9672 = DIRECTION('',(0.,-0.,1.));
#9673 = PCURVE('',#4859,#9674);
#9674 = DEFINITIONAL_REPRESENTATION('',(#9675),#9679);
#9675 = LINE('',#9676,#9677);
#9676 = CARTESIAN_POINT('',(0.,0.));
#9677 = VECTOR('',#9678,1.);
#9678 = DIRECTION('',(1.,0.));
#9679 = ( GEOMETRIC_REPRESENTATION_CONTEXT(2) 
PARAMETRIC_REPRESENTATION_CONTEXT() REPRESENTATION_CONTEXT('2D SPACE',''
  ) );
#9680 = PCURVE('',#4115,#9681);
#9681 = DEFINITIONAL_REPRESENTATION('',(#9682),#9686);
#9682 = CIRCLE('',#9683,5.);
#9683 = AXIS2_PLACEMENT_2D('',#9684,#9685);
#9684 = CARTESIAN_POINT('',(0.,5.));
#9685 = DIRECTION('',(1.,0.));
#9686 = ( GEOMETRIC_REPRESENTATION_CONTEXT(2) 
PARAMETRIC_REPRESENTATION_CONTEXT() REPRESENTATION_CONTEXT('2D SPACE',''
  ) );
#9687 = ORIENTED_EDGE('',*,*,#9597,.T.);
#9688 = ADVANCED_FACE('',(#9689),#4830,.F.);
#9689 = FACE_BOUND('',#9690,.F.);
#9690 = EDGE_LOOP('',(#9691,#9692,#9715,#9736));
#9691 = ORIENTED_EDGE('',*,*,#9643,.F.);
#9692 = ORIENTED_EDGE('',*,*,#9693,.T.);
#9693 = EDGE_CURVE('',#9644,#9694,#9696,.T.);
#9694 = VERTEX_POINT('',#9695);
#9695 = CARTESIAN_POINT('',(99.88,23.5,-58.78));
#9696 = SURFACE_CURVE('',#9697,(#9701,#9708),.PCURVE_S1.);
#9697 = LINE('',#9698,#9699);
#9698 = CARTESIAN_POINT('',(-99.88,23.5,-58.78));
#9699 = VECTOR('',#9700,1.);
#9700 = DIRECTION('',(1.,0.,-0.));
#9701 = PCURVE('',#4830,#9702);
#9702 = DEFINITIONAL_REPRESENTATION('',(#9703),#9707);
#9703 = LINE('',#9704,#9705);
#9704 = CARTESIAN_POINT('',(0.,0.));
#9705 = VECTOR('',#9706,1.);
#9706 = DIRECTION('',(1.,0.));
#9707 = ( GEOMETRIC_REPRESENTATION_CONTEXT(2) 
PARAMETRIC_REPRESENTATION_CONTEXT() REPRESENTATION_CONTEXT('2D SPACE',''
  ) );
#9708 = PCURVE('',#4115,#9709);
#9709 = DEFINITIONAL_REPRESENTATION('',(#9710),#9714);
#9710 = LINE('',#9711,#9712);
#9711 = CARTESIAN_POINT('',(-5.,5.));
#9712 = VECTOR('',#9713,1.);
#9713 = DIRECTION('',(0.,1.));
#9714 = ( GEOMETRIC_REPRESENTATION_CONTEXT(2) 
PARAMETRIC_REPRESENTATION_CONTEXT() REPRESENTATION_CONTEXT('2D SPACE',''
  ) );
#9715 = ORIENTED_EDGE('',*,*,#9716,.T.);
#9716 = EDGE_CURVE('',#9694,#4786,#9717,.T.);
#9717 = SURFACE_CURVE('',#9718,(#9722,#9729),.PCURVE_S1.);
#9718 = LINE('',#9719,#9720);
#9719 = CARTESIAN_POINT('',(99.88,23.5,-58.78));
#9720 = VECTOR('',#9721,1.);
#9721 = DIRECTION('',(-0.,1.,0.));
#9722 = PCURVE('',#4830,#9723);
#9723 = DEFINITIONAL_REPRESENTATION('',(#9724),#9728);
#9724 = LINE('',#9725,#9726);
#9725 = CARTESIAN_POINT('',(199.76,0.));
#9726 = VECTOR('',#9727,1.);
#9727 = DIRECTION('',(0.,1.));
#9728 = ( GEOMETRIC_REPRESENTATION_CONTEXT(2) 
PARAMETRIC_REPRESENTATION_CONTEXT() REPRESENTATION_CONTEXT('2D SPACE',''
  ) );
#9729 = PCURVE('',#4802,#9730);
#9730 = DEFINITIONAL_REPRESENTATION('',(#9731),#9735);
#9731 = LINE('',#9732,#9733);
#9732 = CARTESIAN_POINT('',(3.14159265359,0.));
#9733 = VECTOR('',#9734,1.);
#9734 = DIRECTION('',(0.,1.));
#9735 = ( GEOMETRIC_REPRESENTATION_CONTEXT(2) 
PARAMETRIC_REPRESENTATION_CONTEXT() REPRESENTATION_CONTEXT('2D SPACE',''
  ) );
#9736 = ORIENTED_EDGE('',*,*,#4814,.F.);
#9737 = ADVANCED_FACE('',(#9738),#4802,.T.);
#9738 = FACE_BOUND('',#9739,.T.);
#9739 = EDGE_LOOP('',(#9740,#9741,#9764,#9786));
#9740 = ORIENTED_EDGE('',*,*,#4785,.F.);
#9741 = ORIENTED_EDGE('',*,*,#9742,.F.);
#9742 = EDGE_CURVE('',#9743,#4758,#9745,.T.);
#9743 = VERTEX_POINT('',#9744);
#9744 = CARTESIAN_POINT('',(104.88,23.5,-53.78));
#9745 = SURFACE_CURVE('',#9746,(#9750,#9757),.PCURVE_S1.);
#9746 = LINE('',#9747,#9748);
#9747 = CARTESIAN_POINT('',(104.88,23.5,-53.78));
#9748 = VECTOR('',#9749,1.);
#9749 = DIRECTION('',(-0.,1.,0.));
#9750 = PCURVE('',#4802,#9751);
#9751 = DEFINITIONAL_REPRESENTATION('',(#9752),#9756);
#9752 = LINE('',#9753,#9754);
#9753 = CARTESIAN_POINT('',(1.570796326795,0.));
#9754 = VECTOR('',#9755,1.);
#9755 = DIRECTION('',(0.,1.));
#9756 = ( GEOMETRIC_REPRESENTATION_CONTEXT(2) 
PARAMETRIC_REPRESENTATION_CONTEXT() REPRESENTATION_CONTEXT('2D SPACE',''
  ) );
#9757 = PCURVE('',#4773,#9758);
#9758 = DEFINITIONAL_REPRESENTATION('',(#9759),#9763);
#9759 = LINE('',#9760,#9761);
#9760 = CARTESIAN_POINT('',(0.,0.));
#9761 = VECTOR('',#9762,1.);
#9762 = DIRECTION('',(0.,-1.));
#9763 = ( GEOMETRIC_REPRESENTATION_CONTEXT(2) 
PARAMETRIC_REPRESENTATION_CONTEXT() REPRESENTATION_CONTEXT('2D SPACE',''
  ) );
#9764 = ORIENTED_EDGE('',*,*,#9765,.T.);
#9765 = EDGE_CURVE('',#9743,#9694,#9766,.T.);
#9766 = SURFACE_CURVE('',#9767,(#9772,#9779),.PCURVE_S1.);
#9767 = CIRCLE('',#9768,5.);
#9768 = AXIS2_PLACEMENT_3D('',#9769,#9770,#9771);
#9769 = CARTESIAN_POINT('',(99.88,23.5,-53.78));
#9770 = DIRECTION('',(0.,1.,0.));
#9771 = DIRECTION('',(0.,-0.,1.));
#9772 = PCURVE('',#4802,#9773);
#9773 = DEFINITIONAL_REPRESENTATION('',(#9774),#9778);
#9774 = LINE('',#9775,#9776);
#9775 = CARTESIAN_POINT('',(0.,0.));
#9776 = VECTOR('',#9777,1.);
#9777 = DIRECTION('',(1.,0.));
#9778 = ( GEOMETRIC_REPRESENTATION_CONTEXT(2) 
PARAMETRIC_REPRESENTATION_CONTEXT() REPRESENTATION_CONTEXT('2D SPACE',''
  ) );
#9779 = PCURVE('',#4115,#9780);
#9780 = DEFINITIONAL_REPRESENTATION('',(#9781),#9785);
#9781 = CIRCLE('',#9782,5.);
#9782 = AXIS2_PLACEMENT_2D('',#9783,#9784);
#9783 = CARTESIAN_POINT('',(0.,204.76));
#9784 = DIRECTION('',(1.,0.));
#9785 = ( GEOMETRIC_REPRESENTATION_CONTEXT(2) 
PARAMETRIC_REPRESENTATION_CONTEXT() REPRESENTATION_CONTEXT('2D SPACE',''
  ) );
#9786 = ORIENTED_EDGE('',*,*,#9716,.T.);
#9787 = ADVANCED_FACE('',(#9788),#4773,.T.);
#9788 = FACE_BOUND('',#9789,.T.);
#9789 = EDGE_LOOP('',(#9790,#9813,#9814,#9815));
#9790 = ORIENTED_EDGE('',*,*,#9791,.F.);
#9791 = EDGE_CURVE('',#9743,#9792,#9794,.T.);
#9792 = VERTEX_POINT('',#9793);
#9793 = CARTESIAN_POINT('',(104.88,23.5,53.78));
#9794 = SURFACE_CURVE('',#9795,(#9799,#9806),.PCURVE_S1.);
#9795 = LINE('',#9796,#9797);
#9796 = CARTESIAN_POINT('',(104.88,23.5,-53.78));
#9797 = VECTOR('',#9798,1.);
#9798 = DIRECTION('',(0.,0.,1.));
#9799 = PCURVE('',#4773,#9800);
#9800 = DEFINITIONAL_REPRESENTATION('',(#9801),#9805);
#9801 = LINE('',#9802,#9803);
#9802 = CARTESIAN_POINT('',(0.,0.));
#9803 = VECTOR('',#9804,1.);
#9804 = DIRECTION('',(1.,0.));
#9805 = ( GEOMETRIC_REPRESENTATION_CONTEXT(2) 
PARAMETRIC_REPRESENTATION_CONTEXT() REPRESENTATION_CONTEXT('2D SPACE',''
  ) );
#9806 = PCURVE('',#4115,#9807);
#9807 = DEFINITIONAL_REPRESENTATION('',(#9808),#9812);
#9808 = LINE('',#9809,#9810);
#9809 = CARTESIAN_POINT('',(0.,209.76));
#9810 = VECTOR('',#9811,1.);
#9811 = DIRECTION('',(1.,0.));
#9812 = ( GEOMETRIC_REPRESENTATION_CONTEXT(2) 
PARAMETRIC_REPRESENTATION_CONTEXT() REPRESENTATION_CONTEXT('2D SPACE',''
  ) );
#9813 = ORIENTED_EDGE('',*,*,#9742,.T.);
#9814 = ORIENTED_EDGE('',*,*,#4757,.T.);
#9815 = ORIENTED_EDGE('',*,*,#9816,.F.);
#9816 = EDGE_CURVE('',#9792,#4729,#9817,.T.);
#9817 = SURFACE_CURVE('',#9818,(#9822,#9829),.PCURVE_S1.);
#9818 = LINE('',#9819,#9820);
#9819 = CARTESIAN_POINT('',(104.88,23.5,53.78));
#9820 = VECTOR('',#9821,1.);
#9821 = DIRECTION('',(-0.,1.,0.));
#9822 = PCURVE('',#4773,#9823);
#9823 = DEFINITIONAL_REPRESENTATION('',(#9824),#9828);
#9824 = LINE('',#9825,#9826);
#9825 = CARTESIAN_POINT('',(107.56,0.));
#9826 = VECTOR('',#9827,1.);
#9827 = DIRECTION('',(0.,-1.));
#9828 = ( GEOMETRIC_REPRESENTATION_CONTEXT(2) 
PARAMETRIC_REPRESENTATION_CONTEXT() REPRESENTATION_CONTEXT('2D SPACE',''
  ) );
#9829 = PCURVE('',#4745,#9830);
#9830 = DEFINITIONAL_REPRESENTATION('',(#9831),#9835);
#9831 = LINE('',#9832,#9833);
#9832 = CARTESIAN_POINT('',(1.570796326795,0.));
#9833 = VECTOR('',#9834,1.);
#9834 = DIRECTION('',(0.,1.));
#9835 = ( GEOMETRIC_REPRESENTATION_CONTEXT(2) 
PARAMETRIC_REPRESENTATION_CONTEXT() REPRESENTATION_CONTEXT('2D SPACE',''
  ) );
#9836 = ADVANCED_FACE('',(#9837),#4745,.T.);
#9837 = FACE_BOUND('',#9838,.T.);
#9838 = EDGE_LOOP('',(#9839,#9840,#9862,#9884));
#9839 = ORIENTED_EDGE('',*,*,#4728,.F.);
#9840 = ORIENTED_EDGE('',*,*,#9841,.F.);
#9841 = EDGE_CURVE('',#9842,#4701,#9844,.T.);
#9842 = VERTEX_POINT('',#9843);
#9843 = CARTESIAN_POINT('',(99.88,23.5,58.78));
#9844 = SURFACE_CURVE('',#9845,(#9849,#9855),.PCURVE_S1.);
#9845 = LINE('',#9846,#9847);
#9846 = CARTESIAN_POINT('',(99.88,23.5,58.78));
#9847 = VECTOR('',#9848,1.);
#9848 = DIRECTION('',(-0.,1.,0.));
#9849 = PCURVE('',#4745,#9850);
#9850 = DEFINITIONAL_REPRESENTATION('',(#9851),#9854);
#9851 = B_SPLINE_CURVE_WITH_KNOTS('',1,(#9852,#9853),.UNSPECIFIED.,.F.,
  .F.,(2,2),(0.,2.5),.PIECEWISE_BEZIER_KNOTS.);
#9852 = CARTESIAN_POINT('',(0.,0.));
#9853 = CARTESIAN_POINT('',(0.,2.5));
#9854 = ( GEOMETRIC_REPRESENTATION_CONTEXT(2) 
PARAMETRIC_REPRESENTATION_CONTEXT() REPRESENTATION_CONTEXT('2D SPACE',''
  ) );
#9855 = PCURVE('',#4716,#9856);
#9856 = DEFINITIONAL_REPRESENTATION('',(#9857),#9861);
#9857 = LINE('',#9858,#9859);
#9858 = CARTESIAN_POINT('',(199.76,0.));
#9859 = VECTOR('',#9860,1.);
#9860 = DIRECTION('',(0.,1.));
#9861 = ( GEOMETRIC_REPRESENTATION_CONTEXT(2) 
PARAMETRIC_REPRESENTATION_CONTEXT() REPRESENTATION_CONTEXT('2D SPACE',''
  ) );
#9862 = ORIENTED_EDGE('',*,*,#9863,.T.);
#9863 = EDGE_CURVE('',#9842,#9792,#9864,.T.);
#9864 = SURFACE_CURVE('',#9865,(#9870,#9877),.PCURVE_S1.);
#9865 = CIRCLE('',#9866,5.);
#9866 = AXIS2_PLACEMENT_3D('',#9867,#9868,#9869);
#9867 = CARTESIAN_POINT('',(99.88,23.5,53.78));
#9868 = DIRECTION('',(0.,1.,0.));
#9869 = DIRECTION('',(0.,-0.,1.));
#9870 = PCURVE('',#4745,#9871);
#9871 = DEFINITIONAL_REPRESENTATION('',(#9872),#9876);
#9872 = LINE('',#9873,#9874);
#9873 = CARTESIAN_POINT('',(0.,0.));
#9874 = VECTOR('',#9875,1.);
#9875 = DIRECTION('',(1.,0.));
#9876 = ( GEOMETRIC_REPRESENTATION_CONTEXT(2) 
PARAMETRIC_REPRESENTATION_CONTEXT() REPRESENTATION_CONTEXT('2D SPACE',''
  ) );
#9877 = PCURVE('',#4115,#9878);
#9878 = DEFINITIONAL_REPRESENTATION('',(#9879),#9883);
#9879 = CIRCLE('',#9880,5.);
#9880 = AXIS2_PLACEMENT_2D('',#9881,#9882);
#9881 = CARTESIAN_POINT('',(107.56,204.76));
#9882 = DIRECTION('',(1.,0.));
#9883 = ( GEOMETRIC_REPRESENTATION_CONTEXT(2) 
PARAMETRIC_REPRESENTATION_CONTEXT() REPRESENTATION_CONTEXT('2D SPACE',''
  ) );
#9884 = ORIENTED_EDGE('',*,*,#9816,.T.);
#9885 = ADVANCED_FACE('',(#9886),#4716,.T.);
#9886 = FACE_BOUND('',#9887,.T.);
#9887 = EDGE_LOOP('',(#9888,#9910,#9931,#9932));
#9888 = ORIENTED_EDGE('',*,*,#9889,.F.);
#9889 = EDGE_CURVE('',#9890,#4672,#9892,.T.);
#9890 = VERTEX_POINT('',#9891);
#9891 = CARTESIAN_POINT('',(-99.88,23.5,58.78));
#9892 = SURFACE_CURVE('',#9893,(#9897,#9904),.PCURVE_S1.);
#9893 = LINE('',#9894,#9895);
#9894 = CARTESIAN_POINT('',(-99.88,23.5,58.78));
#9895 = VECTOR('',#9896,1.);
#9896 = DIRECTION('',(-0.,1.,0.));
#9897 = PCURVE('',#4716,#9898);
#9898 = DEFINITIONAL_REPRESENTATION('',(#9899),#9903);
#9899 = LINE('',#9900,#9901);
#9900 = CARTESIAN_POINT('',(0.,0.));
#9901 = VECTOR('',#9902,1.);
#9902 = DIRECTION('',(0.,1.));
#9903 = ( GEOMETRIC_REPRESENTATION_CONTEXT(2) 
PARAMETRIC_REPRESENTATION_CONTEXT() REPRESENTATION_CONTEXT('2D SPACE',''
  ) );
#9904 = PCURVE('',#4688,#9905);
#9905 = DEFINITIONAL_REPRESENTATION('',(#9906),#9909);
#9906 = B_SPLINE_CURVE_WITH_KNOTS('',1,(#9907,#9908),.UNSPECIFIED.,.F.,
  .F.,(2,2),(0.,2.5),.PIECEWISE_BEZIER_KNOTS.);
#9907 = CARTESIAN_POINT('',(6.28318530718,0.));
#9908 = CARTESIAN_POINT('',(6.28318530718,2.5));
#9909 = ( GEOMETRIC_REPRESENTATION_CONTEXT(2) 
PARAMETRIC_REPRESENTATION_CONTEXT() REPRESENTATION_CONTEXT('2D SPACE',''
  ) );
#9910 = ORIENTED_EDGE('',*,*,#9911,.T.);
#9911 = EDGE_CURVE('',#9890,#9842,#9912,.T.);
#9912 = SURFACE_CURVE('',#9913,(#9917,#9924),.PCURVE_S1.);
#9913 = LINE('',#9914,#9915);
#9914 = CARTESIAN_POINT('',(-99.88,23.5,58.78));
#9915 = VECTOR('',#9916,1.);
#9916 = DIRECTION('',(1.,0.,-0.));
#9917 = PCURVE('',#4716,#9918);
#9918 = DEFINITIONAL_REPRESENTATION('',(#9919),#9923);
#9919 = LINE('',#9920,#9921);
#9920 = CARTESIAN_POINT('',(0.,0.));
#9921 = VECTOR('',#9922,1.);
#9922 = DIRECTION('',(1.,0.));
#9923 = ( GEOMETRIC_REPRESENTATION_CONTEXT(2) 
PARAMETRIC_REPRESENTATION_CONTEXT() REPRESENTATION_CONTEXT('2D SPACE',''
  ) );
#9924 = PCURVE('',#4115,#9925);
#9925 = DEFINITIONAL_REPRESENTATION('',(#9926),#9930);
#9926 = LINE('',#9927,#9928);
#9927 = CARTESIAN_POINT('',(112.56,5.));
#9928 = VECTOR('',#9929,1.);
#9929 = DIRECTION('',(0.,1.));
#9930 = ( GEOMETRIC_REPRESENTATION_CONTEXT(2) 
PARAMETRIC_REPRESENTATION_CONTEXT() REPRESENTATION_CONTEXT('2D SPACE',''
  ) );
#9931 = ORIENTED_EDGE('',*,*,#9841,.T.);
#9932 = ORIENTED_EDGE('',*,*,#4700,.F.);
#9933 = ADVANCED_FACE('',(#9934),#4688,.T.);
#9934 = FACE_BOUND('',#9935,.T.);
#9935 = EDGE_LOOP('',(#9936,#9937,#9960,#9982));
#9936 = ORIENTED_EDGE('',*,*,#4671,.F.);
#9937 = ORIENTED_EDGE('',*,*,#9938,.F.);
#9938 = EDGE_CURVE('',#9939,#4644,#9941,.T.);
#9939 = VERTEX_POINT('',#9940);
#9940 = CARTESIAN_POINT('',(-104.88,23.5,53.78));
#9941 = SURFACE_CURVE('',#9942,(#9946,#9953),.PCURVE_S1.);
#9942 = LINE('',#9943,#9944);
#9943 = CARTESIAN_POINT('',(-104.88,23.5,53.78));
#9944 = VECTOR('',#9945,1.);
#9945 = DIRECTION('',(-0.,1.,0.));
#9946 = PCURVE('',#4688,#9947);
#9947 = DEFINITIONAL_REPRESENTATION('',(#9948),#9952);
#9948 = LINE('',#9949,#9950);
#9949 = CARTESIAN_POINT('',(4.712388980385,0.));
#9950 = VECTOR('',#9951,1.);
#9951 = DIRECTION('',(0.,1.));
#9952 = ( GEOMETRIC_REPRESENTATION_CONTEXT(2) 
PARAMETRIC_REPRESENTATION_CONTEXT() REPRESENTATION_CONTEXT('2D SPACE',''
  ) );
#9953 = PCURVE('',#4659,#9954);
#9954 = DEFINITIONAL_REPRESENTATION('',(#9955),#9959);
#9955 = LINE('',#9956,#9957);
#9956 = CARTESIAN_POINT('',(107.56,0.));
#9957 = VECTOR('',#9958,1.);
#9958 = DIRECTION('',(0.,-1.));
#9959 = ( GEOMETRIC_REPRESENTATION_CONTEXT(2) 
PARAMETRIC_REPRESENTATION_CONTEXT() REPRESENTATION_CONTEXT('2D SPACE',''
  ) );
#9960 = ORIENTED_EDGE('',*,*,#9961,.T.);
#9961 = EDGE_CURVE('',#9939,#9890,#9962,.T.);
#9962 = SURFACE_CURVE('',#9963,(#9968,#9975),.PCURVE_S1.);
#9963 = CIRCLE('',#9964,5.);
#9964 = AXIS2_PLACEMENT_3D('',#9965,#9966,#9967);
#9965 = CARTESIAN_POINT('',(-99.88,23.5,53.78));
#9966 = DIRECTION('',(0.,1.,0.));
#9967 = DIRECTION('',(0.,-0.,1.));
#9968 = PCURVE('',#4688,#9969);
#9969 = DEFINITIONAL_REPRESENTATION('',(#9970),#9974);
#9970 = LINE('',#9971,#9972);
#9971 = CARTESIAN_POINT('',(0.,0.));
#9972 = VECTOR('',#9973,1.);
#9973 = DIRECTION('',(1.,0.));
#9974 = ( GEOMETRIC_REPRESENTATION_CONTEXT(2) 
PARAMETRIC_REPRESENTATION_CONTEXT() REPRESENTATION_CONTEXT('2D SPACE',''
  ) );
#9975 = PCURVE('',#4115,#9976);
#9976 = DEFINITIONAL_REPRESENTATION('',(#9977),#9981);
#9977 = CIRCLE('',#9978,5.);
#9978 = AXIS2_PLACEMENT_2D('',#9979,#9980);
#9979 = CARTESIAN_POINT('',(107.56,5.));
#9980 = DIRECTION('',(1.,0.));
#9981 = ( GEOMETRIC_REPRESENTATION_CONTEXT(2) 
PARAMETRIC_REPRESENTATION_CONTEXT() REPRESENTATION_CONTEXT('2D SPACE',''
  ) );
#9982 = ORIENTED_EDGE('',*,*,#9889,.T.);
#9983 = ADVANCED_FACE('',(#9984),#4659,.F.);
#9984 = FACE_BOUND('',#9985,.F.);
#9985 = EDGE_LOOP('',(#9986,#10009,#10029,#10030));
#9986 = ORIENTED_EDGE('',*,*,#9987,.F.);
#9987 = EDGE_CURVE('',#9988,#9939,#9990,.T.);
#9988 = VERTEX_POINT('',#9989);
#9989 = CARTESIAN_POINT('',(-104.88,23.5,20.));
#9990 = SURFACE_CURVE('',#9991,(#9995,#10002),.PCURVE_S1.);
#9991 = LINE('',#9992,#9993);
#9992 = CARTESIAN_POINT('',(-104.88,23.5,-53.78));
#9993 = VECTOR('',#9994,1.);
#9994 = DIRECTION('',(0.,0.,1.));
#9995 = PCURVE('',#4659,#9996);
#9996 = DEFINITIONAL_REPRESENTATION('',(#9997),#10001);
#9997 = LINE('',#9998,#9999);
#9998 = CARTESIAN_POINT('',(0.,0.));
#9999 = VECTOR('',#10000,1.);
#10000 = DIRECTION('',(1.,0.));
#10001 = ( GEOMETRIC_REPRESENTATION_CONTEXT(2) 
PARAMETRIC_REPRESENTATION_CONTEXT() REPRESENTATION_CONTEXT('2D SPACE',''
  ) );
#10002 = PCURVE('',#4115,#10003);
#10003 = DEFINITIONAL_REPRESENTATION('',(#10004),#10008);
#10004 = LINE('',#10005,#10006);
#10005 = CARTESIAN_POINT('',(0.,0.));
#10006 = VECTOR('',#10007,1.);
#10007 = DIRECTION('',(1.,0.));
#10008 = ( GEOMETRIC_REPRESENTATION_CONTEXT(2) 
PARAMETRIC_REPRESENTATION_CONTEXT() REPRESENTATION_CONTEXT('2D SPACE',''
  ) );
#10009 = ORIENTED_EDGE('',*,*,#10010,.F.);
#10010 = EDGE_CURVE('',#4621,#9988,#10011,.T.);
#10011 = SURFACE_CURVE('',#10012,(#10016,#10022),.PCURVE_S1.);
#10012 = LINE('',#10013,#10014);
#10013 = CARTESIAN_POINT('',(-104.88,14.45,20.));
#10014 = VECTOR('',#10015,1.);
#10015 = DIRECTION('',(0.,-1.,0.));
#10016 = PCURVE('',#4659,#10017);
#10017 = DEFINITIONAL_REPRESENTATION('',(#10018),#10021);
#10018 = B_SPLINE_CURVE_WITH_KNOTS('',1,(#10019,#10020),.UNSPECIFIED.,
  .F.,.F.,(2,2),(-11.55,-9.05),.PIECEWISE_BEZIER_KNOTS.);
#10019 = CARTESIAN_POINT('',(73.78,-2.5));
#10020 = CARTESIAN_POINT('',(73.78,0.));
#10021 = ( GEOMETRIC_REPRESENTATION_CONTEXT(2) 
PARAMETRIC_REPRESENTATION_CONTEXT() REPRESENTATION_CONTEXT('2D SPACE',''
  ) );
#10022 = PCURVE('',#4196,#10023);
#10023 = DEFINITIONAL_REPRESENTATION('',(#10024),#10028);
#10024 = LINE('',#10025,#10026);
#10025 = CARTESIAN_POINT('',(45.12,9.05));
#10026 = VECTOR('',#10027,1.);
#10027 = DIRECTION('',(0.,-1.));
#10028 = ( GEOMETRIC_REPRESENTATION_CONTEXT(2) 
PARAMETRIC_REPRESENTATION_CONTEXT() REPRESENTATION_CONTEXT('2D SPACE',''
  ) );
#10029 = ORIENTED_EDGE('',*,*,#4643,.T.);
#10030 = ORIENTED_EDGE('',*,*,#9938,.F.);
#10031 = ADVANCED_FACE('',(#10032),#4088,.F.);
#10032 = FACE_BOUND('',#10033,.F.);
#10033 = EDGE_LOOP('',(#10034,#10035,#10036,#10037));
#10034 = ORIENTED_EDGE('',*,*,#4072,.F.);
#10035 = ORIENTED_EDGE('',*,*,#4231,.T.);
#10036 = ORIENTED_EDGE('',*,*,#4331,.T.);
#10037 = ORIENTED_EDGE('',*,*,#10038,.T.);
#10038 = EDGE_CURVE('',#4332,#4073,#10039,.T.);
#10039 = SURFACE_CURVE('',#10040,(#10044,#10051),.PCURVE_S1.);
#10040 = LINE('',#10041,#10042);
#10041 = CARTESIAN_POINT('',(-56.,23.5,-22.));
#10042 = VECTOR('',#10043,1.);
#10043 = DIRECTION('',(-1.,0.,0.));
#10044 = PCURVE('',#4088,#10045);
#10045 = DEFINITIONAL_REPRESENTATION('',(#10046),#10050);
#10046 = LINE('',#10047,#10048);
#10047 = CARTESIAN_POINT('',(46.08,19.5));
#10048 = VECTOR('',#10049,1.);
#10049 = DIRECTION('',(-1.,0.));
#10050 = ( GEOMETRIC_REPRESENTATION_CONTEXT(2) 
PARAMETRIC_REPRESENTATION_CONTEXT() REPRESENTATION_CONTEXT('2D SPACE',''
  ) );
#10051 = PCURVE('',#4115,#10052);
#10052 = DEFINITIONAL_REPRESENTATION('',(#10053),#10057);
#10053 = LINE('',#10054,#10055);
#10054 = CARTESIAN_POINT('',(31.78,48.88));
#10055 = VECTOR('',#10056,1.);
#10056 = DIRECTION('',(0.,-1.));
#10057 = ( GEOMETRIC_REPRESENTATION_CONTEXT(2) 
PARAMETRIC_REPRESENTATION_CONTEXT() REPRESENTATION_CONTEXT('2D SPACE',''
  ) );
#10058 = ADVANCED_FACE('',(#10059),#4142,.T.);
#10059 = FACE_BOUND('',#10060,.T.);
#10060 = EDGE_LOOP('',(#10061,#10082,#10083,#10104,#10105,#10106,#10107,
    #10108));
#10061 = ORIENTED_EDGE('',*,*,#10062,.T.);
#10062 = EDGE_CURVE('',#9575,#4101,#10063,.T.);
#10063 = SURFACE_CURVE('',#10064,(#10068,#10075),.PCURVE_S1.);
#10064 = LINE('',#10065,#10066);
#10065 = CARTESIAN_POINT('',(-127.44,23.5,-20.));
#10066 = VECTOR('',#10067,1.);
#10067 = DIRECTION('',(1.,0.,-0.));
#10068 = PCURVE('',#4142,#10069);
#10069 = DEFINITIONAL_REPRESENTATION('',(#10070),#10074);
#10070 = LINE('',#10071,#10072);
#10071 = CARTESIAN_POINT('',(22.56,18.1));
#10072 = VECTOR('',#10073,1.);
#10073 = DIRECTION('',(1.,0.));
#10074 = ( GEOMETRIC_REPRESENTATION_CONTEXT(2) 
PARAMETRIC_REPRESENTATION_CONTEXT() REPRESENTATION_CONTEXT('2D SPACE',''
  ) );
#10075 = PCURVE('',#4115,#10076);
#10076 = DEFINITIONAL_REPRESENTATION('',(#10077),#10081);
#10077 = LINE('',#10078,#10079);
#10078 = CARTESIAN_POINT('',(33.78,-22.56));
#10079 = VECTOR('',#10080,1.);
#10080 = DIRECTION('',(0.,1.));
#10081 = ( GEOMETRIC_REPRESENTATION_CONTEXT(2) 
PARAMETRIC_REPRESENTATION_CONTEXT() REPRESENTATION_CONTEXT('2D SPACE',''
  ) );
#10082 = ORIENTED_EDGE('',*,*,#4127,.T.);
#10083 = ORIENTED_EDGE('',*,*,#10084,.F.);
#10084 = EDGE_CURVE('',#4379,#4128,#10085,.T.);
#10085 = SURFACE_CURVE('',#10086,(#10090,#10097),.PCURVE_S1.);
#10086 = LINE('',#10087,#10088);
#10087 = CARTESIAN_POINT('',(-56.,5.4,-20.));
#10088 = VECTOR('',#10089,1.);
#10089 = DIRECTION('',(-1.,0.,0.));
#10090 = PCURVE('',#4142,#10091);
#10091 = DEFINITIONAL_REPRESENTATION('',(#10092),#10096);
#10092 = LINE('',#10093,#10094);
#10093 = CARTESIAN_POINT('',(94.,0.));
#10094 = VECTOR('',#10095,1.);
#10095 = DIRECTION('',(-1.,0.));
#10096 = ( GEOMETRIC_REPRESENTATION_CONTEXT(2) 
PARAMETRIC_REPRESENTATION_CONTEXT() REPRESENTATION_CONTEXT('2D SPACE',''
  ) );
#10097 = PCURVE('',#4169,#10098);
#10098 = DEFINITIONAL_REPRESENTATION('',(#10099),#10103);
#10099 = LINE('',#10100,#10101);
#10100 = CARTESIAN_POINT('',(0.,94.));
#10101 = VECTOR('',#10102,1.);
#10102 = DIRECTION('',(0.,-1.));
#10103 = ( GEOMETRIC_REPRESENTATION_CONTEXT(2) 
PARAMETRIC_REPRESENTATION_CONTEXT() REPRESENTATION_CONTEXT('2D SPACE',''
  ) );
#10104 = ORIENTED_EDGE('',*,*,#4376,.F.);
#10105 = ORIENTED_EDGE('',*,*,#4471,.F.);
#10106 = ORIENTED_EDGE('',*,*,#4569,.T.);
#10107 = ORIENTED_EDGE('',*,*,#4899,.T.);
#10108 = ORIENTED_EDGE('',*,*,#9619,.T.);
#10109 = ADVANCED_FACE('',(#10110),#4169,.T.);
#10110 = FACE_BOUND('',#10111,.T.);
#10111 = EDGE_LOOP('',(#10112,#10113,#10134,#10135));
#10112 = ORIENTED_EDGE('',*,*,#4154,.T.);
#10113 = ORIENTED_EDGE('',*,*,#10114,.F.);
#10114 = EDGE_CURVE('',#4401,#4155,#10115,.T.);
#10115 = SURFACE_CURVE('',#10116,(#10120,#10127),.PCURVE_S1.);
#10116 = LINE('',#10117,#10118);
#10117 = CARTESIAN_POINT('',(-56.,5.4,20.));
#10118 = VECTOR('',#10119,1.);
#10119 = DIRECTION('',(-1.,0.,0.));
#10120 = PCURVE('',#4169,#10121);
#10121 = DEFINITIONAL_REPRESENTATION('',(#10122),#10126);
#10122 = LINE('',#10123,#10124);
#10123 = CARTESIAN_POINT('',(40.,94.));
#10124 = VECTOR('',#10125,1.);
#10125 = DIRECTION('',(0.,-1.));
#10126 = ( GEOMETRIC_REPRESENTATION_CONTEXT(2) 
PARAMETRIC_REPRESENTATION_CONTEXT() REPRESENTATION_CONTEXT('2D SPACE',''
  ) );
#10127 = PCURVE('',#4196,#10128);
#10128 = DEFINITIONAL_REPRESENTATION('',(#10129),#10133);
#10129 = LINE('',#10130,#10131);
#10130 = CARTESIAN_POINT('',(94.,0.));
#10131 = VECTOR('',#10132,1.);
#10132 = DIRECTION('',(-1.,0.));
#10133 = ( GEOMETRIC_REPRESENTATION_CONTEXT(2) 
PARAMETRIC_REPRESENTATION_CONTEXT() REPRESENTATION_CONTEXT('2D SPACE',''
  ) );
#10134 = ORIENTED_EDGE('',*,*,#4400,.F.);
#10135 = ORIENTED_EDGE('',*,*,#10084,.T.);
#10136 = ADVANCED_FACE('',(#10137),#4196,.F.);
#10137 = FACE_BOUND('',#10138,.F.);
#10138 = EDGE_LOOP('',(#10139,#10160,#10161,#10162,#10163,#10164,#10165,
    #10166));
#10139 = ORIENTED_EDGE('',*,*,#10140,.T.);
#10140 = EDGE_CURVE('',#9988,#4182,#10141,.T.);
#10141 = SURFACE_CURVE('',#10142,(#10146,#10153),.PCURVE_S1.);
#10142 = LINE('',#10143,#10144);
#10143 = CARTESIAN_POINT('',(-127.44,23.5,20.));
#10144 = VECTOR('',#10145,1.);
#10145 = DIRECTION('',(1.,0.,-0.));
#10146 = PCURVE('',#4196,#10147);
#10147 = DEFINITIONAL_REPRESENTATION('',(#10148),#10152);
#10148 = LINE('',#10149,#10150);
#10149 = CARTESIAN_POINT('',(22.56,18.1));
#10150 = VECTOR('',#10151,1.);
#10151 = DIRECTION('',(1.,0.));
#10152 = ( GEOMETRIC_REPRESENTATION_CONTEXT(2) 
PARAMETRIC_REPRESENTATION_CONTEXT() REPRESENTATION_CONTEXT('2D SPACE',''
  ) );
#10153 = PCURVE('',#4115,#10154);
#10154 = DEFINITIONAL_REPRESENTATION('',(#10155),#10159);
#10155 = LINE('',#10156,#10157);
#10156 = CARTESIAN_POINT('',(73.78,-22.56));
#10157 = VECTOR('',#10158,1.);
#10158 = DIRECTION('',(0.,1.));
#10159 = ( GEOMETRIC_REPRESENTATION_CONTEXT(2) 
PARAMETRIC_REPRESENTATION_CONTEXT() REPRESENTATION_CONTEXT('2D SPACE',''
  ) );
#10160 = ORIENTED_EDGE('',*,*,#4181,.T.);
#10161 = ORIENTED_EDGE('',*,*,#10114,.F.);
#10162 = ORIENTED_EDGE('',*,*,#4422,.F.);
#10163 = ORIENTED_EDGE('',*,*,#4520,.F.);
#10164 = ORIENTED_EDGE('',*,*,#4545,.T.);
#10165 = ORIENTED_EDGE('',*,*,#4620,.F.);
#10166 = ORIENTED_EDGE('',*,*,#10010,.T.);
#10167 = ADVANCED_FACE('',(#10168,#10206,#10209,#10212,#10218,#10224,
    #10230,#10236,#10239,#10245,#10251,#10254,#10260,#10266,#10272,
    #10278,#10284,#10290,#10293,#10296,#10299),#4115,.F.);
#10168 = FACE_BOUND('',#10169,.F.);
#10169 = EDGE_LOOP('',(#10170,#10171,#10172,#10173,#10174,#10175,#10176,
    #10177,#10178,#10179,#10180,#10181,#10182,#10183,#10184,#10205));
#10170 = ORIENTED_EDGE('',*,*,#10140,.F.);
#10171 = ORIENTED_EDGE('',*,*,#9987,.T.);
#10172 = ORIENTED_EDGE('',*,*,#9961,.T.);
#10173 = ORIENTED_EDGE('',*,*,#9911,.T.);
#10174 = ORIENTED_EDGE('',*,*,#9863,.T.);
#10175 = ORIENTED_EDGE('',*,*,#9791,.F.);
#10176 = ORIENTED_EDGE('',*,*,#9765,.T.);
#10177 = ORIENTED_EDGE('',*,*,#9693,.F.);
#10178 = ORIENTED_EDGE('',*,*,#9666,.T.);
#10179 = ORIENTED_EDGE('',*,*,#9572,.T.);
#10180 = ORIENTED_EDGE('',*,*,#10062,.T.);
#10181 = ORIENTED_EDGE('',*,*,#4100,.T.);
#10182 = ORIENTED_EDGE('',*,*,#10038,.F.);
#10183 = ORIENTED_EDGE('',*,*,#4354,.F.);
#10184 = ORIENTED_EDGE('',*,*,#10185,.T.);
#10185 = EDGE_CURVE('',#4308,#4012,#10186,.T.);
#10186 = SURFACE_CURVE('',#10187,(#10191,#10198),.PCURVE_S1.);
#10187 = LINE('',#10188,#10189);
#10188 = CARTESIAN_POINT('',(-56.,23.5,22.));
#10189 = VECTOR('',#10190,1.);
#10190 = DIRECTION('',(-1.,0.,0.));
#10191 = PCURVE('',#4115,#10192);
#10192 = DEFINITIONAL_REPRESENTATION('',(#10193),#10197);
#10193 = LINE('',#10194,#10195);
#10194 = CARTESIAN_POINT('',(75.78,48.88));
#10195 = VECTOR('',#10196,1.);
#10196 = DIRECTION('',(0.,-1.));
#10197 = ( GEOMETRIC_REPRESENTATION_CONTEXT(2) 
PARAMETRIC_REPRESENTATION_CONTEXT() REPRESENTATION_CONTEXT('2D SPACE',''
  ) );
#10198 = PCURVE('',#4032,#10199);
#10199 = DEFINITIONAL_REPRESENTATION('',(#10200),#10204);
#10200 = LINE('',#10201,#10202);
#10201 = CARTESIAN_POINT('',(46.08,19.5));
#10202 = VECTOR('',#10203,1.);
#10203 = DIRECTION('',(-1.,0.));
#10204 = ( GEOMETRIC_REPRESENTATION_CONTEXT(2) 
PARAMETRIC_REPRESENTATION_CONTEXT() REPRESENTATION_CONTEXT('2D SPACE',''
  ) );
#10205 = ORIENTED_EDGE('',*,*,#4208,.T.);
#10206 = FACE_BOUND('',#10207,.F.);
#10207 = EDGE_LOOP('',(#10208));
#10208 = ORIENTED_EDGE('',*,*,#9522,.F.);
#10209 = FACE_BOUND('',#10210,.F.);
#10210 = EDGE_LOOP('',(#10211));
#10211 = ORIENTED_EDGE('',*,*,#9382,.F.);
#10212 = FACE_BOUND('',#10213,.F.);
#10213 = EDGE_LOOP('',(#10214,#10215,#10216,#10217));
#10214 = ORIENTED_EDGE('',*,*,#9267,.F.);
#10215 = ORIENTED_EDGE('',*,*,#9241,.T.);
#10216 = ORIENTED_EDGE('',*,*,#9193,.T.);
#10217 = ORIENTED_EDGE('',*,*,#9123,.F.);
#10218 = FACE_BOUND('',#10219,.F.);
#10219 = EDGE_LOOP('',(#10220,#10221,#10222,#10223));
#10220 = ORIENTED_EDGE('',*,*,#9075,.F.);
#10221 = ORIENTED_EDGE('',*,*,#9049,.T.);
#10222 = ORIENTED_EDGE('',*,*,#9001,.T.);
#10223 = ORIENTED_EDGE('',*,*,#8931,.F.);
#10224 = FACE_BOUND('',#10225,.F.);
#10225 = EDGE_LOOP('',(#10226,#10227,#10228,#10229));
#10226 = ORIENTED_EDGE('',*,*,#8883,.F.);
#10227 = ORIENTED_EDGE('',*,*,#8857,.T.);
#10228 = ORIENTED_EDGE('',*,*,#8809,.T.);
#10229 = ORIENTED_EDGE('',*,*,#8739,.F.);
#10230 = FACE_BOUND('',#10231,.F.);
#10231 = EDGE_LOOP('',(#10232,#10233,#10234,#10235));
#10232 = ORIENTED_EDGE('',*,*,#8691,.F.);
#10233 = ORIENTED_EDGE('',*,*,#8665,.T.);
#10234 = ORIENTED_EDGE('',*,*,#8617,.T.);
#10235 = ORIENTED_EDGE('',*,*,#8547,.F.);
#10236 = FACE_BOUND('',#10237,.F.);
#10237 = EDGE_LOOP('',(#10238));
#10238 = ORIENTED_EDGE('',*,*,#8282,.F.);
#10239 = FACE_BOUND('',#10240,.F.);
#10240 = EDGE_LOOP('',(#10241,#10242,#10243,#10244));
#10241 = ORIENTED_EDGE('',*,*,#8499,.F.);
#10242 = ORIENTED_EDGE('',*,*,#8473,.T.);
#10243 = ORIENTED_EDGE('',*,*,#8425,.T.);
#10244 = ORIENTED_EDGE('',*,*,#8355,.F.);
#10245 = FACE_BOUND('',#10246,.F.);
#10246 = EDGE_LOOP('',(#10247,#10248,#10249,#10250));
#10247 = ORIENTED_EDGE('',*,*,#8167,.F.);
#10248 = ORIENTED_EDGE('',*,*,#8141,.T.);
#10249 = ORIENTED_EDGE('',*,*,#8093,.T.);
#10250 = ORIENTED_EDGE('',*,*,#8023,.F.);
#10251 = FACE_BOUND('',#10252,.F.);
#10252 = EDGE_LOOP('',(#10253));
#10253 = ORIENTED_EDGE('',*,*,#7950,.F.);
#10254 = FACE_BOUND('',#10255,.F.);
#10255 = EDGE_LOOP('',(#10256,#10257,#10258,#10259));
#10256 = ORIENTED_EDGE('',*,*,#7835,.F.);
#10257 = ORIENTED_EDGE('',*,*,#7809,.T.);
#10258 = ORIENTED_EDGE('',*,*,#7761,.T.);
#10259 = ORIENTED_EDGE('',*,*,#7691,.F.);
#10260 = FACE_BOUND('',#10261,.F.);
#10261 = EDGE_LOOP('',(#10262,#10263,#10264,#10265));
#10262 = ORIENTED_EDGE('',*,*,#7643,.F.);
#10263 = ORIENTED_EDGE('',*,*,#7617,.T.);
#10264 = ORIENTED_EDGE('',*,*,#7569,.T.);
#10265 = ORIENTED_EDGE('',*,*,#7499,.F.);
#10266 = FACE_BOUND('',#10267,.F.);
#10267 = EDGE_LOOP('',(#10268,#10269,#10270,#10271));
#10268 = ORIENTED_EDGE('',*,*,#7451,.F.);
#10269 = ORIENTED_EDGE('',*,*,#7425,.T.);
#10270 = ORIENTED_EDGE('',*,*,#7377,.T.);
#10271 = ORIENTED_EDGE('',*,*,#7307,.F.);
#10272 = FACE_BOUND('',#10273,.F.);
#10273 = EDGE_LOOP('',(#10274,#10275,#10276,#10277));
#10274 = ORIENTED_EDGE('',*,*,#7259,.F.);
#10275 = ORIENTED_EDGE('',*,*,#7233,.T.);
#10276 = ORIENTED_EDGE('',*,*,#7185,.T.);
#10277 = ORIENTED_EDGE('',*,*,#7115,.F.);
#10278 = FACE_BOUND('',#10279,.F.);
#10279 = EDGE_LOOP('',(#10280,#10281,#10282,#10283));
#10280 = ORIENTED_EDGE('',*,*,#7067,.F.);
#10281 = ORIENTED_EDGE('',*,*,#7041,.T.);
#10282 = ORIENTED_EDGE('',*,*,#6993,.T.);
#10283 = ORIENTED_EDGE('',*,*,#6923,.F.);
#10284 = FACE_BOUND('',#10285,.F.);
#10285 = EDGE_LOOP('',(#10286,#10287,#10288,#10289));
#10286 = ORIENTED_EDGE('',*,*,#6875,.F.);
#10287 = ORIENTED_EDGE('',*,*,#6849,.T.);
#10288 = ORIENTED_EDGE('',*,*,#6801,.T.);
#10289 = ORIENTED_EDGE('',*,*,#6731,.F.);
#10290 = FACE_BOUND('',#10291,.F.);
#10291 = EDGE_LOOP('',(#10292));
#10292 = ORIENTED_EDGE('',*,*,#6682,.F.);
#10293 = FACE_BOUND('',#10294,.F.);
#10294 = EDGE_LOOP('',(#10295));
#10295 = ORIENTED_EDGE('',*,*,#6632,.F.);
#10296 = FACE_BOUND('',#10297,.F.);
#10297 = EDGE_LOOP('',(#10298));
#10298 = ORIENTED_EDGE('',*,*,#6582,.F.);
#10299 = FACE_BOUND('',#10300,.F.);
#10300 = EDGE_LOOP('',(#10301));
#10301 = ORIENTED_EDGE('',*,*,#6532,.F.);
#10302 = ADVANCED_FACE('',(#10303),#4032,.T.);
#10303 = FACE_BOUND('',#10304,.T.);
#10304 = EDGE_LOOP('',(#10305,#10306,#10307,#10308));
#10305 = ORIENTED_EDGE('',*,*,#4009,.F.);
#10306 = ORIENTED_EDGE('',*,*,#4255,.T.);
#10307 = ORIENTED_EDGE('',*,*,#4307,.T.);
#10308 = ORIENTED_EDGE('',*,*,#10185,.T.);
#10309 = ( GEOMETRIC_REPRESENTATION_CONTEXT(3) 
GLOBAL_UNCERTAINTY_ASSIGNED_CONTEXT((#10313)) 
GLOBAL_UNIT_ASSIGNED_CONTEXT((#10310,#10311,#10312)) 
REPRESENTATION_CONTEXT('Context #1',
  '3D Context with UNIT and UNCERTAINTY') );
#10310 = ( LENGTH_UNIT() NAMED_UNIT(*) SI_UNIT(.MILLI.,.METRE.) );
#10311 = ( NAMED_UNIT(*) PLANE_ANGLE_UNIT() SI_UNIT($,.RADIAN.) );
#10312 = ( NAMED_UNIT(*) SI_UNIT($,.STERADIAN.) SOLID_ANGLE_UNIT() );
#10313 = UNCERTAINTY_MEASURE_WITH_UNIT(LENGTH_MEASURE(1.E-07),#10310,
  'distance_accuracy_value','confusion accuracy');
#10314 = CONTEXT_DEPENDENT_SHAPE_REPRESENTATION(#10315,#10317);
#10315 = ( REPRESENTATION_RELATIONSHIP('','',#4002,#10) 
REPRESENTATION_RELATIONSHIP_WITH_TRANSFORMATION(#10316) 
SHAPE_REPRESENTATION_RELATIONSHIP() );
#10316 = ITEM_DEFINED_TRANSFORMATION('','',#11,#19);
#10317 = PRODUCT_DEFINITION_SHAPE('Placement','Placement of an item',
  #10318);
#10318 = NEXT_ASSEMBLY_USAGE_OCCURRENCE('2','','',#5,#3997,$);
#10319 = PRODUCT_RELATED_PRODUCT_CATEGORY('part',$,(#3999));
#10320 = SHAPE_DEFINITION_REPRESENTATION(#10321,#10327);
#10321 = PRODUCT_DEFINITION_SHAPE('','',#10322);
#10322 = PRODUCT_DEFINITION('design','',#10323,#10326);
#10323 = PRODUCT_DEFINITION_FORMATION('','',#10324);
#10324 = PRODUCT('Open CASCADE STEP translator 8.0 1.3',
  'Open CASCADE STEP translator 8.0 1.3','',(#10325));
#10325 = PRODUCT_CONTEXT('',#2,'mechanical');
#10326 = PRODUCT_DEFINITION_CONTEXT('part definition',#2,'design');
#10327 = ADVANCED_BREP_SHAPE_REPRESENTATION('',(#11,#10328),#11360);
#10328 = MANIFOLD_SOLID_BREP('',#10329);
#10329 = CLOSED_SHELL('',(#10330,#10594,#10653,#10844,#11001,#11070,
    #11117,#11164,#11189,#11216,#11247,#11274,#11299,#11326,#11353));
#10330 = ADVANCED_FACE('',(#10331,#10563),#10345,.F.);
#10331 = FACE_BOUND('',#10332,.F.);
#10332 = EDGE_LOOP('',(#10333,#10368,#10396,#10424,#10453,#10481,#10509,
    #10537));
#10333 = ORIENTED_EDGE('',*,*,#10334,.F.);
#10334 = EDGE_CURVE('',#10335,#10337,#10339,.T.);
#10335 = VERTEX_POINT('',#10336);
#10336 = CARTESIAN_POINT('',(-20.,11.239406253753,67.3));
#10337 = VERTEX_POINT('',#10338);
#10338 = CARTESIAN_POINT('',(-20.,30.5,67.3));
#10339 = SURFACE_CURVE('',#10340,(#10344,#10356),.PCURVE_S1.);
#10340 = LINE('',#10341,#10342);
#10341 = CARTESIAN_POINT('',(-20.,11.239406253753,67.3));
#10342 = VECTOR('',#10343,1.);
#10343 = DIRECTION('',(0.,1.,0.));
#10344 = PCURVE('',#10345,#10350);
#10345 = PLANE('',#10346);
#10346 = AXIS2_PLACEMENT_3D('',#10347,#10348,#10349);
#10347 = CARTESIAN_POINT('',(-20.,11.239406253753,62.3));
#10348 = DIRECTION('',(1.,0.,-0.));
#10349 = DIRECTION('',(0.,0.,1.));
#10350 = DEFINITIONAL_REPRESENTATION('',(#10351),#10355);
#10351 = LINE('',#10352,#10353);
#10352 = CARTESIAN_POINT('',(5.,0.));
#10353 = VECTOR('',#10354,1.);
#10354 = DIRECTION('',(0.,-1.));
#10355 = ( GEOMETRIC_REPRESENTATION_CONTEXT(2) 
PARAMETRIC_REPRESENTATION_CONTEXT() REPRESENTATION_CONTEXT('2D SPACE',''
  ) );
#10356 = PCURVE('',#10357,#10362);
#10357 = PLANE('',#10358);
#10358 = AXIS2_PLACEMENT_3D('',#10359,#10360,#10361);
#10359 = CARTESIAN_POINT('',(-20.,11.239406253753,67.3));
#10360 = DIRECTION('',(0.,0.,1.));
#10361 = DIRECTION('',(1.,0.,-0.));
#10362 = DEFINITIONAL_REPRESENTATION('',(#10363),#10367);
#10363 = LINE('',#10364,#10365);
#10364 = CARTESIAN_POINT('',(0.,0.));
#10365 = VECTOR('',#10366,1.);
#10366 = DIRECTION('',(0.,1.));
#10367 = ( GEOMETRIC_REPRESENTATION_CONTEXT(2) 
PARAMETRIC_REPRESENTATION_CONTEXT() REPRESENTATION_CONTEXT('2D SPACE',''
  ) );
#10368 = ORIENTED_EDGE('',*,*,#10369,.F.);
#10369 = EDGE_CURVE('',#10370,#10335,#10372,.T.);
#10370 = VERTEX_POINT('',#10371);
#10371 = CARTESIAN_POINT('',(-20.,11.239406253753,62.3));
#10372 = SURFACE_CURVE('',#10373,(#10377,#10384),.PCURVE_S1.);
#10373 = LINE('',#10374,#10375);
#10374 = CARTESIAN_POINT('',(-20.,11.239406253753,62.3));
#10375 = VECTOR('',#10376,1.);
#10376 = DIRECTION('',(0.,0.,1.));
#10377 = PCURVE('',#10345,#10378);
#10378 = DEFINITIONAL_REPRESENTATION('',(#10379),#10383);
#10379 = LINE('',#10380,#10381);
#10380 = CARTESIAN_POINT('',(0.,0.));
#10381 = VECTOR('',#10382,1.);
#10382 = DIRECTION('',(1.,0.));
#10383 = ( GEOMETRIC_REPRESENTATION_CONTEXT(2) 
PARAMETRIC_REPRESENTATION_CONTEXT() REPRESENTATION_CONTEXT('2D SPACE',''
  ) );
#10384 = PCURVE('',#10385,#10390);
#10385 = PLANE('',#10386);
#10386 = AXIS2_PLACEMENT_3D('',#10387,#10388,#10389);
#10387 = CARTESIAN_POINT('',(-20.,11.239406253753,62.3));
#10388 = DIRECTION('',(-0.,1.,0.));
#10389 = DIRECTION('',(0.,0.,1.));
#10390 = DEFINITIONAL_REPRESENTATION('',(#10391),#10395);
#10391 = LINE('',#10392,#10393);
#10392 = CARTESIAN_POINT('',(0.,0.));
#10393 = VECTOR('',#10394,1.);
#10394 = DIRECTION('',(1.,0.));
#10395 = ( GEOMETRIC_REPRESENTATION_CONTEXT(2) 
PARAMETRIC_REPRESENTATION_CONTEXT() REPRESENTATION_CONTEXT('2D SPACE',''
  ) );
#10396 = ORIENTED_EDGE('',*,*,#10397,.T.);
#10397 = EDGE_CURVE('',#10370,#10398,#10400,.T.);
#10398 = VERTEX_POINT('',#10399);
#10399 = CARTESIAN_POINT('',(-20.,15.627016653793,62.3));
#10400 = SURFACE_CURVE('',#10401,(#10405,#10412),.PCURVE_S1.);
#10401 = LINE('',#10402,#10403);
#10402 = CARTESIAN_POINT('',(-20.,11.239406253753,62.3));
#10403 = VECTOR('',#10404,1.);
#10404 = DIRECTION('',(-0.,1.,0.));
#10405 = PCURVE('',#10345,#10406);
#10406 = DEFINITIONAL_REPRESENTATION('',(#10407),#10411);
#10407 = LINE('',#10408,#10409);
#10408 = CARTESIAN_POINT('',(0.,0.));
#10409 = VECTOR('',#10410,1.);
#10410 = DIRECTION('',(0.,-1.));
#10411 = ( GEOMETRIC_REPRESENTATION_CONTEXT(2) 
PARAMETRIC_REPRESENTATION_CONTEXT() REPRESENTATION_CONTEXT('2D SPACE',''
  ) );
#10412 = PCURVE('',#10413,#10418);
#10413 = PLANE('',#10414);
#10414 = AXIS2_PLACEMENT_3D('',#10415,#10416,#10417);
#10415 = CARTESIAN_POINT('',(-20.,11.239406253753,62.3));
#10416 = DIRECTION('',(0.,0.,1.));
#10417 = DIRECTION('',(1.,0.,-0.));
#10418 = DEFINITIONAL_REPRESENTATION('',(#10419),#10423);
#10419 = LINE('',#10420,#10421);
#10420 = CARTESIAN_POINT('',(0.,0.));
#10421 = VECTOR('',#10422,1.);
#10422 = DIRECTION('',(0.,1.));
#10423 = ( GEOMETRIC_REPRESENTATION_CONTEXT(2) 
PARAMETRIC_REPRESENTATION_CONTEXT() REPRESENTATION_CONTEXT('2D SPACE',''
  ) );
#10424 = ORIENTED_EDGE('',*,*,#10425,.T.);
#10425 = EDGE_CURVE('',#10398,#10426,#10428,.T.);
#10426 = VERTEX_POINT('',#10427);
#10427 = CARTESIAN_POINT('',(-20.,19.5,59.3));
#10428 = SURFACE_CURVE('',#10429,(#10434,#10441),.PCURVE_S1.);
#10429 = CIRCLE('',#10430,4.);
#10430 = AXIS2_PLACEMENT_3D('',#10431,#10432,#10433);
#10431 = CARTESIAN_POINT('',(-20.,19.5,63.3));
#10432 = DIRECTION('',(1.,0.,0.));
#10433 = DIRECTION('',(-0.,0.,1.));
#10434 = PCURVE('',#10345,#10435);
#10435 = DEFINITIONAL_REPRESENTATION('',(#10436),#10440);
#10436 = CIRCLE('',#10437,4.);
#10437 = AXIS2_PLACEMENT_2D('',#10438,#10439);
#10438 = CARTESIAN_POINT('',(1.,-8.260593746247));
#10439 = DIRECTION('',(1.,0.));
#10440 = ( GEOMETRIC_REPRESENTATION_CONTEXT(2) 
PARAMETRIC_REPRESENTATION_CONTEXT() REPRESENTATION_CONTEXT('2D SPACE',''
  ) );
#10441 = PCURVE('',#10442,#10447);
#10442 = CYLINDRICAL_SURFACE('',#10443,4.);
#10443 = AXIS2_PLACEMENT_3D('',#10444,#10445,#10446);
#10444 = CARTESIAN_POINT('',(-20.,19.5,63.3));
#10445 = DIRECTION('',(1.,0.,0.));
#10446 = DIRECTION('',(-0.,0.,1.));
#10447 = DEFINITIONAL_REPRESENTATION('',(#10448),#10452);
#10448 = LINE('',#10449,#10450);
#10449 = CARTESIAN_POINT('',(0.,0.));
#10450 = VECTOR('',#10451,1.);
#10451 = DIRECTION('',(1.,0.));
#10452 = ( GEOMETRIC_REPRESENTATION_CONTEXT(2) 
PARAMETRIC_REPRESENTATION_CONTEXT() REPRESENTATION_CONTEXT('2D SPACE',''
  ) );
#10453 = ORIENTED_EDGE('',*,*,#10454,.T.);
#10454 = EDGE_CURVE('',#10426,#10455,#10457,.T.);
#10455 = VERTEX_POINT('',#10456);
#10456 = CARTESIAN_POINT('',(-20.,26.5,59.3));
#10457 = SURFACE_CURVE('',#10458,(#10462,#10469),.PCURVE_S1.);
#10458 = LINE('',#10459,#10460);
#10459 = CARTESIAN_POINT('',(-20.,19.5,59.3));
#10460 = VECTOR('',#10461,1.);
#10461 = DIRECTION('',(-0.,1.,0.));
#10462 = PCURVE('',#10345,#10463);
#10463 = DEFINITIONAL_REPRESENTATION('',(#10464),#10468);
#10464 = LINE('',#10465,#10466);
#10465 = CARTESIAN_POINT('',(-3.,-8.260593746247));
#10466 = VECTOR('',#10467,1.);
#10467 = DIRECTION('',(0.,-1.));
#10468 = ( GEOMETRIC_REPRESENTATION_CONTEXT(2) 
PARAMETRIC_REPRESENTATION_CONTEXT() REPRESENTATION_CONTEXT('2D SPACE',''
  ) );
#10469 = PCURVE('',#10470,#10475);
#10470 = PLANE('',#10471);
#10471 = AXIS2_PLACEMENT_3D('',#10472,#10473,#10474);
#10472 = CARTESIAN_POINT('',(-20.,19.5,59.3));
#10473 = DIRECTION('',(0.,0.,1.));
#10474 = DIRECTION('',(1.,0.,-0.));
#10475 = DEFINITIONAL_REPRESENTATION('',(#10476),#10480);
#10476 = LINE('',#10477,#10478);
#10477 = CARTESIAN_POINT('',(0.,0.));
#10478 = VECTOR('',#10479,1.);
#10479 = DIRECTION('',(0.,1.));
#10480 = ( GEOMETRIC_REPRESENTATION_CONTEXT(2) 
PARAMETRIC_REPRESENTATION_CONTEXT() REPRESENTATION_CONTEXT('2D SPACE',''
  ) );
#10481 = ORIENTED_EDGE('',*,*,#10482,.F.);
#10482 = EDGE_CURVE('',#10483,#10455,#10485,.T.);
#10483 = VERTEX_POINT('',#10484);
#10484 = CARTESIAN_POINT('',(-20.,26.5,-55.4));
#10485 = SURFACE_CURVE('',#10486,(#10490,#10497),.PCURVE_S1.);
#10486 = LINE('',#10487,#10488);
#10487 = CARTESIAN_POINT('',(-20.,26.5,-55.4));
#10488 = VECTOR('',#10489,1.);
#10489 = DIRECTION('',(0.,0.,1.));
#10490 = PCURVE('',#10345,#10491);
#10491 = DEFINITIONAL_REPRESENTATION('',(#10492),#10496);
#10492 = LINE('',#10493,#10494);
#10493 = CARTESIAN_POINT('',(-117.7,-15.26059374624));
#10494 = VECTOR('',#10495,1.);
#10495 = DIRECTION('',(1.,0.));
#10496 = ( GEOMETRIC_REPRESENTATION_CONTEXT(2) 
PARAMETRIC_REPRESENTATION_CONTEXT() REPRESENTATION_CONTEXT('2D SPACE',''
  ) );
#10497 = PCURVE('',#10498,#10503);
#10498 = PLANE('',#10499);
#10499 = AXIS2_PLACEMENT_3D('',#10500,#10501,#10502);
#10500 = CARTESIAN_POINT('',(-20.,26.5,-55.4));
#10501 = DIRECTION('',(-0.,1.,0.));
#10502 = DIRECTION('',(0.,0.,1.));
#10503 = DEFINITIONAL_REPRESENTATION('',(#10504),#10508);
#10504 = LINE('',#10505,#10506);
#10505 = CARTESIAN_POINT('',(0.,0.));
#10506 = VECTOR('',#10507,1.);
#10507 = DIRECTION('',(1.,0.));
#10508 = ( GEOMETRIC_REPRESENTATION_CONTEXT(2) 
PARAMETRIC_REPRESENTATION_CONTEXT() REPRESENTATION_CONTEXT('2D SPACE',''
  ) );
#10509 = ORIENTED_EDGE('',*,*,#10510,.T.);
#10510 = EDGE_CURVE('',#10483,#10511,#10513,.T.);
#10511 = VERTEX_POINT('',#10512);
#10512 = CARTESIAN_POINT('',(-20.,30.5,-55.4));
#10513 = SURFACE_CURVE('',#10514,(#10518,#10525),.PCURVE_S1.);
#10514 = LINE('',#10515,#10516);
#10515 = CARTESIAN_POINT('',(-20.,26.5,-55.4));
#10516 = VECTOR('',#10517,1.);
#10517 = DIRECTION('',(-0.,1.,0.));
#10518 = PCURVE('',#10345,#10519);
#10519 = DEFINITIONAL_REPRESENTATION('',(#10520),#10524);
#10520 = LINE('',#10521,#10522);
#10521 = CARTESIAN_POINT('',(-117.7,-15.26059374624));
#10522 = VECTOR('',#10523,1.);
#10523 = DIRECTION('',(0.,-1.));
#10524 = ( GEOMETRIC_REPRESENTATION_CONTEXT(2) 
PARAMETRIC_REPRESENTATION_CONTEXT() REPRESENTATION_CONTEXT('2D SPACE',''
  ) );
#10525 = PCURVE('',#10526,#10531);
#10526 = PLANE('',#10527);
#10527 = AXIS2_PLACEMENT_3D('',#10528,#10529,#10530);
#10528 = CARTESIAN_POINT('',(-20.,26.5,-55.4));
#10529 = DIRECTION('',(0.,0.,1.));
#10530 = DIRECTION('',(1.,0.,-0.));
#10531 = DEFINITIONAL_REPRESENTATION('',(#10532),#10536);
#10532 = LINE('',#10533,#10534);
#10533 = CARTESIAN_POINT('',(0.,0.));
#10534 = VECTOR('',#10535,1.);
#10535 = DIRECTION('',(0.,1.));
#10536 = ( GEOMETRIC_REPRESENTATION_CONTEXT(2) 
PARAMETRIC_REPRESENTATION_CONTEXT() REPRESENTATION_CONTEXT('2D SPACE',''
  ) );
#10537 = ORIENTED_EDGE('',*,*,#10538,.F.);
#10538 = EDGE_CURVE('',#10337,#10511,#10539,.T.);
#10539 = SURFACE_CURVE('',#10540,(#10544,#10551),.PCURVE_S1.);
#10540 = LINE('',#10541,#10542);
#10541 = CARTESIAN_POINT('',(-20.,30.5,67.3));
#10542 = VECTOR('',#10543,1.);
#10543 = DIRECTION('',(0.,0.,-1.));
#10544 = PCURVE('',#10345,#10545);
#10545 = DEFINITIONAL_REPRESENTATION('',(#10546),#10550);
#10546 = LINE('',#10547,#10548);
#10547 = CARTESIAN_POINT('',(5.,-19.26059374624));
#10548 = VECTOR('',#10549,1.);
#10549 = DIRECTION('',(-1.,0.));
#10550 = ( GEOMETRIC_REPRESENTATION_CONTEXT(2) 
PARAMETRIC_REPRESENTATION_CONTEXT() REPRESENTATION_CONTEXT('2D SPACE',''
  ) );
#10551 = PCURVE('',#10552,#10557);
#10552 = PLANE('',#10553);
#10553 = AXIS2_PLACEMENT_3D('',#10554,#10555,#10556);
#10554 = CARTESIAN_POINT('',(-20.,30.5,59.3));
#10555 = DIRECTION('',(-0.,1.,0.));
#10556 = DIRECTION('',(0.,0.,1.));
#10557 = DEFINITIONAL_REPRESENTATION('',(#10558),#10562);
#10558 = LINE('',#10559,#10560);
#10559 = CARTESIAN_POINT('',(8.,0.));
#10560 = VECTOR('',#10561,1.);
#10561 = DIRECTION('',(-1.,0.));
#10562 = ( GEOMETRIC_REPRESENTATION_CONTEXT(2) 
PARAMETRIC_REPRESENTATION_CONTEXT() REPRESENTATION_CONTEXT('2D SPACE',''
  ) );
#10563 = FACE_BOUND('',#10564,.F.);
#10564 = EDGE_LOOP('',(#10565));
#10565 = ORIENTED_EDGE('',*,*,#10566,.F.);
#10566 = EDGE_CURVE('',#10567,#10567,#10569,.T.);
#10567 = VERTEX_POINT('',#10568);
#10568 = CARTESIAN_POINT('',(-20.,19.5,64.55));
#10569 = SURFACE_CURVE('',#10570,(#10575,#10582),.PCURVE_S1.);
#10570 = CIRCLE('',#10571,1.25);
#10571 = AXIS2_PLACEMENT_3D('',#10572,#10573,#10574);
#10572 = CARTESIAN_POINT('',(-20.,19.5,63.3));
#10573 = DIRECTION('',(1.,0.,0.));
#10574 = DIRECTION('',(-0.,0.,1.));
#10575 = PCURVE('',#10345,#10576);
#10576 = DEFINITIONAL_REPRESENTATION('',(#10577),#10581);
#10577 = CIRCLE('',#10578,1.25);
#10578 = AXIS2_PLACEMENT_2D('',#10579,#10580);
#10579 = CARTESIAN_POINT('',(1.,-8.260593746247));
#10580 = DIRECTION('',(1.,0.));
#10581 = ( GEOMETRIC_REPRESENTATION_CONTEXT(2) 
PARAMETRIC_REPRESENTATION_CONTEXT() REPRESENTATION_CONTEXT('2D SPACE',''
  ) );
#10582 = PCURVE('',#10583,#10588);
#10583 = CYLINDRICAL_SURFACE('',#10584,1.25);
#10584 = AXIS2_PLACEMENT_3D('',#10585,#10586,#10587);
#10585 = CARTESIAN_POINT('',(-21.,19.5,63.3));
#10586 = DIRECTION('',(1.,0.,0.));
#10587 = DIRECTION('',(-0.,0.,1.));
#10588 = DEFINITIONAL_REPRESENTATION('',(#10589),#10593);
#10589 = LINE('',#10590,#10591);
#10590 = CARTESIAN_POINT('',(0.,1.));
#10591 = VECTOR('',#10592,1.);
#10592 = DIRECTION('',(1.,0.));
#10593 = ( GEOMETRIC_REPRESENTATION_CONTEXT(2) 
PARAMETRIC_REPRESENTATION_CONTEXT() REPRESENTATION_CONTEXT('2D SPACE',''
  ) );
#10594 = ADVANCED_FACE('',(#10595),#10583,.F.);
#10595 = FACE_BOUND('',#10596,.F.);
#10596 = EDGE_LOOP('',(#10597,#10630,#10651,#10652));
#10597 = ORIENTED_EDGE('',*,*,#10598,.T.);
#10598 = EDGE_CURVE('',#10599,#10599,#10601,.T.);
#10599 = VERTEX_POINT('',#10600);
#10600 = CARTESIAN_POINT('',(20.,19.5,64.55));
#10601 = SURFACE_CURVE('',#10602,(#10607,#10614),.PCURVE_S1.);
#10602 = CIRCLE('',#10603,1.25);
#10603 = AXIS2_PLACEMENT_3D('',#10604,#10605,#10606);
#10604 = CARTESIAN_POINT('',(20.,19.5,63.3));
#10605 = DIRECTION('',(-1.,0.,0.));
#10606 = DIRECTION('',(0.,0.,1.));
#10607 = PCURVE('',#10583,#10608);
#10608 = DEFINITIONAL_REPRESENTATION('',(#10609),#10613);
#10609 = LINE('',#10610,#10611);
#10610 = CARTESIAN_POINT('',(6.28318530718,41.));
#10611 = VECTOR('',#10612,1.);
#10612 = DIRECTION('',(-1.,-0.));
#10613 = ( GEOMETRIC_REPRESENTATION_CONTEXT(2) 
PARAMETRIC_REPRESENTATION_CONTEXT() REPRESENTATION_CONTEXT('2D SPACE',''
  ) );
#10614 = PCURVE('',#10615,#10620);
#10615 = PLANE('',#10616);
#10616 = AXIS2_PLACEMENT_3D('',#10617,#10618,#10619);
#10617 = CARTESIAN_POINT('',(20.,11.239406253753,62.3));
#10618 = DIRECTION('',(1.,0.,-0.));
#10619 = DIRECTION('',(0.,0.,1.));
#10620 = DEFINITIONAL_REPRESENTATION('',(#10621),#10629);
#10621 = ( BOUNDED_CURVE() B_SPLINE_CURVE(2,(#10622,#10623,#10624,#10625
    ,#10626,#10627,#10628),.UNSPECIFIED.,.T.,.F.) 
B_SPLINE_CURVE_WITH_KNOTS((1,2,2,2,2,1),(-2.094395102393,0.,
    2.094395102393,4.188790204786,6.28318530718,8.377580409573),
.UNSPECIFIED.) CURVE() GEOMETRIC_REPRESENTATION_ITEM() 
RATIONAL_B_SPLINE_CURVE((1.,0.5,1.,0.5,1.,0.5,1.)) REPRESENTATION_ITEM(
  '') );
#10622 = CARTESIAN_POINT('',(2.25,-8.260593746247));
#10623 = CARTESIAN_POINT('',(2.25,-10.4256572557));
#10624 = CARTESIAN_POINT('',(0.375,-9.343125500977));
#10625 = CARTESIAN_POINT('',(-1.5,-8.260593746247));
#10626 = CARTESIAN_POINT('',(0.375,-7.178061991516));
#10627 = CARTESIAN_POINT('',(2.25,-6.095530236786));
#10628 = CARTESIAN_POINT('',(2.25,-8.260593746247));
#10629 = ( GEOMETRIC_REPRESENTATION_CONTEXT(2) 
PARAMETRIC_REPRESENTATION_CONTEXT() REPRESENTATION_CONTEXT('2D SPACE',''
  ) );
#10630 = ORIENTED_EDGE('',*,*,#10631,.F.);
#10631 = EDGE_CURVE('',#10567,#10599,#10632,.T.);
#10632 = SEAM_CURVE('',#10633,(#10637,#10644),.PCURVE_S1.);
#10633 = LINE('',#10634,#10635);
#10634 = CARTESIAN_POINT('',(-21.,19.5,64.55));
#10635 = VECTOR('',#10636,1.);
#10636 = DIRECTION('',(1.,0.,0.));
#10637 = PCURVE('',#10583,#10638);
#10638 = DEFINITIONAL_REPRESENTATION('',(#10639),#10643);
#10639 = LINE('',#10640,#10641);
#10640 = CARTESIAN_POINT('',(0.,-0.));
#10641 = VECTOR('',#10642,1.);
#10642 = DIRECTION('',(0.,1.));
#10643 = ( GEOMETRIC_REPRESENTATION_CONTEXT(2) 
PARAMETRIC_REPRESENTATION_CONTEXT() REPRESENTATION_CONTEXT('2D SPACE',''
  ) );
#10644 = PCURVE('',#10583,#10645);
#10645 = DEFINITIONAL_REPRESENTATION('',(#10646),#10650);
#10646 = LINE('',#10647,#10648);
#10647 = CARTESIAN_POINT('',(6.28318530718,-0.));
#10648 = VECTOR('',#10649,1.);
#10649 = DIRECTION('',(0.,1.));
#10650 = ( GEOMETRIC_REPRESENTATION_CONTEXT(2) 
PARAMETRIC_REPRESENTATION_CONTEXT() REPRESENTATION_CONTEXT('2D SPACE',''
  ) );
#10651 = ORIENTED_EDGE('',*,*,#10566,.T.);
#10652 = ORIENTED_EDGE('',*,*,#10631,.T.);
#10653 = ADVANCED_FACE('',(#10654,#10841),#10615,.T.);
#10654 = FACE_BOUND('',#10655,.T.);
#10655 = EDGE_LOOP('',(#10656,#10681,#10704,#10727,#10751,#10774,#10797,
    #10820));
#10656 = ORIENTED_EDGE('',*,*,#10657,.F.);
#10657 = EDGE_CURVE('',#10658,#10660,#10662,.T.);
#10658 = VERTEX_POINT('',#10659);
#10659 = CARTESIAN_POINT('',(20.,11.239406253753,67.3));
#10660 = VERTEX_POINT('',#10661);
#10661 = CARTESIAN_POINT('',(20.,30.5,67.3));
#10662 = SURFACE_CURVE('',#10663,(#10667,#10674),.PCURVE_S1.);
#10663 = LINE('',#10664,#10665);
#10664 = CARTESIAN_POINT('',(20.,11.239406253753,67.3));
#10665 = VECTOR('',#10666,1.);
#10666 = DIRECTION('',(0.,1.,0.));
#10667 = PCURVE('',#10615,#10668);
#10668 = DEFINITIONAL_REPRESENTATION('',(#10669),#10673);
#10669 = LINE('',#10670,#10671);
#10670 = CARTESIAN_POINT('',(5.,0.));
#10671 = VECTOR('',#10672,1.);
#10672 = DIRECTION('',(0.,-1.));
#10673 = ( GEOMETRIC_REPRESENTATION_CONTEXT(2) 
PARAMETRIC_REPRESENTATION_CONTEXT() REPRESENTATION_CONTEXT('2D SPACE',''
  ) );
#10674 = PCURVE('',#10357,#10675);
#10675 = DEFINITIONAL_REPRESENTATION('',(#10676),#10680);
#10676 = LINE('',#10677,#10678);
#10677 = CARTESIAN_POINT('',(40.,0.));
#10678 = VECTOR('',#10679,1.);
#10679 = DIRECTION('',(0.,1.));
#10680 = ( GEOMETRIC_REPRESENTATION_CONTEXT(2) 
PARAMETRIC_REPRESENTATION_CONTEXT() REPRESENTATION_CONTEXT('2D SPACE',''
  ) );
#10681 = ORIENTED_EDGE('',*,*,#10682,.F.);
#10682 = EDGE_CURVE('',#10683,#10658,#10685,.T.);
#10683 = VERTEX_POINT('',#10684);
#10684 = CARTESIAN_POINT('',(20.,11.239406253753,62.3));
#10685 = SURFACE_CURVE('',#10686,(#10690,#10697),.PCURVE_S1.);
#10686 = LINE('',#10687,#10688);
#10687 = CARTESIAN_POINT('',(20.,11.239406253753,62.3));
#10688 = VECTOR('',#10689,1.);
#10689 = DIRECTION('',(0.,0.,1.));
#10690 = PCURVE('',#10615,#10691);
#10691 = DEFINITIONAL_REPRESENTATION('',(#10692),#10696);
#10692 = LINE('',#10693,#10694);
#10693 = CARTESIAN_POINT('',(0.,0.));
#10694 = VECTOR('',#10695,1.);
#10695 = DIRECTION('',(1.,0.));
#10696 = ( GEOMETRIC_REPRESENTATION_CONTEXT(2) 
PARAMETRIC_REPRESENTATION_CONTEXT() REPRESENTATION_CONTEXT('2D SPACE',''
  ) );
#10697 = PCURVE('',#10385,#10698);
#10698 = DEFINITIONAL_REPRESENTATION('',(#10699),#10703);
#10699 = LINE('',#10700,#10701);
#10700 = CARTESIAN_POINT('',(0.,40.));
#10701 = VECTOR('',#10702,1.);
#10702 = DIRECTION('',(1.,0.));
#10703 = ( GEOMETRIC_REPRESENTATION_CONTEXT(2) 
PARAMETRIC_REPRESENTATION_CONTEXT() REPRESENTATION_CONTEXT('2D SPACE',''
  ) );
#10704 = ORIENTED_EDGE('',*,*,#10705,.T.);
#10705 = EDGE_CURVE('',#10683,#10706,#10708,.T.);
#10706 = VERTEX_POINT('',#10707);
#10707 = CARTESIAN_POINT('',(20.,15.627016653793,62.3));
#10708 = SURFACE_CURVE('',#10709,(#10713,#10720),.PCURVE_S1.);
#10709 = LINE('',#10710,#10711);
#10710 = CARTESIAN_POINT('',(20.,11.239406253753,62.3));
#10711 = VECTOR('',#10712,1.);
#10712 = DIRECTION('',(-0.,1.,0.));
#10713 = PCURVE('',#10615,#10714);
#10714 = DEFINITIONAL_REPRESENTATION('',(#10715),#10719);
#10715 = LINE('',#10716,#10717);
#10716 = CARTESIAN_POINT('',(0.,0.));
#10717 = VECTOR('',#10718,1.);
#10718 = DIRECTION('',(0.,-1.));
#10719 = ( GEOMETRIC_REPRESENTATION_CONTEXT(2) 
PARAMETRIC_REPRESENTATION_CONTEXT() REPRESENTATION_CONTEXT('2D SPACE',''
  ) );
#10720 = PCURVE('',#10413,#10721);
#10721 = DEFINITIONAL_REPRESENTATION('',(#10722),#10726);
#10722 = LINE('',#10723,#10724);
#10723 = CARTESIAN_POINT('',(40.,0.));
#10724 = VECTOR('',#10725,1.);
#10725 = DIRECTION('',(0.,1.));
#10726 = ( GEOMETRIC_REPRESENTATION_CONTEXT(2) 
PARAMETRIC_REPRESENTATION_CONTEXT() REPRESENTATION_CONTEXT('2D SPACE',''
  ) );
#10727 = ORIENTED_EDGE('',*,*,#10728,.T.);
#10728 = EDGE_CURVE('',#10706,#10729,#10731,.T.);
#10729 = VERTEX_POINT('',#10730);
#10730 = CARTESIAN_POINT('',(20.,19.5,59.3));
#10731 = SURFACE_CURVE('',#10732,(#10737,#10744),.PCURVE_S1.);
#10732 = CIRCLE('',#10733,4.);
#10733 = AXIS2_PLACEMENT_3D('',#10734,#10735,#10736);
#10734 = CARTESIAN_POINT('',(20.,19.5,63.3));
#10735 = DIRECTION('',(1.,0.,0.));
#10736 = DIRECTION('',(-0.,0.,1.));
#10737 = PCURVE('',#10615,#10738);
#10738 = DEFINITIONAL_REPRESENTATION('',(#10739),#10743);
#10739 = CIRCLE('',#10740,4.);
#10740 = AXIS2_PLACEMENT_2D('',#10741,#10742);
#10741 = CARTESIAN_POINT('',(1.,-8.260593746247));
#10742 = DIRECTION('',(1.,0.));
#10743 = ( GEOMETRIC_REPRESENTATION_CONTEXT(2) 
PARAMETRIC_REPRESENTATION_CONTEXT() REPRESENTATION_CONTEXT('2D SPACE',''
  ) );
#10744 = PCURVE('',#10442,#10745);
#10745 = DEFINITIONAL_REPRESENTATION('',(#10746),#10750);
#10746 = LINE('',#10747,#10748);
#10747 = CARTESIAN_POINT('',(0.,40.));
#10748 = VECTOR('',#10749,1.);
#10749 = DIRECTION('',(1.,0.));
#10750 = ( GEOMETRIC_REPRESENTATION_CONTEXT(2) 
PARAMETRIC_REPRESENTATION_CONTEXT() REPRESENTATION_CONTEXT('2D SPACE',''
  ) );
#10751 = ORIENTED_EDGE('',*,*,#10752,.T.);
#10752 = EDGE_CURVE('',#10729,#10753,#10755,.T.);
#10753 = VERTEX_POINT('',#10754);
#10754 = CARTESIAN_POINT('',(20.,26.5,59.3));
#10755 = SURFACE_CURVE('',#10756,(#10760,#10767),.PCURVE_S1.);
#10756 = LINE('',#10757,#10758);
#10757 = CARTESIAN_POINT('',(20.,19.5,59.3));
#10758 = VECTOR('',#10759,1.);
#10759 = DIRECTION('',(-0.,1.,0.));
#10760 = PCURVE('',#10615,#10761);
#10761 = DEFINITIONAL_REPRESENTATION('',(#10762),#10766);
#10762 = LINE('',#10763,#10764);
#10763 = CARTESIAN_POINT('',(-3.,-8.260593746247));
#10764 = VECTOR('',#10765,1.);
#10765 = DIRECTION('',(0.,-1.));
#10766 = ( GEOMETRIC_REPRESENTATION_CONTEXT(2) 
PARAMETRIC_REPRESENTATION_CONTEXT() REPRESENTATION_CONTEXT('2D SPACE',''
  ) );
#10767 = PCURVE('',#10470,#10768);
#10768 = DEFINITIONAL_REPRESENTATION('',(#10769),#10773);
#10769 = LINE('',#10770,#10771);
#10770 = CARTESIAN_POINT('',(40.,0.));
#10771 = VECTOR('',#10772,1.);
#10772 = DIRECTION('',(0.,1.));
#10773 = ( GEOMETRIC_REPRESENTATION_CONTEXT(2) 
PARAMETRIC_REPRESENTATION_CONTEXT() REPRESENTATION_CONTEXT('2D SPACE',''
  ) );
#10774 = ORIENTED_EDGE('',*,*,#10775,.F.);
#10775 = EDGE_CURVE('',#10776,#10753,#10778,.T.);
#10776 = VERTEX_POINT('',#10777);
#10777 = CARTESIAN_POINT('',(20.,26.5,-55.4));
#10778 = SURFACE_CURVE('',#10779,(#10783,#10790),.PCURVE_S1.);
#10779 = LINE('',#10780,#10781);
#10780 = CARTESIAN_POINT('',(20.,26.5,-55.4));
#10781 = VECTOR('',#10782,1.);
#10782 = DIRECTION('',(0.,0.,1.));
#10783 = PCURVE('',#10615,#10784);
#10784 = DEFINITIONAL_REPRESENTATION('',(#10785),#10789);
#10785 = LINE('',#10786,#10787);
#10786 = CARTESIAN_POINT('',(-117.7,-15.26059374624));
#10787 = VECTOR('',#10788,1.);
#10788 = DIRECTION('',(1.,0.));
#10789 = ( GEOMETRIC_REPRESENTATION_CONTEXT(2) 
PARAMETRIC_REPRESENTATION_CONTEXT() REPRESENTATION_CONTEXT('2D SPACE',''
  ) );
#10790 = PCURVE('',#10498,#10791);
#10791 = DEFINITIONAL_REPRESENTATION('',(#10792),#10796);
#10792 = LINE('',#10793,#10794);
#10793 = CARTESIAN_POINT('',(0.,40.));
#10794 = VECTOR('',#10795,1.);
#10795 = DIRECTION('',(1.,0.));
#10796 = ( GEOMETRIC_REPRESENTATION_CONTEXT(2) 
PARAMETRIC_REPRESENTATION_CONTEXT() REPRESENTATION_CONTEXT('2D SPACE',''
  ) );
#10797 = ORIENTED_EDGE('',*,*,#10798,.T.);
#10798 = EDGE_CURVE('',#10776,#10799,#10801,.T.);
#10799 = VERTEX_POINT('',#10800);
#10800 = CARTESIAN_POINT('',(20.,30.5,-55.4));
#10801 = SURFACE_CURVE('',#10802,(#10806,#10813),.PCURVE_S1.);
#10802 = LINE('',#10803,#10804);
#10803 = CARTESIAN_POINT('',(20.,26.5,-55.4));
#10804 = VECTOR('',#10805,1.);
#10805 = DIRECTION('',(-0.,1.,0.));
#10806 = PCURVE('',#10615,#10807);
#10807 = DEFINITIONAL_REPRESENTATION('',(#10808),#10812);
#10808 = LINE('',#10809,#10810);
#10809 = CARTESIAN_POINT('',(-117.7,-15.26059374624));
#10810 = VECTOR('',#10811,1.);
#10811 = DIRECTION('',(0.,-1.));
#10812 = ( GEOMETRIC_REPRESENTATION_CONTEXT(2) 
PARAMETRIC_REPRESENTATION_CONTEXT() REPRESENTATION_CONTEXT('2D SPACE',''
  ) );
#10813 = PCURVE('',#10526,#10814);
#10814 = DEFINITIONAL_REPRESENTATION('',(#10815),#10819);
#10815 = LINE('',#10816,#10817);
#10816 = CARTESIAN_POINT('',(40.,0.));
#10817 = VECTOR('',#10818,1.);
#10818 = DIRECTION('',(0.,1.));
#10819 = ( GEOMETRIC_REPRESENTATION_CONTEXT(2) 
PARAMETRIC_REPRESENTATION_CONTEXT() REPRESENTATION_CONTEXT('2D SPACE',''
  ) );
#10820 = ORIENTED_EDGE('',*,*,#10821,.T.);
#10821 = EDGE_CURVE('',#10799,#10660,#10822,.T.);
#10822 = SURFACE_CURVE('',#10823,(#10827,#10834),.PCURVE_S1.);
#10823 = LINE('',#10824,#10825);
#10824 = CARTESIAN_POINT('',(20.,30.5,-55.4));
#10825 = VECTOR('',#10826,1.);
#10826 = DIRECTION('',(0.,0.,1.));
#10827 = PCURVE('',#10615,#10828);
#10828 = DEFINITIONAL_REPRESENTATION('',(#10829),#10833);
#10829 = LINE('',#10830,#10831);
#10830 = CARTESIAN_POINT('',(-117.7,-19.26059374624));
#10831 = VECTOR('',#10832,1.);
#10832 = DIRECTION('',(1.,0.));
#10833 = ( GEOMETRIC_REPRESENTATION_CONTEXT(2) 
PARAMETRIC_REPRESENTATION_CONTEXT() REPRESENTATION_CONTEXT('2D SPACE',''
  ) );
#10834 = PCURVE('',#10552,#10835);
#10835 = DEFINITIONAL_REPRESENTATION('',(#10836),#10840);
#10836 = LINE('',#10837,#10838);
#10837 = CARTESIAN_POINT('',(-114.7,40.));
#10838 = VECTOR('',#10839,1.);
#10839 = DIRECTION('',(1.,0.));
#10840 = ( GEOMETRIC_REPRESENTATION_CONTEXT(2) 
PARAMETRIC_REPRESENTATION_CONTEXT() REPRESENTATION_CONTEXT('2D SPACE',''
  ) );
#10841 = FACE_BOUND('',#10842,.T.);
#10842 = EDGE_LOOP('',(#10843));
#10843 = ORIENTED_EDGE('',*,*,#10598,.T.);
#10844 = ADVANCED_FACE('',(#10845,#10891),#10552,.T.);
#10845 = FACE_BOUND('',#10846,.T.);
#10846 = EDGE_LOOP('',(#10847,#10848,#10869,#10870));
#10847 = ORIENTED_EDGE('',*,*,#10821,.F.);
#10848 = ORIENTED_EDGE('',*,*,#10849,.F.);
#10849 = EDGE_CURVE('',#10511,#10799,#10850,.T.);
#10850 = SURFACE_CURVE('',#10851,(#10855,#10862),.PCURVE_S1.);
#10851 = LINE('',#10852,#10853);
#10852 = CARTESIAN_POINT('',(-20.,30.5,-55.4));
#10853 = VECTOR('',#10854,1.);
#10854 = DIRECTION('',(1.,0.,-0.));
#10855 = PCURVE('',#10552,#10856);
#10856 = DEFINITIONAL_REPRESENTATION('',(#10857),#10861);
#10857 = LINE('',#10858,#10859);
#10858 = CARTESIAN_POINT('',(-114.7,0.));
#10859 = VECTOR('',#10860,1.);
#10860 = DIRECTION('',(0.,1.));
#10861 = ( GEOMETRIC_REPRESENTATION_CONTEXT(2) 
PARAMETRIC_REPRESENTATION_CONTEXT() REPRESENTATION_CONTEXT('2D SPACE',''
  ) );
#10862 = PCURVE('',#10526,#10863);
#10863 = DEFINITIONAL_REPRESENTATION('',(#10864),#10868);
#10864 = LINE('',#10865,#10866);
#10865 = CARTESIAN_POINT('',(0.,4.));
#10866 = VECTOR('',#10867,1.);
#10867 = DIRECTION('',(1.,0.));
#10868 = ( GEOMETRIC_REPRESENTATION_CONTEXT(2) 
PARAMETRIC_REPRESENTATION_CONTEXT() REPRESENTATION_CONTEXT('2D SPACE',''
  ) );
#10869 = ORIENTED_EDGE('',*,*,#10538,.F.);
#10870 = ORIENTED_EDGE('',*,*,#10871,.T.);
#10871 = EDGE_CURVE('',#10337,#10660,#10872,.T.);
#10872 = SURFACE_CURVE('',#10873,(#10877,#10884),.PCURVE_S1.);
#10873 = LINE('',#10874,#10875);
#10874 = CARTESIAN_POINT('',(-20.,30.5,67.3));
#10875 = VECTOR('',#10876,1.);
#10876 = DIRECTION('',(1.,0.,-0.));
#10877 = PCURVE('',#10552,#10878);
#10878 = DEFINITIONAL_REPRESENTATION('',(#10879),#10883);
#10879 = LINE('',#10880,#10881);
#10880 = CARTESIAN_POINT('',(8.,0.));
#10881 = VECTOR('',#10882,1.);
#10882 = DIRECTION('',(0.,1.));
#10883 = ( GEOMETRIC_REPRESENTATION_CONTEXT(2) 
PARAMETRIC_REPRESENTATION_CONTEXT() REPRESENTATION_CONTEXT('2D SPACE',''
  ) );
#10884 = PCURVE('',#10357,#10885);
#10885 = DEFINITIONAL_REPRESENTATION('',(#10886),#10890);
#10886 = LINE('',#10887,#10888);
#10887 = CARTESIAN_POINT('',(0.,19.260593746247));
#10888 = VECTOR('',#10889,1.);
#10889 = DIRECTION('',(1.,0.));
#10890 = ( GEOMETRIC_REPRESENTATION_CONTEXT(2) 
PARAMETRIC_REPRESENTATION_CONTEXT() REPRESENTATION_CONTEXT('2D SPACE',''
  ) );
#10891 = FACE_BOUND('',#10892,.T.);
#10892 = EDGE_LOOP('',(#10893,#10922,#10949,#10976));
#10893 = ORIENTED_EDGE('',*,*,#10894,.T.);
#10894 = EDGE_CURVE('',#10895,#10897,#10899,.T.);
#10895 = VERTEX_POINT('',#10896);
#10896 = CARTESIAN_POINT('',(-12.,30.5,40.));
#10897 = VERTEX_POINT('',#10898);
#10898 = CARTESIAN_POINT('',(-12.,30.5,-30.));
#10899 = SURFACE_CURVE('',#10900,(#10904,#10911),.PCURVE_S1.);
#10900 = LINE('',#10901,#10902);
#10901 = CARTESIAN_POINT('',(-12.,30.5,-42.7));
#10902 = VECTOR('',#10903,1.);
#10903 = DIRECTION('',(-0.,0.,-1.));
#10904 = PCURVE('',#10552,#10905);
#10905 = DEFINITIONAL_REPRESENTATION('',(#10906),#10910);
#10906 = LINE('',#10907,#10908);
#10907 = CARTESIAN_POINT('',(-102.,8.));
#10908 = VECTOR('',#10909,1.);
#10909 = DIRECTION('',(-1.,0.));
#10910 = ( GEOMETRIC_REPRESENTATION_CONTEXT(2) 
PARAMETRIC_REPRESENTATION_CONTEXT() REPRESENTATION_CONTEXT('2D SPACE',''
  ) );
#10911 = PCURVE('',#10912,#10917);
#10912 = PLANE('',#10913);
#10913 = AXIS2_PLACEMENT_3D('',#10914,#10915,#10916);
#10914 = CARTESIAN_POINT('',(-12.,26.,-30.));
#10915 = DIRECTION('',(1.,0.,-0.));
#10916 = DIRECTION('',(0.,0.,1.));
#10917 = DEFINITIONAL_REPRESENTATION('',(#10918),#10921);
#10918 = B_SPLINE_CURVE_WITH_KNOTS('',1,(#10919,#10920),.UNSPECIFIED.,
  .F.,.F.,(2,2),(-82.7,-12.7),.PIECEWISE_BEZIER_KNOTS.);
#10919 = CARTESIAN_POINT('',(70.,-4.5));
#10920 = CARTESIAN_POINT('',(0.,-4.5));
#10921 = ( GEOMETRIC_REPRESENTATION_CONTEXT(2) 
PARAMETRIC_REPRESENTATION_CONTEXT() REPRESENTATION_CONTEXT('2D SPACE',''
  ) );
#10922 = ORIENTED_EDGE('',*,*,#10923,.T.);
#10923 = EDGE_CURVE('',#10897,#10924,#10926,.T.);
#10924 = VERTEX_POINT('',#10925);
#10925 = CARTESIAN_POINT('',(12.,30.5,-30.));
#10926 = SURFACE_CURVE('',#10927,(#10931,#10938),.PCURVE_S1.);
#10927 = LINE('',#10928,#10929);
#10928 = CARTESIAN_POINT('',(-16.,30.5,-30.));
#10929 = VECTOR('',#10930,1.);
#10930 = DIRECTION('',(1.,0.,-0.));
#10931 = PCURVE('',#10552,#10932);
#10932 = DEFINITIONAL_REPRESENTATION('',(#10933),#10937);
#10933 = LINE('',#10934,#10935);
#10934 = CARTESIAN_POINT('',(-89.3,4.));
#10935 = VECTOR('',#10936,1.);
#10936 = DIRECTION('',(0.,1.));
#10937 = ( GEOMETRIC_REPRESENTATION_CONTEXT(2) 
PARAMETRIC_REPRESENTATION_CONTEXT() REPRESENTATION_CONTEXT('2D SPACE',''
  ) );
#10938 = PCURVE('',#10939,#10944);
#10939 = PLANE('',#10940);
#10940 = AXIS2_PLACEMENT_3D('',#10941,#10942,#10943);
#10941 = CARTESIAN_POINT('',(-12.,26.,-30.));
#10942 = DIRECTION('',(0.,0.,1.));
#10943 = DIRECTION('',(1.,0.,-0.));
#10944 = DEFINITIONAL_REPRESENTATION('',(#10945),#10948);
#10945 = B_SPLINE_CURVE_WITH_KNOTS('',1,(#10946,#10947),.UNSPECIFIED.,
  .F.,.F.,(2,2),(4.,28.),.PIECEWISE_BEZIER_KNOTS.);
#10946 = CARTESIAN_POINT('',(0.,4.5));
#10947 = CARTESIAN_POINT('',(24.,4.5));
#10948 = ( GEOMETRIC_REPRESENTATION_CONTEXT(2) 
PARAMETRIC_REPRESENTATION_CONTEXT() REPRESENTATION_CONTEXT('2D SPACE',''
  ) );
#10949 = ORIENTED_EDGE('',*,*,#10950,.F.);
#10950 = EDGE_CURVE('',#10951,#10924,#10953,.T.);
#10951 = VERTEX_POINT('',#10952);
#10952 = CARTESIAN_POINT('',(12.,30.5,40.));
#10953 = SURFACE_CURVE('',#10954,(#10958,#10965),.PCURVE_S1.);
#10954 = LINE('',#10955,#10956);
#10955 = CARTESIAN_POINT('',(12.,30.5,-42.7));
#10956 = VECTOR('',#10957,1.);
#10957 = DIRECTION('',(-0.,0.,-1.));
#10958 = PCURVE('',#10552,#10959);
#10959 = DEFINITIONAL_REPRESENTATION('',(#10960),#10964);
#10960 = LINE('',#10961,#10962);
#10961 = CARTESIAN_POINT('',(-102.,32.));
#10962 = VECTOR('',#10963,1.);
#10963 = DIRECTION('',(-1.,0.));
#10964 = ( GEOMETRIC_REPRESENTATION_CONTEXT(2) 
PARAMETRIC_REPRESENTATION_CONTEXT() REPRESENTATION_CONTEXT('2D SPACE',''
  ) );
#10965 = PCURVE('',#10966,#10971);
#10966 = PLANE('',#10967);
#10967 = AXIS2_PLACEMENT_3D('',#10968,#10969,#10970);
#10968 = CARTESIAN_POINT('',(12.,26.,-30.));
#10969 = DIRECTION('',(1.,0.,-0.));
#10970 = DIRECTION('',(0.,0.,1.));
#10971 = DEFINITIONAL_REPRESENTATION('',(#10972),#10975);
#10972 = B_SPLINE_CURVE_WITH_KNOTS('',1,(#10973,#10974),.UNSPECIFIED.,
  .F.,.F.,(2,2),(-82.7,-12.7),.PIECEWISE_BEZIER_KNOTS.);
#10973 = CARTESIAN_POINT('',(70.,-4.5));
#10974 = CARTESIAN_POINT('',(0.,-4.5));
#10975 = ( GEOMETRIC_REPRESENTATION_CONTEXT(2) 
PARAMETRIC_REPRESENTATION_CONTEXT() REPRESENTATION_CONTEXT('2D SPACE',''
  ) );
#10976 = ORIENTED_EDGE('',*,*,#10977,.F.);
#10977 = EDGE_CURVE('',#10895,#10951,#10978,.T.);
#10978 = SURFACE_CURVE('',#10979,(#10983,#10990),.PCURVE_S1.);
#10979 = LINE('',#10980,#10981);
#10980 = CARTESIAN_POINT('',(-16.,30.5,40.));
#10981 = VECTOR('',#10982,1.);
#10982 = DIRECTION('',(1.,0.,-0.));
#10983 = PCURVE('',#10552,#10984);
#10984 = DEFINITIONAL_REPRESENTATION('',(#10985),#10989);
#10985 = LINE('',#10986,#10987);
#10986 = CARTESIAN_POINT('',(-19.3,4.));
#10987 = VECTOR('',#10988,1.);
#10988 = DIRECTION('',(0.,1.));
#10989 = ( GEOMETRIC_REPRESENTATION_CONTEXT(2) 
PARAMETRIC_REPRESENTATION_CONTEXT() REPRESENTATION_CONTEXT('2D SPACE',''
  ) );
#10990 = PCURVE('',#10991,#10996);
#10991 = PLANE('',#10992);
#10992 = AXIS2_PLACEMENT_3D('',#10993,#10994,#10995);
#10993 = CARTESIAN_POINT('',(-12.,26.,40.));
#10994 = DIRECTION('',(0.,0.,1.));
#10995 = DIRECTION('',(1.,0.,-0.));
#10996 = DEFINITIONAL_REPRESENTATION('',(#10997),#11000);
#10997 = B_SPLINE_CURVE_WITH_KNOTS('',1,(#10998,#10999),.UNSPECIFIED.,
  .F.,.F.,(2,2),(4.,28.),.PIECEWISE_BEZIER_KNOTS.);
#10998 = CARTESIAN_POINT('',(0.,4.5));
#10999 = CARTESIAN_POINT('',(24.,4.5));
#11000 = ( GEOMETRIC_REPRESENTATION_CONTEXT(2) 
PARAMETRIC_REPRESENTATION_CONTEXT() REPRESENTATION_CONTEXT('2D SPACE',''
  ) );
#11001 = ADVANCED_FACE('',(#11002),#10991,.F.);
#11002 = FACE_BOUND('',#11003,.F.);
#11003 = EDGE_LOOP('',(#11004,#11027,#11048,#11069));
#11004 = ORIENTED_EDGE('',*,*,#11005,.F.);
#11005 = EDGE_CURVE('',#11006,#10895,#11008,.T.);
#11006 = VERTEX_POINT('',#11007);
#11007 = CARTESIAN_POINT('',(-12.,26.5,40.));
#11008 = SURFACE_CURVE('',#11009,(#11013,#11020),.PCURVE_S1.);
#11009 = LINE('',#11010,#11011);
#11010 = CARTESIAN_POINT('',(-12.,26.,40.));
#11011 = VECTOR('',#11012,1.);
#11012 = DIRECTION('',(-0.,1.,0.));
#11013 = PCURVE('',#10991,#11014);
#11014 = DEFINITIONAL_REPRESENTATION('',(#11015),#11019);
#11015 = LINE('',#11016,#11017);
#11016 = CARTESIAN_POINT('',(0.,0.));
#11017 = VECTOR('',#11018,1.);
#11018 = DIRECTION('',(0.,1.));
#11019 = ( GEOMETRIC_REPRESENTATION_CONTEXT(2) 
PARAMETRIC_REPRESENTATION_CONTEXT() REPRESENTATION_CONTEXT('2D SPACE',''
  ) );
#11020 = PCURVE('',#10912,#11021);
#11021 = DEFINITIONAL_REPRESENTATION('',(#11022),#11026);
#11022 = LINE('',#11023,#11024);
#11023 = CARTESIAN_POINT('',(70.,0.));
#11024 = VECTOR('',#11025,1.);
#11025 = DIRECTION('',(0.,-1.));
#11026 = ( GEOMETRIC_REPRESENTATION_CONTEXT(2) 
PARAMETRIC_REPRESENTATION_CONTEXT() REPRESENTATION_CONTEXT('2D SPACE',''
  ) );
#11027 = ORIENTED_EDGE('',*,*,#11028,.T.);
#11028 = EDGE_CURVE('',#11006,#11029,#11031,.T.);
#11029 = VERTEX_POINT('',#11030);
#11030 = CARTESIAN_POINT('',(12.,26.5,40.));
#11031 = SURFACE_CURVE('',#11032,(#11036,#11042),.PCURVE_S1.);
#11032 = LINE('',#11033,#11034);
#11033 = CARTESIAN_POINT('',(-16.,26.5,40.));
#11034 = VECTOR('',#11035,1.);
#11035 = DIRECTION('',(1.,0.,-0.));
#11036 = PCURVE('',#10991,#11037);
#11037 = DEFINITIONAL_REPRESENTATION('',(#11038),#11041);
#11038 = B_SPLINE_CURVE_WITH_KNOTS('',1,(#11039,#11040),.UNSPECIFIED.,
  .F.,.F.,(2,2),(4.,28.),.PIECEWISE_BEZIER_KNOTS.);
#11039 = CARTESIAN_POINT('',(0.,0.5));
#11040 = CARTESIAN_POINT('',(24.,0.5));
#11041 = ( GEOMETRIC_REPRESENTATION_CONTEXT(2) 
PARAMETRIC_REPRESENTATION_CONTEXT() REPRESENTATION_CONTEXT('2D SPACE',''
  ) );
#11042 = PCURVE('',#10498,#11043);
#11043 = DEFINITIONAL_REPRESENTATION('',(#11044),#11047);
#11044 = B_SPLINE_CURVE_WITH_KNOTS('',1,(#11045,#11046),.UNSPECIFIED.,
  .F.,.F.,(2,2),(4.,28.),.PIECEWISE_BEZIER_KNOTS.);
#11045 = CARTESIAN_POINT('',(95.4,8.));
#11046 = CARTESIAN_POINT('',(95.4,32.));
#11047 = ( GEOMETRIC_REPRESENTATION_CONTEXT(2) 
PARAMETRIC_REPRESENTATION_CONTEXT() REPRESENTATION_CONTEXT('2D SPACE',''
  ) );
#11048 = ORIENTED_EDGE('',*,*,#11049,.T.);
#11049 = EDGE_CURVE('',#11029,#10951,#11050,.T.);
#11050 = SURFACE_CURVE('',#11051,(#11055,#11062),.PCURVE_S1.);
#11051 = LINE('',#11052,#11053);
#11052 = CARTESIAN_POINT('',(12.,26.,40.));
#11053 = VECTOR('',#11054,1.);
#11054 = DIRECTION('',(-0.,1.,0.));
#11055 = PCURVE('',#10991,#11056);
#11056 = DEFINITIONAL_REPRESENTATION('',(#11057),#11061);
#11057 = LINE('',#11058,#11059);
#11058 = CARTESIAN_POINT('',(24.,0.));
#11059 = VECTOR('',#11060,1.);
#11060 = DIRECTION('',(0.,1.));
#11061 = ( GEOMETRIC_REPRESENTATION_CONTEXT(2) 
PARAMETRIC_REPRESENTATION_CONTEXT() REPRESENTATION_CONTEXT('2D SPACE',''
  ) );
#11062 = PCURVE('',#10966,#11063);
#11063 = DEFINITIONAL_REPRESENTATION('',(#11064),#11068);
#11064 = LINE('',#11065,#11066);
#11065 = CARTESIAN_POINT('',(70.,0.));
#11066 = VECTOR('',#11067,1.);
#11067 = DIRECTION('',(0.,-1.));
#11068 = ( GEOMETRIC_REPRESENTATION_CONTEXT(2) 
PARAMETRIC_REPRESENTATION_CONTEXT() REPRESENTATION_CONTEXT('2D SPACE',''
  ) );
#11069 = ORIENTED_EDGE('',*,*,#10977,.F.);
#11070 = ADVANCED_FACE('',(#11071),#10966,.F.);
#11071 = FACE_BOUND('',#11072,.F.);
#11072 = EDGE_LOOP('',(#11073,#11074,#11095,#11116));
#11073 = ORIENTED_EDGE('',*,*,#11049,.F.);
#11074 = ORIENTED_EDGE('',*,*,#11075,.T.);
#11075 = EDGE_CURVE('',#11029,#11076,#11078,.T.);
#11076 = VERTEX_POINT('',#11077);
#11077 = CARTESIAN_POINT('',(12.,26.5,-30.));
#11078 = SURFACE_CURVE('',#11079,(#11083,#11089),.PCURVE_S1.);
#11079 = LINE('',#11080,#11081);
#11080 = CARTESIAN_POINT('',(12.,26.5,-42.7));
#11081 = VECTOR('',#11082,1.);
#11082 = DIRECTION('',(-0.,0.,-1.));
#11083 = PCURVE('',#10966,#11084);
#11084 = DEFINITIONAL_REPRESENTATION('',(#11085),#11088);
#11085 = B_SPLINE_CURVE_WITH_KNOTS('',1,(#11086,#11087),.UNSPECIFIED.,
  .F.,.F.,(2,2),(-82.7,-12.7),.PIECEWISE_BEZIER_KNOTS.);
#11086 = CARTESIAN_POINT('',(70.,-0.5));
#11087 = CARTESIAN_POINT('',(0.,-0.5));
#11088 = ( GEOMETRIC_REPRESENTATION_CONTEXT(2) 
PARAMETRIC_REPRESENTATION_CONTEXT() REPRESENTATION_CONTEXT('2D SPACE',''
  ) );
#11089 = PCURVE('',#10498,#11090);
#11090 = DEFINITIONAL_REPRESENTATION('',(#11091),#11094);
#11091 = B_SPLINE_CURVE_WITH_KNOTS('',1,(#11092,#11093),.UNSPECIFIED.,
  .F.,.F.,(2,2),(-82.7,-12.7),.PIECEWISE_BEZIER_KNOTS.);
#11092 = CARTESIAN_POINT('',(95.4,32.));
#11093 = CARTESIAN_POINT('',(25.4,32.));
#11094 = ( GEOMETRIC_REPRESENTATION_CONTEXT(2) 
PARAMETRIC_REPRESENTATION_CONTEXT() REPRESENTATION_CONTEXT('2D SPACE',''
  ) );
#11095 = ORIENTED_EDGE('',*,*,#11096,.T.);
#11096 = EDGE_CURVE('',#11076,#10924,#11097,.T.);
#11097 = SURFACE_CURVE('',#11098,(#11102,#11109),.PCURVE_S1.);
#11098 = LINE('',#11099,#11100);
#11099 = CARTESIAN_POINT('',(12.,26.,-30.));
#11100 = VECTOR('',#11101,1.);
#11101 = DIRECTION('',(-0.,1.,0.));
#11102 = PCURVE('',#10966,#11103);
#11103 = DEFINITIONAL_REPRESENTATION('',(#11104),#11108);
#11104 = LINE('',#11105,#11106);
#11105 = CARTESIAN_POINT('',(0.,0.));
#11106 = VECTOR('',#11107,1.);
#11107 = DIRECTION('',(0.,-1.));
#11108 = ( GEOMETRIC_REPRESENTATION_CONTEXT(2) 
PARAMETRIC_REPRESENTATION_CONTEXT() REPRESENTATION_CONTEXT('2D SPACE',''
  ) );
#11109 = PCURVE('',#10939,#11110);
#11110 = DEFINITIONAL_REPRESENTATION('',(#11111),#11115);
#11111 = LINE('',#11112,#11113);
#11112 = CARTESIAN_POINT('',(24.,0.));
#11113 = VECTOR('',#11114,1.);
#11114 = DIRECTION('',(0.,1.));
#11115 = ( GEOMETRIC_REPRESENTATION_CONTEXT(2) 
PARAMETRIC_REPRESENTATION_CONTEXT() REPRESENTATION_CONTEXT('2D SPACE',''
  ) );
#11116 = ORIENTED_EDGE('',*,*,#10950,.F.);
#11117 = ADVANCED_FACE('',(#11118),#10939,.T.);
#11118 = FACE_BOUND('',#11119,.T.);
#11119 = EDGE_LOOP('',(#11120,#11143,#11162,#11163));
#11120 = ORIENTED_EDGE('',*,*,#11121,.F.);
#11121 = EDGE_CURVE('',#11122,#10897,#11124,.T.);
#11122 = VERTEX_POINT('',#11123);
#11123 = CARTESIAN_POINT('',(-12.,26.5,-30.));
#11124 = SURFACE_CURVE('',#11125,(#11129,#11136),.PCURVE_S1.);
#11125 = LINE('',#11126,#11127);
#11126 = CARTESIAN_POINT('',(-12.,26.,-30.));
#11127 = VECTOR('',#11128,1.);
#11128 = DIRECTION('',(-0.,1.,0.));
#11129 = PCURVE('',#10939,#11130);
#11130 = DEFINITIONAL_REPRESENTATION('',(#11131),#11135);
#11131 = LINE('',#11132,#11133);
#11132 = CARTESIAN_POINT('',(0.,0.));
#11133 = VECTOR('',#11134,1.);
#11134 = DIRECTION('',(0.,1.));
#11135 = ( GEOMETRIC_REPRESENTATION_CONTEXT(2) 
PARAMETRIC_REPRESENTATION_CONTEXT() REPRESENTATION_CONTEXT('2D SPACE',''
  ) );
#11136 = PCURVE('',#10912,#11137);
#11137 = DEFINITIONAL_REPRESENTATION('',(#11138),#11142);
#11138 = LINE('',#11139,#11140);
#11139 = CARTESIAN_POINT('',(0.,0.));
#11140 = VECTOR('',#11141,1.);
#11141 = DIRECTION('',(0.,-1.));
#11142 = ( GEOMETRIC_REPRESENTATION_CONTEXT(2) 
PARAMETRIC_REPRESENTATION_CONTEXT() REPRESENTATION_CONTEXT('2D SPACE',''
  ) );
#11143 = ORIENTED_EDGE('',*,*,#11144,.T.);
#11144 = EDGE_CURVE('',#11122,#11076,#11145,.T.);
#11145 = SURFACE_CURVE('',#11146,(#11150,#11156),.PCURVE_S1.);
#11146 = LINE('',#11147,#11148);
#11147 = CARTESIAN_POINT('',(-16.,26.5,-30.));
#11148 = VECTOR('',#11149,1.);
#11149 = DIRECTION('',(1.,0.,-0.));
#11150 = PCURVE('',#10939,#11151);
#11151 = DEFINITIONAL_REPRESENTATION('',(#11152),#11155);
#11152 = B_SPLINE_CURVE_WITH_KNOTS('',1,(#11153,#11154),.UNSPECIFIED.,
  .F.,.F.,(2,2),(4.,28.),.PIECEWISE_BEZIER_KNOTS.);
#11153 = CARTESIAN_POINT('',(0.,0.5));
#11154 = CARTESIAN_POINT('',(24.,0.5));
#11155 = ( GEOMETRIC_REPRESENTATION_CONTEXT(2) 
PARAMETRIC_REPRESENTATION_CONTEXT() REPRESENTATION_CONTEXT('2D SPACE',''
  ) );
#11156 = PCURVE('',#10498,#11157);
#11157 = DEFINITIONAL_REPRESENTATION('',(#11158),#11161);
#11158 = B_SPLINE_CURVE_WITH_KNOTS('',1,(#11159,#11160),.UNSPECIFIED.,
  .F.,.F.,(2,2),(4.,28.),.PIECEWISE_BEZIER_KNOTS.);
#11159 = CARTESIAN_POINT('',(25.4,8.));
#11160 = CARTESIAN_POINT('',(25.4,32.));
#11161 = ( GEOMETRIC_REPRESENTATION_CONTEXT(2) 
PARAMETRIC_REPRESENTATION_CONTEXT() REPRESENTATION_CONTEXT('2D SPACE',''
  ) );
#11162 = ORIENTED_EDGE('',*,*,#11096,.T.);
#11163 = ORIENTED_EDGE('',*,*,#10923,.F.);
#11164 = ADVANCED_FACE('',(#11165),#10912,.T.);
#11165 = FACE_BOUND('',#11166,.T.);
#11166 = EDGE_LOOP('',(#11167,#11168,#11187,#11188));
#11167 = ORIENTED_EDGE('',*,*,#11005,.F.);
#11168 = ORIENTED_EDGE('',*,*,#11169,.T.);
#11169 = EDGE_CURVE('',#11006,#11122,#11170,.T.);
#11170 = SURFACE_CURVE('',#11171,(#11175,#11181),.PCURVE_S1.);
#11171 = LINE('',#11172,#11173);
#11172 = CARTESIAN_POINT('',(-12.,26.5,-42.7));
#11173 = VECTOR('',#11174,1.);
#11174 = DIRECTION('',(-0.,0.,-1.));
#11175 = PCURVE('',#10912,#11176);
#11176 = DEFINITIONAL_REPRESENTATION('',(#11177),#11180);
#11177 = B_SPLINE_CURVE_WITH_KNOTS('',1,(#11178,#11179),.UNSPECIFIED.,
  .F.,.F.,(2,2),(-82.7,-12.7),.PIECEWISE_BEZIER_KNOTS.);
#11178 = CARTESIAN_POINT('',(70.,-0.5));
#11179 = CARTESIAN_POINT('',(0.,-0.5));
#11180 = ( GEOMETRIC_REPRESENTATION_CONTEXT(2) 
PARAMETRIC_REPRESENTATION_CONTEXT() REPRESENTATION_CONTEXT('2D SPACE',''
  ) );
#11181 = PCURVE('',#10498,#11182);
#11182 = DEFINITIONAL_REPRESENTATION('',(#11183),#11186);
#11183 = B_SPLINE_CURVE_WITH_KNOTS('',1,(#11184,#11185),.UNSPECIFIED.,
  .F.,.F.,(2,2),(-82.7,-12.7),.PIECEWISE_BEZIER_KNOTS.);
#11184 = CARTESIAN_POINT('',(95.4,8.));
#11185 = CARTESIAN_POINT('',(25.4,8.));
#11186 = ( GEOMETRIC_REPRESENTATION_CONTEXT(2) 
PARAMETRIC_REPRESENTATION_CONTEXT() REPRESENTATION_CONTEXT('2D SPACE',''
  ) );
#11187 = ORIENTED_EDGE('',*,*,#11121,.T.);
#11188 = ORIENTED_EDGE('',*,*,#10894,.F.);
#11189 = ADVANCED_FACE('',(#11190),#10526,.F.);
#11190 = FACE_BOUND('',#11191,.F.);
#11191 = EDGE_LOOP('',(#11192,#11193,#11214,#11215));
#11192 = ORIENTED_EDGE('',*,*,#10510,.F.);
#11193 = ORIENTED_EDGE('',*,*,#11194,.T.);
#11194 = EDGE_CURVE('',#10483,#10776,#11195,.T.);
#11195 = SURFACE_CURVE('',#11196,(#11200,#11207),.PCURVE_S1.);
#11196 = LINE('',#11197,#11198);
#11197 = CARTESIAN_POINT('',(-20.,26.5,-55.4));
#11198 = VECTOR('',#11199,1.);
#11199 = DIRECTION('',(1.,0.,-0.));
#11200 = PCURVE('',#10526,#11201);
#11201 = DEFINITIONAL_REPRESENTATION('',(#11202),#11206);
#11202 = LINE('',#11203,#11204);
#11203 = CARTESIAN_POINT('',(0.,0.));
#11204 = VECTOR('',#11205,1.);
#11205 = DIRECTION('',(1.,0.));
#11206 = ( GEOMETRIC_REPRESENTATION_CONTEXT(2) 
PARAMETRIC_REPRESENTATION_CONTEXT() REPRESENTATION_CONTEXT('2D SPACE',''
  ) );
#11207 = PCURVE('',#10498,#11208);
#11208 = DEFINITIONAL_REPRESENTATION('',(#11209),#11213);
#11209 = LINE('',#11210,#11211);
#11210 = CARTESIAN_POINT('',(0.,0.));
#11211 = VECTOR('',#11212,1.);
#11212 = DIRECTION('',(0.,1.));
#11213 = ( GEOMETRIC_REPRESENTATION_CONTEXT(2) 
PARAMETRIC_REPRESENTATION_CONTEXT() REPRESENTATION_CONTEXT('2D SPACE',''
  ) );
#11214 = ORIENTED_EDGE('',*,*,#10798,.T.);
#11215 = ORIENTED_EDGE('',*,*,#10849,.F.);
#11216 = ADVANCED_FACE('',(#11217,#11241),#10498,.F.);
#11217 = FACE_BOUND('',#11218,.F.);
#11218 = EDGE_LOOP('',(#11219,#11220,#11221,#11222));
#11219 = ORIENTED_EDGE('',*,*,#10775,.F.);
#11220 = ORIENTED_EDGE('',*,*,#11194,.F.);
#11221 = ORIENTED_EDGE('',*,*,#10482,.T.);
#11222 = ORIENTED_EDGE('',*,*,#11223,.F.);
#11223 = EDGE_CURVE('',#10753,#10455,#11224,.T.);
#11224 = SURFACE_CURVE('',#11225,(#11229,#11235),.PCURVE_S1.);
#11225 = LINE('',#11226,#11227);
#11226 = CARTESIAN_POINT('',(-20.,26.5,59.3));
#11227 = VECTOR('',#11228,1.);
#11228 = DIRECTION('',(-1.,-0.,0.));
#11229 = PCURVE('',#10498,#11230);
#11230 = DEFINITIONAL_REPRESENTATION('',(#11231),#11234);
#11231 = B_SPLINE_CURVE_WITH_KNOTS('',1,(#11232,#11233),.UNSPECIFIED.,
  .F.,.F.,(2,2),(-40.,0.),.PIECEWISE_BEZIER_KNOTS.);
#11232 = CARTESIAN_POINT('',(114.7,40.));
#11233 = CARTESIAN_POINT('',(114.7,0.));
#11234 = ( GEOMETRIC_REPRESENTATION_CONTEXT(2) 
PARAMETRIC_REPRESENTATION_CONTEXT() REPRESENTATION_CONTEXT('2D SPACE',''
  ) );
#11235 = PCURVE('',#10470,#11236);
#11236 = DEFINITIONAL_REPRESENTATION('',(#11237),#11240);
#11237 = B_SPLINE_CURVE_WITH_KNOTS('',1,(#11238,#11239),.UNSPECIFIED.,
  .F.,.F.,(2,2),(-40.,0.),.PIECEWISE_BEZIER_KNOTS.);
#11238 = CARTESIAN_POINT('',(40.,7.));
#11239 = CARTESIAN_POINT('',(0.,7.));
#11240 = ( GEOMETRIC_REPRESENTATION_CONTEXT(2) 
PARAMETRIC_REPRESENTATION_CONTEXT() REPRESENTATION_CONTEXT('2D SPACE',''
  ) );
#11241 = FACE_BOUND('',#11242,.F.);
#11242 = EDGE_LOOP('',(#11243,#11244,#11245,#11246));
#11243 = ORIENTED_EDGE('',*,*,#11028,.F.);
#11244 = ORIENTED_EDGE('',*,*,#11169,.T.);
#11245 = ORIENTED_EDGE('',*,*,#11144,.T.);
#11246 = ORIENTED_EDGE('',*,*,#11075,.F.);
#11247 = ADVANCED_FACE('',(#11248),#10470,.F.);
#11248 = FACE_BOUND('',#11249,.F.);
#11249 = EDGE_LOOP('',(#11250,#11251,#11272,#11273));
#11250 = ORIENTED_EDGE('',*,*,#10454,.F.);
#11251 = ORIENTED_EDGE('',*,*,#11252,.T.);
#11252 = EDGE_CURVE('',#10426,#10729,#11253,.T.);
#11253 = SURFACE_CURVE('',#11254,(#11258,#11265),.PCURVE_S1.);
#11254 = LINE('',#11255,#11256);
#11255 = CARTESIAN_POINT('',(-20.,19.5,59.3));
#11256 = VECTOR('',#11257,1.);
#11257 = DIRECTION('',(1.,0.,-0.));
#11258 = PCURVE('',#10470,#11259);
#11259 = DEFINITIONAL_REPRESENTATION('',(#11260),#11264);
#11260 = LINE('',#11261,#11262);
#11261 = CARTESIAN_POINT('',(0.,0.));
#11262 = VECTOR('',#11263,1.);
#11263 = DIRECTION('',(1.,0.));
#11264 = ( GEOMETRIC_REPRESENTATION_CONTEXT(2) 
PARAMETRIC_REPRESENTATION_CONTEXT() REPRESENTATION_CONTEXT('2D SPACE',''
  ) );
#11265 = PCURVE('',#10442,#11266);
#11266 = DEFINITIONAL_REPRESENTATION('',(#11267),#11271);
#11267 = LINE('',#11268,#11269);
#11268 = CARTESIAN_POINT('',(3.14159265359,0.));
#11269 = VECTOR('',#11270,1.);
#11270 = DIRECTION('',(0.,1.));
#11271 = ( GEOMETRIC_REPRESENTATION_CONTEXT(2) 
PARAMETRIC_REPRESENTATION_CONTEXT() REPRESENTATION_CONTEXT('2D SPACE',''
  ) );
#11272 = ORIENTED_EDGE('',*,*,#10752,.T.);
#11273 = ORIENTED_EDGE('',*,*,#11223,.T.);
#11274 = ADVANCED_FACE('',(#11275),#10442,.T.);
#11275 = FACE_BOUND('',#11276,.T.);
#11276 = EDGE_LOOP('',(#11277,#11278,#11297,#11298));
#11277 = ORIENTED_EDGE('',*,*,#10728,.F.);
#11278 = ORIENTED_EDGE('',*,*,#11279,.F.);
#11279 = EDGE_CURVE('',#10398,#10706,#11280,.T.);
#11280 = SURFACE_CURVE('',#11281,(#11285,#11291),.PCURVE_S1.);
#11281 = LINE('',#11282,#11283);
#11282 = CARTESIAN_POINT('',(-20.,15.627016653793,62.3));
#11283 = VECTOR('',#11284,1.);
#11284 = DIRECTION('',(1.,0.,0.));
#11285 = PCURVE('',#10442,#11286);
#11286 = DEFINITIONAL_REPRESENTATION('',(#11287),#11290);
#11287 = B_SPLINE_CURVE_WITH_KNOTS('',1,(#11288,#11289),.UNSPECIFIED.,
  .F.,.F.,(2,2),(-5.999999999062E-07,40.0000006),
  .PIECEWISE_BEZIER_KNOTS.);
#11288 = CARTESIAN_POINT('',(1.823476581937,-5.999999999062E-07));
#11289 = CARTESIAN_POINT('',(1.823476581937,40.0000006));
#11290 = ( GEOMETRIC_REPRESENTATION_CONTEXT(2) 
PARAMETRIC_REPRESENTATION_CONTEXT() REPRESENTATION_CONTEXT('2D SPACE',''
  ) );
#11291 = PCURVE('',#10413,#11292);
#11292 = DEFINITIONAL_REPRESENTATION('',(#11293),#11296);
#11293 = B_SPLINE_CURVE_WITH_KNOTS('',1,(#11294,#11295),.UNSPECIFIED.,
  .F.,.F.,(2,2),(-5.999999999062E-07,40.0000006),
  .PIECEWISE_BEZIER_KNOTS.);
#11294 = CARTESIAN_POINT('',(-5.999999999062E-07,4.387610400039));
#11295 = CARTESIAN_POINT('',(40.0000006,4.387610400039));
#11296 = ( GEOMETRIC_REPRESENTATION_CONTEXT(2) 
PARAMETRIC_REPRESENTATION_CONTEXT() REPRESENTATION_CONTEXT('2D SPACE',''
  ) );
#11297 = ORIENTED_EDGE('',*,*,#10425,.T.);
#11298 = ORIENTED_EDGE('',*,*,#11252,.T.);
#11299 = ADVANCED_FACE('',(#11300),#10413,.F.);
#11300 = FACE_BOUND('',#11301,.F.);
#11301 = EDGE_LOOP('',(#11302,#11303,#11324,#11325));
#11302 = ORIENTED_EDGE('',*,*,#10397,.F.);
#11303 = ORIENTED_EDGE('',*,*,#11304,.T.);
#11304 = EDGE_CURVE('',#10370,#10683,#11305,.T.);
#11305 = SURFACE_CURVE('',#11306,(#11310,#11317),.PCURVE_S1.);
#11306 = LINE('',#11307,#11308);
#11307 = CARTESIAN_POINT('',(-20.,11.239406253753,62.3));
#11308 = VECTOR('',#11309,1.);
#11309 = DIRECTION('',(1.,0.,-0.));
#11310 = PCURVE('',#10413,#11311);
#11311 = DEFINITIONAL_REPRESENTATION('',(#11312),#11316);
#11312 = LINE('',#11313,#11314);
#11313 = CARTESIAN_POINT('',(0.,0.));
#11314 = VECTOR('',#11315,1.);
#11315 = DIRECTION('',(1.,0.));
#11316 = ( GEOMETRIC_REPRESENTATION_CONTEXT(2) 
PARAMETRIC_REPRESENTATION_CONTEXT() REPRESENTATION_CONTEXT('2D SPACE',''
  ) );
#11317 = PCURVE('',#10385,#11318);
#11318 = DEFINITIONAL_REPRESENTATION('',(#11319),#11323);
#11319 = LINE('',#11320,#11321);
#11320 = CARTESIAN_POINT('',(0.,0.));
#11321 = VECTOR('',#11322,1.);
#11322 = DIRECTION('',(0.,1.));
#11323 = ( GEOMETRIC_REPRESENTATION_CONTEXT(2) 
PARAMETRIC_REPRESENTATION_CONTEXT() REPRESENTATION_CONTEXT('2D SPACE',''
  ) );
#11324 = ORIENTED_EDGE('',*,*,#10705,.T.);
#11325 = ORIENTED_EDGE('',*,*,#11279,.F.);
#11326 = ADVANCED_FACE('',(#11327),#10385,.F.);
#11327 = FACE_BOUND('',#11328,.F.);
#11328 = EDGE_LOOP('',(#11329,#11330,#11331,#11352));
#11329 = ORIENTED_EDGE('',*,*,#11304,.F.);
#11330 = ORIENTED_EDGE('',*,*,#10369,.T.);
#11331 = ORIENTED_EDGE('',*,*,#11332,.T.);
#11332 = EDGE_CURVE('',#10335,#10658,#11333,.T.);
#11333 = SURFACE_CURVE('',#11334,(#11338,#11345),.PCURVE_S1.);
#11334 = LINE('',#11335,#11336);
#11335 = CARTESIAN_POINT('',(-20.,11.239406253753,67.3));
#11336 = VECTOR('',#11337,1.);
#11337 = DIRECTION('',(1.,0.,-0.));
#11338 = PCURVE('',#10385,#11339);
#11339 = DEFINITIONAL_REPRESENTATION('',(#11340),#11344);
#11340 = LINE('',#11341,#11342);
#11341 = CARTESIAN_POINT('',(5.,0.));
#11342 = VECTOR('',#11343,1.);
#11343 = DIRECTION('',(0.,1.));
#11344 = ( GEOMETRIC_REPRESENTATION_CONTEXT(2) 
PARAMETRIC_REPRESENTATION_CONTEXT() REPRESENTATION_CONTEXT('2D SPACE',''
  ) );
#11345 = PCURVE('',#10357,#11346);
#11346 = DEFINITIONAL_REPRESENTATION('',(#11347),#11351);
#11347 = LINE('',#11348,#11349);
#11348 = CARTESIAN_POINT('',(0.,0.));
#11349 = VECTOR('',#11350,1.);
#11350 = DIRECTION('',(1.,0.));
#11351 = ( GEOMETRIC_REPRESENTATION_CONTEXT(2) 
PARAMETRIC_REPRESENTATION_CONTEXT() REPRESENTATION_CONTEXT('2D SPACE',''
  ) );
#11352 = ORIENTED_EDGE('',*,*,#10682,.F.);
#11353 = ADVANCED_FACE('',(#11354),#10357,.T.);
#11354 = FACE_BOUND('',#11355,.T.);
#11355 = EDGE_LOOP('',(#11356,#11357,#11358,#11359));
#11356 = ORIENTED_EDGE('',*,*,#10334,.F.);
#11357 = ORIENTED_EDGE('',*,*,#11332,.T.);
#11358 = ORIENTED_EDGE('',*,*,#10657,.T.);
#11359 = ORIENTED_EDGE('',*,*,#10871,.F.);
#11360 = ( GEOMETRIC_REPRESENTATION_CONTEXT(3) 
GLOBAL_UNCERTAINTY_ASSIGNED_CONTEXT((#11364)) 
GLOBAL_UNIT_ASSIGNED_CONTEXT((#11361,#11362,#11363)) 
REPRESENTATION_CONTEXT('Context #1',
  '3D Context with UNIT and UNCERTAINTY') );
#11361 = ( LENGTH_UNIT() NAMED_UNIT(*) SI_UNIT(.MILLI.,.METRE.) );
#11362 = ( NAMED_UNIT(*) PLANE_ANGLE_UNIT() SI_UNIT($,.RADIAN.) );
#11363 = ( NAMED_UNIT(*) SI_UNIT($,.STERADIAN.) SOLID_ANGLE_UNIT() );
#11364 = UNCERTAINTY_MEASURE_WITH_UNIT(LENGTH_MEASURE(1.E-07),#11361,
  'distance_accuracy_value','confusion accuracy');
#11365 = CONTEXT_DEPENDENT_SHAPE_REPRESENTATION(#11366,#11368);
#11366 = ( REPRESENTATION_RELATIONSHIP('','',#10327,#10) 
REPRESENTATION_RELATIONSHIP_WITH_TRANSFORMATION(#11367) 
SHAPE_REPRESENTATION_RELATIONSHIP() );
#11367 = ITEM_DEFINED_TRANSFORMATION('','',#11,#23);
#11368 = PRODUCT_DEFINITION_SHAPE('Placement','Placement of an item',
  #11369);
#11369 = NEXT_ASSEMBLY_USAGE_OCCURRENCE('3','','',#5,#10322,$);
#11370 = PRODUCT_RELATED_PRODUCT_CATEGORY('part',$,(#10324));
ENDSEC;
END-ISO-10303-21;
