// Generated by tools/make_fonts.py from DejaVu Sans (free license). Do not edit.
#pragma once
#include <Adafruit_GFX.h>

const uint8_t F_R11_bmp[] PROGMEM = {
  0xFD,0xB6,0x80,0x14,0x0B,0xF9,0x02,0x9F,0xD2,0x20,0x23,0xE9,0x47,0x14,0xBE,0x21,0x00,0xE2,0x52,0x29,0x1D,0x01,0x30,0xA4,
  0x92,0x06,0x70,0x81,0x02,0x0B,0x33,0xA3,0x39,0xE0,0x5A,0xAA,0x50,0x95,0x55,0x60,0x97,0x6B,0x00,0x10,0x20,0x47,0xF1,0x02,
  0x04,0x00,0xC0,0xC0,0x80,0x12,0x22,0x44,0x48,0x80,0x76,0xE3,0x18,0xC7,0x6E,0xE1,0x08,0x42,0x10,0x9F,0x74,0xC2,0x23,0x33,
  0x1F,0x74,0x42,0xE0,0x86,0x2E,0x11,0x94,0x29,0x7C,0x42,0xF4,0x21,0xE1,0x84,0x7E,0x7E,0x21,0xE8,0xC6,0x2E,0xF8,0x44,0x22,
  0x10,0x88,0x74,0x62,0xE8,0xC6,0x2E,0x74,0x63,0x17,0x84,0x7E,0x84,0x86,0x02,0x3B,0x87,0x01,0xC0,0x40,0xFE,0x03,0xF8,0xC0,
  0x60,0x38,0x73,0x18,0x00,0xE1,0x32,0x44,0x04,0x1E,0x30,0xA0,0x33,0xDA,0x2D,0x16,0x7D,0x00,0x62,0x1F,0x00,0x18,0x30,0xA1,
  0x24,0x4F,0x90,0xC1,0xFA,0x28,0xBE,0x8A,0x18,0xFE,0x7B,0x18,0x20,0x82,0x0C,0x5E,0xF9,0x1A,0x1C,0x18,0x30,0xE3,0x7C,0xFC,
  0x21,0xF8,0x42,0x1F,0xFC,0x21,0xE8,0x42,0x10,0x7D,0x82,0x04,0x08,0xF0,0x71,0xBE,0x86,0x18,0x7F,0x86,0x18,0x61,0xFF,0x24,
  0x92,0x49,0x38,0x8E,0x6B,0x38,0xE2,0x48,0xA1,0x84,0x21,0x08,0x42,0x1F,0xC3,0x8E,0x9D,0x59,0xB2,0x60,0xC1,0xC7,0x1A,0x69,
  0x96,0x58,0xE3,0x79,0x8A,0x0C,0x18,0x30,0x71,0x3C,0xF4,0x63,0x1F,0x42,0x10,0x79,0x8A,0x0C,0x18,0x30,0x71,0x3C,0x0C,0xF2,
  0x28,0xA2,0xF2,0x28,0xA1,0x74,0x61,0x81,0x86,0x2E,0xFE,0x20,0x40,0x81,0x02,0x04,0x08,0x86,0x18,0x61,0x86,0x1C,0xDE,0x82,
  0x85,0x13,0x22,0x45,0x06,0x0C,0xC4,0x53,0x14,0xA5,0x29,0x6A,0x8C,0x23,0x18,0xC6,0x8D,0x27,0x0C,0x31,0x6C,0xA1,0x85,0x12,
  0x8C,0x10,0x41,0x04,0xFC,0x21,0x84,0x21,0x08,0x3F,0xEA,0xAA,0xB0,0x88,0x44,0x42,0x22,0x10,0xD5,0x55,0x70,0x31,0x68,0xC0,
  0xFC,0x90,0xF0,0xFF,0x19,0xFC,0x84,0x21,0x6C,0xC6,0x39,0xB0,0x78,0x88,0x87,0x08,0x42,0xD9,0xC6,0x33,0x68,0x74,0x7F,0x08,
  0x3C,0x34,0x4F,0x44,0x44,0x40,0x6C,0xE3,0x19,0xB4,0x7E,0x84,0x21,0x6C,0xC6,0x31,0x88,0xBF,0x45,0x55,0x60,0x84,0x21,0x3B,
  0x63,0x96,0x88,0xFF,0x80,0xB7,0x44,0xE2,0x31,0x18,0x8C,0x44,0xB6,0x63,0x18,0xC4,0x74,0xE3,0x19,0xB8,0xB6,0x63,0x1C,0xDA,
  0x10,0x6C,0xE3,0x19,0xB4,0x21,0xBC,0x88,0x88,0xF8,0xC3,0x1E,0x44,0xF4,0x44,0x43,0x8C,0x63,0x19,0xB4,0x8C,0x64,0xA6,0x30,
  0x93,0x26,0xAD,0x56,0xC8,0x80,0x9A,0x98,0xCD,0x44,0x8C,0x64,0xA6,0x11,0x18,0x78,0x44,0x44,0x7C,0x19,0x08,0x4C,0x10,0x84,
  0x20,0xC0,0xFF,0xE0,0xC1,0x08,0x41,0x90,0x84,0x26,0x00,0xE4,0x60,0x5D,0x24,0x92,0x49,0x24,0xBA,0x71,0x80,0x80,0x88,0x80,
  0x50,0x3C,0x3F,0xC6,0x7F,0x50,0x1D,0x38,0xC6,0x6E,0x62,0x98,0x0F,0x0F,0xF1,0x9F,0xC0,0x28,0x00,0x60,0xC2,0x84,0x91,0x3E,
  0x43,0x04,0x28,0x01,0xE6,0x28,0x30,0x60,0xC1,0xC4,0xF0,0x18,0x50,0x60,0xC2,0x84,0x91,0x3E,0x43,0x04,0x60,0xF8,0xC3,0x1E,
  0x70,0x1D,0x18,0x60,0x61,0x8B,0x80,0x11,0x80,0xF0,0x88,0x88,0xF8,0x30,0x0F,0xC2,0x18,0x42,0x10,0x83,0xF0,
};
const GFXglyph F_R11_gly[] PROGMEM = {
  {0,0,0,4,0,0},
  {0,1,8,4,2,-8},
  {1,3,3,5,1,-8},
  {3,7,8,9,1,-8},
  {10,5,10,7,1,-8},
  {17,9,8,10,1,-8},
  {26,7,8,9,1,-8},
  {33,1,3,3,1,-8},
  {34,2,10,4,1,-9},
  {37,2,10,4,1,-9},
  {40,3,6,6,2,-8},
  {43,7,7,9,1,-7},
  {50,1,2,4,1,-1},
  {51,2,1,4,1,-4},
  {52,1,1,4,1,-1},
  {53,4,9,4,0,-8},
  {58,5,8,7,1,-8},
  {63,5,8,7,1,-8},
  {68,5,8,7,1,-8},
  {73,5,8,7,1,-8},
  {78,5,8,7,1,-8},
  {83,5,8,7,1,-8},
  {88,5,8,7,1,-8},
  {93,5,8,7,1,-8},
  {98,5,8,7,1,-8},
  {103,5,8,7,1,-8},
  {108,1,6,4,1,-6},
  {109,1,7,4,1,-6},
  {110,7,6,9,1,-6},
  {116,7,3,9,1,-5},
  {119,7,6,9,1,-6},
  {125,4,8,6,1,-8},
  {129,9,10,11,1,-8},
  {141,7,8,8,0,-8},
  {148,6,8,8,1,-8},
  {154,6,8,8,1,-8},
  {160,7,8,8,1,-8},
  {167,5,8,7,1,-8},
  {172,5,8,6,1,-8},
  {177,7,8,9,1,-8},
  {184,6,8,8,1,-8},
  {190,1,8,3,1,-8},
  {191,3,10,3,-1,-8},
  {195,6,8,7,1,-8},
  {201,5,8,6,1,-8},
  {206,7,8,9,1,-8},
  {213,6,8,8,1,-8},
  {219,7,8,9,1,-8},
  {226,5,8,7,1,-8},
  {231,7,9,9,1,-8},
  {239,6,8,8,1,-8},
  {245,5,8,7,1,-8},
  {250,7,8,7,0,-8},
  {257,6,8,8,1,-8},
  {263,7,8,8,0,-8},
  {270,10,8,11,0,-8},
  {280,6,8,8,1,-8},
  {286,6,8,7,0,-8},
  {292,6,8,8,1,-8},
  {298,2,10,4,1,-8},
  {301,4,9,4,0,-8},
  {306,2,10,4,1,-8},
  {309,6,3,9,2,-8},
  {312,6,1,6,0,2},
  {313,2,2,6,1,-9},
  {314,5,6,7,1,-6},
  {318,5,9,7,1,-9},
  {324,4,6,6,1,-6},
  {327,5,9,7,1,-9},
  {333,5,6,7,1,-6},
  {337,4,9,4,0,-9},
  {342,5,8,7,1,-6},
  {347,5,9,7,1,-9},
  {353,1,8,3,1,-8},
  {354,2,10,3,0,-8},
  {357,5,9,6,1,-9},
  {363,1,9,3,1,-9},
  {365,9,6,11,1,-6},
  {372,5,6,7,1,-6},
  {376,5,6,7,1,-6},
  {380,5,8,7,1,-6},
  {385,5,8,7,1,-6},
  {390,4,6,5,1,-6},
  {393,4,6,6,1,-6},
  {396,4,8,4,0,-8},
  {400,5,6,7,1,-6},
  {404,5,6,7,1,-6},
  {408,7,6,9,1,-6},
  {414,5,6,7,1,-6},
  {418,5,8,7,1,-6},
  {423,5,6,6,0,-6},
  {427,5,10,7,1,-8},
  {434,1,11,4,1,-8},
  {436,5,10,7,1,-8},
  {443,6,2,9,2,-4},
  {445,0,0,0,0,0},
  {445,3,8,9,3,-8},
  {448,3,8,9,3,-8},
  {451,3,3,6,1,-8},
  {453,1,1,4,1,-5},
  {454,9,1,11,1,-1},
  {456,5,8,7,1,-8},
  {461,5,8,7,1,-8},
  {466,5,10,7,1,-10},
  {473,7,10,8,0,-10},
  {482,7,10,9,1,-10},
  {491,7,10,8,0,-10},
  {500,4,8,6,1,-8},
  {504,5,10,7,1,-10},
  {511,5,9,6,0,-9},
  {517,6,10,8,1,-10},
};
const GFXfont F_R11 PROGMEM = {(uint8_t*)F_R11_bmp, (GFXglyph*)F_R11_gly, 0x20, 0x8E, 14};
#define F_R11_ASC 11

const uint8_t F_R12_bmp[] PROGMEM = {
  0xFD,0x80,0xB6,0x80,0x12,0x10,0x7F,0x24,0x24,0xFE,0x28,0x48,0x21,0xCA,0xA8,0x60,0xE2,0xEA,0x78,0x82,0x00,0xE1,0x2C,0x89,
  0x42,0xD0,0xE9,0x82,0xB1,0x24,0x8B,0x21,0x80,0x30,0x48,0x40,0x60,0xB2,0x9A,0x8E,0xC6,0x7B,0xE0,0x5A,0xA9,0x40,0x89,0x26,
  0xDA,0x4A,0x00,0xF0,0x08,0x08,0x08,0xFF,0x08,0x08,0x08,0xE8,0xE0,0xF0,0x11,0x22,0x24,0x44,0x88,0x73,0x28,0xE1,0x86,0x18,
  0xF2,0x70,0xF0,0xC3,0x0C,0x30,0xC3,0x0C,0xFC,0x74,0x42,0x11,0x99,0x98,0xF8,0x72,0x20,0x82,0x70,0x20,0xE2,0x70,0x18,0xE2,
  0x92,0x8A,0x2F,0xC2,0x08,0xFA,0x08,0x3C,0x08,0x30,0xE2,0x70,0x39,0x08,0x2E,0xCE,0x18,0x72,0x78,0xFC,0x20,0x84,0x10,0x42,
  0x08,0x60,0x7B,0x28,0xF2,0x7A,0x28,0x63,0x78,0x73,0x28,0xE3,0xCD,0xF0,0x82,0x70,0xF0,0xF0,0xF0,0xE8,0x06,0x73,0x06,0x03,
  0x80,0xC0,0xFF,0x00,0xFF,0xC0,0x70,0x18,0x33,0x98,0x00,0x79,0x13,0x24,0x04,0x40,0x1E,0x18,0x64,0x0E,0x7D,0x93,0x64,0x59,
  0x36,0x7E,0x40,0x18,0x41,0xE0,0x18,0x18,0x14,0x24,0x24,0x62,0x7E,0x43,0xC1,0xFA,0x38,0x63,0xFA,0x18,0x61,0xF8,0x3C,0x86,
  0x04,0x08,0x10,0x20,0x21,0x3C,0xF8,0x86,0x82,0x82,0x83,0x82,0x82,0x86,0xF8,0xFE,0x08,0x20,0xFE,0x08,0x20,0xFC,0xFC,0x21,
  0x0F,0xC2,0x10,0x80,0x3C,0x86,0x04,0x08,0xF0,0x60,0xA1,0x3C,0x83,0x06,0x0C,0x1F,0xF0,0x60,0xC1,0x82,0xFF,0x80,0x24,0x92,
  0x49,0x27,0x00,0x85,0x12,0x47,0x0E,0x16,0x26,0x46,0x86,0x82,0x08,0x20,0x82,0x08,0x20,0xFC,0xC3,0xE3,0xA5,0xA5,0x95,0x99,
  0x99,0x81,0x81,0xC3,0xC6,0x8D,0x99,0x33,0x62,0xC7,0x86,0x3C,0x46,0x82,0x83,0x83,0x83,0x82,0x46,0x3C,0xFA,0x38,0x63,0xFA,
  0x08,0x20,0x80,0x3C,0x46,0x82,0x83,0x83,0x83,0x82,0x46,0x3C,0x04,0x06,0xF9,0x1A,0x14,0x6F,0x91,0x21,0x42,0x86,0x7A,0x08,
  0x30,0x78,0x30,0x63,0x78,0xFE,0x20,0x40,0x81,0x02,0x04,0x08,0x10,0x83,0x06,0x0C,0x18,0x30,0x61,0xA2,0x38,0xC1,0x43,0x42,
  0x62,0x24,0x24,0x14,0x18,0x18,0x8C,0x63,0x18,0xC6,0x53,0xD2,0x94,0xA5,0x29,0x8E,0x61,0x00,0x84,0x99,0xA1,0x83,0x07,0x12,
  0x62,0x86,0xC2,0x88,0xB1,0xC1,0x02,0x04,0x08,0x10,0xFE,0x08,0x20,0xC3,0x04,0x10,0x40,0xFE,0xF2,0x49,0x24,0x93,0x80,0x88,
  0x44,0x42,0x22,0x11,0xE4,0x92,0x49,0x27,0x80,0x31,0x28,0x40,0xFC,0xD0,0xF0,0x42,0xF8,0xC7,0xE0,0x82,0x08,0x2E,0xCA,0x18,
  0x61,0xCA,0xE0,0x76,0x61,0x08,0x65,0xC0,0x0C,0x30,0xDF,0xCE,0x38,0xE3,0xCD,0xF0,0x73,0x28,0x7F,0x83,0x07,0x80,0x36,0x4F,
  0x44,0x44,0x44,0x7E,0x38,0xE3,0x8E,0x37,0xC2,0x09,0xC0,0x82,0x08,0x2E,0xCA,0x38,0x61,0x86,0x10,0xBF,0x80,0x45,0x55,0x57,
  0x84,0x21,0x19,0x53,0x94,0x94,0x40,0xFF,0xC0,0xFB,0xB3,0x28,0x86,0x21,0x88,0x62,0x18,0x84,0xBB,0x28,0xE1,0x86,0x18,0x40,
  0x73,0x28,0xE1,0x8F,0x27,0x00,0xBB,0x28,0x61,0x87,0x2B,0xA0,0x82,0x00,0x7F,0x38,0xE3,0x8F,0x37,0xC3,0x0C,0x30,0xBC,0x88,
  0x88,0x80,0xF4,0x20,0xC1,0x8F,0xC0,0x44,0xF4,0x44,0x44,0x30,0x8E,0x38,0xE3,0x8F,0x37,0xC0,0x8E,0x28,0x96,0x51,0xC2,0x00,
  0x99,0x99,0x99,0xAA,0x66,0x66,0x66,0x8A,0xDC,0x47,0x6E,0x20,0x8E,0x28,0x94,0x51,0xC2,0x08,0x63,0x00,0xF8,0x8C,0x44,0x43,
  0xE0,0x19,0x88,0x42,0x70,0x84,0x21,0x86,0xFF,0xF0,0xC4,0x44,0x63,0x64,0x44,0xC0,0xE2,0x38,0x6F,0x22,0x22,0x22,0x20,0x22,
  0x22,0x22,0x2F,0x60,0x69,0x96,0xF0,0xCC,0xF3,0x30,0x50,0x3C,0x10,0xBE,0x31,0xF8,0x50,0x07,0x32,0x8E,0x18,0xF2,0x70,0x22,
  0x94,0x40,0x78,0x21,0x7C,0x63,0xF0,0x34,0x00,0x18,0x18,0x14,0x24,0x24,0x62,0x7E,0x43,0xC1,0x28,0x00,0x3C,0x46,0x82,0x83,
  0x83,0x83,0x82,0x46,0x3C,0x18,0x04,0x04,0x18,0x18,0x34,0x24,0x24,0x62,0x7E,0x43,0xC1,0x53,0x01,0xE8,0x41,0x83,0x1F,0x80,
  0x50,0xC7,0xA0,0x83,0x07,0x83,0x06,0x37,0x80,0x53,0x01,0xF1,0x18,0x88,0x87,0xC0,0x08,0x63,0xF8,0x20,0x83,0x0C,0x10,0x41,
  0x03,0xF8,
};
const GFXglyph F_R12_gly[] PROGMEM = {
  {0,0,0,4,0,0},
  {0,1,9,5,2,-9},
  {2,3,3,6,1,-9},
  {4,8,8,10,1,-8},
  {12,6,11,8,1,-9},
  {21,10,9,11,1,-9},
  {33,8,9,9,1,-9},
  {42,1,3,3,1,-9},
  {43,2,9,5,1,-9},
  {46,3,11,5,1,-10},
  {51,2,2,6,2,-7},
  {52,8,7,10,1,-7},
  {59,2,3,4,1,-2},
  {60,3,1,4,1,-4},
  {61,2,2,4,1,-2},
  {62,4,10,4,0,-9},
  {67,6,9,8,1,-9},
  {74,6,9,8,1,-9},
  {81,5,9,8,1,-9},
  {87,6,9,8,1,-9},
  {94,6,9,8,1,-9},
  {101,6,9,8,1,-9},
  {108,6,9,8,1,-9},
  {115,6,9,8,1,-9},
  {122,6,9,8,1,-9},
  {129,6,9,8,1,-9},
  {136,2,6,4,1,-6},
  {138,2,7,4,1,-6},
  {140,7,6,10,2,-7},
  {146,8,3,10,1,-5},
  {149,7,6,10,1,-7},
  {155,4,9,6,1,-9},
  {160,10,11,12,1,-8},
  {174,8,9,8,0,-9},
  {183,6,9,8,1,-9},
  {190,7,9,8,1,-9},
  {198,8,9,9,1,-9},
  {207,6,9,8,1,-9},
  {214,5,9,7,1,-9},
  {220,7,9,9,1,-9},
  {228,7,9,9,1,-9},
  {236,1,9,4,1,-9},
  {238,3,11,4,-1,-9},
  {243,7,9,8,1,-9},
  {251,6,9,7,1,-9},
  {258,8,9,10,1,-9},
  {267,7,9,9,1,-9},
  {275,8,9,9,1,-9},
  {284,6,9,7,1,-9},
  {291,8,11,9,1,-9},
  {302,7,9,8,1,-9},
  {310,6,9,8,1,-9},
  {317,7,9,7,0,-9},
  {325,7,9,9,1,-9},
  {333,8,9,8,0,-9},
  {342,10,9,12,1,-9},
  {354,7,9,8,1,-9},
  {362,7,9,7,0,-9},
  {370,7,9,8,1,-9},
  {378,3,11,5,1,-9},
  {383,4,10,4,0,-9},
  {388,3,11,5,1,-9},
  {393,6,3,10,2,-9},
  {396,6,1,6,0,2},
  {397,2,2,6,1,-10},
  {398,5,7,7,1,-7},
  {403,6,10,8,1,-10},
  {411,5,7,7,1,-7},
  {416,6,10,8,1,-10},
  {424,6,7,7,1,-7},
  {430,4,10,4,0,-10},
  {435,6,10,8,1,-7},
  {443,6,10,8,1,-10},
  {451,1,9,3,1,-9},
  {453,2,12,3,0,-9},
  {456,5,10,7,1,-10},
  {463,1,10,3,1,-10},
  {465,10,7,12,1,-7},
  {474,6,7,8,1,-7},
  {480,6,7,7,1,-7},
  {486,6,10,8,1,-7},
  {494,6,10,8,1,-7},
  {502,4,7,5,1,-7},
  {506,5,7,6,1,-7},
  {511,4,9,5,0,-9},
  {516,6,7,8,1,-7},
  {522,6,7,7,1,-7},
  {528,8,7,10,1,-7},
  {535,5,7,7,1,-7},
  {540,6,10,7,1,-7},
  {548,5,7,6,1,-7},
  {553,5,11,8,1,-9},
  {560,1,12,4,2,-9},
  {562,4,11,8,2,-9},
  {568,7,2,10,2,-5},
  {570,0,0,0,0,0},
  {570,4,9,10,3,-9},
  {575,4,9,10,3,-9},
  {580,4,4,6,1,-9},
  {582,2,2,4,1,-5},
  {583,10,2,12,1,-2},
  {586,5,9,7,1,-9},
  {592,6,9,7,1,-9},
  {599,5,12,7,1,-12},
  {607,8,11,8,0,-11},
  {618,8,11,9,1,-11},
  {629,8,12,8,0,-12},
  {641,5,10,6,1,-10},
  {648,6,11,8,1,-11},
  {657,5,10,6,1,-10},
  {664,7,11,8,1,-11},
};
const GFXfont F_R12 PROGMEM = {(uint8_t*)F_R12_bmp, (GFXglyph*)F_R12_gly, 0x20, 0x8E, 15};
#define F_R12_ASC 12

const uint8_t F_R13_bmp[] PROGMEM = {
  0xFD,0x80,0x99,0x99,0x0A,0x09,0x04,0x8F,0xF1,0x21,0x23,0xFC,0x48,0x24,0x24,0x00,0x7B,0x08,0x1C,0x1C,0x18,0x5E,0x61,0x12,
  0x22,0x48,0x4A,0x06,0x5C,0x16,0x84,0x88,0x9A,0x21,0xC0,0x38,0x40,0x40,0x60,0xD1,0x89,0x86,0xC6,0x79,0xF0,0x29,0x69,0x24,
  0xC9,0x10,0x89,0x32,0x49,0x69,0x40,0x25,0x5C,0xEA,0x90,0x08,0x04,0x02,0x01,0x0F,0xF8,0x40,0x20,0x10,0x08,0x00,0x78,0xE0,
  0xF0,0x11,0x12,0x22,0x44,0x4C,0x80,0x79,0x38,0x61,0x86,0x18,0x53,0x78,0xF0,0x41,0x04,0x10,0x41,0x04,0x7C,0x7A,0x30,0x43,
  0x08,0x42,0x30,0xFC,0x7A,0x30,0x43,0x38,0x30,0x63,0x78,0x18,0x30,0xA2,0x44,0x91,0x3F,0x84,0x08,0xFB,0x0C,0x3E,0x0C,0x10,
  0x63,0x78,0x39,0x1C,0x2E,0xC7,0x1C,0x51,0x38,0xFC,0x30,0x82,0x18,0x43,0x08,0x20,0x7B,0x38,0x73,0x7B,0x18,0x71,0x78,0x7B,
  0x38,0x61,0xCD,0xD0,0x42,0x70,0xC6,0x50,0x1E,0x01,0x0F,0x38,0xE0,0x38,0x0F,0x01,0xFF,0x80,0x00,0x1F,0xF0,0xC0,0x38,0x03,
  0x80,0x70,0xE3,0x83,0x00,0x74,0xC2,0x22,0x10,0x0C,0x60,0x1F,0x06,0x19,0x01,0x47,0x99,0x13,0x22,0x64,0x5C,0x7C,0x40,0x04,
  0x10,0x7C,0x00,0x08,0x0E,0x05,0x04,0x42,0x21,0xF1,0x04,0x82,0xC1,0x80,0xFD,0x8B,0x1E,0x2F,0xD8,0xF0,0xE3,0xFC,0x3C,0xC7,
  0x04,0x08,0x10,0x30,0x31,0x3C,0xFC,0xC6,0xC3,0xC1,0xC1,0xC1,0xC3,0xC6,0xFC,0xFF,0x0C,0x30,0xFF,0x0C,0x30,0xFC,0xFF,0x0C,
  0x30,0xFB,0x0C,0x30,0xC0,0x3E,0x61,0xC0,0x80,0x87,0x81,0xC1,0x63,0x3E,0xC3,0xC3,0xC3,0xC3,0xFF,0xC3,0xC3,0xC3,0xC3,0xFF,
  0xFF,0xC0,0x33,0x33,0x33,0x33,0x32,0x2E,0xC7,0x9B,0x67,0x8E,0x1E,0x36,0x62,0xC2,0xC3,0x0C,0x30,0xC3,0x0C,0x30,0xFC,0xC1,
  0xF1,0xF8,0xBA,0x5D,0x4E,0xE7,0x23,0x81,0xC0,0x80,0xC3,0xC7,0x8E,0x9D,0xB9,0x73,0xE3,0xC6,0x3C,0x62,0xC1,0x81,0x81,0x81,
  0xC1,0x63,0x3C,0xFB,0x3C,0x71,0xCF,0xEC,0x30,0xC0,0x3C,0x63,0xC1,0x81,0x81,0x81,0xC1,0x62,0x3C,0x06,0x02,0xF9,0x8B,0x16,
  0x2F,0x99,0xB1,0x61,0xC2,0x7B,0x18,0x30,0x78,0x10,0x61,0x78,0xFF,0x18,0x18,0x18,0x18,0x18,0x18,0x18,0x18,0x83,0x06,0x0C,
  0x18,0x30,0x70,0xA3,0x3C,0xC1,0xA0,0x90,0xC4,0x42,0x21,0xB0,0x50,0x38,0x08,0x00,0x84,0x31,0xC6,0x29,0xE5,0x24,0xA4,0xA2,
  0x94,0x73,0x8C,0x31,0x80,0xC2,0x88,0xA1,0xC1,0x07,0x1B,0x62,0x82,0xC3,0x42,0x24,0x38,0x18,0x18,0x18,0x18,0x18,0xFE,0x0C,
  0x30,0xC1,0x04,0x10,0x60,0xFE,0xF2,0x49,0x24,0x92,0x70,0x8C,0x44,0x42,0x22,0x11,0x10,0xE4,0x92,0x49,0x24,0xF0,0x30,0x51,
  0x14,0x10,0xFE,0x90,0xF0,0x20,0x5F,0x86,0x37,0xC0,0x81,0x02,0x04,0x0F,0x98,0xB1,0x43,0xC5,0x8B,0xE0,0x7E,0x21,0x08,0x61,
  0xE0,0x04,0x10,0x41,0x77,0x38,0x61,0x87,0x37,0x40,0x7B,0x38,0x7F,0x83,0x17,0x80,0x39,0x18,0xCF,0xB1,0x8C,0x63,0x18,0x77,
  0x38,0x61,0x87,0x37,0x41,0x0D,0xE0,0x82,0x08,0x20,0xFB,0x18,0x61,0x86,0x18,0x40,0x9F,0xC0,0x41,0x55,0x55,0xC0,0x82,0x08,
  0x20,0x8E,0x6E,0x38,0xB2,0x68,0xC0,0xFF,0xE0,0xF9,0xD9,0xCA,0x11,0xC2,0x38,0x47,0x08,0xE1,0x18,0xFB,0x18,0x61,0x86,0x18,
  0x40,0x7B,0x38,0x61,0x87,0x37,0x80,0xF9,0x8B,0x14,0x3C,0x58,0xBE,0x40,0x81,0x00,0x77,0x38,0x61,0x87,0x37,0x41,0x04,0x10,
  0xFC,0x88,0x88,0x80,0x74,0x60,0xE0,0xC5,0xC0,0x42,0x3E,0x84,0x21,0x0C,0x38,0x86,0x18,0x61,0x87,0x37,0x40,0x86,0x3C,0x92,
  0x59,0xC3,0x00,0x98,0xCC,0x65,0x5A,0xA6,0x53,0x39,0x88,0x8D,0x27,0x0C,0x71,0x28,0x40,0x86,0x3C,0x92,0x58,0xC3,0x08,0x23,
  0x00,0xF8,0x44,0x44,0x43,0xE0,0x39,0x08,0x46,0x61,0x84,0x21,0x08,0x70,0xFF,0xF8,0xC3,0x18,0x42,0x1C,0x84,0x63,0x19,0x80,
  0xF0,0x3C,0x27,0xEA,0x42,0x10,0x84,0x21,0x00,0x21,0x08,0x42,0x10,0x95,0xF9,0x00,0x69,0x96,0xF0,0xC4,0x78,0x8C,0x58,0x00,
  0x3C,0x08,0x17,0xE1,0x8D,0xF0,0x48,0x00,0x1E,0xCE,0x18,0x61,0xCD,0xE0,0x31,0x04,0x0C,0x03,0xC0,0x81,0x7E,0x18,0xDF,0x14,
  0x00,0x02,0x03,0x81,0x41,0x10,0x88,0x7C,0x41,0x20,0xB0,0x60,0x34,0x00,0x3C,0x62,0xC1,0x81,0x81,0x81,0xC1,0x63,0x3C,0x1C,
  0x0A,0x05,0x03,0x81,0xC0,0xA0,0x88,0x44,0x7E,0x20,0x90,0x58,0x30,0x51,0x00,0xE8,0xC1,0xC1,0x8B,0x80,0x08,0xC0,0x1E,0xC6,
  0x0C,0x1E,0x04,0x18,0x5E,0x51,0x01,0xF0,0x88,0x88,0x87,0xC0,0x28,0x20,0x07,0xF0,0x61,0x86,0x08,0x20,0x83,0x07,0xF0,
};
const GFXglyph F_R13_gly[] PROGMEM = {
  {0,0,0,4,0,0},
  {0,1,9,5,2,-9},
  {2,4,4,6,1,-9},
  {4,9,10,11,1,-10},
  {16,6,8,8,1,-8},
  {22,11,9,12,1,-9},
  {35,8,9,10,1,-9},
  {44,1,4,4,1,-9},
  {45,3,12,5,1,-11},
  {50,3,12,5,1,-11},
  {55,5,6,6,1,-9},
  {59,9,9,11,1,-9},
  {70,2,3,4,1,-2},
  {71,3,1,5,1,-4},
  {72,2,2,4,1,-2},
  {73,4,11,4,0,-9},
  {79,6,9,8,1,-9},
  {86,6,9,8,1,-9},
  {93,6,9,8,1,-9},
  {100,6,9,8,1,-9},
  {107,7,9,8,1,-9},
  {115,6,9,8,1,-9},
  {122,6,9,8,1,-9},
  {129,6,9,8,1,-9},
  {136,6,9,8,1,-9},
  {143,6,9,8,1,-9},
  {150,1,7,4,2,-7},
  {151,2,8,4,1,-7},
  {153,8,7,11,1,-8},
  {160,9,4,11,1,-6},
  {165,9,7,11,1,-8},
  {173,5,9,7,1,-9},
  {179,11,11,13,1,-9},
  {195,9,9,9,0,-9},
  {206,7,9,9,1,-9},
  {214,7,9,9,1,-9},
  {222,8,9,10,1,-9},
  {231,6,9,8,1,-9},
  {238,6,9,7,1,-9},
  {245,8,9,10,1,-9},
  {254,8,9,10,1,-9},
  {263,2,9,4,1,-9},
  {266,4,12,4,-1,-9},
  {272,7,9,9,1,-9},
  {280,6,9,7,1,-9},
  {287,9,9,11,1,-9},
  {298,7,9,10,1,-9},
  {306,8,9,10,1,-9},
  {315,6,9,8,1,-9},
  {322,8,11,10,1,-9},
  {333,7,9,9,1,-9},
  {341,6,9,8,1,-9},
  {348,8,9,8,0,-9},
  {357,7,9,10,1,-9},
  {365,9,9,9,0,-9},
  {376,11,9,13,1,-9},
  {389,7,9,9,1,-9},
  {397,8,9,8,0,-9},
  {406,7,9,9,1,-9},
  {414,3,12,5,1,-10},
  {419,4,11,4,0,-9},
  {425,3,12,5,1,-10},
  {430,7,4,11,2,-9},
  {434,7,1,6,0,2},
  {435,2,2,6,2,-10},
  {436,6,7,8,1,-7},
  {442,7,11,8,1,-11},
  {452,5,7,7,1,-7},
  {457,6,11,8,1,-11},
  {466,6,7,8,1,-7},
  {472,5,11,5,0,-11},
  {479,6,10,8,1,-7},
  {487,6,11,8,1,-11},
  {496,1,10,4,1,-10},
  {498,2,13,4,0,-10},
  {502,6,11,8,1,-11},
  {511,1,11,4,1,-11},
  {513,11,7,13,1,-7},
  {523,6,7,8,1,-7},
  {529,6,7,8,1,-7},
  {535,7,10,8,1,-7},
  {544,6,10,8,1,-7},
  {552,4,7,5,1,-7},
  {556,5,7,7,1,-7},
  {561,5,9,5,0,-9},
  {567,6,7,8,1,-7},
  {573,6,7,8,1,-7},
  {579,9,7,11,1,-7},
  {587,6,7,8,1,-7},
  {593,6,10,8,1,-7},
  {601,5,7,7,1,-7},
  {606,5,12,8,2,-10},
  {614,1,13,4,2,-10},
  {616,5,12,8,2,-10},
  {624,7,2,11,2,-5},
  {626,0,0,0,0,0},
  {626,5,10,11,3,-10},
  {633,5,10,11,3,-9},
  {640,4,4,6,1,-9},
  {642,2,2,4,1,-5},
  {643,11,2,13,1,-2},
  {646,6,10,8,1,-10},
  {654,6,10,8,1,-10},
  {662,6,12,8,1,-12},
  {671,9,11,9,0,-11},
  {684,8,11,10,1,-11},
  {695,9,12,9,0,-12},
  {709,5,10,7,1,-10},
  {716,6,12,8,1,-12},
  {725,5,10,7,1,-10},
  {732,7,12,9,1,-12},
};
const GFXfont F_R13 PROGMEM = {(uint8_t*)F_R13_bmp, (GFXglyph*)F_R13_gly, 0x20, 0x8E, 17};
#define F_R13_ASC 13

const uint8_t F_R14_bmp[] PROGMEM = {
  0xFE,0xA0,0xF0,0xDD,0xDD,0x09,0x02,0x41,0x91,0xFF,0x12,0x04,0x8F,0xF8,0x90,0x24,0x09,0x00,0x10,0x21,0xE6,0xA9,0x1A,0x1E,
  0x0A,0x17,0x29,0xF0,0x81,0x00,0x60,0x92,0x22,0x44,0x49,0x09,0x6C,0xCA,0x42,0x48,0x49,0x11,0x24,0x1C,0x38,0x32,0x10,0x0C,
  0x07,0x06,0xC6,0x37,0x0E,0xC7,0x1E,0xC0,0xFF,0x2D,0x2D,0xB6,0x49,0x90,0xC9,0x92,0x49,0x2D,0x60,0x25,0x5C,0xEA,0x90,0x08,
  0x04,0x02,0x01,0x0F,0xF8,0x40,0x20,0x10,0x08,0x00,0x58,0xE0,0xF0,0x18,0x84,0x22,0x10,0x88,0x42,0x31,0x00,0x38,0x8B,0x1C,
  0x38,0x30,0x61,0xE3,0x44,0x70,0x62,0x82,0x08,0x20,0x82,0x08,0x23,0xF0,0x79,0x18,0x10,0x20,0xC3,0x0C,0x10,0x41,0xFC,0x79,
  0x08,0x10,0x23,0x80,0x81,0x83,0x84,0xF0,0x0C,0x38,0xB3,0x64,0xD1,0xBF,0x86,0x0C,0x18,0x7C,0x81,0x03,0xC0,0xC0,0xC1,0x83,
  0x8C,0xF0,0x3C,0xC3,0x06,0x0F,0xD8,0xF0,0xE1,0x46,0x78,0xFE,0x08,0x30,0x60,0x83,0x04,0x08,0x30,0x40,0x7D,0x8B,0x1A,0x27,
  0x98,0xA1,0xC3,0xC6,0xF8,0x79,0x8A,0x1C,0x3C,0x6F,0xC1,0x82,0x0C,0xF0,0xC6,0x50,0x16,0x01,0x0F,0x38,0xE0,0xE0,0x38,0x0F,
  0x01,0xFF,0x80,0x00,0x1F,0xF0,0x80,0xE0,0x1C,0x07,0x07,0x1C,0xE0,0x80,0x74,0x42,0x33,0x10,0x80,0x21,0x00,0x0F,0x83,0x0C,
  0x40,0x2C,0xE9,0x99,0x99,0x09,0x90,0x99,0x9A,0xCE,0xC4,0x00,0x30,0xC0,0xF8,0x0C,0x0E,0x05,0x82,0x42,0x21,0x19,0xFC,0x82,
  0x40,0xE0,0x40,0xFC,0xC6,0xC2,0xC6,0xFC,0xC2,0xC3,0xC3,0xC2,0xFC,0x3E,0x61,0xC0,0x80,0x80,0x80,0x80,0xC0,0x61,0x3E,0xFC,
  0x61,0xB0,0x58,0x3C,0x1E,0x0F,0x07,0x82,0xC3,0x7E,0x00,0xFF,0x83,0x06,0x0F,0xF8,0x30,0x60,0xC1,0xFC,0xFF,0x0C,0x30,0xFF,
  0x0C,0x30,0xC3,0x00,0x3E,0x30,0xB0,0x10,0x08,0x04,0x3E,0x07,0x83,0x61,0x9F,0x80,0xC1,0xC1,0xC1,0xC1,0xFF,0xC1,0xC1,0xC1,
  0xC1,0xC1,0xFF,0xFF,0xF0,0x33,0x33,0x33,0x33,0x33,0x32,0xE0,0xC3,0xC4,0xC8,0xD0,0xE0,0xF0,0xD8,0xCC,0xC6,0xC3,0xC1,0x83,
  0x06,0x0C,0x18,0x30,0x60,0xC1,0xFC,0xE1,0xF8,0x7E,0x1F,0x4B,0xD2,0xF6,0xBC,0xCF,0x33,0xC0,0xF0,0x30,0xE1,0xE1,0xF1,0xD1,
  0xD9,0xC9,0xCD,0xC7,0xC7,0xC3,0x3E,0x31,0xB0,0x70,0x18,0x0C,0x06,0x03,0x83,0x63,0x1F,0x00,0xFD,0x8F,0x1E,0x3C,0x7F,0xB0,
  0x60,0xC1,0x80,0x3E,0x31,0xB0,0x70,0x18,0x0C,0x06,0x03,0x83,0x63,0x1F,0x01,0x80,0x60,0xFC,0xC6,0xC6,0xC6,0xC6,0xFC,0xC4,
  0xC6,0xC3,0xC1,0x79,0x82,0x06,0x07,0x03,0x81,0x81,0x86,0xF8,0xFF,0x84,0x02,0x01,0x00,0x80,0x40,0x20,0x10,0x08,0x04,0x00,
  0xC1,0xC1,0xC1,0xC1,0xC1,0xC1,0xC1,0xC3,0x62,0x3C,0xC0,0xA0,0xD8,0x4C,0x22,0x31,0x90,0x48,0x2C,0x1C,0x06,0x00,0x86,0x18,
  0x61,0x86,0x3C,0xB2,0x49,0x24,0x92,0x79,0x67,0x1C,0x30,0xC3,0x0C,0xC3,0x46,0x24,0x38,0x18,0x18,0x2C,0x64,0xC2,0x83,0xC1,
  0x43,0x26,0x34,0x18,0x08,0x08,0x08,0x08,0x08,0xFF,0x02,0x06,0x0C,0x18,0x30,0x20,0x60,0xC0,0xFF,0xF2,0x49,0x24,0x92,0x70,
  0x86,0x10,0x84,0x10,0x84,0x10,0x84,0x30,0xE4,0x92,0x49,0x24,0xF0,0x18,0x3C,0x46,0x83,0xFE,0xA4,0xF8,0x30,0x5F,0xC6,0x1C,
  0xDD,0xC1,0x83,0x07,0xEC,0x58,0x70,0xE1,0xC3,0x8B,0xF0,0x3B,0x18,0x20,0x82,0x0C,0x4E,0x06,0x0C,0x1B,0xFC,0xF0,0xE1,0xC3,
  0x87,0x9D,0xF8,0x38,0x8A,0x0F,0xF8,0x10,0x30,0x1E,0x39,0x09,0xF2,0x10,0x84,0x21,0x08,0x7F,0x9E,0x1C,0x38,0x70,0xF3,0xBF,
  0x04,0x19,0xE0,0xC1,0x83,0x07,0xEC,0x58,0xF1,0xE3,0xC7,0x8F,0x18,0xF3,0xFF,0xFC,0x6C,0x36,0xDB,0x6D,0xB5,0x80,0xC1,0x83,
  0x06,0x2C,0x9A,0x38,0x78,0xD9,0x9B,0x18,0xFF,0xFF,0xFC,0xFD,0xD8,0xC7,0x18,0xE3,0x1C,0x63,0x8C,0x71,0x8E,0x31,0xFD,0x8B,
  0x1E,0x3C,0x78,0xF1,0xE3,0x79,0x9A,0x1C,0x38,0x70,0xF1,0x3C,0xFD,0x8B,0x0E,0x1C,0x38,0x71,0x7E,0xC1,0x83,0x00,0x7F,0x9E,
  0x1C,0x38,0x70,0xF3,0xBF,0x06,0x0C,0x18,0xFE,0x31,0x8C,0x63,0x18,0x72,0x28,0x38,0x38,0x38,0x9E,0x63,0x3E,0xC6,0x31,0x8C,
  0x61,0xC0,0x87,0x0E,0x1C,0x38,0x78,0xF1,0xBF,0x87,0x0B,0x12,0x64,0x8D,0x0E,0x18,0x8C,0xE3,0x29,0x4B,0x52,0x57,0x9C,0xC6,
  0x31,0x8C,0x85,0x37,0x8C,0x31,0xAC,0xE1,0x87,0x0B,0x12,0x64,0x87,0x0C,0x18,0x30,0x43,0x00,0xFC,0x21,0x8C,0x61,0x08,0x3F,
  0x19,0x08,0x42,0x33,0x0C,0x21,0x08,0x41,0x80,0xFF,0xFC,0xC3,0x08,0x42,0x10,0x64,0x21,0x08,0xCC,0x00,0xF1,0x0E,0x33,0xE8,
  0x42,0x10,0x84,0x21,0x00,0x21,0x08,0x42,0x10,0x94,0x79,0x80,0x74,0x62,0xE0,0xF0,0x8C,0x63,0x10,0x48,0x00,0x3E,0x0C,0x17,
  0xF1,0x87,0x37,0x40,0x68,0x00,0x03,0xCC,0xD0,0xE1,0xC3,0x87,0x89,0xE0,0x31,0x24,0x8C,0x03,0xE0,0xC1,0x7F,0x18,0x73,0x74,
  0x16,0x00,0x00,0x01,0x81,0xC0,0xB0,0x48,0x44,0x23,0x3F,0x90,0x48,0x1C,0x08,0x36,0x00,0x00,0x07,0xC6,0x36,0x0E,0x03,0x01,
  0x80,0xC0,0x70,0x6C,0x63,0xE0,0x0C,0x09,0x04,0x81,0x81,0xC0,0xB0,0x48,0x44,0x23,0x3F,0x90,0x68,0x1C,0x08,0x49,0xC3,0x1C,
  0x8A,0x0E,0x0E,0x0E,0x27,0x80,0x28,0x60,0x00,0x07,0x98,0x20,0x60,0x70,0x38,0x18,0x18,0x6F,0x80,0x49,0x42,0x3F,0x08,0x63,
  0x18,0x42,0x0F,0xC0,0x2C,0x18,0x00,0x00,0xFF,0x02,0x06,0x0C,0x18,0x30,0x20,0x60,0xC0,0xFF,
};
const GFXglyph F_R14_gly[] PROGMEM = {
  {0,0,0,4,0,0},
  {0,2,10,6,2,-10},
  {3,4,4,6,1,-10},
  {5,10,10,12,1,-10},
  {18,7,13,9,1,-11},
  {30,11,10,13,1,-10},
  {44,9,10,11,1,-10},
  {56,2,4,4,1,-10},
  {57,3,12,5,1,-11},
  {62,3,12,5,1,-11},
  {67,5,6,7,1,-10},
  {71,9,9,12,1,-9},
  {82,2,3,4,1,-2},
  {83,3,1,5,1,-4},
  {84,2,2,4,1,-2},
  {85,5,12,5,0,-10},
  {93,7,10,9,1,-10},
  {102,6,10,9,2,-10},
  {110,7,10,9,1,-10},
  {119,7,10,9,1,-10},
  {128,7,10,9,1,-10},
  {137,7,10,9,1,-10},
  {146,7,10,9,1,-10},
  {155,7,10,9,1,-10},
  {164,7,10,9,1,-10},
  {173,7,10,9,1,-10},
  {182,1,7,5,2,-7},
  {183,2,8,5,1,-7},
  {185,8,8,12,2,-8},
  {193,9,4,12,1,-7},
  {198,8,8,12,2,-8},
  {206,5,10,7,1,-10},
  {213,12,12,14,1,-10},
  {231,9,10,10,0,-10},
  {243,8,10,10,1,-10},
  {253,8,10,10,1,-10},
  {263,9,10,11,1,-10},
  {275,7,10,9,1,-10},
  {284,6,10,8,1,-10},
  {292,9,10,11,1,-10},
  {304,8,10,11,1,-10},
  {314,2,10,4,1,-10},
  {317,4,13,4,-1,-10},
  {324,8,10,9,1,-10},
  {334,7,10,8,1,-10},
  {343,10,10,12,1,-10},
  {356,8,10,10,1,-10},
  {366,9,10,11,1,-10},
  {378,7,10,8,1,-10},
  {387,9,12,11,1,-10},
  {401,8,10,10,1,-10},
  {411,7,10,9,1,-10},
  {420,9,10,9,0,-10},
  {432,8,10,10,1,-10},
  {442,9,10,10,0,-10},
  {454,12,10,14,1,-10},
  {469,8,10,10,1,-10},
  {479,8,10,9,0,-10},
  {489,8,10,10,1,-10},
  {499,3,12,5,1,-11},
  {504,5,12,5,0,-10},
  {512,3,12,5,1,-11},
  {517,8,4,12,2,-10},
  {521,7,1,7,0,2},
  {522,2,3,7,2,-11},
  {523,6,8,9,1,-8},
  {529,7,11,9,1,-11},
  {539,6,8,8,1,-8},
  {545,7,11,9,1,-11},
  {555,7,8,9,1,-8},
  {562,5,11,5,0,-11},
  {569,7,11,9,1,-8},
  {579,7,11,9,1,-11},
  {589,2,11,4,1,-11},
  {592,3,14,4,0,-11},
  {598,7,11,8,1,-11},
  {608,2,11,4,1,-11},
  {611,11,8,14,1,-8},
  {622,7,8,9,1,-8},
  {629,7,8,9,1,-8},
  {636,7,11,9,1,-8},
  {646,7,11,9,1,-8},
  {656,5,8,6,1,-8},
  {661,6,8,7,1,-8},
  {667,5,10,5,0,-10},
  {674,7,8,9,1,-8},
  {681,7,8,8,1,-8},
  {688,10,8,11,1,-8},
  {698,6,8,8,1,-8},
  {704,7,11,8,1,-8},
  {714,6,8,7,1,-8},
  {720,5,13,9,2,-11},
  {729,1,14,5,2,-11},
  {731,5,13,9,2,-11},
  {740,8,2,12,2,-5},
  {742,0,0,0,0,0},
  {742,5,10,12,3,-10},
  {749,5,10,12,3,-10},
  {756,5,4,7,1,-10},
  {759,2,2,4,1,-6},
  {760,10,2,14,2,-2},
  {763,6,11,9,1,-11},
  {772,7,11,9,1,-11},
  {782,6,13,9,1,-13},
  {792,9,13,10,0,-13},
  {807,9,13,11,1,-13},
  {822,9,13,10,0,-13},
  {837,6,11,7,1,-11},
  {846,7,14,9,1,-14},
  {859,6,11,7,1,-11},
  {868,8,14,10,1,-14},
};
const GFXfont F_R14 PROGMEM = {(uint8_t*)F_R14_bmp, (GFXglyph*)F_R14_gly, 0x20, 0x8E, 17};
#define F_R14_ASC 13

const uint8_t F_C12_bmp[] PROGMEM = {
  0xFC,0x80,0xB6,0x80,0x04,0x49,0xF9,0x42,0x9F,0x92,0x28,0x23,0xA9,0x4E,0x18,0xA5,0xF1,0x00,0xC2,0x52,0x09,0x15,0x0C,0xA0,
  0xA8,0x52,0x49,0x03,0x00,0x70,0x81,0x02,0x0E,0x12,0x23,0x46,0x76,0xE0,0x5A,0xAA,0x10,0x85,0x55,0x60,0x45,0x6E,0x40,0x10,
  0x20,0x47,0xF1,0x02,0x04,0x00,0xC0,0xC0,0x80,0x24,0x84,0x94,0x80,0x76,0xE3,0x18,0xC6,0x31,0x70,0x65,0x08,0x42,0x10,0x84,
  0xF8,0xF4,0x82,0x31,0x11,0x18,0xF8,0xF0,0xC2,0x27,0x04,0x21,0xF0,0x11,0x94,0xA9,0x4B,0xE2,0x10,0xF4,0x21,0xC1,0x04,0x23,
  0xF0,0x32,0x21,0x6D,0xC6,0x31,0x70,0xF8,0xC4,0x21,0x10,0x84,0x40,0x74,0xE3,0x37,0x46,0x31,0x70,0x74,0xA3,0x19,0xBC,0x22,
  0xF0,0x84,0x86,0x02,0x39,0x86,0x03,0x80,0xC0,0x7C,0x03,0xF8,0x80,0xE0,0x30,0x33,0x9C,0x00,0xE1,0x12,0x64,0x40,0x40,0x36,
  0x20,0xA6,0x36,0xD2,0x2D,0x16,0x5D,0x00,0x40,0x1F,0x00,0x10,0x30,0xA1,0x42,0x4C,0x9F,0x21,0x82,0xF2,0x28,0xA2,0xFA,0x28,
  0xE2,0xF8,0x39,0x18,0x20,0x82,0x08,0x30,0x7C,0xF1,0x1A,0x14,0x38,0x30,0xE1,0x46,0xF8,0xFC,0x21,0x0F,0xC2,0x10,0xF8,0xF8,
  0x88,0xF8,0x88,0x80,0x39,0x18,0x20,0x8E,0x18,0x71,0x7C,0x86,0x18,0x61,0xFE,0x18,0x61,0x84,0xFF,0x80,0x55,0x55,0x5C,0x8E,
  0x69,0x38,0xC2,0x89,0x22,0x8C,0x84,0x21,0x08,0x42,0x10,0xF8,0xC3,0x8F,0x1D,0x1A,0xB3,0x64,0xC1,0x82,0xC7,0x1E,0x69,0xB6,
  0x59,0x63,0x8C,0x38,0x9A,0x14,0x18,0x30,0x61,0xE2,0x78,0xF4,0xE3,0x1F,0xE2,0x10,0x80,0x38,0x9A,0x14,0x18,0x30,0x61,0xE2,
  0x78,0x10,0xF2,0x68,0xA2,0xF2,0x48,0xA3,0x84,0x74,0x21,0x07,0x0C,0x21,0xF0,0xFC,0x41,0x04,0x10,0x41,0x04,0x10,0x86,0x18,
  0x61,0x86,0x18,0x73,0x78,0x82,0x85,0x1A,0x22,0x45,0x0A,0x0C,0x10,0x08,0xCC,0x66,0x32,0x99,0x52,0x29,0x94,0xC6,0x62,0x00,
  0x83,0x25,0x8C,0x31,0xC5,0xA2,0x84,0x85,0x14,0x8E,0x10,0x41,0x04,0x10,0x7E,0x0C,0x10,0x41,0x06,0x08,0x20,0xFE,0xEA,0xAA,
  0xAC,0x91,0x24,0x89,0x20,0xD5,0x55,0x5C,0x22,0xA2,0xF8,0x90,0x60,0x83,0xF8,0xCF,0xE0,0x84,0x2D,0xB8,0xC6,0x31,0xF0,0x3C,
  0x88,0x88,0x70,0x08,0x5B,0x38,0xC6,0x33,0x78,0x26,0xE3,0xF8,0x41,0xE0,0x73,0x49,0x24,0x80,0x64,0xE3,0x18,0xCD,0xA1,0x90,
  0x84,0x2D,0xB8,0xC6,0x31,0x88,0xBF,0x80,0x45,0x55,0x5C,0x84,0x21,0x2A,0x62,0x92,0x98,0xFF,0x80,0xB2,0x6E,0xA2,0x31,0x18,
  0x8C,0x46,0x22,0xB6,0xE3,0x18,0xC6,0x20,0x66,0xA3,0x18,0xC5,0xC0,0xB6,0xE3,0x18,0xC7,0xD0,0x80,0x64,0xE3,0x18,0xCD,0xE1,
  0x08,0xBA,0x49,0x20,0x68,0x8E,0x11,0xE0,0x9E,0x49,0x23,0x84,0x63,0x18,0xCD,0xE0,0x0C,0x65,0x25,0x31,0x80,0x11,0x26,0xCD,
  0x5A,0xC9,0x91,0x00,0x93,0x98,0xC9,0x44,0x0C,0x65,0x25,0x30,0x8C,0x40,0x78,0x44,0x62,0x23,0xE0,0x32,0x22,0x2C,0x22,0x22,
  0x10,0xFF,0xF0,0x42,0x22,0x23,0x22,0x22,0xC0,0x21,0x3C,0x23,0xAA,0x42,0x10,0x84,0x20,0x21,0x08,0x42,0x12,0xAE,0x20,0x72,
  0x30,0x80,0x89,0x80,0x50,0x18,0x20,0xFE,0x33,0xF8,0x50,0x19,0xA8,0xC6,0x31,0x70,0x42,0x08,0xC1,0x07,0xF1,0x9F,0xC0,0x28,
  0x00,0x40,0xC2,0x85,0x09,0x32,0x7C,0x86,0x08,0x28,0x00,0xE2,0x68,0x50,0x60,0xC1,0x87,0x89,0xE0,0x18,0x50,0x60,0xC2,0x85,
  0x09,0x32,0x7C,0x86,0x08,0x60,0x68,0x8E,0x11,0xE0,0x51,0x1D,0x08,0x41,0xC3,0x08,0x7C,0x30,0x1E,0x11,0x18,0x88,0xF8,0x28,
  0x21,0xF8,0x30,0x41,0x04,0x18,0x20,0x83,0xF8,
};
const GFXglyph F_C12_gly[] PROGMEM = {
  {0,0,0,3,0,0},
  {0,1,9,4,2,-9},
  {2,3,3,5,1,-9},
  {4,7,8,9,1,-8},
  {11,5,10,7,1,-9},
  {18,9,9,10,1,-9},
  {29,7,9,8,1,-9},
  {37,1,3,3,1,-9},
  {38,2,10,4,1,-9},
  {41,2,10,4,1,-9},
  {44,4,5,5,1,-9},
  {47,7,7,9,1,-7},
  {54,1,2,3,1,-1},
  {55,2,1,4,1,-4},
  {56,1,1,3,1,-1},
  {57,3,9,4,0,-8},
  {61,5,9,7,1,-9},
  {67,5,9,7,1,-9},
  {73,5,9,7,1,-9},
  {79,5,9,7,1,-9},
  {85,5,9,7,1,-9},
  {91,5,9,7,1,-9},
  {97,5,9,7,1,-9},
  {103,5,9,7,1,-9},
  {109,5,9,7,1,-9},
  {115,5,9,7,1,-9},
  {121,1,6,4,1,-6},
  {122,1,7,4,1,-6},
  {123,7,6,9,1,-7},
  {129,7,3,9,1,-5},
  {132,7,6,9,1,-7},
  {138,4,9,6,1,-9},
  {143,9,10,11,1,-8},
  {155,7,9,7,0,-9},
  {163,6,9,7,1,-9},
  {170,6,9,8,1,-9},
  {177,7,9,8,1,-9},
  {185,5,9,7,1,-9},
  {191,4,9,6,1,-9},
  {196,6,9,8,1,-9},
  {203,6,9,8,1,-9},
  {210,1,9,3,1,-9},
  {212,2,11,3,0,-9},
  {215,6,9,7,1,-9},
  {222,5,9,6,1,-9},
  {228,7,9,9,1,-9},
  {236,6,9,8,1,-9},
  {243,7,9,8,1,-9},
  {251,5,9,7,1,-9},
  {257,7,10,8,1,-9},
  {266,6,9,8,1,-9},
  {273,5,9,7,1,-9},
  {279,6,9,7,0,-9},
  {286,6,9,8,1,-9},
  {293,7,9,7,0,-9},
  {301,9,9,11,1,-9},
  {312,6,9,7,1,-9},
  {319,6,9,7,0,-9},
  {326,7,9,7,0,-9},
  {334,2,11,4,1,-9},
  {337,3,9,4,0,-9},
  {341,2,11,4,1,-9},
  {344,5,3,9,2,-9},
  {346,5,1,5,0,2},
  {347,2,2,5,1,-10},
  {348,5,7,7,1,-7},
  {353,5,9,7,1,-9},
  {359,4,7,6,1,-7},
  {363,5,9,7,1,-9},
  {369,5,7,7,1,-7},
  {374,3,9,4,1,-9},
  {378,5,9,7,1,-7},
  {384,5,9,7,1,-9},
  {390,1,9,3,1,-9},
  {392,2,11,3,0,-9},
  {395,5,9,6,1,-9},
  {401,1,9,3,1,-9},
  {403,9,7,11,1,-7},
  {411,5,7,7,1,-7},
  {416,5,7,7,1,-7},
  {421,5,9,7,1,-7},
  {427,5,9,7,1,-7},
  {433,3,7,4,1,-7},
  {436,4,7,6,1,-7},
  {440,3,8,4,1,-8},
  {443,5,7,7,1,-7},
  {448,5,7,6,1,-7},
  {453,7,7,9,1,-7},
  {460,5,6,6,1,-6},
  {464,5,9,6,1,-7},
  {470,5,7,6,0,-7},
  {475,4,11,7,1,-9},
  {481,1,12,4,1,-9},
  {483,4,11,7,1,-9},
  {489,7,2,9,1,-5},
  {491,0,0,0,0,0},
  {491,5,9,9,2,-9},
  {497,5,9,9,2,-9},
  {503,3,4,5,1,-9},
  {505,1,1,3,1,-5},
  {506,9,1,11,1,-1},
  {508,5,9,7,1,-9},
  {514,5,9,7,1,-9},
  {520,5,10,7,1,-10},
  {527,7,11,7,0,-11},
  {537,7,11,8,1,-11},
  {547,7,11,7,0,-11},
  {557,4,9,6,1,-9},
  {562,5,11,7,1,-11},
  {569,5,9,6,0,-9},
  {575,7,11,7,0,-11},
};
const GFXfont F_C12 PROGMEM = {(uint8_t*)F_C12_bmp, (GFXglyph*)F_C12_gly, 0x20, 0x8E, 15};
#define F_C12_ASC 12

const uint8_t F_B12_bmp[] PROGMEM = {
  0xFF,0xF3,0xC0,0xDD,0xD0,0x12,0x16,0xFF,0x24,0x24,0xFF,0x68,0x48,0x48,0x11,0xFD,0x3C,0xFD,0xF1,0xC5,0xF8,0x41,0x00,0x70,
  0x85,0x90,0xC9,0x05,0xA0,0x76,0xE0,0x5A,0x09,0x30,0x9A,0x10,0xE0,0x3C,0x60,0x60,0x70,0xF9,0xDF,0xCF,0xCE,0x7F,0xFC,0x2D,
  0xED,0xB6,0x6C,0x80,0xC9,0xB6,0xDB,0x6B,0x00,0x13,0x57,0x9E,0xD4,0x40,0x18,0x18,0x18,0xFF,0x18,0x18,0x18,0xFE,0xFC,0xF0,
  0x11,0x32,0x26,0x44,0xC8,0x79,0x9B,0x36,0x7C,0x79,0xF3,0x66,0x78,0xF8,0x70,0xE1,0xC3,0x87,0x0E,0x1C,0xFE,0x7A,0x30,0xC3,
  0x1C,0xE7,0x38,0xFC,0x7A,0x30,0xC3,0x78,0x30,0xE3,0x78,0x1C,0x79,0xF3,0xED,0xD3,0xBF,0x8E,0x1C,0xFF,0x0C,0x3E,0x0C,0x30,
  0xC3,0xF8,0x3C,0xC3,0x07,0xCE,0xD9,0xF3,0xF6,0x78,0xFC,0x31,0xC6,0x18,0xE3,0x1C,0x60,0x79,0x9B,0x36,0x67,0x99,0xB3,0xE6,
  0x78,0x79,0x9B,0x36,0x6C,0xEF,0x83,0x06,0xF8,0xF0,0x3C,0xF0,0x3F,0x80,0x03,0x0E,0x78,0xE0,0x78,0x0E,0x03,0xFF,0x00,0xFF,
  0xC0,0x70,0x1E,0x07,0x1E,0x70,0xC0,0xF0,0xC6,0x67,0x30,0x0C,0x60,0x1E,0x18,0x64,0x0E,0x7D,0x93,0x64,0xD9,0x3E,0x7E,0x40,
  0x18,0x41,0xE0,0x1C,0x0F,0x0F,0x86,0xC3,0x73,0x99,0xFC,0xC3,0xC1,0x80,0xFD,0x9F,0x1E,0x7F,0xD8,0xF1,0xE3,0xFC,0x3E,0xC7,
  0x06,0x0C,0x18,0x30,0x31,0x3E,0xFC,0xC6,0xC3,0xC3,0xC3,0xC3,0xC3,0xC6,0xFC,0xFF,0x0C,0x30,0xFF,0x0C,0x30,0xFC,0xFF,0x0C,
  0x30,0xFF,0x0C,0x30,0xC0,0x3E,0x61,0xC0,0xC0,0xCF,0xC3,0xC3,0x63,0x3F,0xC3,0xC3,0xC3,0xC3,0xFF,0xC3,0xC3,0xC3,0xC3,0xFF,
  0xFF,0xC0,0x33,0x33,0x33,0x33,0x33,0xE0,0xC7,0xCE,0xDC,0xF8,0xF0,0xF8,0xDC,0xCE,0xC7,0xC3,0x0C,0x30,0xC3,0x0C,0x30,0xFC,
  0xE1,0xFC,0xFF,0x3F,0x5B,0xDE,0xF3,0x3C,0xCF,0x03,0xC0,0xC0,0xE3,0xE3,0xF3,0xF3,0xDB,0xCF,0xCF,0xC7,0xC7,0x3C,0x33,0xB0,
  0xD8,0x6C,0x3E,0x1B,0x0C,0xCE,0x3C,0x00,0xFD,0x8F,0x1E,0x3C,0x7F,0xB0,0x60,0xC0,0x3C,0x33,0xB0,0xD8,0x6C,0x3E,0x1B,0x0C,
  0xCE,0x3E,0x03,0x01,0xC0,0xFC,0xCE,0xC6,0xCE,0xFC,0xCC,0xC6,0xC6,0xC7,0x7D,0x8B,0x07,0x87,0xC7,0xC3,0xC6,0xF8,0xFF,0x18,
  0x18,0x18,0x18,0x18,0x18,0x18,0x18,0xC7,0xC7,0xC7,0xC7,0xC7,0xC7,0xC7,0x66,0x3C,0xE1,0xB1,0xD8,0xCE,0x63,0x71,0xB0,0xF8,
  0x3C,0x1C,0x00,0xE7,0x1B,0x39,0xD9,0xCC,0xCB,0x67,0xDB,0x1E,0xF8,0xF3,0x87,0x1C,0x38,0xE0,0xC7,0xE6,0x6C,0x3C,0x38,0x3C,
  0x6C,0xE6,0xC7,0xE3,0x67,0x76,0x3E,0x1C,0x18,0x18,0x18,0x18,0xFE,0x1C,0x71,0xE3,0x8E,0x38,0x70,0xFE,0xFC,0xCC,0xCC,0xCC,
  0xCC,0xF0,0x8C,0x44,0x62,0x23,0x11,0xED,0xB6,0xDB,0x6F,0x80,0x31,0xE8,0x40,0xFC,0xD0,0xF8,0x30,0xFF,0xCF,0x3F,0xC0,0xC1,
  0x83,0x07,0xEE,0xF8,0xF1,0xE3,0xEF,0xF8,0x7E,0x31,0x8C,0x61,0xE0,0x0E,0x1C,0x3B,0xFC,0xF9,0xF3,0xE7,0xCE,0xFC,0x79,0x9B,
  0x37,0xFC,0x18,0x9E,0x00,0x3B,0x99,0xF6,0x31,0x8C,0x63,0x00,0x7F,0x9F,0x3E,0x7C,0xF9,0xDF,0x86,0x8C,0xF0,0xC1,0x83,0x07,
  0xEE,0xD9,0xF3,0xE7,0xCF,0x9C,0xF3,0xFF,0xF0,0x6C,0x36,0xDB,0x6D,0xBC,0xC1,0x83,0x06,0x6D,0x9E,0x3C,0x7C,0xDD,0x9C,0xFF,
  0xFF,0xF0,0xFF,0xDD,0xDB,0x33,0xE6,0x7C,0xCF,0x99,0xF3,0x38,0xFD,0xDB,0x3E,0x7C,0xF9,0xF3,0x80,0x79,0x9B,0x3E,0x3C,0xF9,
  0x9E,0x00,0xFD,0xDF,0x1E,0x3C,0x7D,0xFF,0x60,0xC1,0x80,0x7F,0x9F,0x3E,0x7C,0xF9,0xDF,0x87,0x0E,0x1C,0xFF,0x31,0x8C,0x63,
  0x00,0xF3,0x2C,0x3E,0x1E,0x67,0x80,0x67,0xD8,0xC6,0x31,0x87,0xCF,0x9F,0x3E,0x7C,0xF9,0xDF,0x80,0xC6,0xCD,0x9B,0x63,0xC7,
  0x86,0x00,0xCC,0xF7,0x6D,0xDB,0x56,0x77,0x9D,0xC7,0x30,0xCF,0x67,0x9C,0x7B,0x7C,0xC0,0xC6,0xCD,0x99,0xE3,0xC7,0x86,0x0C,
  0x18,0xE0,0xF8,0xCE,0xEE,0x63,0xE0,0x1C,0xE3,0x0C,0x33,0xC3,0x0C,0x30,0xE1,0xC0,0xFF,0xF0,0xF0,0xC3,0x0C,0x38,0x73,0x8C,
  0x30,0xCF,0x00,0xE2,0x38,0x6F,0xE6,0x66,0x66,0x60,0x66,0x66,0x66,0xEF,0x60,0x69,0x96,0xF0,0xCC,0xF3,0x30,0x68,0x0F,0x83,
  0x0F,0xFC,0xF3,0xFC,0x68,0x01,0xE6,0x6C,0xF8,0xF3,0xE6,0x78,0x31,0xA3,0x00,0xF8,0x30,0xFF,0xCF,0x3F,0xC0,0x14,0x00,0x07,
  0x03,0xC3,0xE1,0xB0,0xDC,0xE6,0x7F,0x30,0xF0,0x60,0x34,0x00,0x0F,0x0C,0xEC,0x36,0x1B,0x0F,0x86,0xC3,0x33,0x8F,0x00,0x1C,
  0x0A,0x07,0x03,0xC3,0xE1,0xB0,0xDC,0xE6,0x7F,0x30,0xF0,0x60,0x51,0xC0,0x3C,0xCB,0x0F,0x87,0x99,0xE0,0x48,0x61,0xF6,0x2C,
  0x1E,0x1F,0x1F,0x0F,0x1B,0xE0,0x53,0x81,0xF1,0x9D,0xDC,0xC7,0xC0,0x68,0x63,0xF8,0x71,0xC7,0x8E,0x38,0xE1,0xC3,0xF8,
};
const GFXglyph F_B12_gly[] PROGMEM = {
  {0,0,0,4,0,0},
  {0,2,9,5,2,-9},
  {3,4,3,6,1,-9},
  {5,8,9,10,1,-9},
  {14,6,11,8,1,-9},
  {23,12,9,12,0,-9},
  {37,8,9,10,1,-9},
  {46,2,3,4,1,-9},
  {47,3,11,5,1,-10},
  {52,3,11,5,1,-10},
  {57,6,6,6,0,-9},
  {62,8,7,10,1,-7},
  {69,2,4,5,1,-2},
  {70,3,2,5,1,-4},
  {71,2,2,5,1,-2},
  {72,4,10,4,0,-9},
  {77,7,9,8,1,-9},
  {85,7,9,8,1,-9},
  {93,6,9,8,1,-9},
  {100,6,9,8,1,-9},
  {107,7,9,8,1,-9},
  {115,6,9,8,1,-9},
  {122,7,9,8,1,-9},
  {130,6,9,8,1,-9},
  {137,7,9,8,1,-9},
  {145,7,9,8,1,-9},
  {153,2,7,5,1,-7},
  {155,2,9,5,1,-7},
  {158,8,7,10,1,-7},
  {165,8,3,10,1,-5},
  {168,8,7,10,1,-7},
  {175,5,9,7,1,-9},
  {181,10,11,12,1,-9},
  {195,9,9,9,0,-9},
  {206,7,9,9,1,-9},
  {214,7,9,9,1,-9},
  {222,8,9,10,1,-9},
  {231,6,9,8,1,-9},
  {238,6,9,8,1,-9},
  {245,8,9,10,1,-9},
  {254,8,9,10,1,-9},
  {263,2,9,4,1,-9},
  {266,4,11,4,-1,-9},
  {272,8,9,9,1,-9},
  {281,6,9,8,1,-9},
  {288,10,9,12,1,-9},
  {300,8,9,10,1,-9},
  {309,9,9,10,1,-9},
  {320,7,9,9,1,-9},
  {328,9,11,10,1,-9},
  {341,8,9,9,1,-9},
  {350,7,9,9,1,-9},
  {358,8,9,8,0,-9},
  {367,8,9,10,1,-9},
  {376,9,9,9,0,-9},
  {387,13,9,13,0,-9},
  {402,8,9,9,1,-9},
  {411,8,9,9,0,-9},
  {420,7,9,9,1,-9},
  {428,4,11,5,1,-10},
  {434,4,10,4,0,-9},
  {439,3,11,5,1,-10},
  {444,6,3,10,2,-9},
  {447,6,1,6,0,2},
  {448,2,2,6,1,-10},
  {449,6,7,8,1,-7},
  {455,7,10,9,1,-10},
  {464,5,7,7,1,-7},
  {469,7,10,9,1,-10},
  {478,7,7,8,1,-7},
  {485,5,10,5,0,-10},
  {492,7,10,9,1,-7},
  {501,7,10,9,1,-10},
  {510,2,10,4,1,-10},
  {513,3,13,4,0,-10},
  {518,7,10,8,1,-10},
  {527,2,10,4,1,-10},
  {530,11,7,12,1,-7},
  {540,7,7,9,1,-7},
  {547,7,7,8,1,-7},
  {554,7,10,9,1,-7},
  {563,7,10,9,1,-7},
  {572,5,7,6,1,-7},
  {577,6,7,7,1,-7},
  {583,5,8,6,0,-8},
  {588,7,7,9,1,-7},
  {595,7,7,8,0,-7},
  {602,10,7,11,1,-7},
  {611,6,7,8,1,-7},
  {617,7,10,8,0,-7},
  {626,5,7,7,1,-7},
  {631,6,11,9,1,-10},
  {640,1,12,4,2,-9},
  {642,6,11,9,1,-10},
  {651,7,2,10,2,-5},
  {653,0,0,0,0,0},
  {653,4,9,10,3,-9},
  {658,4,9,10,3,-9},
  {663,4,4,6,1,-9},
  {665,2,2,5,1,-5},
  {666,10,2,12,1,-2},
  {669,6,9,8,1,-9},
  {676,7,9,8,1,-9},
  {684,6,11,8,1,-11},
  {693,9,11,9,0,-11},
  {706,9,11,10,1,-11},
  {719,9,11,9,0,-11},
  {732,6,10,7,1,-10},
  {740,7,11,9,1,-11},
  {750,5,10,7,1,-10},
  {757,7,11,9,1,-11},
};
const GFXfont F_B12 PROGMEM = {(uint8_t*)F_B12_bmp, (GFXglyph*)F_B12_gly, 0x20, 0x8E, 15};
#define F_B12_ASC 12

const uint8_t F_B13_bmp[] PROGMEM = {
  0xFF,0xF3,0xC0,0xDE,0xF7,0xB0,0x1B,0x09,0x1F,0xE6,0xC2,0x67,0xF8,0x90,0xD8,0x6C,0x00,0x10,0xFB,0x46,0x8F,0x87,0xC5,0xCB,
  0x7C,0x20,0x40,0x78,0xC2,0x44,0x32,0x60,0x96,0x07,0xA7,0x03,0x48,0x32,0x61,0x12,0x18,0x70,0x3C,0x38,0x1C,0x0F,0x3F,0xDE,
  0x7F,0x1D,0xCE,0x7F,0x80,0xFF,0x36,0x6E,0xCC,0xCC,0xE6,0x63,0xC6,0x66,0x33,0x33,0x66,0x6C,0x25,0x7D,0xEA,0x90,0x08,0x04,
  0x02,0x1F,0xFF,0xF8,0x40,0x20,0x10,0xFF,0x40,0xFF,0xFC,0x18,0x84,0x62,0x11,0x88,0x46,0x30,0x3D,0xDF,0x1E,0x3C,0x78,0xF1,
  0xF7,0x3C,0xF8,0x30,0x60,0xC1,0x83,0x06,0x0C,0x7E,0x79,0x18,0x38,0x71,0xC7,0x0C,0x30,0xFE,0x7D,0x1C,0x38,0x67,0xC1,0xC1,
  0xC7,0x7C,0x1C,0x79,0xB6,0x6C,0xDF,0xC3,0x06,0x0C,0xFD,0x83,0x07,0xE0,0xE0,0xC1,0xC7,0x78,0x3C,0xC7,0x07,0xEE,0x78,0xF1,
  0xB3,0x3C,0xFE,0x1C,0x30,0xE1,0x87,0x0E,0x18,0x70,0x7D,0xDF,0x1F,0x77,0xD8,0xF1,0xE3,0x7C,0x79,0x9B,0x1E,0x3C,0xEF,0xC1,
  0xC6,0x78,0xFC,0x01,0xF8,0xFC,0x01,0xFE,0xC0,0x01,0x0F,0x78,0xE0,0x78,0x0F,0x01,0xFF,0xFF,0xC0,0x00,0x0F,0xFF,0xFC,0xC0,
  0x3C,0x07,0xC0,0x71,0xF3,0xC3,0x00,0x7A,0x71,0xC6,0x31,0xC0,0x1C,0x70,0x1F,0x06,0x19,0x01,0x67,0x99,0xB3,0x22,0x66,0xDE,
  0x7C,0x40,0x04,0x10,0x7C,0x00,0x1E,0x07,0x81,0xE0,0xFC,0x33,0x1C,0xE7,0xF9,0x86,0xE1,0xC0,0xFC,0xE6,0xE7,0xE6,0xFE,0xE7,
  0xE3,0xE7,0xFE,0x3E,0x61,0xE0,0xC0,0xC0,0xC0,0xE0,0x61,0x3E,0xFC,0x73,0xB8,0xFC,0x7E,0x1F,0x1F,0x8F,0xCE,0xFE,0x00,0xFF,
  0xC3,0x87,0x0F,0xFC,0x38,0x70,0xFE,0xFF,0xC3,0x87,0x0F,0xFC,0x38,0x70,0xE0,0x3F,0x38,0xB8,0x18,0x0C,0x7E,0x1F,0x8E,0xC7,
  0x3F,0x00,0xE3,0xF1,0xF8,0xFC,0x7F,0xFF,0x1F,0x8F,0xC7,0xE3,0x80,0xFF,0xFF,0xFF,0xE0,0x39,0xCE,0x73,0x9C,0xE7,0x39,0xCD,
  0xC0,0xE3,0x73,0x3F,0x1F,0x0F,0x87,0xE3,0xB9,0xCE,0xE3,0x80,0xE1,0xC3,0x87,0x0E,0x1C,0x38,0x70,0xFE,0xF1,0xFE,0x3F,0xCF,
  0xFD,0xFE,0xEF,0xDD,0xFB,0x3F,0x07,0xE0,0xE0,0xE3,0xF9,0xFC,0xFF,0x7F,0xBF,0x7F,0x9F,0xCF,0xE3,0x80,0x3E,0x31,0xB8,0xF8,
  0x3C,0x1E,0x0F,0x8E,0xC6,0x3E,0x00,0xFC,0xE7,0xE7,0xE7,0xE7,0xFC,0xE0,0xE0,0xE0,0x3E,0x31,0xB8,0xF8,0x3C,0x1E,0x0F,0x8E,
  0xC6,0x3E,0x03,0x00,0xC0,0xFC,0xE6,0xE6,0xE6,0xE6,0xFC,0xE6,0xE7,0xE3,0x7F,0x87,0x07,0x87,0xE3,0xC1,0xC3,0xFC,0xFF,0x8E,
  0x07,0x03,0x81,0xC0,0xE0,0x70,0x38,0x1C,0x00,0xE3,0xE3,0xE3,0xE3,0xE3,0xE3,0xE3,0x67,0x3E,0xE1,0xD8,0x66,0x19,0xCE,0x33,
  0x0F,0xC1,0xE0,0x78,0x1E,0x00,0xC6,0x3E,0x39,0xF3,0xCD,0xDE,0x66,0xD7,0x34,0xF9,0xE7,0x8F,0x3C,0x38,0xE0,0xC3,0xE7,0x7E,
  0x3C,0x3C,0x3C,0x7E,0xE7,0xC3,0xE1,0xB9,0xCD,0xC7,0xC1,0xC0,0xE0,0x70,0x38,0x1C,0x00,0xFF,0x0F,0x1E,0x1C,0x38,0x78,0xF0,
  0xE0,0xFF,0xFC,0xCC,0xCC,0xCC,0xCC,0xCF,0xC6,0x10,0x86,0x10,0x86,0x10,0x86,0xF3,0x33,0x33,0x33,0x33,0x3F,0x38,0xF1,0xB4,
  0x30,0xFE,0xCC,0xF8,0x18,0x3B,0xFC,0xF9,0xFF,0x80,0xC0,0xC0,0xC0,0xFC,0xE6,0xC7,0xC7,0xC7,0xE6,0xFC,0x7B,0x9C,0x30,0xC3,
  0x97,0x80,0x06,0x0C,0x1B,0xBE,0xF8,0xF1,0xE3,0xEE,0xEC,0x79,0xDF,0x1F,0xFC,0x1C,0x5F,0x00,0x3C,0xC7,0x3F,0x71,0xC7,0x1C,
  0x71,0xC0,0x77,0xDF,0x1E,0x3C,0x79,0xDD,0x83,0x0E,0xF0,0xC1,0x83,0x07,0xEE,0x78,0xF1,0xE3,0xC7,0x8C,0xF3,0xFF,0xF0,0x6C,
  0x36,0xDB,0x6D,0xBC,0xC1,0x83,0x06,0x7D,0xDF,0x3C,0x7C,0xCD,0x8C,0xFF,0xFF,0xF0,0xFD,0xEE,0xE6,0xC6,0x7C,0x67,0xC6,0x7C,
  0x67,0xC6,0x70,0xFD,0xCF,0x1E,0x3C,0x78,0xF1,0x80,0x7D,0xDF,0x1E,0x3C,0x7D,0xDF,0x00,0xFC,0xE6,0xC7,0xC7,0xC7,0xE6,0xFC,
  0xC0,0xC0,0xC0,0x77,0xDF,0x1E,0x3C,0x7D,0xDD,0x83,0x06,0x0C,0xFF,0x31,0x8C,0x63,0x00,0x7B,0x1C,0x3F,0x1E,0x37,0x80,0x71,
  0xCF,0xDC,0x71,0xC7,0x1C,0x3C,0xC7,0x8F,0x1E,0x3C,0x7D,0xDD,0x80,0xE3,0x67,0x66,0x36,0x3C,0x3C,0x1C,0xCC,0xF3,0x3D,0xEF,
  0xFF,0x73,0x9C,0xE7,0x38,0xCF,0xD9,0xE1,0xC7,0x9D,0xB3,0x80,0xE3,0x67,0x66,0x36,0x3E,0x3C,0x1C,0x1C,0x18,0x70,0xFC,0x73,
  0x9C,0xF3,0x8F,0xC0,0x3C,0xC3,0x0C,0x73,0x87,0x0C,0x30,0xC3,0x0F,0xFF,0xF8,0xE1,0xC7,0x0C,0x30,0xF3,0x0C,0x71,0xC7,0x38,
  0x78,0x7F,0xC3,0xC0,0x77,0xEA,0x42,0x10,0x84,0x21,0x00,0x21,0x08,0x42,0x10,0x95,0xFB,0x80,0x79,0x97,0xFC,0xCE,0x79,0xCC,
  0x68,0xD0,0x07,0xC0,0xC1,0xDF,0xE7,0xCF,0xFC,0x68,0xD0,0x03,0xEE,0xF8,0xF1,0xE3,0xEE,0xF8,0x38,0x50,0xA1,0xC0,0x1F,0x03,
  0x07,0x7F,0x9F,0x3F,0xF0,0x16,0x05,0x80,0x00,0x78,0x1E,0x07,0x83,0xF0,0xCC,0x73,0x9F,0xE6,0x1B,0x87,0x16,0x0B,0x00,0x07,
  0xC6,0x37,0x1F,0x07,0x83,0xC1,0xF1,0xD8,0xC7,0xC0,0x0C,0x04,0x81,0x20,0x78,0x1E,0x07,0x83,0xF0,0xCC,0x73,0x9F,0xE6,0x1B,
  0x87,0x48,0xC0,0x1E,0xC7,0x0F,0xC7,0x8D,0xE0,0x6C,0x70,0x03,0xFC,0x38,0x3C,0x3F,0x1E,0x0E,0x1F,0xE0,0x48,0xC0,0x3F,0x1C,
  0xE7,0x3C,0xE3,0xF0,0x2C,0x38,0x00,0xFF,0x0F,0x1E,0x1C,0x38,0x78,0xF0,0xE0,0xFF,
};
const GFXglyph F_B13_gly[] PROGMEM = {
  {0,0,0,5,0,0},
  {0,2,9,6,2,-9},
  {3,5,4,7,1,-9},
  {6,9,9,11,1,-9},
  {17,7,11,9,1,-9},
  {27,13,9,13,0,-9},
  {42,9,9,11,1,-9},
  {53,2,4,4,1,-9},
  {54,4,12,6,1,-10},
  {60,4,12,6,1,-10},
  {66,5,6,7,1,-9},
  {70,9,8,11,1,-8},
  {79,3,4,5,1,-2},
  {81,4,2,5,1,-5},
  {82,3,2,5,1,-2},
  {83,5,11,5,0,-9},
  {90,7,9,9,1,-9},
  {98,7,9,9,1,-9},
  {106,7,9,9,1,-9},
  {114,7,9,9,1,-9},
  {122,7,9,9,1,-9},
  {130,7,9,9,1,-9},
  {138,7,9,9,1,-9},
  {146,7,9,9,1,-9},
  {154,7,9,9,1,-9},
  {162,7,9,9,1,-9},
  {170,3,7,5,1,-7},
  {173,3,9,5,1,-7},
  {177,8,7,11,1,-8},
  {184,9,6,11,1,-7},
  {191,9,7,11,1,-8},
  {199,6,9,8,1,-9},
  {206,11,11,13,1,-9},
  {222,10,9,10,0,-9},
  {234,8,9,10,1,-9},
  {243,8,9,10,1,-9},
  {252,9,9,11,1,-9},
  {263,7,9,9,1,-9},
  {271,7,9,9,1,-9},
  {279,9,9,11,1,-9},
  {290,9,9,11,1,-9},
  {301,3,9,5,1,-9},
  {305,5,12,5,-1,-9},
  {313,9,9,10,1,-9},
  {324,7,9,8,1,-9},
  {332,11,9,13,1,-9},
  {345,9,9,11,1,-9},
  {356,9,9,11,1,-9},
  {367,8,9,10,1,-9},
  {376,9,11,11,1,-9},
  {389,8,9,10,1,-9},
  {398,7,9,9,1,-9},
  {406,9,9,9,0,-9},
  {417,8,9,11,1,-9},
  {426,10,9,10,0,-9},
  {438,13,9,14,1,-9},
  {453,8,9,10,1,-9},
  {462,9,9,9,0,-9},
  {473,8,9,9,1,-9},
  {482,4,12,6,1,-10},
  {488,5,11,5,0,-9},
  {495,4,12,6,1,-10},
  {501,7,4,11,2,-9},
  {505,7,1,6,0,2},
  {506,3,2,6,1,-10},
  {507,7,7,9,1,-7},
  {514,8,10,9,1,-10},
  {524,6,7,8,1,-7},
  {530,7,10,9,1,-10},
  {539,7,7,9,1,-7},
  {546,6,10,6,0,-10},
  {554,7,10,9,1,-7},
  {563,7,10,9,1,-10},
  {572,2,10,4,1,-10},
  {575,3,13,4,0,-10},
  {580,7,10,9,1,-10},
  {589,2,10,4,1,-10},
  {592,12,7,14,1,-7},
  {603,7,7,9,1,-7},
  {610,7,7,9,1,-7},
  {617,8,10,9,1,-7},
  {627,7,10,9,1,-7},
  {636,5,7,6,1,-7},
  {641,6,7,8,1,-7},
  {647,6,9,6,0,-9},
  {654,7,7,9,1,-7},
  {661,8,7,8,0,-7},
  {668,10,7,12,1,-7},
  {677,7,7,8,1,-7},
  {684,8,10,8,0,-7},
  {694,6,7,8,1,-7},
  {700,6,12,9,2,-10},
  {709,1,13,5,2,-10},
  {711,6,12,9,2,-10},
  {720,9,3,11,1,-5},
  {724,0,0,0,0,0},
  {724,5,10,11,3,-10},
  {731,5,10,11,3,-9},
  {738,4,4,6,1,-10},
  {740,3,2,5,1,-6},
  {741,11,2,13,1,-2},
  {744,7,10,9,1,-10},
  {753,7,10,9,1,-10},
  {762,7,12,9,1,-12},
  {773,10,12,10,0,-12},
  {788,9,12,11,1,-12},
  {802,10,12,10,0,-12},
  {817,6,10,8,1,-10},
  {825,7,12,9,1,-12},
  {836,6,10,8,1,-10},
  {844,8,12,9,1,-12},
};
const GFXfont F_B13 PROGMEM = {(uint8_t*)F_B13_bmp, (GFXglyph*)F_B13_gly, 0x20, 0x8E, 17};
#define F_B13_ASC 13

const uint8_t F_B14_bmp[] PROGMEM = {
  0xFF,0xFC,0xF0,0xDE,0xF7,0xB0,0x09,0x06,0x41,0xB1,0xFF,0x12,0x0C,0x8F,0xF8,0x98,0x24,0x19,0x00,0x10,0x10,0x3C,0xF2,0xD0,
  0xF8,0x7E,0x1F,0x17,0x96,0x7C,0x10,0x10,0x70,0xC6,0xCC,0x26,0x41,0x36,0x0D,0xAE,0x3A,0xC8,0x36,0x61,0x33,0x19,0x91,0x87,
  0x00,0x1C,0x0C,0x87,0x00,0xE0,0x78,0xFF,0x3C,0xFF,0x1E,0xE7,0x8F,0xF0,0xFF,0x37,0x66,0xEE,0xEE,0x66,0x73,0xC6,0x63,0x33,
  0x33,0x36,0x6C,0x22,0x9F,0x9C,0xFA,0x92,0x00,0x0C,0x06,0x03,0x1F,0xFF,0xF8,0x60,0x30,0x18,0xFF,0xEC,0xFF,0xFF,0x80,0x18,
  0xC4,0x23,0x10,0x8C,0x62,0x31,0x80,0x3C,0x66,0xC7,0xC7,0xC7,0xC7,0xC7,0xC7,0x66,0x3C,0x71,0x60,0xC1,0x83,0x06,0x0C,0x18,
  0x31,0xFC,0x7C,0x8E,0x06,0x06,0x0E,0x1C,0x38,0x70,0x60,0xFF,0x7C,0x8E,0x06,0x0E,0x3C,0x0E,0x07,0x07,0x8E,0x7C,0x1E,0x1E,
  0x3E,0x6E,0xCE,0xCE,0xFF,0x0E,0x0E,0x0E,0xFE,0xE0,0xE0,0xFC,0x0E,0x07,0x07,0x07,0x8E,0x7C,0x3C,0x60,0xE0,0xFC,0xE6,0xE7,
  0xE7,0xE7,0x66,0x3C,0xFF,0x07,0x0E,0x0E,0x1C,0x1C,0x18,0x38,0x30,0x70,0x7C,0xE6,0xE7,0xE6,0x7C,0xE6,0xC7,0xC7,0xE6,0x7C,
  0x3C,0xE6,0xC6,0xC7,0xC7,0xE7,0x7F,0x06,0x0E,0x78,0xFC,0x3F,0x6D,0x80,0xDF,0xD8,0x01,0x0F,0x7C,0xE0,0xE0,0x7C,0x0F,0x01,
  0xFF,0xFF,0xC0,0x00,0x0F,0xFF,0xFC,0x80,0xF0,0x3C,0x07,0x07,0x3C,0xF0,0x80,0x7A,0x70,0xC7,0x38,0xC7,0x00,0x71,0xC0,0x0F,
  0x83,0x0C,0x60,0x24,0xFB,0x99,0x99,0x99,0x99,0x99,0x9A,0xCF,0xC6,0x00,0x30,0xC0,0xF8,0x0E,0x03,0xE0,0x7C,0x0D,0x83,0xB8,
  0x63,0x1F,0xE3,0x06,0x60,0xDC,0x1C,0xFE,0x73,0xB8,0xDC,0xEF,0xE7,0x1B,0x8F,0xC7,0xE3,0x7F,0x00,0x1F,0x71,0xE0,0xE0,0xC0,
  0xC0,0xE0,0xE0,0x70,0x1F,0xFE,0x38,0xCE,0x1B,0x87,0xE1,0xF8,0x7E,0x1F,0x86,0xE3,0x3F,0x80,0xFE,0xE0,0xE0,0xE0,0xFE,0xE0,
  0xE0,0xE0,0xE0,0xFF,0xFF,0xC3,0x87,0x0F,0xFC,0x38,0x70,0xE1,0xC0,0x1F,0xB8,0x78,0x1C,0x0C,0x7E,0x0F,0x87,0xC3,0x71,0x8F,
  0xC0,0xE1,0xF0,0xF8,0x7C,0x3F,0xFF,0x0F,0x87,0xC3,0xE1,0xF0,0xC0,0xFF,0xFF,0xFF,0xFC,0x39,0xCE,0x73,0x9C,0xE7,0x39,0xCE,
  0x7E,0x00,0xE3,0xB9,0xCE,0xE3,0xF0,0xF8,0x3F,0x0F,0xE3,0xBC,0xE7,0xB8,0xF0,0xE0,0xE0,0xE0,0xE0,0xE0,0xE0,0xE0,0xE0,0xE0,
  0xFF,0xF0,0xFF,0x0F,0xF9,0xFF,0x9F,0xEF,0x7E,0xF7,0xEE,0x7E,0x67,0xE0,0x7E,0x07,0xE1,0xF8,0xFE,0x7F,0x3E,0xDF,0x6F,0x9F,
  0xCF,0xE3,0xF1,0xC0,0x3F,0x1C,0xEE,0x1F,0x87,0xC1,0xF0,0x7E,0x1F,0x87,0x73,0x8F,0xC0,0xFE,0x73,0xB8,0xFC,0x7E,0x3F,0x3B,
  0xF9,0xC0,0xE0,0x70,0x00,0x3E,0x1C,0xEE,0x1F,0x87,0xC1,0xF0,0x7E,0x1F,0x87,0x73,0x8F,0xC0,0x30,0x0E,0xFE,0x73,0xB8,0xDC,
  0x6E,0x77,0xF3,0x9D,0xC6,0xE3,0xF1,0xC0,0x3E,0xE2,0xC0,0xE0,0xFE,0x7F,0x0F,0x07,0x87,0xFE,0xFF,0x8E,0x07,0x03,0x81,0xC0,
  0xE0,0x70,0x38,0x1C,0x0E,0x00,0xE3,0xF1,0xF8,0xFC,0x7E,0x3F,0x1F,0x8F,0xC7,0x73,0x9F,0x00,0xE0,0xEC,0x19,0xC7,0x38,0xC3,
  0x38,0x77,0x06,0xC0,0xF8,0x1F,0x01,0xC0,0xC7,0x1F,0x1C,0x7E,0x79,0xB9,0x66,0x6D,0xB9,0xB6,0xE7,0xCF,0x1E,0x3C,0x78,0xF0,
  0xE3,0xC0,0xE3,0xF1,0x9D,0xC7,0xC1,0xC1,0xE0,0xF8,0xEE,0xE3,0x61,0xC0,0xE1,0xDC,0xE3,0x38,0xFC,0x1E,0x03,0x80,0xC0,0x30,
  0x0C,0x03,0x00,0xFF,0x03,0x83,0xC3,0xC3,0xC1,0xE1,0xE1,0xE0,0xE0,0x7F,0xC0,0xFE,0xEE,0xEE,0xEE,0xEE,0xEF,0xC6,0x10,0xC6,
  0x10,0x86,0x10,0x86,0x30,0xF3,0x33,0x33,0x33,0x33,0x3F,0x18,0x3C,0x66,0xC3,0xFE,0xCC,0x80,0xFC,0x1C,0x1B,0xFC,0x78,0xF3,
  0xBB,0xE0,0xE0,0xE0,0xFE,0xE7,0xE3,0xE3,0xE3,0xE3,0xE7,0xFE,0x3F,0x8C,0x30,0xC3,0x0E,0x0F,0x07,0x07,0x07,0x7F,0xE7,0xC7,
  0xC7,0xC7,0xC7,0xE7,0x7F,0x3C,0xE6,0xC7,0xFF,0xC0,0xC0,0xE2,0x3C,0x3C,0xC7,0x3F,0x71,0xC7,0x1C,0x71,0xC7,0x00,0x7F,0xE7,
  0xC7,0xC7,0xC7,0xC7,0xE7,0x7F,0x07,0x06,0x7C,0xE0,0xE0,0xE0,0xFE,0xE7,0xE7,0xE7,0xE7,0xE7,0xE7,0xE7,0xFC,0x7F,0xFF,0xFF,
  0x80,0x77,0x07,0x77,0x77,0x77,0x77,0x6E,0xE0,0xE0,0xE0,0xE7,0xEE,0xFC,0xF8,0xF8,0xFC,0xEE,0xE7,0xFF,0xFF,0xFF,0xFF,0x80,
  0xFE,0xEE,0x73,0xE7,0x3E,0x73,0xE7,0x3E,0x73,0xE7,0x3E,0x73,0xFE,0xE7,0xE7,0xE7,0xE7,0xE7,0xE7,0xE7,0x3C,0xE6,0xC7,0xC7,
  0xC7,0xC7,0xE6,0x3C,0xFE,0xE7,0xE3,0xE3,0xE3,0xE3,0xE7,0xFE,0xE0,0xE0,0xE0,0x7F,0xE7,0xC7,0xC7,0xC7,0xC7,0xE7,0x7F,0x07,
  0x07,0x07,0xFF,0x8E,0x38,0xE3,0x8E,0x38,0x79,0x8B,0x07,0xE7,0xC1,0xE3,0x3C,0x71,0xCF,0xDC,0x71,0xC7,0x1C,0x30,0xF0,0xE7,
  0xE7,0xE7,0xE7,0xE7,0xE7,0xE7,0x7F,0xE3,0xB1,0x9C,0xC6,0xE3,0x61,0xF0,0x70,0x38,0xCE,0x79,0xCF,0x3B,0xF7,0x77,0xBC,0xF7,
  0x9E,0xF3,0x8E,0xC7,0xDD,0xF1,0xC3,0x8F,0xBB,0xE3,0xE3,0xB1,0x9C,0xC6,0xE3,0x61,0xF0,0x78,0x38,0x1C,0x0C,0x1E,0x00,0xFC,
  0x73,0xCE,0x73,0xCE,0x3F,0x1C,0xE3,0x0C,0x31,0xCE,0x1C,0x30,0xC3,0x0E,0x1C,0xFF,0xFC,0xE1,0xC3,0x0C,0x30,0xE1,0xCE,0x30,
  0xC3,0x1C,0xE0,0x78,0xFF,0xC1,0xC0,0x33,0xEB,0x4C,0x30,0xC3,0x0C,0x30,0xC0,0x30,0xC3,0x0C,0x30,0xC3,0x2D,0xF8,0xC0,0x76,
  0xE3,0xB7,0x00,0xFF,0x80,0xE6,0x7E,0x67,0xE6,0x70,0x2C,0x58,0x07,0xE0,0xE0,0xDF,0xE3,0xC7,0x9D,0xD8,0x2C,0x2C,0x00,0x3C,
  0xE6,0xC7,0xC7,0xC7,0xC7,0xE6,0x3C,0x18,0x58,0xB0,0xCF,0xC1,0xC1,0xBF,0xC7,0x8F,0x3B,0xB0,0x1B,0x03,0x60,0x00,0x00,0x00,
  0xE0,0x3E,0x07,0xC0,0xD8,0x3B,0x86,0x31,0xFE,0x30,0x66,0x0D,0xC1,0xC0,0x16,0x05,0x80,0x00,0x00,0x3F,0x1C,0xEE,0x1F,0x87,
  0xC1,0xF0,0x7E,0x1F,0x87,0x73,0x8F,0xC0,0x0E,0x01,0x40,0x28,0x07,0x01,0xF0,0x3E,0x06,0xC1,0xDC,0x31,0x8F,0xF1,0x83,0x30,
  0x6E,0x0E,0x48,0xF0,0xC3,0xCC,0x58,0x3F,0x3E,0x0F,0x19,0xE0,0x24,0x38,0x00,0x00,0x3E,0xE2,0xC0,0xE0,0xFE,0x7F,0x0F,0x07,
  0x87,0xFE,0x49,0xE3,0x3F,0x1C,0xF3,0x9C,0xF3,0x8F,0xC0,0x24,0x1C,0x00,0x00,0x0F,0xF0,0x38,0x3C,0x3C,0x3C,0x1E,0x1E,0x1E,
  0x0E,0x07,0xFC,
};
const GFXglyph F_B14_gly[] PROGMEM = {
  {0,0,0,5,0,0},
  {0,2,10,6,2,-10},
  {3,5,4,7,1,-10},
  {6,10,10,12,1,-10},
  {19,8,13,10,1,-11},
  {32,13,10,14,1,-10},
  {49,10,10,12,1,-10},
  {62,2,4,4,1,-10},
  {63,4,12,6,1,-11},
  {69,4,12,6,1,-11},
  {75,6,7,7,1,-10},
  {81,9,8,12,1,-8},
  {90,3,5,5,1,-3},
  {92,4,2,6,1,-5},
  {93,3,3,5,1,-3},
  {95,5,12,5,0,-10},
  {103,8,10,10,1,-10},
  {113,7,10,10,2,-10},
  {122,8,10,10,1,-10},
  {132,8,10,10,1,-10},
  {142,8,10,10,1,-10},
  {152,8,10,10,1,-10},
  {162,8,10,10,1,-10},
  {172,8,10,10,1,-10},
  {182,8,10,10,1,-10},
  {192,8,10,10,1,-10},
  {202,2,8,6,2,-8},
  {204,3,10,6,1,-8},
  {208,8,8,12,2,-8},
  {216,9,6,12,1,-8},
  {223,8,8,12,2,-8},
  {231,6,10,8,1,-10},
  {239,12,12,14,1,-10},
  {257,11,10,11,0,-10},
  {271,9,10,11,1,-10},
  {283,8,10,10,1,-10},
  {293,10,10,12,1,-10},
  {306,8,10,10,1,-10},
  {316,7,10,10,1,-10},
  {325,9,10,11,1,-10},
  {337,9,10,12,1,-10},
  {349,3,10,5,1,-10},
  {353,5,13,5,-1,-10},
  {362,10,10,11,1,-10},
  {375,8,10,9,1,-10},
  {385,12,10,14,1,-10},
  {400,9,10,12,1,-10},
  {412,10,10,12,1,-10},
  {425,9,10,10,1,-10},
  {437,10,12,12,1,-10},
  {452,9,10,11,1,-10},
  {464,8,10,10,1,-10},
  {474,9,10,10,0,-10},
  {486,9,10,11,1,-10},
  {498,11,10,11,0,-10},
  {512,14,10,15,1,-10},
  {530,9,10,11,1,-10},
  {542,10,10,10,0,-10},
  {555,9,10,10,1,-10},
  {567,4,12,6,1,-11},
  {573,5,12,5,0,-10},
  {581,4,12,6,1,-11},
  {587,8,4,12,2,-10},
  {591,7,1,7,0,2},
  {592,3,3,7,1,-11},
  {594,7,8,9,1,-8},
  {601,8,11,10,1,-11},
  {612,6,8,8,1,-8},
  {618,8,11,10,1,-11},
  {629,8,8,10,1,-8},
  {637,6,11,6,0,-11},
  {646,8,11,10,1,-8},
  {657,8,11,10,1,-11},
  {668,3,11,5,1,-11},
  {673,4,14,5,0,-11},
  {680,8,11,9,1,-11},
  {691,3,11,5,1,-11},
  {696,12,8,15,1,-8},
  {708,8,8,10,1,-8},
  {716,8,8,10,1,-8},
  {724,8,11,10,1,-8},
  {735,8,11,10,1,-8},
  {746,6,8,7,1,-8},
  {752,7,8,8,1,-8},
  {759,6,10,7,0,-10},
  {767,8,8,10,1,-8},
  {775,9,8,9,0,-8},
  {784,11,8,13,1,-8},
  {795,7,8,9,1,-8},
  {802,9,11,9,0,-8},
  {815,6,8,8,1,-8},
  {821,6,13,10,2,-11},
  {831,1,14,5,2,-11},
  {833,6,13,10,2,-11},
  {843,9,3,12,1,-6},
  {847,0,0,0,0,0},
  {847,6,10,12,3,-10},
  {855,6,10,12,3,-10},
  {863,5,5,7,1,-10},
  {867,3,3,5,1,-6},
  {869,12,3,14,1,-3},
  {874,7,11,9,1,-11},
  {884,8,11,10,1,-11},
  {895,7,12,9,1,-12},
  {906,11,14,11,0,-14},
  {926,10,14,12,1,-14},
  {944,11,13,11,0,-13},
  {962,7,11,8,1,-11},
  {972,8,14,10,1,-14},
  {986,6,11,8,1,-11},
  {995,9,14,10,1,-14},
};
const GFXfont F_B14 PROGMEM = {(uint8_t*)F_B14_bmp, (GFXglyph*)F_B14_gly, 0x20, 0x8E, 17};
#define F_B14_ASC 13

const uint8_t F_B15_bmp[] PROGMEM = {
  0xFF,0xFF,0xF0,0xFF,0x80,0xCE,0x73,0x90,0x0C,0x81,0x30,0x26,0x0C,0xC7,0xFE,0x26,0x04,0xC7,0xFE,0x32,0x04,0xC1,0x98,0x00,
  0x08,0x08,0x3E,0x69,0xE8,0xF8,0xFE,0x7F,0x1F,0x0B,0x8B,0x7E,0x08,0x08,0x70,0x46,0xC6,0x26,0x21,0x33,0x0D,0xB0,0x39,0x38,
  0x1B,0x61,0x99,0x08,0xC8,0xC6,0xC4,0x1C,0x1E,0x06,0x20,0xC0,0x1C,0x07,0xC7,0xFD,0xFB,0xBE,0x3E,0xE3,0xCC,0x78,0xFF,0x80,
  0xFF,0x33,0x76,0x6E,0xEE,0x66,0x73,0x30,0xE3,0x1C,0x63,0x18,0xE6,0x31,0x9C,0xCE,0x00,0x32,0xDF,0xDE,0xFE,0xD3,0x00,0x18,
  0x0C,0x06,0x03,0x0F,0xFF,0xFC,0x60,0x30,0x18,0x0C,0x00,0x6F,0xEC,0xFF,0xFC,0x08,0xC6,0x23,0x18,0x8C,0x62,0x31,0x80,0x3C,
  0x33,0xB8,0xDC,0x6E,0x3F,0x1F,0x8F,0xC6,0xE3,0x33,0x8F,0x00,0x79,0x70,0xE1,0xC3,0x87,0x0E,0x1C,0x38,0x73,0xF8,0x7C,0x86,
  0x07,0x07,0x07,0x0E,0x1C,0x38,0x78,0x70,0xFF,0x3C,0x07,0x07,0x07,0x06,0x3E,0x07,0x07,0x07,0x87,0x7C,0x0E,0x0F,0x0F,0x8E,
  0xC6,0x66,0x33,0x19,0xFF,0x06,0x03,0x01,0x80,0x7F,0x60,0x60,0x60,0x7C,0x47,0x07,0x03,0x07,0x87,0x7C,0x1E,0x38,0x98,0x1C,
  0x0F,0xE7,0x3B,0x8F,0xC7,0xE3,0x33,0x8F,0x80,0xFF,0x07,0x07,0x0E,0x0E,0x1C,0x1C,0x1C,0x38,0x38,0x70,0x3E,0x67,0xE3,0xE3,
  0x67,0x3E,0xE7,0xE3,0xE3,0xE7,0x3E,0x3C,0xE6,0xE7,0xE7,0xE7,0xE7,0x3F,0x03,0x07,0x0E,0x7C,0xFC,0x3F,0x6D,0x80,0xDB,0xD8,
  0x00,0x83,0xCF,0x9F,0x0E,0x07,0xC0,0xF8,0x0F,0x00,0x80,0xFF,0xFF,0xC0,0x00,0x0F,0xFF,0xFC,0x80,0x78,0x1F,0x01,0xF0,0x38,
  0x7D,0xF1,0xE0,0x80,0x00,0x79,0x18,0x38,0xE3,0xC7,0x0C,0x00,0x30,0x60,0xC0,0x0F,0x81,0xC3,0x18,0x0C,0x8F,0xAC,0xDD,0xC4,
  0x66,0x63,0x71,0x1B,0xCD,0xD2,0x3F,0x18,0x00,0x60,0x80,0xF8,0x00,0x0F,0x01,0xE0,0x7C,0x0F,0xC3,0xB8,0x73,0x8C,0x73,0xFE,
  0x60,0xEC,0x1F,0x81,0x80,0xFE,0x71,0xF8,0xFC,0x7E,0x3F,0xFB,0x8F,0xC3,0xE3,0xF1,0xFF,0xC0,0x1F,0xB8,0x58,0x1C,0x0E,0x07,
  0x03,0x81,0xC0,0x60,0x38,0x47,0xE0,0xFE,0x1C,0x73,0x87,0x70,0xEE,0x0F,0xC1,0xF8,0x3F,0x0E,0xE1,0xDC,0x73,0xF8,0x00,0xFF,
  0xE0,0xE0,0xE0,0xE0,0xFF,0xE0,0xE0,0xE0,0xE0,0xFF,0xFF,0xE0,0xE0,0xE0,0xE0,0xFF,0xE0,0xE0,0xE0,0xE0,0xE0,0x1F,0xDC,0x16,
  0x03,0x80,0xE0,0x38,0xFE,0x0F,0x83,0x60,0xDC,0x71,0xFC,0xE1,0xF8,0x7E,0x1F,0x87,0xE1,0xFF,0xFE,0x1F,0x87,0xE1,0xF8,0x7E,
  0x1C,0xFF,0xFF,0xFF,0xFF,0x80,0x39,0xCE,0x73,0x9C,0xE7,0x39,0xCE,0x73,0xF8,0xE1,0xDC,0x73,0x9C,0x7F,0x0F,0xC1,0xF8,0x3F,
  0x87,0x78,0xE7,0x9C,0x7B,0x87,0x80,0xE0,0xE0,0xE0,0xE0,0xE0,0xE0,0xE0,0xE0,0xE0,0xE0,0xFF,0xF0,0x7F,0xC7,0xFE,0x3F,0xF3,
  0xFE,0xDB,0xF7,0xDF,0x9C,0xFC,0xE7,0xE7,0x3F,0x01,0xF8,0x0E,0xF1,0xFC,0x7F,0x9F,0xE7,0xED,0xFB,0x7E,0x7F,0x9F,0xE3,0xF8,
  0xFE,0x1C,0x1F,0x0E,0x33,0x87,0x70,0x7E,0x0F,0xC1,0xF8,0x3F,0x07,0xE1,0xCE,0x30,0x7C,0x00,0xFE,0x71,0xF8,0xFC,0x7E,0x3F,
  0x1F,0xF9,0xC0,0xE0,0x70,0x38,0x00,0x1F,0x0E,0x33,0x87,0x70,0x7E,0x0F,0xC1,0xF8,0x3F,0x07,0xE1,0xCE,0x38,0x7C,0x01,0xC0,
  0x1C,0xFE,0x39,0xCE,0x3B,0x8E,0xE3,0xB9,0xCF,0xE3,0x9C,0xE3,0xB8,0xEE,0x1C,0x3F,0x30,0xB8,0x1C,0x0F,0xC3,0xF8,0xFE,0x0F,
  0x03,0xE1,0xBF,0x80,0xFF,0xC3,0x80,0xE0,0x38,0x0E,0x03,0x80,0xE0,0x38,0x0E,0x03,0x80,0xE0,0xE1,0xF8,0x7E,0x1F,0x87,0xE1,
  0xF8,0x7E,0x1F,0x87,0x61,0xDC,0xE3,0xF0,0xE0,0x6C,0x1D,0xC3,0xB8,0xE3,0x9C,0x73,0x8E,0xE0,0xFC,0x1F,0x01,0xE0,0x3C,0x00,
  0xC3,0x8F,0xC7,0x1F,0x9E,0x37,0x3C,0x66,0x6D,0xCC,0xDB,0x9F,0x37,0x3E,0x7C,0x7C,0x78,0x78,0xF0,0xE1,0xE0,0xE1,0xF8,0xE7,
  0x70,0xFC,0x3E,0x07,0x83,0xE0,0xFC,0x73,0xB8,0xEE,0x1C,0xE0,0xEE,0x39,0xEE,0x1D,0xC1,0xF0,0x3C,0x03,0x80,0x70,0x0E,0x01,
  0xC0,0x38,0x00,0xFF,0x83,0xC3,0xE1,0xE1,0xE1,0xE0,0xF0,0xF0,0xF0,0x78,0x3F,0xE0,0xFF,0x39,0xCE,0x73,0x9C,0xE7,0x39,0xCF,
  0x80,0xC6,0x10,0xC6,0x10,0xC6,0x10,0xC6,0x10,0xF9,0xCE,0x73,0x9C,0xE7,0x39,0xCE,0x7F,0x80,0x1C,0x1F,0x19,0xD8,0x30,0xFF,
  0xCC,0x80,0xFC,0x06,0x07,0x7F,0xE7,0xC7,0xE7,0x7F,0xE0,0x70,0x38,0x1D,0xCF,0x37,0x1F,0x8F,0xC7,0xE3,0xF9,0xBB,0x80,0x3C,
  0xC7,0x86,0x0C,0x1C,0x38,0x9E,0x03,0x03,0x03,0x7B,0xE7,0xE3,0xC3,0xC3,0xE3,0xE7,0x7B,0x3C,0xE7,0xC3,0xFF,0xC0,0xE0,0xE1,
  0x3E,0x1E,0x60,0xC7,0xE3,0x06,0x0C,0x18,0x30,0x60,0xC0,0x7B,0xE7,0xE3,0xC3,0xC3,0xE3,0xE7,0x7B,0x03,0x47,0x3C,0xE0,0x70,
  0x38,0x1D,0xCF,0x77,0x1B,0x8F,0xC7,0xE3,0xF1,0xF8,0xE0,0xFC,0x7F,0xFF,0xFF,0x80,0x39,0xC0,0x73,0x9C,0xE7,0x39,0xCE,0x73,
  0xF8,0xE0,0x70,0x38,0x1C,0xEE,0xE7,0xE3,0xE1,0xF8,0xEE,0x73,0xB8,0xE0,0xFF,0xFF,0xFF,0xFF,0x80,0xEE,0x77,0xBC,0xF9,0xC7,
  0xC6,0x3E,0x31,0xF1,0x8F,0x8C,0x7C,0x63,0xEE,0x7B,0xB8,0xDC,0x7E,0x3F,0x1F,0x8F,0xC7,0x3E,0x73,0xB8,0xD8,0x7C,0x3F,0x1B,
  0x9C,0x7C,0xEE,0x79,0xB8,0xFC,0x7E,0x3F,0x1F,0xCD,0xDC,0xE0,0x70,0x38,0x00,0x7B,0xE7,0xE3,0xC3,0xC3,0xE3,0xE7,0x7B,0x03,
  0x03,0x03,0xEF,0x8E,0x38,0xE3,0x8E,0x38,0x7D,0x87,0x07,0xE7,0xE1,0xE3,0xBE,0x70,0xE1,0xC7,0xF7,0x0E,0x1C,0x38,0x30,0x60,
  0xF8,0xE3,0xE3,0xE3,0xE3,0xE3,0xE3,0xE7,0x7B,0xE1,0xB1,0xDC,0xE6,0x63,0xF1,0xF0,0x78,0x3C,0xC6,0x3C,0xE7,0xEF,0x7E,0xF6,
  0x6B,0xE7,0x9E,0x79,0xE3,0x9C,0xE7,0x6E,0x7C,0x3C,0x3C,0x7E,0xE6,0xC7,0xE1,0xB1,0xDC,0xE6,0x63,0xF0,0xF0,0x78,0x3C,0x0C,
  0x0E,0x1E,0x00,0xFE,0x1C,0x79,0xE7,0x9E,0x38,0x7F,0x1E,0x70,0xE1,0xC3,0x86,0x3C,0x18,0x38,0x70,0xE1,0xC3,0x83,0xC0,0xFF,
  0xFF,0xFF,0xFC,0xF0,0x60,0xE1,0xC3,0x87,0x07,0x9C,0x38,0x70,0xE1,0xC3,0x1E,0x00,0x70,0xFF,0xE3,0xC0,0x31,0xEF,0xFD,0x30,
  0xC3,0x0C,0x30,0xC3,0x00,0x30,0xC3,0x0C,0x30,0xC3,0x3D,0xFD,0xE3,0x00,0x72,0x72,0x97,0x00,0xFC,0xE7,0x3F,0x39,0xF9,0xCE,
  0x34,0x34,0x00,0x00,0xFC,0x06,0x07,0x7F,0xE7,0xC7,0xE7,0x7F,0x34,0x1A,0x00,0x00,0x03,0xE7,0x3B,0x8D,0x87,0xC3,0xF1,0xB9,
  0xC7,0xC0,0x18,0x24,0x24,0x18,0x00,0xFC,0x06,0x07,0x7F,0xE7,0xC7,0xE7,0x7F,0x1B,0x03,0x60,0x00,0x07,0x80,0xF0,0x3E,0x07,
  0xE1,0xDC,0x39,0xC6,0x39,0xFF,0x30,0x76,0x0F,0xC0,0xC0,0x1B,0x03,0x60,0x00,0x0F,0x87,0x19,0xC3,0xB8,0x3F,0x07,0xE0,0xFC,
  0x1F,0x83,0xF0,0xE7,0x18,0x3E,0x00,0x06,0x01,0x20,0x24,0x07,0x80,0xF0,0x3E,0x06,0xE1,0xDC,0x39,0xC6,0x39,0xFF,0x30,0x76,
  0x0F,0xC0,0xC0,0x4C,0x70,0xE0,0x07,0xD8,0x70,0x7E,0x7E,0x1E,0x3B,0xE0,0x26,0x0E,0x00,0x07,0xE6,0x17,0x03,0x81,0xF8,0x7F,
  0x1F,0xC1,0xE0,0x7C,0x37,0xF0,0x4C,0x70,0xE0,0x0F,0xE1,0xC7,0x9E,0x79,0xE3,0x87,0xF0,0x26,0x0E,0x00,0x1F,0xF0,0x78,0x7C,
  0x3C,0x3C,0x3C,0x1E,0x1E,0x1E,0x0F,0x07,0xFC,
};
const GFXglyph F_B15_gly[] PROGMEM = {
  {0,0,0,5,0,0},
  {0,3,11,7,2,-11},
  {5,5,4,8,1,-11},
  {8,11,11,13,1,-11},
  {24,8,14,10,1,-12},
  {38,13,11,15,1,-11},
  {56,11,11,13,1,-11},
  {72,2,4,5,1,-11},
  {73,4,13,7,1,-11},
  {80,5,13,7,1,-11},
  {89,6,7,8,1,-11},
  {95,9,10,13,2,-10},
  {107,3,5,6,1,-3},
  {109,4,2,6,1,-6},
  {110,2,3,6,2,-3},
  {111,5,12,5,0,-11},
  {119,9,11,10,1,-11},
  {132,7,11,10,2,-11},
  {142,8,11,10,1,-11},
  {153,8,11,10,1,-11},
  {164,9,11,10,1,-11},
  {177,8,11,10,1,-11},
  {188,9,11,10,1,-11},
  {201,8,11,10,1,-11},
  {212,8,11,10,1,-11},
  {223,8,11,10,1,-11},
  {234,2,8,6,2,-8},
  {236,3,10,6,1,-8},
  {240,9,9,13,2,-9},
  {251,9,6,13,2,-8},
  {258,9,9,13,2,-9},
  {269,7,11,9,1,-11},
  {279,13,13,15,1,-11},
  {301,11,11,12,0,-11},
  {317,9,11,11,1,-11},
  {330,9,11,11,1,-11},
  {343,11,11,12,1,-11},
  {359,8,11,10,1,-11},
  {370,8,11,10,1,-11},
  {381,10,11,12,1,-11},
  {395,10,11,13,1,-11},
  {409,3,11,6,1,-11},
  {414,5,14,6,-1,-11},
  {423,11,11,12,1,-11},
  {439,8,11,10,1,-11},
  {450,13,11,15,1,-11},
  {468,10,11,13,1,-11},
  {482,11,11,13,1,-11},
  {498,9,11,11,1,-11},
  {511,11,13,13,1,-11},
  {529,10,11,12,1,-11},
  {543,9,11,11,1,-11},
  {556,10,11,10,0,-11},
  {570,10,11,12,1,-11},
  {584,11,11,12,0,-11},
  {600,15,11,17,1,-11},
  {621,10,11,12,1,-11},
  {635,11,11,11,0,-11},
  {651,9,11,11,1,-11},
  {664,5,13,7,1,-11},
  {673,5,12,5,0,-11},
  {681,5,13,7,1,-11},
  {690,9,4,13,2,-11},
  {695,8,1,8,0,3},
  {696,3,3,8,1,-12},
  {698,8,8,10,1,-8},
  {706,9,11,11,1,-11},
  {719,7,8,9,1,-8},
  {726,8,11,11,1,-11},
  {737,8,8,10,1,-8},
  {745,7,11,7,0,-11},
  {755,8,11,11,1,-8},
  {766,9,11,11,1,-11},
  {779,3,11,5,1,-11},
  {784,5,14,5,-1,-11},
  {793,9,11,10,1,-11},
  {806,3,11,5,1,-11},
  {811,13,8,16,1,-8},
  {824,9,8,11,1,-8},
  {833,9,8,10,1,-8},
  {842,9,11,11,1,-8},
  {855,8,11,11,1,-8},
  {866,6,8,7,1,-8},
  {872,7,8,9,1,-8},
  {879,7,11,7,0,-11},
  {889,8,8,11,1,-8},
  {897,9,8,10,0,-8},
  {906,12,8,14,1,-8},
  {918,8,8,10,1,-8},
  {926,9,11,10,0,-8},
  {939,7,8,9,1,-8},
  {946,7,14,11,2,-11},
  {959,2,15,5,2,-11},
  {963,7,14,11,2,-11},
  {976,9,3,13,2,-6},
  {980,0,0,0,0,0},
  {980,6,11,13,3,-11},
  {989,6,11,13,3,-11},
  {998,5,5,8,1,-11},
  {1002,2,3,6,2,-7},
  {1003,13,3,15,1,-3},
  {1008,8,12,10,1,-12},
  {1020,9,12,10,1,-12},
  {1034,8,13,10,1,-13},
  {1047,11,14,12,0,-14},
  {1067,11,14,13,1,-14},
  {1087,11,14,12,0,-14},
  {1107,7,12,9,1,-12},
  {1118,9,14,11,1,-14},
  {1134,7,12,9,1,-12},
  {1145,9,14,11,1,-14},
};
const GFXfont F_B15 PROGMEM = {(uint8_t*)F_B15_bmp, (GFXglyph*)F_B15_gly, 0x20, 0x8E, 18};
#define F_B15_ASC 14

const uint8_t F_B16_bmp[] PROGMEM = {
  0xFF,0xFF,0xFB,0x1F,0xF0,0x9C,0xE7,0x30,0x0C,0xC1,0x98,0x22,0x3F,0xF7,0xFE,0x33,0x06,0x47,0xFE,0xFF,0xC6,0x60,0xC8,0x13,
  0x00,0x08,0x04,0x0F,0x8F,0xEE,0x97,0x41,0xF8,0x7E,0x0B,0xC5,0xFF,0xE7,0xC0,0x80,0x40,0x70,0x63,0x61,0x8C,0xCC,0x33,0x20,
  0xD9,0x81,0xCC,0x00,0x33,0x81,0x9B,0x04,0xC4,0x33,0x11,0x86,0xC6,0x0E,0x1E,0x03,0xF0,0x38,0x03,0x80,0x38,0x07,0xC7,0xEE,
  0x6E,0x7E,0xE3,0xEF,0x3C,0x7F,0xE3,0xE7,0xF0,0x39,0x9C,0xE6,0x33,0x9C,0x63,0x1C,0xE3,0x1C,0xCC,0xE6,0x77,0x77,0x77,0x6E,
  0xCC,0x11,0x27,0xF3,0xCF,0xD2,0x44,0x00,0x0C,0x03,0x00,0xC0,0x30,0xFF,0xFF,0xF0,0xC0,0x30,0x0C,0x03,0x00,0x6D,0xFC,0xFF,
  0xC0,0xFC,0x0C,0x21,0x86,0x10,0xC3,0x08,0x61,0x86,0x30,0xC0,0x3E,0x3F,0xBC,0xFC,0x7E,0x3F,0x1F,0x8F,0xC7,0xE3,0xF9,0xDF,
  0xC7,0xC0,0x78,0xF8,0xB8,0x18,0x18,0x18,0x18,0x18,0x18,0x18,0xFF,0xFF,0x3E,0x7F,0xA1,0xE0,0x70,0x78,0x38,0x38,0x38,0x38,
  0x38,0x3F,0xFF,0xF0,0x3E,0x3F,0x91,0xE0,0xE3,0xE1,0xF8,0x1E,0x07,0x03,0xC3,0xFF,0xCF,0xC0,0x0F,0x0F,0x87,0xC6,0xE3,0x73,
  0x3B,0x9D,0x8E,0xFF,0xFF,0xC1,0xC0,0xE0,0x7F,0x3F,0x98,0x0C,0x07,0xE3,0xF9,0x1E,0x07,0x03,0xC3,0xFF,0xC7,0xC0,0x1F,0x1F,
  0xDC,0x1C,0x0F,0xE7,0xFF,0xCF,0xC7,0xE3,0xB9,0xDF,0xC3,0xC0,0xFF,0xFF,0xC1,0xE0,0xE0,0x70,0x70,0x38,0x38,0x1C,0x1C,0x0E,
  0x07,0x00,0x3E,0x3F,0xF8,0xFC,0x77,0xF3,0xFB,0x8F,0xC7,0xE3,0xF1,0xDF,0xC7,0xC0,0x3E,0x3F,0xB9,0xDC,0x7E,0x3F,0x3D,0xFE,
  0x7F,0x03,0xA3,0x9F,0x87,0x80,0xFF,0x80,0x3F,0xE0,0x77,0x70,0x00,0x77,0x6E,0xC0,0x00,0xC0,0xF1,0xF3,0xE0,0xE0,0x3E,0x01,
  0xF0,0x0F,0x00,0xC0,0xFF,0xFF,0xF0,0x00,0x00,0xFF,0xFF,0xF0,0x80,0x3C,0x07,0xE0,0x3E,0x03,0xC3,0xE7,0xE3,0xC0,0x80,0x00,
  0x7D,0xFE,0x38,0x70,0xE3,0x8E,0x1C,0x00,0x70,0xE1,0xC0,0x07,0xC0,0x61,0x82,0x01,0x19,0xF2,0x4C,0xCF,0x33,0x3C,0xC4,0xF3,
  0x33,0xCC,0xC9,0x33,0x66,0x7F,0x08,0x00,0x18,0x20,0x3F,0x00,0x0F,0x00,0xF8,0x0F,0x81,0xF8,0x1D,0xC3,0x9C,0x39,0xC3,0x8E,
  0x7F,0xE7,0xFE,0x70,0x7E,0x07,0xFF,0x3F,0xEE,0x3B,0x87,0xE3,0xBF,0xEF,0xFB,0x87,0xE1,0xF8,0x7F,0xFF,0xFC,0x1F,0x8F,0xF7,
  0x87,0xC0,0xE0,0x38,0x0E,0x03,0x80,0xF0,0x1E,0x13,0xFC,0x7E,0xFF,0x1F,0xFB,0x87,0x70,0x7E,0x0F,0xC1,0xF8,0x3F,0x07,0xE0,
  0xFC,0x3B,0xFF,0x7F,0x80,0xFF,0xFF,0xF8,0x1C,0x0E,0x07,0xFB,0xFD,0xC0,0xE0,0x70,0x3F,0xFF,0xF0,0xFF,0xFF,0xF8,0x1C,0x0E,
  0x07,0xFB,0xFD,0xC0,0xE0,0x70,0x38,0x1C,0x00,0x1F,0xC7,0xFD,0xE1,0x78,0x0E,0x01,0xC0,0x38,0xFF,0x1F,0xF0,0xEF,0x1C,0xFF,
  0x8F,0xC0,0xE0,0xFC,0x1F,0x83,0xF0,0x7E,0x0F,0xFF,0xFF,0xFF,0x07,0xE0,0xFC,0x1F,0x83,0xF0,0x70,0xFF,0xFF,0xFF,0xFF,0xF0,
  0x39,0xCE,0x73,0x9C,0xE7,0x39,0xCE,0x73,0xFF,0x80,0xE1,0xFC,0x7B,0x9E,0x77,0x8F,0xE1,0xF8,0x3F,0x07,0xF0,0xE7,0x1C,0x73,
  0x87,0x70,0x70,0xE0,0x70,0x38,0x1C,0x0E,0x07,0x03,0x81,0xC0,0xE0,0x70,0x3F,0xFF,0xF0,0xF0,0x7F,0xC3,0xFE,0x1F,0xF9,0xFF,
  0xCF,0xF7,0xEF,0x9E,0x7C,0xF3,0xE7,0x9F,0x18,0xF8,0x07,0xC0,0x30,0xF0,0xFF,0x1F,0xE3,0xFE,0x7F,0xCF,0xDD,0xF9,0xBF,0x3F,
  0xE3,0xFC,0x7F,0x87,0xF0,0xF0,0x1F,0x03,0xFC,0x71,0xEE,0x0E,0xE0,0x7E,0x07,0xE0,0x7E,0x07,0xE0,0xE7,0x1E,0x3F,0xC1,0xF0,
  0xFF,0x3F,0xEE,0x3F,0x87,0xE1,0xF8,0xFF,0xFB,0xFC,0xE0,0x38,0x0E,0x03,0x80,0x1F,0x83,0xFC,0x71,0xEE,0x0E,0xE0,0x7E,0x07,
  0xE0,0x7E,0x07,0xE0,0xE7,0x1E,0x3F,0xC1,0xF8,0x01,0x80,0x0C,0xFF,0x1F,0xF3,0x8E,0x71,0xCE,0x39,0xFE,0x3F,0xC7,0x1C,0xE3,
  0x9C,0x3B,0x87,0x70,0x70,0x3F,0x3F,0xF8,0x7C,0x0F,0x03,0xF8,0xFE,0x0F,0x03,0xE1,0xFF,0xEF,0xC0,0xFF,0xFF,0xFC,0x38,0x07,
  0x00,0xE0,0x1C,0x03,0x80,0x70,0x0E,0x01,0xC0,0x38,0x07,0x00,0xE0,0xFC,0x1F,0x83,0xF0,0x7E,0x0F,0xC1,0xF8,0x3F,0x8F,0x71,
  0xCE,0x39,0xFF,0x0F,0x80,0xE0,0x77,0x07,0x70,0xE7,0x0E,0x38,0xE3,0x9C,0x39,0xC1,0xDC,0x1F,0x80,0xF8,0x0F,0x80,0xF0,0xC3,
  0x87,0xE3,0xC7,0xE3,0xC7,0xE3,0xCE,0x66,0xCE,0x76,0xEE,0x76,0x6E,0x76,0x6C,0x7E,0x7C,0x3C,0x7C,0x3C,0x3C,0x3C,0x3C,0xE1,
  0xFE,0x39,0xCE,0x1F,0xC3,0xF0,0x3C,0x07,0x81,0xF8,0x3B,0x8E,0x73,0x87,0x70,0x70,0xE0,0xEE,0x1D,0xE7,0x1D,0xE1,0xF8,0x3E,
  0x03,0xC0,0x70,0x0E,0x01,0xC0,0x38,0x07,0x00,0xFF,0xFF,0xF0,0x38,0x1C,0x0F,0x07,0x83,0xC0,0xE0,0x78,0x3C,0x0F,0xFF,0xFF,
  0xFF,0xF9,0xCE,0x73,0x9C,0xE7,0x39,0xCF,0xFC,0xC3,0x06,0x18,0x60,0x83,0x0C,0x10,0x61,0x82,0x0C,0xFF,0xCE,0x73,0x9C,0xE7,
  0x39,0xCE,0x7F,0xFC,0x1C,0x1F,0x1C,0xD8,0x30,0xFF,0xC6,0x30,0xFE,0x7F,0x80,0xCF,0xFF,0xFF,0x1F,0x9F,0xFF,0x7B,0x80,0xE0,
  0x38,0x0E,0x03,0xBC,0xFF,0xBC,0xEE,0x1F,0x87,0xE1,0xFC,0xEF,0xFB,0xBC,0x3E,0xFF,0xC7,0x0E,0x1C,0x3C,0x3F,0x3E,0x03,0x81,
  0xC0,0xE7,0xF7,0xFF,0x1F,0x8F,0xC7,0xE3,0xF1,0xDF,0xE7,0xF0,0x3E,0x3F,0xB8,0xFF,0xFF,0xFF,0x03,0x86,0xFF,0x3E,0x00,0x1E,
  0x7C,0xE7,0xFF,0xE7,0x0E,0x1C,0x38,0x70,0xE1,0xC0,0x3F,0xBF,0xF8,0xFC,0x7E,0x3F,0x1F,0x8E,0xFF,0x3F,0xA1,0xDF,0xC7,0xC0,
  0xE0,0x70,0x38,0x1D,0xEF,0xFF,0x9F,0x8F,0xC7,0xE3,0xF1,0xF8,0xFC,0x70,0xFC,0x7F,0xFF,0xFF,0xF0,0x39,0xC0,0x73,0x9C,0xE7,
  0x39,0xCE,0x73,0xFF,0xC0,0xE0,0x70,0x38,0x1C,0x7E,0x77,0x73,0xF1,0xF8,0xFE,0x77,0xB9,0xFC,0x70,0xFF,0xFF,0xFF,0xFF,0xF0,
  0xEF,0x7B,0xFF,0xFF,0x39,0xF8,0xE3,0xE3,0x8F,0x8E,0x3E,0x38,0xF8,0xE3,0xE3,0x8C,0xEF,0x7F,0xFC,0xFC,0x7E,0x3F,0x1F,0x8F,
  0xC7,0xE3,0x80,0x3E,0x3F,0xB8,0xFC,0x7E,0x3F,0x1F,0x8E,0xFE,0x3E,0x00,0xEF,0x3F,0xEF,0x3B,0x87,0xE1,0xF8,0x7F,0x3B,0xFE,
  0xEF,0x38,0x0E,0x03,0x80,0x3F,0xBF,0xF8,0xFC,0x7E,0x3F,0x1F,0x8E,0xFF,0x3F,0x81,0xC0,0xE0,0x70,0xEF,0xFF,0xC7,0x0E,0x1C,
  0x38,0x70,0xE0,0x7C,0xFE,0xE2,0xE0,0x7E,0x07,0x87,0xFE,0x7C,0x30,0x63,0xFF,0xF3,0x06,0x0C,0x18,0x38,0x7C,0x78,0xE3,0xF1,
  0xF8,0xFC,0x7E,0x3F,0x1F,0x9E,0xFF,0x3B,0x80,0xE1,0xDC,0x77,0x18,0xCE,0x3B,0x0F,0xC1,0xF0,0x78,0x1E,0x00,0xC7,0x3F,0x39,
  0xF9,0xCF,0xDE,0x66,0xDF,0x3E,0xF9,0xF7,0xCF,0x1C,0x38,0xE0,0xE3,0xF3,0x9F,0x87,0x83,0xC1,0xF1,0xF9,0xCE,0xE3,0x80,0xE1,
  0xDC,0x77,0x18,0xCE,0x3B,0x07,0xC1,0xF0,0x78,0x0E,0x03,0x03,0xC0,0xE0,0xFF,0xFF,0x0E,0x1C,0x38,0x70,0xE0,0xFF,0xFF,0x0E,
  0x3C,0x61,0xC3,0x87,0x0E,0x78,0xF8,0x70,0xE1,0xC1,0x83,0xC3,0x80,0xFF,0xFF,0xFF,0xFF,0xF1,0xF0,0xE1,0xC3,0x87,0x0E,0x0F,
  0x1E,0x70,0xE1,0xC3,0x9F,0x3C,0x00,0x78,0x7F,0xF8,0x78,0x31,0xEF,0xED,0x30,0xC3,0x0C,0x30,0xC3,0x0C,0x30,0xC3,0x0C,0x30,
  0xC3,0x0C,0xB7,0xF7,0x8C,0x31,0x2C,0xD2,0x70,0xFC,0xE3,0x1F,0x8C,0x7E,0x31,0xC0,0x36,0x1B,0x00,0x1F,0xCF,0xF0,0x19,0xFF,
  0xFF,0xE3,0xF3,0xFF,0xEF,0x70,0x36,0x1B,0x00,0x07,0xC7,0xF7,0x1F,0x8F,0xC7,0xE3,0xF1,0xDF,0xC7,0xC0,0x1C,0x1B,0x0D,0x83,
  0x80,0x07,0xF3,0xFC,0x06,0x7F,0xFF,0xF8,0xFC,0xFF,0xFB,0xDC,0x0D,0x80,0xD8,0x00,0x00,0xF0,0x0F,0x80,0xF8,0x1F,0x81,0xDC,
  0x39,0xC3,0x9C,0x38,0xE7,0xFE,0x7F,0xE7,0x07,0xE0,0x70,0x1B,0x01,0xB0,0x00,0x01,0xF0,0x3F,0xC7,0x1E,0xE0,0xEE,0x07,0xE0,
  0x7E,0x07,0xE0,0x7E,0x0E,0x71,0xE3,0xFC,0x1F,0x00,0x07,0x00,0x90,0x09,0x00,0xF0,0x0F,0x81,0xF8,0x1F,0x81,0xDC,0x39,0xC3,
  0x9C,0x38,0xE7,0xFE,0x7F,0xE7,0x07,0xE0,0x70,0x64,0x3C,0x38,0x00,0x7C,0xFE,0xE2,0xE0,0x7E,0x07,0x87,0xFE,0x7C,0x36,0x0E,
  0x00,0x07,0xE7,0xFF,0x0F,0x81,0xE0,0x7F,0x1F,0xC1,0xE0,0x7C,0x3F,0xFD,0xF8,0x64,0x3C,0x38,0x00,0xFF,0xFF,0x0E,0x1C,0x38,
  0x70,0xE0,0xFF,0xFF,0x32,0x07,0x00,0x03,0xFF,0xFF,0xC0,0xE0,0x70,0x3C,0x1E,0x0F,0x03,0x81,0xE0,0xF0,0x3F,0xFF,0xFC,
};
const GFXglyph F_B16_gly[] PROGMEM = {
  {0,0,0,6,0,0},
  {0,3,12,7,2,-12},
  {5,5,4,8,2,-12},
  {8,11,12,13,1,-12},
  {25,9,14,11,1,-12},
  {41,14,12,16,1,-12},
  {62,12,12,14,1,-12},
  {80,1,4,5,2,-12},
  {81,5,14,7,1,-12},
  {90,4,14,7,2,-12},
  {97,7,7,8,1,-12},
  {104,10,10,13,2,-10},
  {117,3,5,6,1,-3},
  {119,5,2,7,1,-6},
  {121,2,3,6,2,-3},
  {122,6,13,6,0,-12},
  {132,9,12,11,1,-12},
  {146,8,12,11,2,-12},
  {158,9,12,11,1,-12},
  {172,9,12,11,1,-12},
  {186,9,12,11,1,-12},
  {200,9,12,11,1,-12},
  {214,9,12,11,1,-12},
  {228,9,12,11,1,-12},
  {242,9,12,11,1,-12},
  {256,9,12,11,1,-12},
  {270,3,9,6,2,-9},
  {274,4,11,6,1,-9},
  {280,10,9,13,2,-10},
  {292,10,6,13,2,-8},
  {300,10,9,13,2,-10},
  {312,7,12,9,1,-12},
  {323,14,14,16,1,-12},
  {348,12,12,12,0,-12},
  {366,10,12,12,1,-12},
  {381,10,12,12,1,-12},
  {396,11,12,13,1,-12},
  {413,9,12,11,1,-12},
  {427,9,12,11,1,-12},
  {441,11,12,13,1,-12},
  {458,11,12,13,1,-12},
  {475,3,12,6,1,-12},
  {480,5,15,6,-1,-12},
  {490,11,12,12,1,-12},
  {507,9,12,10,1,-12},
  {521,13,12,16,1,-12},
  {541,11,12,13,1,-12},
  {558,12,12,14,1,-12},
  {576,10,12,12,1,-12},
  {591,12,14,14,1,-12},
  {612,11,12,12,1,-12},
  {629,9,12,12,1,-12},
  {643,11,12,11,0,-12},
  {660,11,12,13,1,-12},
  {677,12,12,12,0,-12},
  {695,16,12,18,1,-12},
  {719,11,12,12,1,-12},
  {736,11,12,12,0,-12},
  {753,10,12,12,1,-12},
  {768,5,14,7,1,-12},
  {777,6,13,6,0,-12},
  {787,5,14,7,1,-12},
  {796,9,4,13,2,-12},
  {801,8,1,8,0,3},
  {802,4,3,8,1,-13},
  {804,9,9,11,1,-9},
  {815,10,12,11,1,-12},
  {830,7,9,9,1,-9},
  {838,9,12,11,1,-12},
  {852,9,9,11,1,-9},
  {863,7,12,7,0,-12},
  {874,9,12,11,1,-9},
  {888,9,12,11,1,-12},
  {902,3,12,5,1,-12},
  {907,5,15,5,-1,-12},
  {917,9,12,11,1,-12},
  {931,3,12,5,1,-12},
  {936,14,9,17,1,-9},
  {952,9,9,11,1,-9},
  {963,9,9,11,1,-9},
  {974,10,12,11,1,-9},
  {989,9,12,11,1,-9},
  {1003,7,9,8,1,-9},
  {1011,8,9,10,1,-9},
  {1020,7,11,8,0,-11},
  {1030,9,9,11,1,-9},
  {1041,10,9,10,0,-9},
  {1053,13,9,15,1,-9},
  {1068,9,9,10,1,-9},
  {1079,10,12,10,0,-9},
  {1094,8,9,9,1,-9},
  {1103,7,15,11,2,-12},
  {1117,2,16,6,2,-12},
  {1121,7,15,11,2,-12},
  {1135,10,3,13,2,-6},
  {1139,0,0,0,0,0},
  {1139,6,12,13,4,-12},
  {1148,6,12,13,4,-12},
  {1157,6,5,8,1,-12},
  {1161,2,3,6,2,-7},
  {1162,14,3,16,1,-3},
  {1168,9,12,11,1,-12},
  {1182,9,12,11,1,-12},
  {1196,9,14,11,1,-14},
  {1212,12,15,12,0,-15},
  {1235,12,15,14,1,-15},
  {1258,12,15,12,0,-15},
  {1281,8,13,10,1,-13},
  {1294,9,15,12,1,-15},
  {1311,8,13,9,1,-13},
  {1324,10,15,12,1,-15},
};
const GFXfont F_B16 PROGMEM = {(uint8_t*)F_B16_bmp, (GFXglyph*)F_B16_gly, 0x20, 0x8E, 19};
#define F_B16_ASC 15

const uint8_t F_B18_bmp[] PROGMEM = {
  0xFF,0xFF,0xFE,0xC3,0xFE,0xCF,0x3C,0xF3,0xCC,0x06,0x60,0x33,0x01,0x18,0x18,0xC7,0xFF,0xBF,0xFC,0x33,0x03,0x18,0xFF,0xF7,
  0xFF,0x84,0x60,0x62,0x03,0x30,0x00,0x04,0x01,0x01,0xF1,0xFF,0x74,0xB9,0x07,0xC1,0xFE,0x3F,0xC3,0xF0,0x5F,0x17,0xFF,0xCF,
  0xC0,0x40,0x10,0x04,0x00,0x78,0x18,0xCC,0x30,0xCC,0x30,0xCE,0x60,0xCC,0xC0,0xCC,0xC0,0x79,0x9E,0x03,0x33,0x03,0x33,0x06,
  0x73,0x04,0x33,0x0C,0x33,0x18,0x1E,0x0F,0x01,0xFE,0x0E,0x00,0x70,0x01,0xC0,0x1F,0x0D,0xFC,0xFC,0xF7,0xE3,0xF7,0x0F,0xBC,
  0x7C,0xFF,0xF1,0xF3,0x80,0xFF,0xC0,0x3B,0x9D,0xCE,0x73,0x9C,0xE7,0x39,0xCE,0x39,0xC7,0xC7,0x18,0xE7,0x38,0xE7,0x39,0xDC,
  0xE7,0x33,0x98,0x10,0x91,0xFF,0x7C,0x7C,0xFF,0x91,0x10,0x0E,0x01,0xC0,0x38,0x07,0x00,0xE1,0xFF,0xFF,0xF8,0x70,0x0E,0x01,
  0xC0,0x38,0x07,0x00,0x77,0x76,0xEC,0xFF,0xFF,0xC0,0xFF,0x80,0x0C,0x30,0xC2,0x18,0x61,0x8C,0x30,0xC6,0x18,0x63,0x0C,0x00,
  0x1F,0x0F,0xF1,0xCF,0x78,0xEE,0x1D,0xC3,0xF8,0x7F,0x0F,0xE1,0xDE,0x39,0xCF,0x3F,0xC1,0xF0,0x3C,0x7E,0x37,0x03,0x81,0xC0,
  0xE0,0x70,0x38,0x1C,0x0E,0x07,0x1F,0xFF,0xF8,0x3F,0x3F,0xEE,0x3C,0x0F,0x03,0xC0,0xF0,0x38,0x1C,0x1E,0x0F,0x07,0x83,0xFF,
  0xFF,0xC0,0x3F,0x1F,0xE4,0x3C,0x0F,0x03,0x8F,0xC3,0xF8,0x0F,0x01,0xC0,0x78,0x3F,0xFE,0x3F,0x00,0x07,0x81,0xF0,0x7E,0x0D,
  0xC3,0x38,0xE7,0x38,0xE6,0x1C,0xFF,0xFF,0xFC,0x0E,0x01,0xC0,0x38,0x7F,0x9F,0xE7,0x01,0xC0,0x7F,0x1F,0xE4,0x3C,0x07,0x01,
  0xC0,0x7C,0x3F,0xFE,0x3F,0x00,0x0F,0x87,0xF9,0xE1,0x38,0x0F,0xF1,0xFF,0xBC,0x77,0x8E,0xF1,0xEE,0x39,0xC7,0x1F,0xC1,0xF0,
  0xFF,0xFF,0xF0,0x3C,0x0E,0x07,0x81,0xC0,0x70,0x3C,0x0E,0x07,0x81,0xC0,0xF0,0x38,0x00,0x3F,0x1F,0xFF,0x3F,0xC7,0x73,0xCF,
  0xE3,0xF9,0xC7,0xE1,0xF8,0x7F,0x1D,0xFF,0x3F,0x00,0x1E,0x1F,0xEF,0x3F,0x87,0xE1,0xF8,0x7F,0x3D,0xFF,0x3F,0xC0,0x74,0x39,
  0xFC,0x3E,0x00,0xFF,0x80,0x07,0xFC,0x77,0x70,0x00,0x07,0x77,0x76,0xC0,0x00,0x20,0x3C,0x3F,0x3F,0x0F,0x01,0xE0,0x1F,0x80,
  0x7E,0x01,0xE0,0x04,0xFF,0xFF,0xFC,0x00,0x00,0x0F,0xFF,0xFF,0xC0,0x80,0x1E,0x01,0xF8,0x07,0xE0,0x1E,0x03,0xC3,0xF3,0xF0,
  0xF0,0x10,0x00,0x7C,0xFF,0x87,0x07,0x07,0x0E,0x1E,0x3C,0x38,0x00,0x38,0x38,0x38,0x07,0xE0,0x0F,0xF8,0x3C,0x1C,0x30,0x0E,
  0x63,0xB6,0x47,0xF3,0xC6,0x73,0xCC,0x33,0xCC,0x33,0xC6,0x76,0x47,0xFC,0x63,0xB8,0x30,0x00,0x3C,0x38,0x1F,0xF0,0x07,0xE0,
  0x07,0x80,0x3F,0x00,0xFC,0x03,0xF0,0x1C,0xE0,0x73,0x81,0xCE,0x0E,0x1C,0x3F,0xF1,0xFF,0xE7,0x03,0x9C,0x0E,0xF0,0x3C,0xFF,
  0x3F,0xEE,0x3F,0x8F,0xE3,0xFF,0xEF,0xFB,0x8F,0xE1,0xF8,0x7E,0x3F,0xFF,0xFF,0x00,0x0F,0xC7,0xFD,0xE0,0xB8,0x0F,0x01,0xC0,
  0x38,0x07,0x00,0xF0,0x0E,0x01,0xE0,0x9F,0xF0,0xFC,0xFF,0x0F,0xFC,0xE3,0xEE,0x0E,0xE0,0xFE,0x0F,0xE0,0xFE,0x0F,0xE0,0xFE,
  0x0E,0xE3,0xEF,0xFC,0xFF,0x00,0xFF,0xFF,0xF8,0x1C,0x0E,0x07,0xFB,0xFD,0xC0,0xE0,0x70,0x38,0x1F,0xFF,0xF8,0xFF,0xFF,0xF8,
  0x1C,0x0E,0x07,0xFB,0xFD,0xC0,0xE0,0x70,0x38,0x1C,0x0E,0x00,0x0F,0xE3,0xFF,0x78,0x17,0x00,0xF0,0x0E,0x00,0xE1,0xFE,0x1F,
  0xF0,0x77,0x07,0x78,0x73,0xFF,0x0F,0xE0,0xE0,0xFC,0x1F,0x83,0xF0,0x7E,0x0F,0xFF,0xFF,0xFF,0x07,0xE0,0xFC,0x1F,0x83,0xF0,
  0x7E,0x0E,0xFF,0xFF,0xFF,0xFF,0xFE,0x1C,0x71,0xC7,0x1C,0x71,0xC7,0x1C,0x71,0xC7,0x1C,0x73,0xFE,0xF0,0xE1,0xEE,0x3C,0xE7,
  0x8E,0xF0,0xFE,0x0F,0xC0,0xFC,0x0F,0xE0,0xEF,0x0E,0x78,0xE3,0xCE,0x1E,0xE0,0xF0,0xE0,0x70,0x38,0x1C,0x0E,0x07,0x03,0x81,
  0xC0,0xE0,0x70,0x38,0x1F,0xFF,0xF8,0xF0,0x3F,0xE1,0xFF,0x87,0xFF,0x3F,0xFC,0xFF,0xB7,0x7E,0xFD,0xF9,0xE7,0xE7,0x9F,0x8C,
  0x7E,0x01,0xF8,0x07,0xE0,0x1C,0xF0,0xFE,0x1F,0xE3,0xFC,0x7F,0xCF,0xD9,0xFB,0xBF,0x37,0xE7,0xFC,0x7F,0x8F,0xF0,0xFE,0x1E,
  0x0F,0xC1,0xFF,0x1E,0x3D,0xE0,0xFF,0x03,0xF8,0x1F,0x80,0xFE,0x07,0xF0,0x3F,0x83,0xDE,0x3C,0x7F,0xC0,0xFC,0x00,0xFF,0x3F,
  0xEE,0x3F,0x87,0xE1,0xF8,0x7E,0x3F,0xFE,0xFF,0x38,0x0E,0x03,0x80,0xE0,0x00,0x0F,0xC1,0xFF,0x1E,0x3D,0xE0,0xFF,0x03,0xF8,
  0x1F,0x80,0xFC,0x07,0xF0,0x3F,0x83,0xDE,0x3C,0x7F,0xC0,0xFC,0x00,0xE0,0x03,0x80,0x0E,0xFF,0x1F,0xF3,0x8F,0x71,0xEE,0x3D,
  0xC7,0x3F,0xC7,0xF8,0xE7,0x9C,0x7B,0x87,0x70,0xFE,0x0E,0x1F,0x8F,0xF9,0xC3,0x70,0x0F,0x00,0xFE,0x1F,0xF0,0xFE,0x03,0xE0,
  0x3F,0x07,0x7F,0xE3,0xF0,0xFF,0xFF,0xFF,0x0F,0x00,0xF0,0x0F,0x00,0xF0,0x0F,0x00,0xF0,0x0F,0x00,0xF0,0x0F,0x00,0xF0,0x0F,
  0x00,0xE0,0xFC,0x1F,0x83,0xF0,0x7E,0x0F,0xC1,0xF8,0x3F,0x07,0xE0,0xFC,0x3F,0xC7,0x3F,0xE3,0xF0,0xF0,0x3D,0xC0,0xE7,0x03,
  0x9E,0x1E,0x38,0x70,0xE3,0xC1,0xCE,0x07,0x38,0x1F,0xE0,0x3F,0x00,0xFC,0x03,0xF0,0x07,0x80,0xE1,0xE1,0xF8,0x78,0x7E,0x1E,
  0x3F,0xCF,0x8E,0x73,0xF3,0x9C,0xDC,0xE7,0x33,0x39,0xEC,0xDE,0x3F,0x3F,0x0F,0x8F,0xC3,0xE1,0xF0,0xF8,0x7C,0x1E,0x1E,0x00,
  0xE0,0xF7,0x0E,0x79,0xE3,0xBC,0x1F,0x81,0xF8,0x0F,0x01,0xF8,0x3F,0x83,0x9C,0x79,0xEF,0x0E,0xE0,0x70,0xF0,0x7B,0x83,0x9E,
  0x3C,0x7B,0xC1,0xFC,0x0F,0xE0,0x3E,0x00,0xE0,0x07,0x00,0x38,0x01,0xC0,0x0E,0x00,0x70,0x00,0xFF,0xFF,0xFC,0x0F,0x81,0xE0,
  0x78,0x1E,0x07,0xC1,0xF0,0x3C,0x0F,0x03,0xC0,0x7F,0xFF,0xFE,0xFF,0xF9,0xCE,0x73,0x9C,0xE7,0x39,0xCE,0x73,0xFF,0xC3,0x06,
  0x18,0x60,0xC3,0x0C,0x18,0x61,0x82,0x0C,0x30,0xC0,0xFF,0xF1,0xC7,0x1C,0x71,0xC7,0x1C,0x71,0xC7,0x1C,0x7F,0xFF,0x0E,0x03,
  0xE0,0xEE,0x38,0xEE,0x0E,0xFF,0xFF,0xC0,0xE7,0x10,0x7F,0x1F,0xE0,0x38,0x07,0x3F,0xFF,0xFE,0x1F,0x8F,0xFF,0xDE,0x70,0xE0,
  0x38,0x0E,0x03,0x80,0xEF,0x3F,0xEF,0x3F,0x87,0xE1,0xF8,0x7E,0x1F,0xCF,0xFF,0xBB,0xC0,0x1E,0x7F,0xF0,0xE0,0xE0,0xE0,0xE0,
  0xF0,0x7F,0x1E,0x01,0xC0,0x70,0x1C,0x07,0x3D,0xDF,0xFF,0x3F,0x87,0xE1,0xF8,0x7E,0x1F,0xCF,0x7F,0xCF,0x70,0x1F,0x1F,0xEF,
  0x3F,0x87,0xFF,0xFF,0xFE,0x03,0xC3,0x7F,0xC7,0xC0,0x1F,0x3F,0x38,0x38,0xFF,0xFF,0x38,0x38,0x38,0x38,0x38,0x38,0x38,0x38,
  0x3D,0xDF,0xFF,0x3F,0x87,0xE1,0xF8,0x7E,0x1F,0xCF,0x7F,0xCF,0x70,0x1D,0x0F,0x7F,0x8F,0x80,0xE0,0x70,0x38,0x1C,0x0E,0xF7,
  0xFF,0xCF,0xC7,0xE3,0xF1,0xF8,0xFC,0x7E,0x3F,0x1C,0xFF,0x8F,0xFF,0xFF,0xFF,0xC0,0x1C,0x71,0xC0,0x1C,0x71,0xC7,0x1C,0x71,
  0xC7,0x1C,0x73,0xCE,0xFB,0xC0,0xE0,0x38,0x0E,0x03,0x80,0xE3,0xB9,0xCE,0xE3,0xF0,0xF8,0x3F,0x0F,0xE3,0xBC,0xE7,0xB8,0xF0,
  0xFF,0xFF,0xFF,0xFF,0xFF,0xC0,0xF7,0x1E,0xFF,0xBF,0xF3,0xE7,0xF1,0xC7,0xF1,0xC7,0xF1,0xC7,0xF1,0xC7,0xF1,0xC7,0xF1,0xC7,
  0xF1,0xC7,0xEF,0x7F,0xFC,0xFC,0x7E,0x3F,0x1F,0x8F,0xC7,0xE3,0xF1,0xC0,0x1F,0x0F,0xF3,0xCF,0x70,0xEE,0x1F,0xC3,0xF8,0x77,
  0x9E,0x7F,0x83,0xE0,0xEF,0x3F,0xEF,0x3F,0x87,0xE1,0xF8,0x7E,0x1F,0xCF,0xFF,0xBB,0xCE,0x03,0x80,0xE0,0x38,0x00,0x3D,0xDF,
  0xFF,0x3F,0x87,0xE1,0xF8,0x7E,0x1F,0xCF,0x7F,0xCF,0x70,0x1C,0x07,0x01,0xC0,0x70,0xEF,0xFF,0xC7,0x0E,0x1C,0x38,0x70,0xE1,
  0xC0,0x7E,0x7F,0xB8,0x5C,0x0F,0xE1,0xF8,0x0F,0x07,0xFF,0x3F,0x00,0x38,0x38,0x38,0xFF,0xFF,0x38,0x38,0x38,0x38,0x38,0x38,
  0x3F,0x1F,0xF1,0xFC,0x7F,0x1F,0xC7,0xF1,0xFC,0x7F,0x1D,0xCF,0x7F,0xCF,0x70,0xF0,0xEE,0x1D,0xC7,0x1C,0xE3,0x9C,0x77,0x07,
  0xE0,0xFC,0x0F,0x01,0xE0,0xE3,0x8F,0xC7,0x1F,0x9E,0x73,0xBC,0xE7,0x6D,0xCE,0xDB,0x9F,0x3E,0x1E,0x7C,0x3C,0x78,0x78,0xF0,
  0xE3,0xDC,0xE7,0xF0,0xFC,0x1E,0x07,0x83,0xF1,0xDE,0xF3,0xB8,0x70,0xF0,0xEE,0x1D,0xC7,0x1C,0xE3,0x9C,0x3F,0x07,0xE0,0xFC,
  0x0F,0x01,0xE0,0x18,0x07,0x03,0xE0,0x78,0x00,0xFF,0xFF,0xC1,0xC1,0xE1,0xE1,0xE1,0xE1,0xE0,0xFF,0xFF,0xC0,0x0F,0x8F,0xC7,
  0x03,0x81,0xC0,0xE0,0x70,0x78,0xF8,0x7C,0x0F,0x03,0x81,0xC0,0xE0,0x70,0x3F,0x0F,0x80,0xFF,0xFF,0xFF,0xFF,0xF0,0xF0,0x7C,
  0x0F,0x03,0x81,0xC0,0xE0,0x70,0x38,0x0F,0x87,0xC7,0x03,0x81,0xC0,0xE0,0xF1,0xF0,0xF8,0x00,0x7C,0x3F,0xFE,0x1F,0x00,0x38,
  0xFB,0xFF,0xD3,0x87,0x0E,0x1C,0x38,0x70,0xE1,0xC3,0x80,0x38,0x70,0xE1,0xC3,0x87,0x0E,0x1C,0x39,0xF7,0xFB,0xE3,0x80,0x76,
  0xE3,0x1D,0xB8,0xFF,0x80,0xF3,0xCF,0xF3,0xCF,0xF3,0xCF,0x33,0x0C,0xC0,0x00,0x00,0x7F,0x1F,0xE0,0x38,0x07,0x3F,0xFF,0xFE,
  0x1F,0x8F,0xFF,0xDE,0x70,0x33,0x06,0x60,0x00,0x00,0x01,0xF0,0xFF,0x3C,0xF7,0x0E,0xE1,0xFC,0x3F,0x87,0x79,0xE7,0xF8,0x3E,
  0x00,0x0E,0x04,0x81,0x30,0x48,0x0E,0x00,0x07,0xF1,0xFE,0x03,0x80,0x73,0xFF,0xFF,0xE1,0xF8,0xFF,0xFD,0xE7,0x0C,0xC0,0x33,
  0x00,0x00,0x01,0xE0,0x0F,0xC0,0x3F,0x00,0xFC,0x07,0x38,0x1C,0xE0,0x73,0x83,0x87,0x0F,0xFC,0x7F,0xF9,0xC0,0xE7,0x03,0xBC,
  0x0F,0x0D,0x80,0x6C,0x00,0x00,0x1F,0x83,0xFE,0x3C,0x7B,0xC1,0xFE,0x07,0xF0,0x3F,0x01,0xFC,0x0F,0xE0,0x7F,0x07,0xBC,0x78,
  0xFF,0x81,0xF8,0x03,0x00,0x12,0x00,0x48,0x01,0x20,0x07,0x80,0x3F,0x00,0xFC,0x03,0xF0,0x1C,0xE0,0x73,0x81,0xCE,0x0E,0x1C,
  0x3F,0xF1,0xFF,0xE7,0x03,0x9C,0x0E,0xF0,0x3C,0x62,0x1A,0x07,0x00,0x07,0xE7,0xFB,0x85,0xC0,0xFE,0x1F,0x80,0xF0,0x7F,0xF3,
  0xF0,0x33,0x03,0xC0,0x00,0x0F,0xC7,0xFC,0xE1,0xB8,0x07,0x80,0x7F,0x0F,0xF8,0x7F,0x01,0xF0,0x1F,0x83,0xBF,0xF1,0xF8,0x66,
  0x1E,0x07,0x00,0x0F,0xFF,0xFC,0x1C,0x1E,0x1E,0x1E,0x1E,0x1E,0x0F,0xFF,0xFC,0x33,0x03,0xC0,0x00,0x7F,0xFF,0xFE,0x07,0xC0,
  0xF0,0x3C,0x0F,0x03,0xE0,0xF8,0x1E,0x07,0x81,0xE0,0x3F,0xFF,0xFF,
};
const GFXglyph F_B18_gly[] PROGMEM = {
  {0,0,0,6,0,0},
  {0,3,13,8,3,-13},
  {5,6,5,9,2,-13},
  {9,13,13,15,1,-13},
  {31,10,17,13,1,-14},
  {53,16,13,18,1,-13},
  {79,13,13,16,1,-13},
  {101,2,5,6,2,-13},
  {103,5,16,8,2,-14},
  {113,5,16,8,2,-14},
  {123,8,8,9,1,-13},
  {131,11,12,15,2,-12},
  {148,4,6,7,1,-3},
  {151,6,3,7,1,-7},
  {154,3,3,7,2,-3},
  {156,6,15,7,0,-13},
  {168,11,13,13,1,-13},
  {186,9,13,13,2,-13},
  {201,10,13,13,1,-13},
  {218,10,13,13,1,-13},
  {235,11,13,13,1,-13},
  {253,10,13,13,1,-13},
  {270,11,13,13,1,-13},
  {288,10,13,13,1,-13},
  {305,10,13,13,1,-13},
  {322,10,13,13,1,-13},
  {339,3,10,7,2,-10},
  {343,4,13,7,1,-10},
  {350,11,10,15,2,-11},
  {364,11,6,15,2,-9},
  {373,11,10,15,2,-11},
  {387,8,13,10,1,-13},
  {400,16,16,18,1,-13},
  {432,14,13,14,0,-13},
  {455,10,13,14,2,-13},
  {472,11,13,13,1,-13},
  {490,12,13,15,2,-13},
  {510,9,13,12,2,-13},
  {525,9,13,12,2,-13},
  {540,12,13,15,1,-13},
  {560,11,13,15,2,-13},
  {578,3,13,7,2,-13},
  {583,6,17,7,-1,-13},
  {596,12,13,14,2,-13},
  {616,9,13,11,2,-13},
  {631,14,13,18,2,-13},
  {654,11,13,15,2,-13},
  {672,13,13,15,1,-13},
  {694,10,13,13,2,-13},
  {711,13,16,15,1,-13},
  {737,11,13,14,2,-13},
  {755,11,13,13,1,-13},
  {773,12,13,12,0,-13},
  {793,11,13,15,2,-13},
  {811,14,13,14,0,-13},
  {834,18,13,20,1,-13},
  {864,12,13,14,1,-13},
  {884,13,13,13,0,-13},
  {906,11,13,13,1,-13},
  {924,5,16,8,2,-14},
  {934,6,15,7,0,-13},
  {946,6,16,8,1,-14},
  {958,11,5,15,2,-13},
  {965,9,2,9,0,2},
  {968,4,3,9,1,-14},
  {970,10,10,12,1,-10},
  {983,10,14,13,2,-14},
  {1001,8,10,11,1,-10},
  {1011,10,14,13,1,-14},
  {1029,10,10,12,1,-10},
  {1042,8,14,8,0,-14},
  {1056,10,14,13,1,-10},
  {1074,9,14,13,2,-14},
  {1090,3,14,6,2,-14},
  {1096,6,18,6,-1,-14},
  {1110,10,14,12,2,-14},
  {1128,3,14,6,2,-14},
  {1134,16,10,19,1,-10},
  {1154,9,10,13,2,-10},
  {1166,11,10,12,1,-10},
  {1180,10,14,13,2,-10},
  {1198,10,14,13,1,-10},
  {1216,7,10,9,2,-10},
  {1225,9,10,11,1,-10},
  {1237,8,13,9,0,-13},
  {1250,10,10,13,1,-10},
  {1263,11,10,12,0,-10},
  {1277,15,10,17,1,-10},
  {1296,10,10,12,1,-10},
  {1309,11,14,12,0,-10},
  {1329,9,10,10,1,-10},
  {1341,9,17,13,2,-14},
  {1361,2,18,7,2,-14},
  {1366,9,17,13,2,-14},
  {1386,11,3,15,2,-7},
  {1391,0,0,0,0,0},
  {1391,7,13,15,4,-13},
  {1403,7,13,15,4,-13},
  {1415,5,6,9,2,-13},
  {1419,3,3,7,2,-8},
  {1421,16,3,18,1,-3},
  {1427,10,14,12,1,-14},
  {1445,11,14,12,1,-14},
  {1465,10,16,12,1,-16},
  {1485,14,16,14,0,-16},
  {1513,13,16,15,1,-16},
  {1539,14,17,14,0,-17},
  {1569,9,14,11,1,-14},
  {1585,11,16,13,1,-16},
  {1607,9,14,10,1,-14},
  {1623,11,16,13,1,-16},
};
const GFXfont F_B18 PROGMEM = {(uint8_t*)F_B18_bmp, (GFXglyph*)F_B18_gly, 0x20, 0x8E, 22};
#define F_B18_ASC 17

const uint8_t F_B22_bmp[] PROGMEM = {
  0xFF,0xFF,0xFF,0xFF,0xF6,0x00,0xFF,0xFF,0xE7,0xCF,0x9F,0x3E,0x7C,0xC0,0x03,0x8C,0x03,0x1C,0x03,0x18,0x03,0x18,0x07,0x18,
  0x3F,0xFF,0x3F,0xFF,0x06,0x30,0x0E,0x30,0x0E,0x70,0xFF,0xFE,0xFF,0xFE,0x1C,0x60,0x1C,0xE0,0x18,0xC0,0x18,0xC0,0x06,0x00,
  0x60,0x3F,0x87,0xFE,0xF6,0x6E,0x60,0xF6,0x0F,0xE0,0xFF,0xC7,0xFE,0x0F,0xF0,0x6F,0x06,0xF8,0x6E,0xFF,0xE7,0xF8,0x06,0x00,
  0x60,0x06,0x00,0x3C,0x03,0x07,0xE0,0x60,0xE7,0x0E,0x0E,0x70,0xC0,0xC3,0x18,0x0E,0x73,0x80,0xE7,0x30,0x07,0xE7,0x3C,0x3C,
  0x67,0xE0,0x0C,0xE7,0x01,0xCE,0x30,0x18,0xC3,0x03,0x0E,0x30,0x70,0xE7,0x06,0x07,0xE0,0xE0,0x3C,0x07,0xC0,0x0F,0xF8,0x07,
  0x84,0x03,0xC0,0x01,0xE0,0x00,0xF8,0x00,0xFE,0x1C,0xFF,0x8E,0x7B,0xE7,0x78,0xF7,0xBC,0x3F,0xDE,0x1F,0xC7,0x87,0xC3,0xE3,
  0xF0,0xFF,0xFC,0x1F,0x9F,0xFF,0xFF,0xC0,0x1C,0xF3,0x9E,0x71,0xCF,0x3C,0xF3,0xCF,0x3C,0xF3,0xC7,0x1C,0x78,0xE3,0xC7,0xE3,
  0xC7,0x1E,0x38,0xE3,0xCF,0x3C,0xF3,0xCF,0x3C,0xF3,0x8E,0x79,0xCF,0x38,0x0C,0x03,0x08,0xCF,0xFF,0x3F,0x0F,0xCF,0xFE,0x33,
  0x0C,0x03,0x00,0x03,0x80,0x0E,0x00,0x38,0x00,0xE0,0x03,0x83,0xFF,0xFF,0xFF,0xFF,0xFF,0x03,0x80,0x0E,0x00,0x38,0x00,0xE0,
  0x03,0x80,0x7B,0xDE,0xF7,0x33,0x80,0xFF,0xFF,0xF8,0xFF,0xFF,0x07,0x07,0x06,0x06,0x0E,0x0C,0x0C,0x1C,0x18,0x18,0x38,0x30,
  0x30,0x70,0x60,0x60,0xE0,0xE0,0x0F,0x81,0xFF,0x1E,0x3C,0xF0,0xE7,0x07,0xF8,0x3F,0xC1,0xFE,0x0F,0xF0,0x7F,0x83,0xFC,0x1E,
  0xE0,0xF7,0x87,0x3C,0x78,0xFF,0x81,0xF0,0x3F,0x0F,0xF0,0x4F,0x00,0xF0,0x0F,0x00,0xF0,0x0F,0x00,0xF0,0x0F,0x00,0xF0,0x0F,
  0x00,0xF0,0x0F,0x00,0xF0,0x7F,0xF7,0xFF,0x3F,0x1F,0xFB,0x8F,0xC0,0xF0,0x1E,0x03,0xC0,0x78,0x1F,0x03,0xC0,0xF0,0x3C,0x0F,
  0x07,0xC1,0xF0,0x3F,0xFF,0xFF,0x1F,0x83,0xFF,0x18,0x7C,0x01,0xE0,0x0F,0x00,0x78,0x07,0x83,0xF8,0x1F,0xE0,0x0F,0x80,0x3C,
  0x01,0xF0,0x0F,0x20,0xFB,0xFF,0x87,0xF0,0x03,0xE0,0x3F,0x01,0xF8,0x1F,0xC1,0xDE,0x1E,0xF0,0xE7,0x8E,0x3C,0xF1,0xE7,0x0F,
  0x3F,0xFF,0xFF,0xF0,0x1E,0x00,0xF0,0x07,0x80,0x3C,0xFF,0xEF,0xFE,0xF0,0x0F,0x00,0xF0,0x0F,0x00,0xFF,0x8F,0xFC,0xC3,0xE0,
  0x1F,0x00,0xF0,0x0F,0x01,0xF8,0x3E,0xFF,0xC7,0xF0,0x07,0xE0,0xFF,0x8F,0x04,0xF0,0x07,0x80,0x3F,0xE3,0xFF,0xDF,0x9E,0xF8,
  0x7F,0xC3,0xDE,0x1E,0xF0,0xF7,0x87,0x9E,0x78,0x7F,0x81,0xF8,0xFF,0xFF,0xFF,0xC0,0x3C,0x01,0xE0,0x1F,0x00,0xF0,0x0F,0x80,
  0x78,0x07,0xC0,0x3C,0x01,0xE0,0x1E,0x00,0xF0,0x0F,0x00,0x78,0x07,0xC0,0x1F,0xC1,0xFF,0x9E,0x3C,0xF0,0xF7,0x87,0xBC,0x39,
  0xE3,0xC3,0xFC,0x3F,0xE3,0xC7,0x9C,0x1F,0xE0,0xFF,0x07,0xBC,0x7C,0xFF,0xC3,0xF8,0x0F,0x81,0xFF,0x1E,0x38,0xE1,0xEF,0x0F,
  0x78,0x7F,0xC3,0xFE,0x1F,0x78,0xF9,0xFF,0xC7,0xDE,0x00,0xE0,0x0F,0x20,0xF1,0xFF,0x03,0xE0,0xFF,0xFF,0x00,0x00,0xFF,0xFF,
  0xFF,0xFF,0x00,0x00,0xFF,0xFF,0xEE,0xC0,0x00,0x04,0x00,0xF0,0x1F,0xC3,0xF8,0x7F,0x03,0xE0,0x0F,0x80,0x1F,0xC0,0x0F,0xE0,
  0x07,0xF0,0x03,0xC0,0x01,0xFF,0xFF,0xFF,0xFF,0xFF,0xC0,0x00,0x00,0x03,0xFF,0xFF,0xFF,0xFF,0xFF,0xC0,0x03,0xE0,0x07,0xF0,
  0x07,0xF0,0x03,0xF8,0x01,0xF0,0x07,0xC0,0xFE,0x1F,0xC1,0xFC,0x0F,0x80,0x30,0x00,0x7E,0x7F,0xE1,0xE0,0xF0,0x78,0x7C,0x7C,
  0x7C,0x3C,0x1E,0x00,0x00,0x03,0xC1,0xE0,0xF0,0x78,0x01,0xF8,0x00,0xFF,0xE0,0x38,0x1E,0x0E,0x00,0xE3,0x00,0x0C,0xE1,0xDC,
  0xD8,0xFF,0x9B,0x1C,0xF3,0x63,0x0E,0x78,0xE1,0xCD,0x8C,0x39,0xB1,0xCF,0x76,0x3F,0xFC,0xE1,0xDE,0x0C,0x00,0x00,0xC0,0x00,
  0x0E,0x07,0x00,0xFF,0xC0,0x07,0xE0,0x00,0x03,0xE0,0x03,0xF8,0x01,0xFC,0x00,0xFE,0x00,0xF7,0x80,0x7B,0xC0,0x3D,0xE0,0x3C,
  0x78,0x1E,0x3C,0x0E,0x0F,0x0F,0xFF,0x87,0xFF,0xC7,0x80,0xF3,0xC0,0x79,0xE0,0x3D,0xE0,0x0F,0xFF,0xC7,0xFF,0x3C,0x3D,0xE1,
  0xEF,0x0F,0xF8,0x7B,0xC3,0xDF,0xFC,0xFF,0xF7,0x87,0xFC,0x1F,0xE0,0xFF,0x07,0xF8,0x7F,0xFF,0xDF,0xF8,0x07,0xF8,0x7F,0xF3,
  0xE1,0xDF,0x01,0x78,0x03,0xE0,0x0F,0x00,0x3C,0x00,0xF0,0x03,0xC0,0x0F,0x80,0x1E,0x00,0x7C,0x04,0xF8,0x71,0xFF,0xC1,0xFE,
  0xFF,0xC1,0xFF,0xE3,0xC3,0xE7,0x83,0xEF,0x03,0xDE,0x03,0xFC,0x07,0xF8,0x0F,0xF0,0x1F,0xE0,0x3F,0xC0,0x7F,0x81,0xEF,0x07,
  0xDE,0x1F,0x3F,0xFC,0x7F,0xE0,0xFF,0xFF,0xFF,0xC0,0x78,0x0F,0x01,0xE0,0x3C,0x07,0xFF,0xFF,0xFE,0x03,0xC0,0x78,0x0F,0x01,
  0xE0,0x3F,0xFF,0xFF,0xFF,0xFF,0xFF,0xC0,0x78,0x0F,0x01,0xE0,0x3C,0x07,0xFF,0xFF,0xFE,0x03,0xC0,0x78,0x0F,0x01,0xE0,0x3C,
  0x07,0x80,0x03,0xF8,0x3F,0xFC,0xF8,0x3B,0xE0,0x17,0x80,0x1F,0x00,0x3C,0x00,0x78,0x3F,0xF0,0x7F,0xE0,0x1F,0xE0,0x3B,0xC0,
  0x77,0xC0,0xE7,0xC3,0xC7,0xFF,0x83,0xFC,0xF0,0x3F,0xC0,0xFF,0x03,0xFC,0x0F,0xF0,0x3F,0xC0,0xFF,0x03,0xFF,0xFF,0xFF,0xFF,
  0xC0,0xFF,0x03,0xFC,0x0F,0xF0,0x3F,0xC0,0xFF,0x03,0xFC,0x0F,0xFF,0xFF,0xFF,0xFF,0xFF,0xFF,0xFF,0xFF,0x1E,0x3C,0x78,0xF1,
  0xE3,0xC7,0x8F,0x1E,0x3C,0x78,0xF1,0xE3,0xC7,0x8F,0x1E,0x7F,0xF7,0x80,0xF0,0x3D,0xE0,0xF3,0xC3,0xC7,0x8F,0x0F,0x3C,0x1F,
  0xF0,0x3F,0xC0,0x7F,0x00,0xFF,0x01,0xFF,0x03,0xDF,0x07,0x9F,0x0F,0x1F,0x1E,0x1F,0x3C,0x1F,0x78,0x1F,0xF0,0x1E,0x03,0xC0,
  0x78,0x0F,0x01,0xE0,0x3C,0x07,0x80,0xF0,0x1E,0x03,0xC0,0x78,0x0F,0x01,0xE0,0x3F,0xFF,0xFF,0xF8,0x0F,0xFF,0x03,0xFF,0xC0,
  0xFF,0xF8,0x7F,0xFE,0x1F,0xFF,0xCE,0xFF,0x73,0xBF,0xDD,0xEF,0xF3,0xF3,0xFC,0xFC,0xFF,0x1E,0x3F,0xC7,0x8F,0xF1,0xC3,0xFC,
  0x00,0xFF,0x00,0x3F,0xC0,0x0F,0xF8,0x3F,0xE0,0xFF,0xC3,0xFF,0x8F,0xFE,0x3F,0xFC,0xFF,0x73,0xFD,0xEF,0xF3,0xBF,0xCF,0xFF,
  0x1F,0xFC,0x7F,0xF0,0xFF,0xC3,0xFF,0x07,0xFC,0x0F,0x07,0xF0,0x0F,0xFE,0x0F,0x8F,0x8F,0x03,0xC7,0x80,0xF7,0xC0,0x7B,0xC0,
  0x3D,0xE0,0x1F,0xF0,0x0F,0xF8,0x07,0xBE,0x03,0xCF,0x01,0xE7,0x81,0xE1,0xF1,0xF0,0x7F,0xF0,0x0F,0xE0,0xFF,0xC7,0xFF,0xBC,
  0x3F,0xE0,0xFF,0x07,0xF8,0x3F,0xC1,0xFE,0x1F,0xFF,0xF7,0xFE,0x3C,0x01,0xE0,0x0F,0x00,0x78,0x03,0xC0,0x1E,0x00,0x07,0xF0,
  0x0F,0xFE,0x0F,0x8F,0x8F,0x03,0xC7,0x80,0xF7,0xC0,0x7B,0xC0,0x3D,0xE0,0x1F,0xF0,0x0F,0xF8,0x07,0xBE,0x03,0xCF,0x01,0xE7,
  0x81,0xF1,0xF1,0xF0,0x7F,0xF0,0x0F,0xE0,0x00,0x78,0x00,0x1E,0x00,0x07,0x80,0xFF,0xC3,0xFF,0x8F,0x1F,0x3C,0x3C,0xF0,0xF3,
  0xC3,0xCF,0x0F,0x3C,0x7C,0xFF,0xC3,0xFF,0x8F,0x1F,0x3C,0x3C,0xF0,0xFB,0xC1,0xEF,0x07,0xFC,0x0F,0x1F,0xE7,0xFE,0xF0,0xEE,
  0x02,0xE0,0x0F,0x00,0xFE,0x0F,0xFC,0x7F,0xE0,0xFF,0x01,0xF0,0x0F,0x80,0xFE,0x1F,0xFF,0xE7,0xF8,0xFF,0xFF,0xFF,0xFC,0x1F,
  0x00,0x3E,0x00,0x7C,0x00,0xF8,0x01,0xF0,0x03,0xE0,0x07,0xC0,0x0F,0x80,0x1F,0x00,0x3E,0x00,0x7C,0x00,0xF8,0x01,0xF0,0x03,
  0xE0,0xF0,0x3F,0xC0,0xFF,0x03,0xFC,0x0F,0xF0,0x3F,0xC0,0xFF,0x03,0xFC,0x0F,0xF0,0x3F,0xC0,0xFF,0x03,0xFC,0x0F,0xF8,0x79,
  0xE1,0xE3,0xFF,0x03,0xF0,0xF0,0x07,0xBC,0x07,0x9E,0x03,0xCF,0x81,0xE3,0xC1,0xE1,0xE0,0xF0,0x78,0xF8,0x3C,0x78,0x1E,0x3C,
  0x07,0xBC,0x03,0xDE,0x01,0xFF,0x00,0x7F,0x00,0x3F,0x80,0x1F,0xC0,0x07,0xC0,0xF0,0x78,0x1F,0xC1,0xE0,0xFF,0x07,0xC3,0xFC,
  0x3F,0x0F,0x78,0xFC,0x3D,0xE3,0xB1,0xE7,0x8C,0xE7,0x9E,0x73,0x9E,0x3D,0xCE,0x78,0xF7,0x3B,0xC3,0xDC,0x7F,0x0F,0xE1,0xFC,
  0x1F,0x87,0xF0,0x7E,0x1F,0x81,0xF8,0x3E,0x07,0xC0,0xF8,0xF0,0x1E,0xF0,0x79,0xF1,0xF1,0xE3,0xC1,0xEF,0x03,0xFE,0x03,0xF8,
  0x03,0xE0,0x07,0xC0,0x1F,0xC0,0x7F,0xC1,0xF7,0x83,0xC7,0x8F,0x07,0xBE,0x0F,0x78,0x0F,0xF8,0x1F,0x78,0x1E,0x7C,0x3C,0x3E,
  0x7C,0x1E,0x78,0x1F,0xF8,0x0F,0xF0,0x07,0xE0,0x07,0xE0,0x03,0xC0,0x03,0xC0,0x03,0xC0,0x03,0xC0,0x03,0xC0,0x03,0xC0,0x03,
  0xC0,0xFF,0xFF,0xFF,0xF0,0x0F,0xC0,0x7E,0x01,0xF0,0x0F,0xC0,0x7E,0x03,0xF0,0x0F,0x80,0x7E,0x03,0xF0,0x1F,0x80,0x7C,0x03,
  0xE0,0x0F,0xFF,0xFF,0xFF,0xFF,0xFF,0xC7,0x8F,0x1E,0x3C,0x78,0xF1,0xE3,0xC7,0x8F,0x1E,0x3C,0x78,0xF1,0xE3,0xFF,0xF0,0xE0,
  0xE0,0x60,0x60,0x70,0x30,0x30,0x38,0x18,0x18,0x1C,0x0C,0x0C,0x0E,0x06,0x06,0x07,0x07,0xFF,0xFC,0x38,0x70,0xE1,0xC3,0x87,
  0x0E,0x1C,0x38,0x70,0xE1,0xC3,0x87,0x0E,0x1F,0xFF,0xF0,0x0F,0x00,0xFC,0x07,0xF0,0x73,0xC7,0x07,0x70,0x1C,0xFF,0xFF,0xFC,
  0xC7,0x1C,0x70,0x1F,0x87,0xFE,0x40,0xF0,0x0F,0x3F,0xF7,0xFF,0xF8,0xFF,0x0F,0xF0,0xFF,0x1F,0x7F,0xF3,0xCF,0xF0,0x07,0x80,
  0x3C,0x01,0xE0,0x0F,0x00,0x79,0xE3,0xFF,0x9F,0x1E,0xF0,0xF7,0x83,0xFC,0x1F,0xE0,0xFF,0x07,0xF8,0x7B,0xE3,0xDF,0xFC,0xF3,
  0xC0,0x0F,0x87,0xFD,0xF0,0x7C,0x0F,0x01,0xE0,0x3C,0x07,0x80,0xF8,0x0F,0x80,0xFF,0x87,0xC0,0x00,0x78,0x03,0xC0,0x1E,0x00,
  0xF0,0x07,0x8F,0x3C,0xFF,0xEF,0x1F,0xF0,0x7F,0x83,0xFC,0x1F,0xE0,0xFF,0x07,0xF8,0x3D,0xE3,0xE7,0xFF,0x1E,0x78,0x0F,0x81,
  0xFF,0x1E,0x3D,0xE0,0xEF,0x07,0xFF,0xFF,0xFF,0xFE,0x00,0xF0,0x03,0xC0,0x8F,0xFC,0x1F,0x80,0x0F,0xC7,0xF1,0xE0,0xF0,0x3C,
  0x3F,0xEF,0xF8,0xF0,0x3C,0x0F,0x03,0xC0,0xF0,0x3C,0x0F,0x03,0xC0,0xF0,0x3C,0x00,0x1E,0x79,0xFF,0xDE,0x3F,0xE0,0xFF,0x07,
  0xF8,0x3F,0xC1,0xFE,0x0F,0xF0,0x7B,0xC7,0xCF,0xFE,0x3C,0xF0,0x07,0x80,0x78,0x87,0xCF,0xFC,0x1F,0x80,0xF0,0x0F,0x00,0xF0,
  0x0F,0x00,0xF0,0x0F,0x3C,0xFF,0xEF,0x9F,0xF0,0xFF,0x0F,0xF0,0xFF,0x0F,0xF0,0xFF,0x0F,0xF0,0xFF,0x0F,0xF0,0xF0,0xFF,0xFF,
  0x0F,0xFF,0xFF,0xFF,0xFF,0xFF,0xF0,0x1E,0x3C,0x78,0xF0,0x03,0xC7,0x8F,0x1E,0x3C,0x78,0xF1,0xE3,0xC7,0x8F,0x1E,0x3C,0x79,
  0xEF,0xDF,0x00,0xF0,0x07,0x80,0x3C,0x01,0xE0,0x0F,0x00,0x78,0x7B,0xC7,0x9E,0x78,0xF7,0x87,0xF8,0x3F,0x81,0xFE,0x0F,0xF8,
  0x7B,0xE3,0xCF,0x9E,0x3E,0xF0,0xF8,0xFF,0xFF,0xFF,0xFF,0xFF,0xFF,0xFF,0xFF,0xF0,0xF7,0x87,0x9F,0xFF,0xFB,0xE7,0xE7,0xF8,
  0xF8,0xFF,0x0F,0x1F,0xE1,0xC3,0xFC,0x38,0x7F,0x87,0x0F,0xF0,0xE1,0xFE,0x1C,0x3F,0xC3,0x87,0xF8,0x70,0xF0,0xF3,0xCF,0xFE,
  0xF9,0xFF,0x0F,0xF0,0xFF,0x0F,0xF0,0xFF,0x0F,0xF0,0xFF,0x0F,0xF0,0xFF,0x0F,0x0F,0xC1,0xFF,0x1E,0x3D,0xE0,0xFF,0x07,0xF8,
  0x3F,0xC1,0xFE,0x0F,0xF0,0x7B,0xC7,0x8F,0xF8,0x1F,0x80,0xF3,0xC7,0xFF,0x3E,0x3D,0xE1,0xEF,0x07,0xF8,0x3F,0xC1,0xFE,0x0F,
  0xF0,0xF7,0xC7,0xBF,0xF9,0xE7,0x8F,0x00,0x78,0x03,0xC0,0x1E,0x00,0xF0,0x00,0x1E,0x79,0xFF,0xDE,0x3F,0xE0,0xFF,0x07,0xF8,
  0x3F,0xC1,0xFE,0x0F,0xF0,0x7B,0xC7,0xCF,0xFE,0x3C,0xF0,0x07,0x80,0x3C,0x01,0xE0,0x0F,0x00,0x78,0xF7,0xFF,0xFE,0x1E,0x0F,
  0x07,0x83,0xC1,0xE0,0xF0,0x78,0x3C,0x1E,0x00,0x3F,0x8F,0xFB,0xC1,0x78,0x0F,0xE0,0xFF,0x8F,0xF8,0x3F,0x01,0xF8,0x3F,0xFF,
  0x1F,0xC0,0x3C,0x0F,0x03,0xC3,0xFF,0xFF,0xCF,0x03,0xC0,0xF0,0x3C,0x0F,0x03,0xC0,0xF0,0x3C,0x07,0xF0,0xFC,0xF0,0xFF,0x0F,
  0xF0,0xFF,0x0F,0xF0,0xFF,0x0F,0xF0,0xFF,0x0F,0xF0,0xFF,0x1F,0xFE,0xF3,0xCF,0xE0,0x7F,0x83,0xBC,0x3C,0xE1,0xE7,0x8E,0x3C,
  0xF0,0xF7,0x07,0xF8,0x1F,0xC0,0xFC,0x07,0xE0,0x1E,0x00,0xF1,0xE1,0xFC,0x78,0xFF,0x1E,0x3D,0xC7,0xCF,0x7B,0xF3,0x9E,0xED,
  0xE7,0xB3,0x78,0xFC,0xFE,0x3F,0x3F,0x0F,0xC7,0xC1,0xF1,0xF0,0x78,0x7C,0xF0,0xF7,0x8F,0x79,0xE3,0xFC,0x1F,0x80,0xF8,0x1F,
  0x81,0xFC,0x3F,0xC7,0x9E,0xF0,0xFF,0x0F,0xF0,0x3D,0xE0,0xE7,0x87,0x8E,0x1E,0x3C,0x70,0x73,0xC1,0xEF,0x07,0xF8,0x0F,0xE0,
  0x3F,0x00,0x7C,0x01,0xF0,0x07,0x80,0x1E,0x00,0x78,0x0F,0xC0,0x3E,0x00,0xFF,0xFF,0xFC,0x0F,0x83,0xE0,0xF8,0x3E,0x0F,0xC3,
  0xF0,0x7C,0x1F,0x03,0xFF,0xFF,0xF0,0x07,0xC3,0xF1,0xE0,0x78,0x1E,0x07,0x81,0xE0,0x78,0x3C,0x3F,0x0F,0xC0,0xF0,0x1E,0x07,
  0x81,0xE0,0x78,0x1E,0x07,0x80,0xFC,0x1F,0xFF,0xFF,0xFF,0xFF,0xFF,0xF0,0xF8,0x3F,0x03,0xC0,0x78,0x1E,0x07,0x81,0xE0,0x78,
  0x1E,0x03,0xF0,0xFC,0x7C,0x1E,0x07,0x81,0xE0,0x78,0x1E,0x0F,0x0F,0xC3,0xE0,0x3E,0x07,0xFF,0xFF,0xFF,0xF0,0x7E,0x1C,0x1F,
  0x1F,0xDF,0xFD,0xD8,0xE0,0x70,0x38,0x1C,0x0E,0x07,0x03,0x81,0xC0,0xE0,0x70,0x38,0x1C,0x0E,0x07,0x03,0x81,0xC0,0xE0,0x70,
  0x38,0x1C,0x0E,0x07,0x1B,0xBF,0xFB,0xF8,0xF8,0x38,0x38,0xFB,0x1E,0x3C,0x6F,0x8E,0x00,0xFF,0xFF,0xF1,0xE3,0xFC,0x78,0xFF,
  0x1E,0x3F,0xC7,0x8F,0x1D,0xC1,0xDC,0x1D,0xC0,0x00,0x00,0x01,0xF8,0x7F,0xE4,0x0F,0x00,0xF3,0xFF,0x7F,0xFF,0x8F,0xF0,0xFF,
  0x0F,0xF1,0xF7,0xFF,0x3C,0xF0,0x1D,0xC0,0xEE,0x07,0x70,0x00,0x00,0x00,0x07,0xE0,0xFF,0x8F,0x1E,0xF0,0x7F,0x83,0xFC,0x1F,
  0xE0,0xFF,0x07,0xF8,0x3D,0xE3,0xC7,0xFC,0x0F,0xC0,0x07,0x00,0xF8,0x08,0x80,0x88,0x0F,0x80,0x70,0x00,0x00,0x00,0x1F,0x87,
  0xFE,0x40,0xF0,0x0F,0x3F,0xF7,0xFF,0xF8,0xFF,0x0F,0xF0,0xFF,0x1F,0x7F,0xF3,0xCF,0x07,0x70,0x03,0xB8,0x01,0xDC,0x00,0x00,
  0x00,0x00,0x00,0x1F,0x00,0x1F,0xC0,0x0F,0xE0,0x07,0xF0,0x07,0xBC,0x03,0xDE,0x01,0xEF,0x01,0xE3,0xC0,0xF1,0xE0,0x70,0x78,
  0x7F,0xFC,0x3F,0xFE,0x3C,0x07,0x9E,0x03,0xCF,0x01,0xEF,0x00,0x78,0x06,0x70,0x03,0x38,0x01,0x9C,0x00,0x00,0x00,0x00,0x00,
  0x3F,0x80,0x7F,0xF0,0x7C,0x7C,0x78,0x1E,0x3C,0x07,0xBE,0x03,0xDE,0x01,0xEF,0x00,0xFF,0x80,0x7F,0xC0,0x3D,0xF0,0x1E,0x78,
  0x0F,0x3C,0x0F,0x0F,0x8F,0x83,0xFF,0x80,0x7F,0x00,0x01,0xC0,0x01,0xF0,0x00,0x88,0x00,0x44,0x00,0x3E,0x00,0x3F,0x80,0x1F,
  0xC0,0x0F,0xE0,0x0F,0x78,0x07,0xBC,0x03,0xDE,0x03,0xC7,0x81,0xE3,0xC0,0xE0,0xF0,0xFF,0xF8,0x7F,0xFC,0x78,0x0F,0x3C,0x07,
  0x9E,0x03,0xDE,0x00,0xF0,0x31,0x87,0x60,0x7C,0x07,0x00,0x00,0x00,0x0F,0xE3,0xFE,0xF0,0x5E,0x03,0xF8,0x3F,0xE3,0xFE,0x0F,
  0xC0,0x7E,0x0F,0xFF,0xC7,0xF0,0x31,0x81,0xB8,0x0F,0x00,0x00,0x00,0x01,0xFE,0x7F,0xEF,0x0E,0xE0,0x2E,0x00,0xF0,0x0F,0xE0,
  0xFF,0xC7,0xFE,0x0F,0xF0,0x1F,0x00,0xF8,0x0F,0xE1,0xFF,0xFE,0x7F,0x80,0x31,0x87,0x60,0x7C,0x07,0x00,0x00,0x00,0x3F,0xFF,
  0xFF,0x03,0xE0,0xF8,0x3E,0x0F,0x83,0xF0,0xFC,0x1F,0x07,0xC0,0xFF,0xFF,0xFC,0x18,0xC0,0x37,0x00,0x78,0x00,0x00,0x00,0x03,
  0xFF,0xFF,0xFF,0xC0,0x3F,0x01,0xF8,0x07,0xC0,0x3F,0x01,0xF8,0x0F,0xC0,0x3E,0x01,0xF8,0x0F,0xC0,0x7E,0x01,0xF0,0x0F,0x80,
  0x3F,0xFF,0xFF,0xFC,
};
const GFXglyph F_B22_gly[] PROGMEM = {
  {0,0,0,8,0,0},
  {0,4,16,10,3,-16},
  {8,7,6,11,2,-16},
  {14,16,16,18,1,-16},
  {46,12,19,15,2,-16},
  {75,20,16,22,1,-16},
  {115,17,16,19,1,-16},
  {149,3,6,7,2,-16},
  {152,6,20,10,2,-17},
  {167,6,20,10,2,-17},
  {182,10,10,12,1,-16},
  {195,14,13,18,2,-13},
  {218,5,7,8,1,-4},
  {223,7,3,9,1,-8},
  {226,4,4,8,2,-4},
  {228,8,18,8,0,-16},
  {246,13,16,15,1,-16},
  {272,12,16,15,2,-16},
  {296,11,16,15,2,-16},
  {318,13,16,15,1,-16},
  {344,13,16,15,1,-16},
  {370,12,16,15,2,-16},
  {394,13,16,15,1,-16},
  {420,13,16,15,1,-16},
  {446,13,16,15,1,-16},
  {472,13,16,15,1,-16},
  {498,4,12,9,2,-12},
  {504,4,15,9,2,-12},
  {512,14,12,18,2,-13},
  {533,14,8,18,2,-11},
  {547,14,12,18,2,-13},
  {568,9,16,13,2,-16},
  {586,19,19,22,1,-16},
  {632,17,16,17,0,-16},
  {666,13,16,17,2,-16},
  {692,14,16,16,1,-16},
  {720,15,16,18,2,-16},
  {750,11,16,15,2,-16},
  {772,11,16,15,2,-16},
  {794,15,16,18,1,-16},
  {824,14,16,18,2,-16},
  {852,4,16,8,2,-16},
  {860,7,20,8,-1,-16},
  {878,15,16,17,2,-16},
  {908,11,16,14,2,-16},
  {930,18,16,22,2,-16},
  {966,14,16,18,2,-16},
  {994,17,16,19,1,-16},
  {1028,13,16,16,2,-16},
  {1054,17,19,19,1,-16},
  {1095,14,16,17,2,-16},
  {1123,12,16,16,2,-16},
  {1147,15,16,15,0,-16},
  {1177,14,16,18,2,-16},
  {1205,17,16,17,0,-16},
  {1239,22,16,24,1,-16},
  {1283,15,16,17,1,-16},
  {1313,16,16,16,0,-16},
  {1345,14,16,16,1,-16},
  {1373,7,20,10,2,-17},
  {1391,8,18,8,0,-16},
  {1409,7,20,10,1,-17},
  {1427,13,6,18,3,-16},
  {1437,11,2,11,0,3},
  {1440,5,4,11,2,-18},
  {1443,12,12,15,1,-12},
  {1461,13,17,16,2,-17},
  {1489,11,12,13,1,-12},
  {1506,13,17,16,1,-17},
  {1534,13,12,15,1,-12},
  {1554,10,17,10,0,-17},
  {1576,13,17,16,1,-12},
  {1604,12,17,16,2,-17},
  {1630,4,17,8,2,-17},
  {1639,7,22,8,-1,-17},
  {1659,13,17,15,2,-17},
  {1687,4,17,8,2,-17},
  {1696,19,12,23,2,-12},
  {1725,12,12,16,2,-12},
  {1743,13,12,15,1,-12},
  {1763,13,17,16,2,-12},
  {1791,13,17,16,1,-12},
  {1819,9,12,11,2,-12},
  {1833,11,12,13,1,-12},
  {1850,10,15,11,0,-15},
  {1869,12,12,16,2,-12},
  {1887,13,12,14,1,-12},
  {1907,18,12,20,1,-12},
  {1934,12,12,14,1,-12},
  {1952,14,17,14,0,-12},
  {1982,11,12,13,1,-12},
  {1999,10,20,16,3,-17},
  {2024,2,22,8,3,-17},
  {2030,10,20,16,3,-17},
  {2055,14,4,18,2,-9},
  {2062,0,0,0,0,0},
  {2062,9,16,18,5,-16},
  {2080,9,16,18,5,-16},
  {2098,7,7,11,2,-16},
  {2105,4,4,8,2,-10},
  {2107,18,4,22,2,-4},
  {2116,12,17,15,1,-17},
  {2142,13,17,15,1,-17},
  {2170,12,20,15,1,-20},
  {2200,17,21,17,0,-21},
  {2245,17,21,19,1,-21},
  {2290,17,20,17,0,-20},
  {2333,11,18,13,1,-18},
  {2358,12,21,16,2,-21},
  {2390,11,18,13,1,-18},
  {2415,14,21,16,1,-21},
};
const GFXfont F_B22 PROGMEM = {(uint8_t*)F_B22_bmp, (GFXglyph*)F_B22_gly, 0x20, 0x8E, 27};
#define F_B22_ASC 21

const uint8_t F_B26_bmp[] PROGMEM = {
  0xFF,0xFF,0xFF,0xFF,0xFF,0xFF,0x00,0xFF,0xFF,0xF0,0xE3,0xF1,0xF8,0xFC,0x7E,0x3F,0x1F,0x8E,0x01,0x87,0x00,0xE1,0x80,0x38,
  0xE0,0x0E,0x38,0x03,0x0E,0x1F,0xFF,0xF7,0xFF,0xFD,0xFF,0xFF,0x07,0x1C,0x03,0x86,0x00,0xE3,0x83,0xFF,0xFE,0xFF,0xFF,0xBF,
  0xFF,0xE1,0xC7,0x00,0x71,0xC0,0x1C,0x70,0x0E,0x18,0x03,0x8E,0x00,0x03,0x00,0x0C,0x00,0x30,0x03,0xF8,0x3F,0xF9,0xFF,0xEF,
  0xB1,0xBC,0xC0,0xF3,0x03,0xFC,0x07,0xFE,0x1F,0xFE,0x1F,0xFC,0x0F,0xF0,0x33,0xC0,0xCF,0xC3,0x3F,0xFF,0xFF,0xFF,0x8F,0xF8,
  0x03,0x00,0x0C,0x00,0x30,0x00,0xC0,0x3E,0x00,0xE0,0x7F,0x80,0xC0,0xF3,0x81,0xC0,0xE1,0xC3,0x80,0xE1,0xC3,0x80,0xE1,0xC7,
  0x00,0xE1,0xCE,0x00,0xF3,0x8E,0x00,0x7F,0x9C,0x00,0x3E,0x18,0x7C,0x00,0x39,0xFE,0x00,0x71,0xCF,0x00,0x73,0x87,0x00,0xE3,
  0x87,0x00,0xC3,0x87,0x01,0xC3,0x87,0x03,0x81,0xCF,0x03,0x01,0xFE,0x07,0x00,0x7C,0x07,0xF0,0x01,0xFF,0x00,0x7F,0xE0,0x0F,
  0x0C,0x03,0xE0,0x00,0x3C,0x00,0x07,0xC0,0x00,0xFC,0x00,0x3F,0xC1,0xEF,0xFC,0x3B,0xEF,0xCF,0x78,0xFD,0xEF,0x0F,0xFD,0xE0,
  0xFF,0x3E,0x0F,0xC7,0xE1,0xF8,0x7F,0xFF,0x87,0xFF,0xF8,0x3F,0x8F,0x80,0xFF,0xFF,0xF8,0x0F,0x1E,0x1E,0x3C,0x3C,0x78,0x78,
  0x78,0x78,0xF8,0xF8,0xF8,0xF8,0xF8,0x78,0x78,0x78,0x78,0x3C,0x3C,0x1E,0x1E,0x0F,0xF0,0x78,0x78,0x3C,0x3C,0x3E,0x1E,0x1E,
  0x1E,0x1E,0x1F,0x1F,0x1F,0x1E,0x1E,0x1E,0x1E,0x3E,0x3C,0x3C,0x78,0x78,0xF0,0x06,0x00,0x60,0x86,0x2E,0x6F,0x7F,0xE1,0xF8,
  0x1F,0x87,0xFE,0xE6,0xF8,0x62,0x06,0x00,0x60,0x03,0x80,0x03,0x80,0x03,0x80,0x03,0x80,0x03,0x80,0x03,0x80,0x03,0x80,0xFF,
  0xFF,0xFF,0xFF,0xFF,0xFF,0x03,0x80,0x03,0x80,0x03,0x80,0x03,0x80,0x03,0x80,0x03,0x80,0x03,0x80,0x7B,0xDE,0xF7,0xFB,0xDC,
  0xC0,0xFF,0xFF,0xFF,0xFF,0xFF,0xFF,0xF0,0x01,0x81,0xC0,0xE0,0x60,0x70,0x38,0x18,0x1C,0x0E,0x06,0x07,0x03,0x81,0xC1,0xC0,
  0xE0,0x70,0x70,0x38,0x1C,0x1C,0x0E,0x00,0x07,0xE0,0x1F,0xF8,0x3F,0xFC,0x3E,0x7C,0x7C,0x3E,0x78,0x1E,0x78,0x1F,0xF8,0x1F,
  0xF8,0x1F,0xF8,0x1F,0xF8,0x1F,0xF8,0x1F,0x78,0x1F,0x78,0x1E,0x7C,0x3E,0x3E,0x7C,0x3F,0xFC,0x1F,0xF8,0x07,0xE0,0x3F,0x87,
  0xFC,0x3F,0xE1,0x9F,0x00,0xF8,0x07,0xC0,0x3E,0x01,0xF0,0x0F,0x80,0x7C,0x03,0xE0,0x1F,0x00,0xF8,0x07,0xC0,0x3E,0x01,0xF0,
  0xFF,0xFF,0xFF,0xFF,0xFE,0x3F,0xC3,0xFF,0xCF,0xFF,0xB8,0x7E,0x80,0xFC,0x01,0xF0,0x07,0xC0,0x3E,0x00,0xF8,0x07,0xC0,0x3E,
  0x01,0xF0,0x0F,0x80,0x7C,0x03,0xE0,0x1F,0x00,0xFF,0xFF,0xFF,0xFF,0xFF,0xC0,0x3F,0xC1,0xFF,0xC7,0xFF,0x90,0x7E,0x00,0xFC,
  0x01,0xE0,0x0F,0x80,0x7E,0x1F,0xE0,0x7F,0x81,0xFF,0x80,0x3E,0x00,0x7C,0x01,0xF0,0x07,0xF0,0x3F,0xFF,0xFB,0xFF,0xC3,0xFC,
  0x00,0x01,0xF8,0x01,0xF8,0x03,0xF8,0x07,0xF8,0x07,0xF8,0x0F,0x78,0x1E,0x78,0x1C,0x78,0x3C,0x78,0x78,0x78,0xF0,0x78,0xF0,
  0x78,0xFF,0xFF,0xFF,0xFF,0xFF,0xFF,0x00,0x78,0x00,0x78,0x00,0x78,0x00,0x78,0x7F,0xF9,0xFF,0xE7,0xFF,0x9E,0x00,0x78,0x01,
  0xE0,0x07,0xFC,0x1F,0xFC,0x7F,0xF9,0x03,0xF0,0x07,0xC0,0x1F,0x00,0x7C,0x01,0xF0,0x07,0xF0,0x3F,0xFF,0xFB,0xFF,0xC3,0xFC,
  0x00,0x07,0xF0,0x3F,0xF0,0xFF,0xE3,0xF0,0x47,0x80,0x1F,0x00,0x3C,0xF8,0x7F,0xFC,0xFF,0xFD,0xF8,0xFB,0xE0,0xF7,0xC1,0xFF,
  0x83,0xFF,0x07,0xFE,0x0F,0x3E,0x3E,0x3F,0xF8,0x3F,0xE0,0x3F,0x00,0xFF,0xFF,0xFF,0xFF,0xFF,0xC0,0x1F,0x00,0xF8,0x03,0xE0,
  0x1F,0x00,0x7C,0x03,0xE0,0x0F,0x80,0x3E,0x01,0xF0,0x07,0xC0,0x3E,0x00,0xF8,0x07,0xC0,0x1F,0x00,0x78,0x03,0xE0,0x00,0x1F,
  0xE0,0xFF,0xE7,0xFF,0xBF,0x1F,0xF8,0x7F,0xE1,0xFF,0x87,0xDF,0x1E,0x3F,0xF0,0x7F,0x87,0xFF,0xBE,0x1F,0xF0,0x3F,0xC0,0xFF,
  0x03,0xFE,0x1F,0xFF,0xFD,0xFF,0xE1,0xFE,0x00,0x07,0xE0,0x3F,0xE0,0xFF,0xE3,0xE3,0xE7,0x83,0xFF,0x07,0xFE,0x0F,0xFC,0x1F,
  0x78,0x3E,0xF8,0xFD,0xFF,0xF9,0xFF,0xF0,0xF9,0xE0,0x07,0xC0,0x0F,0x10,0x7E,0x3F,0xF8,0x7F,0xE0,0x7F,0x00,0xFF,0xFF,0xF0,
  0x00,0x0F,0xFF,0xFF,0x7B,0xDE,0xF7,0x80,0x00,0x03,0xDE,0xF7,0xBD,0xFE,0xE7,0x00,0x00,0x01,0x00,0x0F,0x00,0x7F,0x01,0xFE,
  0x0F,0xF0,0x7F,0xC0,0xFE,0x00,0xF8,0x00,0xFE,0x00,0x7F,0xC0,0x0F,0xF0,0x03,0xFE,0x00,0x7F,0x00,0x0F,0x00,0x01,0xFF,0xFF,
  0xFF,0xFF,0xFF,0xFF,0x00,0x00,0x00,0x00,0x00,0x00,0xFF,0xFF,0xFF,0xFF,0xFF,0xFF,0x80,0x00,0xF0,0x00,0xFE,0x00,0x7F,0x80,
  0x1F,0xF0,0x03,0xFE,0x00,0x7F,0x00,0x1F,0x00,0x7F,0x03,0xFE,0x1F,0xF0,0x7F,0x80,0xFE,0x00,0xF0,0x00,0x80,0x00,0xFF,0x1F,
  0xFB,0xFF,0xC1,0xF0,0x1E,0x07,0xC0,0xF8,0x3E,0x0F,0x83,0xE0,0x78,0x1F,0x00,0x00,0x00,0x0F,0x81,0xF0,0x3E,0x07,0xC0,0xF8,
  0x00,0x00,0xFE,0x00,0x0F,0xFE,0x00,0xF0,0x3E,0x07,0x00,0x3C,0x38,0x00,0x71,0xC0,0x00,0xE6,0x0F,0xB1,0xB8,0x7F,0xC7,0xE3,
  0xCF,0x0F,0x0E,0x1C,0x3C,0x38,0x70,0xF0,0xE1,0xC3,0xC3,0x87,0x1F,0x0E,0x1C,0x6E,0x3C,0xF3,0xB8,0x7F,0xFC,0x60,0xFB,0xC1,
  0xC0,0x00,0x03,0x80,0x00,0x07,0x00,0x20,0x0F,0x03,0xC0,0x1F,0xFE,0x00,0x0F,0xE0,0x00,0x01,0xF8,0x00,0x1F,0xC0,0x03,0xFC,
  0x00,0x3F,0xC0,0x07,0xFE,0x00,0x7F,0xE0,0x07,0x9E,0x00,0xF9,0xF0,0x0F,0x9F,0x00,0xF0,0xF0,0x1F,0x0F,0x81,0xF0,0xF8,0x1F,
  0xFF,0xC3,0xFF,0xFC,0x3F,0xFF,0xC7,0xC0,0x3E,0x7C,0x03,0xE7,0x80,0x1E,0xF8,0x01,0xF0,0xFF,0xF0,0xFF,0xFC,0xFF,0xFE,0xF8,
  0x3E,0xF8,0x3E,0xF8,0x3E,0xF8,0x3E,0xFF,0xFC,0xFF,0xF8,0xFF,0xFE,0xF8,0x3E,0xF8,0x1F,0xF8,0x1F,0xF8,0x1F,0xF8,0x1F,0xF8,
  0x3F,0xFF,0xFE,0xFF,0xFC,0xFF,0xF0,0x01,0xFC,0x07,0xFF,0x1F,0xFF,0x3F,0x83,0x3E,0x00,0x7C,0x00,0x7C,0x00,0xFC,0x00,0xF8,
  0x00,0xF8,0x00,0xF8,0x00,0xFC,0x00,0x7C,0x00,0x7C,0x00,0x3E,0x00,0x3F,0x83,0x1F,0xFF,0x07,0xFF,0x01,0xFC,0xFF,0xE0,0x3F,
  0xFF,0x0F,0xFF,0xE3,0xE0,0xFC,0xF8,0x1F,0xBE,0x03,0xEF,0x80,0x7F,0xE0,0x1F,0xF8,0x07,0xFE,0x01,0xFF,0x80,0x7F,0xE0,0x1F,
  0xF8,0x07,0xFE,0x03,0xEF,0x81,0xFB,0xE0,0xFC,0xFF,0xFE,0x3F,0xFF,0x0F,0xFE,0x00,0xFF,0xFF,0xFF,0xFF,0xFF,0xFE,0x00,0xF8,
  0x03,0xE0,0x0F,0x80,0x3F,0xFE,0xFF,0xFB,0xFF,0xEF,0x80,0x3E,0x00,0xF8,0x03,0xE0,0x0F,0x80,0x3E,0x00,0xFF,0xFF,0xFF,0xFF,
  0xFF,0xC0,0xFF,0xFF,0xFF,0xFF,0xFF,0xFE,0x00,0xF8,0x03,0xE0,0x0F,0x80,0x3F,0xFE,0xFF,0xFB,0xFF,0xEF,0x80,0x3E,0x00,0xF8,
  0x03,0xE0,0x0F,0x80,0x3E,0x00,0xF8,0x03,0xE0,0x0F,0x80,0x00,0x01,0xFE,0x01,0xFF,0xF1,0xFF,0xFC,0xFE,0x0F,0x3E,0x00,0x5F,
  0x00,0x07,0xC0,0x03,0xF0,0x00,0xF8,0x1F,0xFE,0x07,0xFF,0x81,0xFF,0xF0,0x0F,0x7C,0x03,0xDF,0x00,0xF3,0xE0,0x3C,0xFE,0x0F,
  0x1F,0xFF,0xC1,0xFF,0xF0,0x1F,0xE0,0xF8,0x0F,0xFC,0x07,0xFE,0x03,0xFF,0x01,0xFF,0x80,0xFF,0xC0,0x7F,0xE0,0x3F,0xFF,0xFF,
  0xFF,0xFF,0xFF,0xFF,0xFE,0x03,0xFF,0x01,0xFF,0x80,0xFF,0xC0,0x7F,0xE0,0x3F,0xF0,0x1F,0xF8,0x0F,0xFC,0x07,0xFE,0x03,0xE0,
  0xFF,0xFF,0xFF,0xFF,0xFF,0xFF,0xFF,0xFF,0xFF,0xFF,0xFF,0xFE,0x1F,0x1F,0x1F,0x1F,0x1F,0x1F,0x1F,0x1F,0x1F,0x1F,0x1F,0x1F,
  0x1F,0x1F,0x1F,0x1F,0x1F,0x1F,0x1F,0x1F,0x3F,0xFE,0xFC,0xF0,0xF8,0x0F,0xBE,0x07,0xCF,0x83,0xE3,0xE1,0xF0,0xF8,0xF8,0x3E,
  0x7C,0x0F,0xFE,0x03,0xFF,0x00,0xFF,0x80,0x3F,0xE0,0x0F,0xFC,0x03,0xFF,0x80,0xFB,0xF0,0x3E,0x7E,0x0F,0x8F,0xC3,0xE1,0xF8,
  0xF8,0x3F,0x3E,0x07,0xEF,0x80,0xFC,0xF8,0x03,0xE0,0x0F,0x80,0x3E,0x00,0xF8,0x03,0xE0,0x0F,0x80,0x3E,0x00,0xF8,0x03,0xE0,
  0x0F,0x80,0x3E,0x00,0xF8,0x03,0xE0,0x0F,0x80,0x3E,0x00,0xFF,0xFF,0xFF,0xFF,0xFF,0xC0,0xFE,0x01,0xFF,0xF0,0x0F,0xFF,0xC0,
  0xFF,0xFE,0x07,0xFF,0xF8,0x7F,0xFF,0xC3,0xFF,0xEE,0x3D,0xFF,0x79,0xEF,0xF9,0xCE,0x7F,0xCF,0xF3,0xFE,0x7F,0x1F,0xF1,0xF8,
  0xFF,0x8F,0xC7,0xFC,0x3C,0x3F,0xE1,0xE1,0xFF,0x00,0x0F,0xF8,0x00,0x7F,0xC0,0x03,0xFE,0x00,0x1E,0xFC,0x07,0xFF,0x03,0xFF,
  0x81,0xFF,0xE0,0xFF,0xF0,0x7F,0xFC,0x3F,0xFE,0x1F,0xF7,0x8F,0xFB,0xC7,0xFC,0xF3,0xFE,0x79,0xFF,0x1E,0xFF,0x8F,0xFF,0xC3,
  0xFF,0xE0,0xFF,0xF0,0x7F,0xF8,0x1F,0xFC,0x0F,0xFE,0x03,0xE0,0x01,0xFC,0x00,0xFF,0xF0,0x1F,0xFF,0x83,0xF0,0xFC,0x7E,0x07,
  0xE7,0xC0,0x3E,0x7C,0x03,0xEF,0xC0,0x1F,0xF8,0x01,0xFF,0x80,0x1F,0xF8,0x01,0xFF,0xC0,0x1F,0x7C,0x03,0xE7,0xC0,0x3E,0x7E,
  0x07,0xE3,0xF0,0xFC,0x1F,0xFF,0x80,0xFF,0xF0,0x03,0xFC,0x00,0xFF,0xF0,0xFF,0xFC,0xFF,0xFE,0xF8,0x3E,0xF8,0x1F,0xF8,0x1F,
  0xF8,0x1F,0xF8,0x1F,0xF8,0x3E,0xFF,0xFE,0xFF,0xFC,0xFF,0xF0,0xF8,0x00,0xF8,0x00,0xF8,0x00,0xF8,0x00,0xF8,0x00,0xF8,0x00,
  0xF8,0x00,0x01,0xFC,0x00,0xFF,0xF0,0x1F,0xFF,0x83,0xF0,0xFC,0x7E,0x07,0xE7,0xC0,0x3E,0x7C,0x03,0xEF,0xC0,0x1F,0xF8,0x01,
  0xFF,0x80,0x1F,0xF8,0x01,0xFF,0xC0,0x1F,0x7C,0x03,0xE7,0xC0,0x3E,0x7E,0x07,0xE3,0xF0,0xFC,0x1F,0xFF,0x80,0xFF,0xF0,0x01,
  0xFE,0x00,0x01,0xE0,0x00,0x0F,0x00,0x00,0x78,0x00,0x07,0xC0,0xFF,0xF0,0x7F,0xFE,0x3F,0xFF,0x1F,0x0F,0xCF,0x83,0xE7,0xC1,
  0xF3,0xE0,0xF9,0xF0,0x7C,0xF8,0x7C,0x7F,0xFC,0x3F,0xFC,0x1F,0xFF,0x0F,0x8F,0xC7,0xC3,0xF3,0xE0,0xF9,0xF0,0x3E,0xF8,0x1F,
  0x7C,0x07,0xFE,0x03,0xE0,0x0F,0xF0,0x7F,0xF9,0xFF,0xF7,0xC1,0xEF,0x00,0x1E,0x00,0x3E,0x00,0x7F,0x00,0x7F,0xE0,0xFF,0xF0,
  0x7F,0xF0,0x1F,0xF0,0x07,0xE0,0x07,0xE0,0x0F,0xF8,0x3E,0xFF,0xFD,0xFF,0xF0,0x7F,0x80,0xFF,0xFF,0xFF,0xFF,0xFF,0xFF,0xFC,
  0x0F,0x80,0x03,0xE0,0x00,0xF8,0x00,0x3E,0x00,0x0F,0x80,0x03,0xE0,0x00,0xF8,0x00,0x3E,0x00,0x0F,0x80,0x03,0xE0,0x00,0xF8,
  0x00,0x3E,0x00,0x0F,0x80,0x03,0xE0,0x00,0xF8,0x00,0x3E,0x00,0xF8,0x0F,0xFC,0x07,0xFE,0x03,0xFF,0x01,0xFF,0x80,0xFF,0xC0,
  0x7F,0xE0,0x3F,0xF0,0x1F,0xF8,0x0F,0xFC,0x07,0xFE,0x03,0xFF,0x01,0xFF,0x80,0xFB,0xC0,0x7D,0xF0,0x7C,0xFC,0x7E,0x3F,0xFE,
  0x0F,0xFE,0x01,0xFC,0x00,0xF8,0x01,0xF7,0xC0,0x1E,0x7C,0x03,0xE7,0xC0,0x3E,0x3E,0x07,0xC3,0xE0,0x7C,0x1E,0x07,0xC1,0xF0,
  0xF8,0x1F,0x0F,0x80,0xF0,0xF0,0x0F,0x9F,0x00,0xF9,0xF0,0x07,0xDE,0x00,0x7F,0xE0,0x07,0xFE,0x00,0x3F,0xC0,0x03,0xFC,0x00,
  0x1F,0xC0,0x01,0xF8,0x00,0xF8,0x1F,0x03,0xFF,0x03,0xE0,0x7F,0xE0,0xFC,0x0F,0x3C,0x1F,0xC3,0xE7,0xC3,0xF8,0x7C,0xF8,0x7F,
  0x0F,0x9F,0x1E,0xE1,0xE1,0xE3,0xDC,0x7C,0x3C,0x73,0xCF,0x87,0xCE,0x39,0xF0,0xF9,0xC7,0x3C,0x0F,0x78,0xEF,0x81,0xEE,0x1F,
  0xF0,0x3F,0xC3,0xFE,0x07,0xF8,0x3F,0x80,0xFF,0x07,0xF0,0x0F,0xE0,0xFE,0x01,0xF8,0x1F,0xC0,0x3F,0x01,0xF8,0x00,0xF8,0x07,
  0xDF,0x03,0xE7,0xE1,0xF8,0xF8,0x7C,0x1F,0x3E,0x07,0xFF,0x80,0xFF,0xC0,0x1F,0xE0,0x03,0xF0,0x00,0xFC,0x00,0x7F,0x80,0x1F,
  0xE0,0x0F,0xFC,0x07,0xCF,0x81,0xF3,0xE0,0xF8,0x7C,0x7C,0x0F,0x9F,0x03,0xFF,0x80,0x7C,0xF8,0x07,0xEF,0x80,0xF9,0xF8,0x3E,
  0x1F,0x0F,0xC1,0xF1,0xF0,0x3F,0x7C,0x03,0xFF,0x80,0x3F,0xE0,0x07,0xF8,0x00,0x7F,0x00,0x07,0xC0,0x00,0xF8,0x00,0x1F,0x00,
  0x03,0xE0,0x00,0x7C,0x00,0x0F,0x80,0x01,0xF0,0x00,0x3E,0x00,0x07,0xC0,0x00,0xFF,0xFF,0x7F,0xFF,0xBF,0xFF,0xC0,0x07,0xE0,
  0x07,0xE0,0x07,0xE0,0x03,0xF0,0x03,0xF0,0x03,0xF0,0x03,0xF0,0x03,0xF8,0x01,0xF8,0x01,0xF8,0x01,0xF8,0x01,0xF8,0x01,0xFC,
  0x00,0xFF,0xFF,0xFF,0xFF,0xFF,0xFF,0xE0,0xFF,0xFF,0xFF,0xF8,0xF8,0xF8,0xF8,0xF8,0xF8,0xF8,0xF8,0xF8,0xF8,0xF8,0xF8,0xF8,
  0xF8,0xF8,0xF8,0xF8,0xFF,0xFF,0xFF,0xE0,0x70,0x1C,0x0E,0x07,0x01,0xC0,0xE0,0x70,0x1C,0x0E,0x07,0x01,0x80,0xE0,0x70,0x18,
  0x0E,0x07,0x01,0x80,0xE0,0x70,0x18,0xFF,0xFF,0xFF,0x1F,0x1F,0x1F,0x1F,0x1F,0x1F,0x1F,0x1F,0x1F,0x1F,0x1F,0x1F,0x1F,0x1F,
  0x1F,0x1F,0x1F,0xFF,0xFF,0xFF,0x03,0xC0,0x07,0xE0,0x0F,0xF0,0x1F,0xF8,0x3C,0x3C,0x78,0x1E,0xE0,0x0F,0xFF,0xFF,0xFF,0xC0,
  0xE1,0xC3,0x8E,0x1C,0x1F,0xE0,0xFF,0xF1,0xFF,0xF3,0x03,0xE0,0x03,0xC3,0xFF,0x9F,0xFF,0x3F,0xFF,0xF8,0x3F,0xF0,0x7F,0xE1,
  0xFB,0xFF,0xF7,0xFB,0xE3,0xE7,0xC0,0xF8,0x01,0xF0,0x03,0xE0,0x07,0xC0,0x0F,0x80,0x1F,0x00,0x3E,0x7C,0x7F,0xFC,0xFF,0xFD,
  0xF8,0xFF,0xE0,0xFF,0xC0,0xFF,0x81,0xFF,0x03,0xFE,0x07,0xFC,0x1F,0xFC,0x7F,0xFF,0xFB,0xFF,0xE7,0xCF,0x80,0x07,0xE0,0xFF,
  0xCF,0xFE,0xFC,0x17,0xC0,0x7C,0x03,0xE0,0x1F,0x00,0xF8,0x03,0xE0,0x1F,0x86,0x7F,0xF1,0xFF,0x83,0xF0,0x00,0x1E,0x00,0x3C,
  0x00,0x78,0x00,0xF0,0x01,0xE0,0x03,0xC3,0xE7,0x9F,0xEF,0x7F,0xFE,0xF8,0xFD,0xE0,0xFF,0xC0,0xFF,0x81,0xFF,0x03,0xFE,0x07,
  0xBC,0x1F,0x7C,0x3E,0xFF,0xFC,0xFF,0x78,0x7C,0xF0,0x07,0xE0,0x3F,0xF0,0xFF,0xF3,0xE3,0xE7,0x83,0xFF,0x03,0xFF,0xFF,0xFF,
  0xFF,0xFF,0xFE,0xF0,0x01,0xF0,0x19,0xFF,0xF1,0xFF,0xE0,0xFF,0x00,0x07,0xF0,0xFF,0x1F,0xF1,0xF0,0x1E,0x01,0xE0,0xFF,0xEF,
  0xFE,0xFF,0xE1,0xE0,0x1E,0x01,0xE0,0x1E,0x01,0xE0,0x1E,0x01,0xE0,0x1E,0x01,0xE0,0x1E,0x01,0xE0,0x0F,0x9E,0x7F,0xBD,0xFF,
  0xFB,0xE3,0xF7,0x83,0xFF,0x03,0xFE,0x07,0xFC,0x0F,0xF8,0x1E,0xF0,0x7D,0xF1,0xFB,0xFF,0xF3,0xFD,0xE1,0xF3,0xC0,0x0F,0x90,
  0x3F,0x3F,0xFC,0x7F,0xF0,0x3F,0x80,0xF8,0x03,0xE0,0x0F,0x80,0x3E,0x00,0xF8,0x03,0xE0,0x0F,0x9F,0x3F,0xFE,0xFF,0xFF,0xF1,
  0xFF,0x83,0xFE,0x0F,0xF8,0x3F,0xE0,0xFF,0x83,0xFE,0x0F,0xF8,0x3F,0xE0,0xFF,0x83,0xFE,0x0F,0xFF,0xFF,0xF0,0x03,0xFF,0xFF,
  0xFF,0xFF,0xFF,0xFF,0xFF,0xFF,0xF0,0x1F,0x1F,0x1F,0x1F,0x00,0x00,0x1F,0x1F,0x1F,0x1F,0x1F,0x1F,0x1F,0x1F,0x1F,0x1F,0x1F,
  0x1F,0x1F,0x1F,0x1F,0x1E,0xFE,0xFC,0xF8,0xF8,0x01,0xF0,0x03,0xE0,0x07,0xC0,0x0F,0x80,0x1F,0x00,0x3E,0x1F,0xFC,0x7E,0xF9,
  0xF9,0xF7,0xC3,0xFF,0x07,0xFC,0x0F,0xF8,0x1F,0xF0,0x3F,0xF0,0x7D,0xF0,0xF9,0xF1,0xF1,0xF3,0xE1,0xF7,0xC1,0xF0,0xFF,0xFF,
  0xFF,0xFF,0xFF,0xFF,0xFF,0xFF,0xFF,0xFF,0xFF,0xFF,0xF0,0xF9,0xE0,0xF1,0xFF,0xF7,0xFB,0xFF,0xFF,0xF7,0xE3,0xF1,0xFF,0x87,
  0xC3,0xFF,0x0F,0x87,0xFE,0x1F,0x0F,0xFC,0x3E,0x1F,0xF8,0x7C,0x3F,0xF0,0xF8,0x7F,0xE1,0xF0,0xFF,0xC3,0xE1,0xFF,0x87,0xC3,
  0xFF,0x0F,0x87,0xC0,0xF9,0xF3,0xFF,0xEF,0xFF,0xFF,0x1F,0xF8,0x3F,0xE0,0xFF,0x83,0xFE,0x0F,0xF8,0x3F,0xE0,0xFF,0x83,0xFE,
  0x0F,0xF8,0x3F,0xE0,0xF0,0x07,0xE0,0x1F,0xF8,0x3F,0xFC,0x7C,0x3E,0x78,0x3E,0xF8,0x1F,0xF8,0x1F,0xF8,0x1F,0xF8,0x1F,0x78,
  0x3E,0x7C,0x3E,0x3F,0xFC,0x1F,0xF8,0x07,0xE0,0xF9,0xF1,0xFF,0xF3,0xFF,0xF7,0xE3,0xFF,0x83,0xFF,0x03,0xFE,0x07,0xFC,0x0F,
  0xF8,0x1F,0xF0,0x7F,0xF1,0xFF,0xFF,0xEF,0xFF,0x9F,0x3E,0x3E,0x00,0x7C,0x00,0xF8,0x01,0xF0,0x03,0xE0,0x00,0x0F,0x9E,0x7F,
  0xBD,0xFF,0xFB,0xE3,0xF7,0x83,0xFF,0x03,0xFE,0x07,0xFC,0x0F,0xF8,0x1E,0xF0,0x7D,0xF0,0xFB,0xFF,0xF3,0xFD,0xE1,0xF3,0xC0,
  0x07,0x80,0x0F,0x00,0x1E,0x00,0x3C,0x00,0x78,0xF9,0xFF,0x7F,0xFF,0xFF,0x1F,0xC1,0xF0,0x3E,0x07,0xC0,0xF8,0x1F,0x03,0xE0,
  0x7C,0x0F,0x81,0xF0,0x00,0x1F,0xC3,0xFF,0x9F,0xFD,0xF0,0x6F,0x80,0x3F,0x81,0xFF,0xC7,0xFF,0x03,0xF8,0x03,0xD0,0x3E,0xFF,
  0xF7,0xFF,0x0F,0xE0,0x1E,0x01,0xE0,0x1E,0x01,0xE0,0xFF,0xFF,0xFF,0xFF,0xF1,0xE0,0x1E,0x01,0xE0,0x1E,0x01,0xE0,0x1E,0x01,
  0xE0,0x1F,0x01,0xFE,0x1F,0xE0,0x7E,0xF8,0x3F,0xE0,0xFF,0x83,0xFE,0x0F,0xF8,0x3F,0xE0,0xFF,0x83,0xFE,0x0F,0xF8,0x3F,0xE1,
  0xFF,0x8F,0xDF,0xFF,0x7F,0xBC,0x7C,0xF0,0xF0,0x1F,0xE0,0x7F,0xE0,0xFB,0xC1,0xE7,0xC7,0xC7,0x8F,0x0F,0x1E,0x1F,0x7C,0x1E,
  0xF0,0x3F,0xE0,0x3F,0x80,0x7F,0x00,0xFE,0x00,0xF8,0x00,0xF0,0x78,0x3F,0xE1,0xE1,0xF7,0x8F,0xC7,0x9E,0x3F,0x1E,0x78,0xFC,
  0x79,0xF3,0xF3,0xE3,0xCC,0xEF,0x0F,0x73,0xBC,0x3D,0xCE,0xF0,0xFF,0x3F,0xC1,0xF8,0x7E,0x07,0xE1,0xF8,0x1F,0x87,0xE0,0x3E,
  0x1F,0x80,0xF8,0x3E,0xF8,0xF8,0xF1,0xE1,0xF7,0x81,0xFF,0x01,0xFC,0x01,0xF0,0x07,0xF0,0x0F,0xE0,0x3F,0xE0,0xFB,0xE3,0xE3,
  0xE7,0x87,0xDF,0x07,0xC0,0xF0,0x1F,0xE0,0x7F,0xE0,0xF3,0xC1,0xE7,0xC7,0xC7,0x8F,0x0F,0x1E,0x0F,0x78,0x1E,0xF0,0x1F,0xE0,
  0x3F,0x80,0x7F,0x00,0x7C,0x00,0xF8,0x00,0xF0,0x03,0xC0,0x3F,0x80,0x7E,0x00,0xF8,0x00,0xFF,0xFF,0xFF,0xFF,0xFE,0x03,0xF0,
  0x3F,0x03,0xF0,0x3F,0x03,0xF0,0x3F,0x03,0xF0,0x3F,0x01,0xFF,0xFF,0xFF,0xFF,0xFC,0x01,0xF0,0x7F,0x07,0xF0,0xF8,0x0F,0x80,
  0xF8,0x0F,0x80,0xF8,0x0F,0x80,0xF0,0x1F,0x0F,0xF0,0xFE,0x0F,0xF0,0x1F,0x00,0xF0,0x0F,0x80,0xF8,0x0F,0x80,0xF8,0x0F,0x80,
  0x7F,0x07,0xF0,0x1F,0xFF,0xFF,0xFF,0xFF,0xFF,0xFF,0xFF,0xFF,0xFF,0xFC,0xFC,0x0F,0xE0,0xFF,0x01,0xF0,0x0F,0x00,0xF0,0x0F,
  0x00,0xF0,0x0F,0x00,0xF8,0x0F,0x80,0x7F,0x03,0xF0,0x7F,0x0F,0x80,0xF8,0x0F,0x00,0xF0,0x0F,0x00,0xF0,0x1F,0x0F,0xF0,0xFE,
  0x0F,0xC0,0x3E,0x01,0x7F,0x83,0xFF,0xFF,0xC3,0xFE,0x00,0x7C,0x0C,0x07,0x83,0xF1,0xFE,0xFF,0xF7,0x31,0xC0,0x70,0x1C,0x07,
  0x01,0xC0,0x70,0x1C,0x07,0x01,0xC0,0x70,0x1C,0x07,0x01,0xC0,0x1C,0x07,0x01,0xC0,0x70,0x1C,0x07,0x01,0xC0,0x70,0x1C,0x07,
  0x01,0xC0,0x70,0x1C,0x37,0x3F,0xFD,0xFE,0x3F,0x07,0x80,0xC0,0x3C,0x3F,0x98,0xD8,0x3C,0x1B,0x19,0xFC,0x7C,0xFF,0xFF,0xF0,
  0xF8,0x78,0x7F,0xE1,0xE1,0xFF,0x87,0x87,0xFE,0x1E,0x1F,0xF8,0x78,0x7C,0x0E,0x70,0x1C,0xE0,0x39,0xC0,0x00,0x00,0x00,0x00,
  0x00,0x07,0xF8,0x3F,0xFC,0x7F,0xFC,0xC0,0xF8,0x00,0xF0,0xFF,0xE7,0xFF,0xCF,0xFF,0xFE,0x0F,0xFC,0x1F,0xF8,0x7E,0xFF,0xFD,
  0xFE,0xF8,0xF9,0xF0,0x0E,0x70,0x0E,0x70,0x0E,0x70,0x00,0x00,0x00,0x00,0x00,0x00,0x07,0xE0,0x1F,0xF8,0x3F,0xFC,0x7C,0x3E,
  0x78,0x3E,0xF8,0x1F,0xF8,0x1F,0xF8,0x1F,0xF8,0x1F,0x78,0x3E,0x7C,0x3E,0x3F,0xFC,0x1F,0xF8,0x07,0xE0,0x03,0xC0,0x0F,0xC0,
  0x39,0x80,0x63,0x00,0xE6,0x00,0xFC,0x00,0xF0,0x00,0x00,0x00,0x00,0x3F,0xC1,0xFF,0xE3,0xFF,0xE6,0x07,0xC0,0x07,0x87,0xFF,
  0x3F,0xFE,0x7F,0xFF,0xF0,0x7F,0xE0,0xFF,0xC3,0xF7,0xFF,0xEF,0xF7,0xC7,0xCF,0x80,0x03,0x9C,0x00,0x39,0xC0,0x03,0x9C,0x00,
  0x00,0x00,0x00,0x00,0x00,0x1F,0x80,0x01,0xFC,0x00,0x3F,0xC0,0x03,0xFC,0x00,0x7F,0xE0,0x07,0xFE,0x00,0x79,0xE0,0x0F,0x9F,
  0x00,0xF9,0xF0,0x0F,0x0F,0x01,0xF0,0xF8,0x1F,0x0F,0x81,0xFF,0xFC,0x3F,0xFF,0xC3,0xFF,0xFC,0x7C,0x03,0xE7,0xC0,0x3E,0x78,
  0x01,0xEF,0x80,0x1F,0x03,0x9C,0x00,0x39,0xC0,0x03,0x9C,0x00,0x00,0x00,0x00,0x00,0x00,0x1F,0xC0,0x0F,0xFF,0x01,0xFF,0xF8,
  0x3F,0x0F,0xC7,0xE0,0x7E,0x7C,0x03,0xE7,0xC0,0x3E,0xFC,0x01,0xFF,0x80,0x1F,0xF8,0x01,0xFF,0x80,0x1F,0xFC,0x01,0xF7,0xC0,
  0x3E,0x7C,0x03,0xE7,0xE0,0x7E,0x3F,0x0F,0xC1,0xFF,0xF8,0x0F,0xFF,0x00,0x3F,0xC0,0x00,0xF0,0x00,0x1F,0x80,0x01,0x9C,0x00,
  0x30,0xC0,0x01,0x98,0x00,0x1F,0x80,0x01,0xFC,0x00,0x3F,0xC0,0x03,0xFC,0x00,0x7F,0xE0,0x07,0xFE,0x00,0x79,0xE0,0x0F,0x9F,
  0x00,0xF9,0xF0,0x0F,0x0F,0x81,0xF0,0xF8,0x1F,0x0F,0x81,0xFF,0xFC,0x3F,0xFF,0xC3,0xFF,0xFC,0x7C,0x03,0xE7,0xC0,0x3E,0x78,
  0x01,0xEF,0x80,0x1F,0x38,0x60,0xC6,0x07,0x70,0x1F,0x00,0x70,0x00,0x00,0x00,0x03,0xF8,0x7F,0xF3,0xFF,0xBE,0x0D,0xF0,0x07,
  0xF0,0x3F,0xF8,0xFF,0xE0,0x7F,0x00,0x7A,0x07,0xDF,0xFE,0xFF,0xE1,0xFC,0x00,0x18,0x60,0x1D,0x80,0x1E,0x00,0x00,0x00,0x00,
  0x01,0xFE,0x0F,0xFF,0x3F,0xFE,0xF8,0x3D,0xE0,0x03,0xC0,0x07,0xC0,0x0F,0xE0,0x0F,0xFC,0x1F,0xFE,0x0F,0xFE,0x03,0xFE,0x00,
  0xFC,0x00,0xFC,0x01,0xFF,0x07,0xDF,0xFF,0xBF,0xFE,0x0F,0xF0,0x30,0x60,0xC6,0x07,0x70,0x1F,0x00,0x70,0x00,0x00,0x00,0x1F,
  0xFF,0xFF,0xFF,0xFF,0xC0,0x7E,0x07,0xE0,0x7E,0x07,0xE0,0x7E,0x07,0xE0,0x7E,0x07,0xE0,0x3F,0xFF,0xFF,0xFF,0xFF,0x80,0x0C,
  0x30,0x03,0xB0,0x00,0xF8,0x00,0x00,0x00,0x00,0x07,0xFF,0xFB,0xFF,0xFD,0xFF,0xFE,0x00,0x3F,0x00,0x3F,0x00,0x3F,0x00,0x1F,
  0x80,0x1F,0x80,0x1F,0x80,0x1F,0x80,0x1F,0xC0,0x0F,0xC0,0x0F,0xC0,0x0F,0xC0,0x0F,0xC0,0x0F,0xE0,0x07,0xFF,0xFF,0xFF,0xFF,
  0xFF,0xFF,
};
const GFXglyph F_B26_gly[] PROGMEM = {
  {0,0,0,9,0,0},
  {0,4,19,12,4,-19},
  {10,9,7,14,2,-19},
  {18,18,19,22,2,-19},
  {61,14,24,18,2,-20},
  {103,24,19,26,1,-19},
  {160,19,19,23,2,-19},
  {206,3,7,8,2,-19},
  {209,8,23,12,2,-20},
  {232,8,23,12,2,-20},
  {255,12,12,14,1,-19},
  {273,16,17,22,3,-17},
  {307,5,9,10,2,-5},
  {313,8,4,11,1,-10},
  {317,4,5,10,3,-5},
  {320,9,21,10,0,-19},
  {344,16,19,18,1,-19},
  {382,13,19,18,3,-19},
  {413,14,19,18,2,-19},
  {447,14,19,18,2,-19},
  {481,16,19,18,1,-19},
  {519,14,19,18,2,-19},
  {553,15,19,18,2,-19},
  {589,14,19,18,2,-19},
  {623,14,19,18,2,-19},
  {657,15,19,18,1,-19},
  {693,4,14,10,3,-14},
  {700,5,18,10,2,-14},
  {712,16,15,22,3,-16},
  {742,16,9,22,3,-13},
  {760,16,15,22,3,-16},
  {790,11,19,15,2,-19},
  {817,22,23,26,2,-19},
  {881,20,19,20,0,-19},
  {929,16,19,20,2,-19},
  {967,16,19,19,1,-19},
  {1005,18,19,22,2,-19},
  {1048,14,19,18,2,-19},
  {1082,14,19,18,2,-19},
  {1116,18,19,21,1,-19},
  {1159,17,19,22,2,-19},
  {1200,5,19,10,2,-19},
  {1212,8,24,10,-1,-19},
  {1236,18,19,20,2,-19},
  {1279,14,19,17,2,-19},
  {1313,21,19,26,2,-19},
  {1363,17,19,22,2,-19},
  {1404,20,19,22,1,-19},
  {1452,16,19,19,2,-19},
  {1490,20,23,22,1,-19},
  {1548,17,19,20,2,-19},
  {1589,15,19,19,2,-19},
  {1625,18,19,18,0,-19},
  {1668,17,19,21,2,-19},
  {1709,20,19,20,0,-19},
  {1757,27,19,29,1,-19},
  {1822,18,19,20,1,-19},
  {1865,19,19,19,0,-19},
  {1911,17,19,19,1,-19},
  {1952,8,23,12,2,-20},
  {1975,9,21,10,0,-19},
  {1999,8,23,12,2,-20},
  {2022,16,7,22,3,-19},
  {2036,13,2,13,0,4},
  {2040,6,5,13,2,-21},
  {2044,15,14,18,1,-14},
  {2071,15,20,19,2,-20},
  {2109,13,14,15,1,-14},
  {2132,15,20,19,1,-20},
  {2170,15,14,18,1,-14},
  {2197,12,20,11,0,-20},
  {2227,15,19,19,1,-14},
  {2263,14,20,19,2,-20},
  {2298,5,20,9,2,-20},
  {2311,8,25,9,-1,-20},
  {2336,15,20,17,2,-20},
  {2374,5,20,9,2,-20},
  {2387,23,14,27,2,-14},
  {2428,14,14,19,2,-14},
  {2453,16,14,18,1,-14},
  {2481,15,19,19,2,-14},
  {2517,15,19,19,1,-14},
  {2553,11,14,13,2,-14},
  {2573,13,14,15,1,-14},
  {2596,12,18,12,0,-18},
  {2623,14,14,19,2,-14},
  {2648,15,14,17,1,-14},
  {2675,22,14,24,1,-14},
  {2714,15,14,17,1,-14},
  {2741,15,19,17,1,-14},
  {2777,13,14,15,1,-14},
  {2800,12,24,19,3,-20},
  {2836,3,26,10,3,-20},
  {2846,12,24,19,3,-20},
  {2882,16,5,22,3,-11},
  {2892,0,0,0,0,0},
  {2892,10,19,22,6,-19},
  {2916,10,19,22,6,-19},
  {2940,9,8,13,2,-19},
  {2949,4,5,10,3,-11},
  {2952,22,5,26,2,-5},
  {2966,15,20,18,1,-20},
  {3004,16,20,18,1,-20},
  {3044,15,23,18,1,-23},
  {3088,20,24,20,0,-24},
  {3148,20,24,22,1,-24},
  {3208,20,24,20,0,-24},
  {3268,13,21,15,1,-21},
  {3303,15,24,19,2,-24},
  {3348,13,21,15,1,-21},
  {3383,17,24,19,1,-24},
};
const GFXfont F_B26 PROGMEM = {(uint8_t*)F_B26_bmp, (GFXglyph*)F_B26_gly, 0x20, 0x8E, 32};
#define F_B26_ASC 25

const uint8_t F_B30_bmp[] PROGMEM = {
  0xFF,0xFF,0xFF,0xFF,0xFF,0xFF,0xFE,0xF7,0xBD,0xE0,0x07,0xFF,0xFF,0xFC,0xE3,0xF8,0xFE,0x3F,0x8F,0xE3,0xF8,0xFE,0x3F,0x8F,
  0x00,0xE1,0xC0,0x07,0x0E,0x00,0x78,0x70,0x03,0xC7,0x80,0x1C,0x38,0x00,0xE1,0xC0,0xFF,0xFF,0xE7,0xFF,0xFF,0x3F,0xFF,0xF8,
  0x1C,0x38,0x01,0xE1,0xC0,0x0E,0x1E,0x00,0x70,0xE0,0x7F,0xFF,0xF3,0xFF,0xFF,0x9F,0xFF,0xFC,0x0E,0x1C,0x00,0x70,0xE0,0x03,
  0x87,0x00,0x3C,0x78,0x01,0xC3,0x80,0x0E,0x1C,0x00,0x01,0xC0,0x00,0xE0,0x00,0x70,0x01,0xFF,0x03,0xFF,0xF3,0xFF,0xF9,0xF7,
  0x3D,0xF3,0x80,0xF9,0xC0,0x7E,0xE0,0x1F,0xF0,0x0F,0xFF,0x03,0xFF,0xE0,0x7F,0xF8,0x07,0xFE,0x03,0xBF,0x01,0xCF,0xC0,0xE7,
  0xFC,0x77,0xDF,0xFF,0xEF,0xFF,0xE0,0xFF,0xC0,0x07,0x00,0x03,0x80,0x01,0xC0,0x00,0xE0,0x00,0x1F,0x00,0x1C,0x03,0xFC,0x03,
  0xC0,0x79,0xE0,0x38,0x0F,0x0E,0x07,0x00,0xF0,0xF0,0xF0,0x0F,0x0F,0x0E,0x00,0xF0,0xF1,0xC0,0x0F,0x0F,0x1C,0x00,0xF0,0xE3,
  0x80,0x07,0x9E,0x78,0x00,0x3F,0xC7,0x0F,0x81,0xF0,0xE3,0xFC,0x00,0x1E,0x79,0xE0,0x01,0xC7,0x0F,0x00,0x38,0x70,0xF0,0x03,
  0x8F,0x0F,0x00,0x70,0xF0,0xF0,0x0F,0x07,0x0F,0x00,0xE0,0x70,0xF0,0x1C,0x07,0x9E,0x01,0xC0,0x3F,0xC0,0x38,0x00,0xF8,0x01,
  0xFC,0x00,0x1F,0xFC,0x00,0xFF,0xF0,0x07,0xE1,0xC0,0x1F,0x01,0x00,0x7C,0x00,0x01,0xF8,0x00,0x03,0xF0,0x00,0x0F,0xC0,0x00,
  0x7F,0x81,0xF3,0xFF,0x07,0xDF,0xFE,0x1F,0xFC,0xFC,0x7B,0xE1,0xFB,0xEF,0x83,0xFF,0xBE,0x07,0xFC,0xF8,0x1F,0xE3,0xF0,0x3F,
  0x87,0xE1,0xFE,0x0F,0xFF,0xFC,0x1F,0xFF,0xF8,0x1F,0xE3,0xF0,0xFF,0xFF,0xFF,0x0F,0x1F,0x1E,0x3E,0x3C,0x7C,0x7C,0xF8,0xF8,
  0xF8,0xF8,0xF8,0xF8,0xF8,0xF8,0xF8,0xF8,0xF8,0xF8,0xF8,0x7C,0x7C,0x3C,0x3E,0x1E,0x1F,0x0F,0xF0,0xF8,0x78,0x7C,0x7C,0x3E,
  0x3E,0x3E,0x1E,0x1F,0x1F,0x1F,0x1F,0x1F,0x1F,0x1F,0x1F,0x1F,0x1E,0x3E,0x3E,0x3E,0x7C,0x7C,0x78,0xF8,0xF0,0x03,0x00,0x0C,
  0x0C,0x30,0xB8,0xCF,0xFF,0x7C,0xFF,0xC0,0xFC,0x03,0xF0,0x3F,0xF3,0xFD,0xFE,0x33,0xF0,0xC2,0x03,0x00,0x0C,0x00,0x00,0xE0,
  0x00,0x1C,0x00,0x03,0x80,0x00,0x70,0x00,0x0E,0x00,0x01,0xC0,0x00,0x38,0x00,0x07,0x00,0xFF,0xFF,0xFF,0xFF,0xFF,0xFF,0xFF,
  0x80,0x70,0x00,0x0E,0x00,0x01,0xC0,0x00,0x38,0x00,0x07,0x00,0x00,0xE0,0x00,0x1C,0x00,0x03,0x80,0x00,0x7D,0xF7,0xDF,0x7D,
  0xF7,0xBC,0xF3,0x80,0xFF,0xFF,0xFF,0xFF,0xF0,0xFF,0xFF,0xFF,0xFC,0x00,0xE0,0x38,0x07,0x00,0xE0,0x3C,0x07,0x00,0xE0,0x3C,
  0x07,0x00,0xE0,0x3C,0x07,0x00,0xE0,0x1C,0x07,0x00,0xE0,0x1C,0x07,0x80,0xE0,0x1C,0x07,0x80,0xE0,0x1C,0x07,0x80,0xE0,0x00,
  0x03,0xF8,0x03,0xFF,0x81,0xFF,0xF0,0xFF,0xFE,0x3F,0x1F,0x9F,0x83,0xF7,0xE0,0xFD,0xF0,0x1F,0x7C,0x07,0xDF,0x01,0xFF,0xC0,
  0x7F,0xF0,0x1F,0x7C,0x07,0xDF,0x01,0xF7,0xC0,0x7D,0xF8,0x3F,0x7E,0x0F,0xCF,0xC7,0xE3,0xFF,0xF8,0x7F,0xFC,0x0F,0xFE,0x00,
  0xFE,0x00,0x1F,0xE0,0xFF,0xE0,0xFF,0xE0,0xFF,0xE0,0xE7,0xE0,0x07,0xE0,0x07,0xE0,0x07,0xE0,0x07,0xE0,0x07,0xE0,0x07,0xE0,
  0x07,0xE0,0x07,0xE0,0x07,0xE0,0x07,0xE0,0x07,0xE0,0x07,0xE0,0x07,0xE0,0x7F,0xFF,0x7F,0xFF,0x7F,0xFF,0x7F,0xFF,0x1F,0xE0,
  0xFF,0xFC,0xFF,0xFE,0xFF,0xFE,0xF0,0x7F,0x00,0x3F,0x00,0x3F,0x00,0x3F,0x00,0x3F,0x00,0x3E,0x00,0x7E,0x00,0xFC,0x01,0xF8,
  0x07,0xF0,0x0F,0xE0,0x1F,0x80,0x3F,0x00,0x7E,0x00,0xFF,0xFF,0xFF,0xFF,0xFF,0xFF,0xFF,0xFF,0x1F,0xF0,0x7F,0xFC,0x7F,0xFE,
  0x7F,0xFF,0x60,0x7F,0x00,0x3F,0x00,0x3F,0x00,0x3F,0x00,0x7E,0x0F,0xFC,0x0F,0xF8,0x0F,0xFC,0x0F,0xFE,0x00,0x7F,0x00,0x1F,
  0x00,0x1F,0x80,0x1F,0xE0,0x7F,0xFF,0xFF,0xFF,0xFE,0x7F,0xFC,0x1F,0xE0,0x00,0x7E,0x00,0x1F,0xC0,0x07,0xF8,0x00,0xFF,0x00,
  0x3F,0xE0,0x0F,0xFC,0x01,0xEF,0x80,0x79,0xF0,0x1F,0x3E,0x03,0xC7,0xC0,0xF0,0xF8,0x3E,0x1F,0x07,0x83,0xE1,0xE0,0x7C,0x3F,
  0xFF,0xFF,0xFF,0xFF,0xFF,0xFF,0xFF,0xFF,0xFC,0x00,0xF8,0x00,0x1F,0x00,0x03,0xE0,0x00,0x7C,0x00,0x7F,0xFE,0x3F,0xFF,0x1F,
  0xFF,0x8F,0xFF,0xC7,0xC0,0x03,0xE0,0x01,0xF0,0x00,0xFF,0xE0,0x7F,0xFC,0x3F,0xFF,0x1F,0xFF,0xCE,0x0F,0xE4,0x03,0xF8,0x00,
  0xFC,0x00,0x7E,0x00,0x3F,0x80,0x3F,0xF8,0x3F,0xBF,0xFF,0xDF,0xFF,0xC7,0xFF,0xC0,0x7F,0x00,0x01,0xF8,0x07,0xFF,0x07,0xFF,
  0xC7,0xFF,0xE3,0xF0,0x73,0xF0,0x09,0xF0,0x01,0xF3,0xF0,0xFF,0xFE,0x7F,0xFF,0xBF,0xFF,0xDF,0xC3,0xFF,0xC1,0xFF,0xE0,0x7F,
  0xF0,0x3F,0xF8,0x1F,0x7C,0x1F,0xBF,0x0F,0xCF,0xFF,0xC3,0xFF,0xC0,0xFF,0xC0,0x1F,0x80,0xFF,0xFF,0xFF,0xFF,0xFF,0xFF,0xFF,
  0xFF,0x00,0x3F,0x00,0x3E,0x00,0x7E,0x00,0x7E,0x00,0x7C,0x00,0xFC,0x00,0xF8,0x01,0xF8,0x01,0xF0,0x03,0xF0,0x03,0xE0,0x07,
  0xE0,0x07,0xC0,0x0F,0xC0,0x0F,0xC0,0x0F,0x80,0x1F,0x80,0x1F,0x00,0x0F,0xF0,0x1F,0xFF,0x1F,0xFF,0xCF,0xFF,0xEF,0xE3,0xF7,
  0xE0,0xFD,0xF0,0x7C,0xFC,0x7E,0x3F,0xFE,0x0F,0xFC,0x07,0xFF,0x0F,0xFF,0xC7,0xE3,0xF7,0xE0,0xFF,0xE0,0x3F,0xF0,0x1F,0xFC,
  0x1F,0xFE,0x1F,0xDF,0xFF,0xCF,0xFF,0xE3,0xFF,0xE0,0x7F,0x80,0x07,0xE0,0x0F,0xFC,0x0F,0xFF,0x0F,0xFF,0xCF,0xC3,0xF7,0xC0,
  0xFB,0xE0,0x7D,0xF0,0x3F,0xF8,0x1F,0xFC,0x0F,0xFF,0x0F,0xFF,0xFF,0xF7,0xFF,0xF9,0xFF,0xFC,0x3F,0x7C,0x00,0x3E,0x40,0x3F,
  0x38,0x3F,0x1F,0xFF,0x8F,0xFF,0x83,0xFF,0x00,0x7E,0x00,0xFF,0xFF,0xFF,0xFF,0xF0,0x00,0x00,0x0F,0xFF,0xFF,0xFF,0xFF,0x7E,
  0xFD,0xFB,0xF7,0xEF,0xC0,0x00,0x00,0x01,0xFB,0xF7,0xEF,0xDF,0xBE,0x78,0xF3,0xC7,0x00,0x00,0x00,0x20,0x00,0x3C,0x00,0x3F,
  0x80,0x3F,0xF0,0x3F,0xF8,0x1F,0xF8,0x1F,0xF8,0x07,0xF8,0x00,0xFC,0x00,0x1F,0xE0,0x01,0xFF,0x80,0x07,0xFE,0x00,0x3F,0xF0,
  0x00,0xFF,0xC0,0x03,0xF8,0x00,0x0F,0x00,0x00,0x20,0xFF,0xFF,0xFF,0xFF,0xFF,0xFF,0xFF,0x80,0x00,0x00,0x00,0x00,0x00,0x00,
  0x3F,0xFF,0xFF,0xFF,0xFF,0xFF,0xFF,0xE0,0xC0,0x00,0x1E,0x00,0x03,0xF8,0x00,0x7F,0xE0,0x01,0xFF,0x80,0x07,0xFC,0x00,0x3F,
  0xF0,0x00,0xFF,0x00,0x03,0xE0,0x03,0xFC,0x01,0xFF,0x01,0xFF,0x01,0xFF,0x81,0xFF,0x80,0x3F,0x80,0x07,0x80,0x00,0xC0,0x00,
  0x00,0xFF,0xC7,0xFF,0xBF,0xFF,0xC3,0xF8,0x0F,0x80,0x7C,0x03,0xE0,0x3F,0x03,0xF8,0x3F,0x81,0xF8,0x1F,0x81,0xF8,0x0F,0xC0,
  0x7C,0x00,0x00,0x00,0x00,0xF8,0x07,0xC0,0x3E,0x01,0xF0,0x0F,0x80,0x00,0x3F,0x80,0x00,0x7F,0xFC,0x00,0x7F,0xFF,0x80,0x3F,
  0x01,0xF8,0x1F,0x00,0x1E,0x0F,0x00,0x03,0xC3,0x80,0x00,0x79,0xC0,0xF3,0x8E,0x70,0x7F,0xE1,0xD8,0x3F,0xF8,0x7E,0x1E,0x1E,
  0x1F,0x87,0x83,0x87,0xE1,0xC0,0xE1,0xF8,0x70,0x38,0x7E,0x1E,0x0E,0x3B,0x87,0x87,0x9E,0xE0,0xFF,0xFF,0x1C,0x1F,0xFF,0x87,
  0x03,0xCF,0x80,0xE0,0x00,0x00,0x3C,0x00,0x10,0x07,0xC0,0x0E,0x00,0xFC,0x0F,0x80,0x1F,0xFF,0xE0,0x01,0xFF,0xE0,0x00,0x0F,
  0xC0,0x00,0x00,0xFE,0x00,0x01,0xFE,0x00,0x07,0xFC,0x00,0x0F,0xF8,0x00,0x1F,0xF8,0x00,0x7F,0xF0,0x00,0xFB,0xE0,0x03,0xF7,
  0xE0,0x07,0xC7,0xC0,0x0F,0x8F,0x80,0x3F,0x1F,0x80,0x7C,0x1F,0x00,0xF8,0x3F,0x03,0xF0,0x7E,0x07,0xFF,0xFC,0x0F,0xFF,0xFC,
  0x3F,0xFF,0xF8,0x7F,0xFF,0xF1,0xF8,0x03,0xF3,0xF0,0x03,0xE7,0xC0,0x07,0xFF,0x80,0x0F,0xC0,0xFF,0xF8,0x3F,0xFF,0x8F,0xFF,
  0xF3,0xFF,0xFC,0xF8,0x3F,0xBE,0x07,0xEF,0x81,0xFB,0xE0,0x7E,0xF8,0x3F,0x3F,0xFF,0xCF,0xFF,0xC3,0xFF,0xF8,0xFF,0xFF,0xBE,
  0x07,0xEF,0x80,0xFF,0xE0,0x3F,0xF8,0x0F,0xFE,0x07,0xFF,0xFF,0xFB,0xFF,0xFE,0xFF,0xFF,0x3F,0xFE,0x00,0x01,0xFE,0x01,0xFF,
  0xF1,0xFF,0xFC,0xFF,0xFF,0x7F,0x81,0xDF,0x80,0x1F,0xE0,0x03,0xF0,0x00,0xFC,0x00,0x3E,0x00,0x0F,0x80,0x03,0xE0,0x00,0xF8,
  0x00,0x3F,0x00,0x0F,0xC0,0x03,0xF8,0x00,0x7E,0x00,0x5F,0xE0,0x73,0xFF,0xFC,0x7F,0xFF,0x07,0xFF,0xC0,0x7F,0x80,0xFF,0xF0,
  0x0F,0xFF,0xE0,0xFF,0xFF,0x8F,0xFF,0xFC,0xF8,0x1F,0xCF,0x80,0xFE,0xF8,0x07,0xFF,0x80,0x3F,0xF8,0x03,0xFF,0x80,0x3F,0xF8,
  0x03,0xFF,0x80,0x3F,0xF8,0x03,0xFF,0x80,0x3F,0xF8,0x03,0xFF,0x80,0x7F,0xF8,0x0F,0xEF,0x81,0xFC,0xFF,0xFF,0xCF,0xFF,0xF0,
  0xFF,0xFE,0x0F,0xFF,0x00,0xFF,0xFF,0xFF,0xFF,0xFF,0xFF,0xFF,0xFF,0x80,0x1F,0x00,0x3E,0x00,0x7C,0x00,0xF8,0x01,0xFF,0xFB,
  0xFF,0xF7,0xFF,0xEF,0xFF,0xDF,0x00,0x3E,0x00,0x7C,0x00,0xF8,0x01,0xF0,0x03,0xFF,0xFF,0xFF,0xFF,0xFF,0xFF,0xFF,0xC0,0xFF,
  0xFF,0xFF,0xFF,0xFF,0xFF,0xFF,0xFF,0x80,0x1F,0x00,0x3E,0x00,0x7C,0x00,0xF8,0x01,0xFF,0xFB,0xFF,0xF7,0xFF,0xEF,0xFF,0xDF,
  0x00,0x3E,0x00,0x7C,0x00,0xF8,0x01,0xF0,0x03,0xE0,0x07,0xC0,0x0F,0x80,0x1F,0x00,0x00,0x00,0xFF,0x00,0x7F,0xFE,0x1F,0xFF,
  0xF3,0xFF,0xFF,0x7F,0x80,0xF7,0xF0,0x01,0xFE,0x00,0x0F,0xC0,0x00,0xFC,0x00,0x0F,0x80,0x00,0xF8,0x0F,0xFF,0x80,0xFF,0xF8,
  0x0F,0xFF,0xC0,0xFF,0xFC,0x01,0xFF,0xE0,0x1F,0x7E,0x01,0xF7,0xF8,0x1F,0x3F,0xFF,0xF1,0xFF,0xFF,0x07,0xFF,0xE0,0x1F,0xF0,
  0xF8,0x03,0xFF,0x00,0x7F,0xE0,0x0F,0xFC,0x01,0xFF,0x80,0x3F,0xF0,0x07,0xFE,0x00,0xFF,0xC0,0x1F,0xF8,0x03,0xFF,0xFF,0xFF,
  0xFF,0xFF,0xFF,0xFF,0xFF,0xFF,0xFF,0xF0,0x07,0xFE,0x00,0xFF,0xC0,0x1F,0xF8,0x03,0xFF,0x00,0x7F,0xE0,0x0F,0xFC,0x01,0xFF,
  0x80,0x3F,0xF0,0x07,0xC0,0xFF,0xFF,0xFF,0xFF,0xFF,0xFF,0xFF,0xFF,0xFF,0xFF,0xFF,0xFF,0xFF,0xFC,0x07,0xC1,0xF0,0x7C,0x1F,
  0x07,0xC1,0xF0,0x7C,0x1F,0x07,0xC1,0xF0,0x7C,0x1F,0x07,0xC1,0xF0,0x7C,0x1F,0x07,0xC1,0xF0,0x7C,0x1F,0x07,0xC1,0xF0,0xFC,
  0x7F,0xFF,0xBF,0xEF,0xE3,0xE0,0xF8,0x07,0xF7,0xC0,0x7F,0x3E,0x07,0xF1,0xF0,0x7F,0x0F,0x87,0xF0,0x7C,0x7F,0x03,0xE7,0xF0,
  0x1F,0xFF,0x00,0xFF,0xE0,0x07,0xFE,0x00,0x3F,0xF0,0x01,0xFF,0xC0,0x0F,0xFF,0x00,0x7F,0xFC,0x03,0xE7,0xF0,0x1F,0x1F,0xC0,
  0xF8,0x7F,0x07,0xC1,0xFC,0x3E,0x07,0xF1,0xF0,0x1F,0xCF,0x80,0x7F,0x7C,0x01,0xFC,0xF8,0x01,0xF0,0x03,0xE0,0x07,0xC0,0x0F,
  0x80,0x1F,0x00,0x3E,0x00,0x7C,0x00,0xF8,0x01,0xF0,0x03,0xE0,0x07,0xC0,0x0F,0x80,0x1F,0x00,0x3E,0x00,0x7C,0x00,0xF8,0x01,
  0xF0,0x03,0xFF,0xFF,0xFF,0xFF,0xFF,0xFF,0xFF,0xC0,0xFE,0x00,0x7F,0xFF,0x00,0xFF,0xFF,0x00,0xFF,0xFF,0x01,0xFF,0xFF,0x81,
  0xFF,0xFF,0x81,0xFF,0xFF,0xC3,0xFF,0xFB,0xC3,0xDF,0xFB,0xC7,0xDF,0xF9,0xE7,0x9F,0xF9,0xE7,0x9F,0xF9,0xFF,0x1F,0xF8,0xFF,
  0x1F,0xF8,0xFF,0x1F,0xF8,0x7E,0x1F,0xF8,0x7E,0x1F,0xF8,0x3C,0x1F,0xF8,0x3C,0x1F,0xF8,0x00,0x1F,0xF8,0x00,0x1F,0xF8,0x00,
  0x1F,0xF8,0x00,0x1F,0xFC,0x03,0xFF,0xC0,0x7F,0xF8,0x0F,0xFF,0x81,0xFF,0xF0,0x3F,0xFF,0x07,0xFF,0xE0,0xFF,0xFE,0x1F,0xFB,
  0xE3,0xFF,0x7C,0x7F,0xE7,0xCF,0xFC,0x79,0xFF,0x8F,0xBF,0xF0,0xF7,0xFE,0x1F,0xFF,0xC1,0xFF,0xF8,0x3F,0xFF,0x03,0xFF,0xE0,
  0x7F,0xFC,0x07,0xFF,0x80,0xFF,0xF0,0x0F,0xC0,0x01,0xFE,0x00,0x3F,0xFE,0x01,0xFF,0xFC,0x0F,0xFF,0xF8,0x7F,0x07,0xF1,0xF8,
  0x0F,0xEF,0xC0,0x1F,0xBF,0x00,0x3F,0xFC,0x00,0xFF,0xE0,0x03,0xFF,0x80,0x0F,0xFE,0x00,0x3F,0xF8,0x00,0xFF,0xF0,0x03,0xFF,
  0xC0,0x0F,0xFF,0x00,0x7E,0x7E,0x03,0xF9,0xFC,0x1F,0xC3,0xFF,0xFE,0x07,0xFF,0xF0,0x0F,0xFF,0x80,0x07,0xF8,0x00,0xFF,0xF8,
  0x3F,0xFF,0x8F,0xFF,0xF3,0xFF,0xFE,0xF8,0x1F,0xBE,0x03,0xFF,0x80,0xFF,0xE0,0x3F,0xF8,0x0F,0xFE,0x07,0xEF,0xFF,0xFB,0xFF,
  0xFC,0xFF,0xFE,0x3F,0xFE,0x0F,0x80,0x03,0xE0,0x00,0xF8,0x00,0x3E,0x00,0x0F,0x80,0x03,0xE0,0x00,0xF8,0x00,0x3E,0x00,0x00,
  0x01,0xFE,0x00,0x3F,0xFE,0x01,0xFF,0xFE,0x0F,0xFF,0xFC,0x7F,0x07,0xF1,0xF8,0x0F,0xEF,0xC0,0x1F,0xBF,0x00,0x3F,0xFC,0x00,
  0xFF,0xE0,0x03,0xFF,0x80,0x0F,0xFE,0x00,0x3F,0xF8,0x00,0xFF,0xF0,0x03,0xFF,0xC0,0x0F,0xFF,0x00,0x7E,0x7E,0x03,0xF9,0xFC,
  0x1F,0xC3,0xFF,0xFE,0x07,0xFF,0xF0,0x0F,0xFF,0x80,0x07,0xFC,0x00,0x00,0xF8,0x00,0x01,0xF0,0x00,0x03,0xE0,0x00,0x0F,0xC0,
  0xFF,0xF0,0x1F,0xFF,0xC3,0xFF,0xFC,0x7F,0xFF,0x8F,0x83,0xF9,0xF0,0x3F,0x3E,0x07,0xE7,0xC0,0xFC,0xF8,0x1F,0x1F,0x07,0xE3,
  0xFF,0xF8,0x7F,0xFE,0x0F,0xFF,0xC1,0xFF,0xFC,0x3E,0x1F,0xC7,0xC1,0xF8,0xF8,0x1F,0x9F,0x03,0xF3,0xE0,0x3F,0x7C,0x07,0xEF,
  0x80,0x7F,0xF0,0x0F,0xC0,0x07,0xF8,0x0F,0xFF,0x8F,0xFF,0xCF,0xFF,0xEF,0xC0,0xF7,0xE0,0x0B,0xE0,0x01,0xF8,0x00,0xFE,0x00,
  0x3F,0xF8,0x1F,0xFF,0x83,0xFF,0xE0,0x7F,0xF8,0x03,0xFC,0x00,0x7E,0x00,0x1F,0xC0,0x0F,0xF8,0x0F,0xFF,0xFF,0xFF,0xFF,0xE7,
  0xFF,0xE0,0x7F,0xC0,0xFF,0xFF,0xFF,0xFF,0xFF,0xFF,0xFF,0xFF,0xFF,0xFF,0x01,0xF8,0x00,0x1F,0x80,0x01,0xF8,0x00,0x1F,0x80,
  0x01,0xF8,0x00,0x1F,0x80,0x01,0xF8,0x00,0x1F,0x80,0x01,0xF8,0x00,0x1F,0x80,0x01,0xF8,0x00,0x1F,0x80,0x01,0xF8,0x00,0x1F,
  0x80,0x01,0xF8,0x00,0x1F,0x80,0x01,0xF8,0x00,0x1F,0x80,0xF8,0x07,0xFF,0x00,0xFF,0xE0,0x1F,0xFC,0x03,0xFF,0x80,0x7F,0xF0,
  0x0F,0xFE,0x01,0xFF,0xC0,0x3F,0xF8,0x07,0xFF,0x00,0xFF,0xE0,0x1F,0xFC,0x03,0xFF,0x80,0x7F,0xF0,0x0F,0xFE,0x01,0xFF,0xE0,
  0x3E,0xFC,0x0F,0xCF,0xC3,0xF9,0xFF,0xFE,0x1F,0xFF,0x81,0xFF,0xE0,0x0F,0xF0,0x00,0xFC,0x00,0x7E,0xF8,0x00,0xFD,0xF8,0x01,
  0xF3,0xF0,0x07,0xE3,0xE0,0x0F,0x87,0xE0,0x3F,0x07,0xC0,0x7E,0x0F,0x80,0xF8,0x1F,0x83,0xF0,0x1F,0x07,0xE0,0x3F,0x0F,0x80,
  0x7E,0x3F,0x00,0x7C,0x7C,0x00,0xFC,0xF8,0x01,0xFB,0xF0,0x01,0xF7,0xC0,0x03,0xFF,0x80,0x03,0xFF,0x00,0x07,0xFC,0x00,0x0F,
  0xF8,0x00,0x0F,0xF0,0x00,0x1F,0xC0,0x00,0xF8,0x07,0xC0,0x3F,0xF8,0x1F,0xC0,0xFF,0xF0,0x3F,0x81,0xFB,0xE0,0x7F,0x03,0xE7,
  0xC0,0xFE,0x07,0xCF,0xC1,0xFE,0x1F,0x9F,0x87,0xBC,0x3F,0x1F,0x0F,0x78,0x7C,0x3E,0x1E,0xF0,0xF8,0x7E,0x3C,0xE1,0xF0,0xFC,
  0xF1,0xE7,0xE0,0xF9,0xE3,0xCF,0x81,0xF3,0xC7,0x9F,0x03,0xE7,0x8F,0x3E,0x07,0xFE,0x0F,0xFC,0x07,0xFC,0x1F,0xF8,0x0F,0xF8,
  0x3F,0xE0,0x1F,0xF0,0x7F,0xC0,0x3F,0xC0,0x7F,0x80,0x7F,0x80,0xFF,0x00,0x7F,0x01,0xFC,0x00,0xFE,0x03,0xF8,0x00,0xFC,0x01,
  0xFB,0xF0,0x1F,0x8F,0x80,0xFC,0x7E,0x0F,0xC1,0xF8,0xFC,0x07,0xC7,0xE0,0x3F,0x7E,0x00,0xFF,0xE0,0x03,0xFE,0x00,0x1F,0xF0,
  0x00,0x7F,0x00,0x03,0xF8,0x00,0x3F,0xE0,0x03,0xFF,0x80,0x1F,0xFC,0x01,0xFB,0xF0,0x1F,0x8F,0xC0,0xFC,0x3E,0x0F,0xC1,0xF8,
  0xFC,0x07,0xE7,0xC0,0x1F,0xFE,0x00,0xFC,0xFC,0x00,0xFD,0xF8,0x07,0xE7,0xE0,0x3F,0x0F,0xC0,0xFC,0x1F,0x87,0xE0,0x7E,0x3F,
  0x00,0xFC,0xFC,0x01,0xFF,0xE0,0x07,0xFF,0x00,0x0F,0xFC,0x00,0x1F,0xE0,0x00,0x7F,0x00,0x00,0xFC,0x00,0x03,0xF0,0x00,0x0F,
  0xC0,0x00,0x3F,0x00,0x00,0xFC,0x00,0x03,0xF0,0x00,0x0F,0xC0,0x00,0x3F,0x00,0x00,0xFC,0x00,0x03,0xF0,0x00,0x7F,0xFF,0xEF,
  0xFF,0xFD,0xFF,0xFF,0xBF,0xFF,0xF0,0x00,0xFC,0x00,0x3F,0x00,0x0F,0xE0,0x03,0xF8,0x00,0xFE,0x00,0x1F,0x80,0x07,0xE0,0x01,
  0xFC,0x00,0x7F,0x00,0x1F,0xC0,0x03,0xF0,0x00,0xFC,0x00,0x3F,0x80,0x0F,0xE0,0x03,0xFF,0xFF,0xFF,0xFF,0xFF,0xFF,0xFF,0xFF,
  0xFF,0xC0,0xFF,0xFF,0xFF,0xFF,0x0F,0x87,0xC3,0xE1,0xF0,0xF8,0x7C,0x3E,0x1F,0x0F,0x87,0xC3,0xE1,0xF0,0xF8,0x7C,0x3E,0x1F,
  0x0F,0x87,0xC3,0xE1,0xF0,0xFF,0xFF,0xFF,0xE0,0xE0,0x1E,0x01,0xC0,0x38,0x07,0x80,0x70,0x0E,0x01,0xE0,0x1C,0x03,0x80,0x70,
  0x07,0x00,0xE0,0x1C,0x03,0xC0,0x38,0x07,0x00,0xF0,0x0E,0x01,0xC0,0x3C,0x03,0x80,0x70,0x0E,0x00,0xE0,0xFF,0xFF,0xFF,0xE1,
  0xF0,0xF8,0x7C,0x3E,0x1F,0x0F,0x87,0xC3,0xE1,0xF0,0xF8,0x7C,0x3E,0x1F,0x0F,0x87,0xC3,0xE1,0xF0,0xF8,0x7C,0x3E,0x1F,0xFF,
  0xFF,0xFF,0xE0,0x03,0xE0,0x01,0xFC,0x00,0xFF,0x80,0x7F,0xF0,0x3E,0x3E,0x1F,0x07,0xCF,0x80,0xFB,0x80,0x0F,0xFF,0xFF,0xFF,
  0xFF,0xFF,0xF8,0xF0,0xF0,0xE0,0xE1,0xE1,0xC0,0x3F,0xF8,0x1F,0xFF,0x0F,0xFF,0xC6,0x03,0xE0,0x00,0xF8,0x7F,0xFC,0xFF,0xFE,
  0xFF,0xFF,0x7E,0x0F,0xFE,0x07,0xFF,0x07,0xFF,0x83,0xF7,0xE3,0xFB,0xFF,0xFC,0xFF,0x3E,0x3F,0x1F,0xF8,0x00,0x7C,0x00,0x3E,
  0x00,0x1F,0x00,0x0F,0x80,0x07,0xC0,0x03,0xE0,0x01,0xF1,0xF0,0xFB,0xFC,0x7F,0xFF,0x3F,0x8F,0xDF,0x83,0xEF,0x81,0xFF,0xC0,
  0x7F,0xE0,0x3F,0xF0,0x1F,0xF8,0x0F,0xFC,0x0F,0xFF,0x07,0xDF,0xC7,0xEF,0xFF,0xE7,0xDF,0xE3,0xE3,0xE0,0x03,0xF8,0x1F,0xFC,
  0xFF,0xF9,0xF8,0x37,0xE0,0x2F,0x80,0x3F,0x00,0x7E,0x00,0xFC,0x01,0xF8,0x01,0xF0,0x03,0xF0,0x13,0xF0,0x67,0xFF,0xC3,0xFF,
  0x81,0xFC,0x00,0x07,0xC0,0x01,0xF0,0x00,0x7C,0x00,0x1F,0x00,0x07,0xC0,0x01,0xF0,0x00,0x7C,0x1F,0x1F,0x1F,0xE7,0xCF,0xFF,
  0xF7,0xF1,0xFD,0xF8,0x3F,0x7C,0x0F,0xFF,0x01,0xFF,0xC0,0x7F,0xF0,0x1F,0xFC,0x07,0xDF,0x03,0xF7,0xE0,0xFD,0xFC,0x7F,0x3F,
  0xFF,0xC7,0xF9,0xF0,0x7C,0x7C,0x03,0xF8,0x03,0xFF,0x83,0xFF,0xF0,0xFC,0x7C,0x7E,0x0F,0x9F,0x03,0xEF,0xC0,0xFF,0xFF,0xFF,
  0xFF,0xFF,0xFF,0xFF,0xF7,0xC0,0x01,0xF0,0x02,0x3F,0x03,0x8F,0xFF,0xE0,0xFF,0xF8,0x0F,0xF8,0x07,0xF0,0xFF,0x1F,0xF3,0xF0,
  0x3F,0x03,0xE0,0x3E,0x0F,0xFF,0xFF,0xFF,0xFF,0x3E,0x03,0xE0,0x3E,0x03,0xE0,0x3E,0x03,0xE0,0x3E,0x03,0xE0,0x3E,0x03,0xE0,
  0x3E,0x03,0xE0,0x3E,0x00,0x07,0xC7,0xC7,0xF9,0xF3,0xFF,0xFD,0xFC,0x7F,0x7E,0x0F,0xDF,0x03,0xFF,0xC0,0x7F,0xF0,0x1F,0xFC,
  0x07,0xFF,0x01,0xF7,0xC0,0xFD,0xF8,0x3F,0x7E,0x1F,0xCF,0xFF,0xF1,0xFE,0x7C,0x1F,0x1F,0x00,0x0F,0xC8,0x03,0xE3,0x83,0xF8,
  0xFF,0xFC,0x3F,0xFE,0x03,0xFC,0x00,0xF8,0x00,0xF8,0x00,0xF8,0x00,0xF8,0x00,0xF8,0x00,0xF8,0x00,0xF8,0x00,0xF8,0xF8,0xFB,
  0xFC,0xFF,0xFE,0xFE,0x3F,0xFC,0x3F,0xF8,0x1F,0xF8,0x1F,0xF8,0x1F,0xF8,0x1F,0xF8,0x1F,0xF8,0x1F,0xF8,0x1F,0xF8,0x1F,0xF8,
  0x1F,0xF8,0x1F,0xF8,0x1F,0xFF,0xFF,0xFF,0x80,0x1F,0xFF,0xFF,0xFF,0xFF,0xFF,0xFF,0xFF,0xFF,0xFF,0xE0,0x0F,0x87,0xC3,0xE1,
  0xF0,0xF8,0x00,0x00,0x1F,0x0F,0x87,0xC3,0xE1,0xF0,0xF8,0x7C,0x3E,0x1F,0x0F,0x87,0xC3,0xE1,0xF0,0xF8,0x7C,0x3E,0x3F,0x1F,
  0x8F,0xBF,0xDF,0xCF,0x80,0xF8,0x00,0x7C,0x00,0x3E,0x00,0x1F,0x00,0x0F,0x80,0x07,0xC0,0x03,0xE0,0x01,0xF0,0x7E,0xF8,0x7E,
  0x7C,0x7E,0x3E,0x7E,0x1F,0x7E,0x0F,0xFE,0x07,0xFE,0x03,0xFE,0x01,0xFF,0x80,0xFF,0xE0,0x7D,0xF8,0x3E,0x7E,0x1F,0x1F,0x8F,
  0x87,0xE7,0xC1,0xFB,0xE0,0x7E,0xFF,0xFF,0xFF,0xFF,0xFF,0xFF,0xFF,0xFF,0xFF,0xFF,0xFF,0xFF,0xFF,0xFF,0xE0,0xFC,0x78,0x1F,
  0x1F,0xBF,0xCF,0xF3,0xFF,0xFB,0xFF,0x7F,0x1F,0xE3,0xFF,0xC1,0xF8,0x7F,0xF8,0x3F,0x07,0xFF,0x07,0xC0,0xFF,0xE0,0xF8,0x1F,
  0xFC,0x1F,0x03,0xFF,0x83,0xE0,0x7F,0xF0,0x7C,0x0F,0xFE,0x0F,0x81,0xFF,0xC1,0xF0,0x3F,0xF8,0x3E,0x07,0xFF,0x07,0xC0,0xFF,
  0xE0,0xF8,0x1F,0xF8,0xF8,0xFB,0xFC,0xFF,0xFE,0xFE,0x3F,0xFC,0x3F,0xF8,0x1F,0xF8,0x1F,0xF8,0x1F,0xF8,0x1F,0xF8,0x1F,0xF8,
  0x1F,0xF8,0x1F,0xF8,0x1F,0xF8,0x1F,0xF8,0x1F,0xF8,0x1F,0x03,0xF8,0x03,0xFF,0x83,0xFF,0xF0,0xFC,0x7E,0x7E,0x0F,0xDF,0x01,
  0xFF,0xC0,0x7F,0xF0,0x1F,0xFC,0x07,0xFF,0x01,0xF7,0xC0,0x7D,0xF8,0x3F,0x3F,0x1F,0x8F,0xFF,0xC0,0xFF,0xE0,0x0F,0xE0,0xF8,
  0xF8,0x7D,0xFE,0x3F,0xFF,0x9F,0xC7,0xEF,0xC1,0xF7,0xC0,0xFF,0xE0,0x3F,0xF0,0x1F,0xF8,0x0F,0xFC,0x07,0xFE,0x07,0xFF,0x83,
  0xEF,0xE3,0xF7,0xFF,0xF3,0xEF,0xF1,0xF1,0xF0,0xF8,0x00,0x7C,0x00,0x3E,0x00,0x1F,0x00,0x0F,0x80,0x07,0xC0,0x00,0x07,0xC7,
  0xC7,0xF9,0xF3,0xFF,0xFD,0xFC,0x7F,0x7E,0x0F,0xDF,0x03,0xFF,0xC0,0x7F,0xF0,0x1F,0xFC,0x07,0xFF,0x01,0xF7,0xC0,0xFD,0xF8,
  0x3F,0x7F,0x1F,0xCF,0xFF,0xF1,0xFE,0x7C,0x1F,0x1F,0x00,0x07,0xC0,0x01,0xF0,0x00,0x7C,0x00,0x1F,0x00,0x07,0xC0,0x01,0xF0,
  0xF8,0xFF,0xBF,0xFF,0xFF,0xFF,0xFE,0x1F,0xC0,0xF8,0x0F,0x80,0xF8,0x0F,0x80,0xF8,0x0F,0x80,0xF8,0x0F,0x80,0xF8,0x0F,0x80,
  0x1F,0xE1,0xFF,0xEF,0xFF,0xBE,0x0E,0xF0,0x0B,0xE0,0x0F,0xF0,0x3F,0xFC,0x3F,0xFC,0x0F,0xF0,0x07,0xE0,0x1F,0xE0,0x7F,0xFF,
  0xFF,0xFF,0x8F,0xF8,0x1F,0x00,0x7C,0x01,0xF0,0x07,0xC0,0x1F,0x03,0xFF,0xFF,0xFF,0xFF,0xFF,0x1F,0x00,0x7C,0x01,0xF0,0x07,
  0xC0,0x1F,0x00,0x7C,0x01,0xF0,0x07,0xC0,0x1F,0x00,0x7E,0x01,0xFF,0x83,0xFE,0x07,0xF8,0xFC,0x0F,0xFE,0x07,0xFF,0x03,0xFF,
  0x81,0xFF,0xC0,0xFF,0xE0,0x7F,0xF0,0x3F,0xF8,0x1F,0xFC,0x0F,0xFE,0x0F,0xFF,0x07,0xFF,0x83,0xF7,0xE3,0xFB,0xFF,0xFC,0xFF,
  0x3E,0x3F,0x1F,0xF8,0x07,0xFE,0x03,0xFF,0xC0,0xF9,0xF0,0x3E,0x7C,0x1F,0x0F,0x87,0xC3,0xE3,0xE0,0xF8,0xF8,0x1F,0x3E,0x07,
  0xDF,0x00,0xFF,0xC0,0x3F,0xE0,0x0F,0xF8,0x01,0xFE,0x00,0x7F,0x00,0x0F,0xC0,0xF8,0x1E,0x0F,0xFF,0x0F,0x83,0xE7,0xC3,0xF0,
  0xF9,0xF0,0xFC,0x3E,0x7C,0x3F,0x1F,0x0F,0x9F,0xC7,0xC3,0xE7,0x79,0xF0,0xF9,0xDE,0x7C,0x3E,0x73,0xBE,0x07,0xFC,0xEF,0x81,
  0xFE,0x3F,0xE0,0x7F,0x8F,0xF8,0x1F,0xE1,0xFC,0x03,0xF8,0x7F,0x00,0xFC,0x1F,0xC0,0x3F,0x07,0xE0,0xFC,0x0F,0x9F,0x07,0xC3,
  0xE3,0xF0,0xFC,0xF8,0x1F,0xFC,0x03,0xFE,0x00,0x7F,0x80,0x1F,0xC0,0x07,0xF0,0x03,0xFE,0x00,0xFF,0xC0,0x7D,0xF0,0x3F,0x3E,
  0x1F,0x87,0xC7,0xC1,0xFB,0xE0,0x3F,0xF8,0x07,0xFE,0x03,0xEF,0xC0,0xF9,0xF0,0x3E,0x7C,0x1F,0x0F,0x87,0xC3,0xE1,0xE0,0x7C,
  0xF8,0x1F,0x3E,0x03,0xDF,0x00,0xFF,0xC0,0x3F,0xE0,0x07,0xF8,0x01,0xFE,0x00,0x3F,0x00,0x0F,0xC0,0x01,0xF0,0x00,0xF8,0x00,
  0x3E,0x00,0xFF,0x00,0x3F,0x80,0x0F,0xC0,0x00,0x7F,0xFE,0xFF,0xFD,0xFF,0xF8,0x03,0xF0,0x0F,0xC0,0x3F,0x00,0xFC,0x03,0xF8,
  0x0F,0xE0,0x3F,0x80,0xFE,0x03,0xF8,0x0F,0xE0,0x1F,0xFF,0xFF,0xFF,0xFF,0xFF,0x01,0xFC,0x0F,0xF0,0x7F,0xC1,0xF0,0x0F,0xC0,
  0x3E,0x00,0xF8,0x03,0xE0,0x0F,0x80,0x3E,0x00,0xF8,0x03,0xE0,0x1F,0x83,0xFC,0x0F,0xE0,0x3F,0xC0,0x1F,0x80,0x3E,0x00,0xF8,
  0x03,0xE0,0x0F,0x80,0x3E,0x00,0xF8,0x03,0xF0,0x07,0xC0,0x1F,0xF0,0x3F,0xC0,0x7F,0xFF,0xFF,0xFF,0xFF,0xFF,0xFF,0xFF,0xFF,
  0xFF,0xFF,0xFF,0xC0,0xFC,0x03,0xFC,0x0F,0xF0,0x07,0xE0,0x0F,0x80,0x3E,0x00,0xF8,0x03,0xE0,0x0F,0x80,0x3E,0x00,0xF8,0x03,
  0xF0,0x07,0xC0,0x1F,0xF0,0x3F,0xC1,0xFF,0x0F,0xC0,0x3E,0x00,0xF8,0x03,0xE0,0x0F,0x80,0x3E,0x00,0xF8,0x03,0xE0,0x1F,0x83,
  0xFE,0x0F,0xF0,0x3F,0x00,0x1F,0x00,0x2F,0xFC,0x1F,0xFF,0xFF,0xF0,0x7F,0xE8,0x01,0xF0,0x07,0x00,0x7C,0x07,0xF0,0x7F,0xC7,
  0xFF,0x7F,0xFF,0xDC,0xEC,0xE2,0x07,0x00,0x38,0x01,0xC0,0x0E,0x00,0x70,0x03,0x80,0x1C,0x00,0xE0,0x07,0x00,0x38,0x01,0xC0,
  0x0E,0x00,0x70,0x03,0x80,0x07,0x00,0x38,0x01,0xC0,0x0E,0x00,0x70,0x03,0x80,0x1C,0x00,0xE0,0x07,0x00,0x38,0x01,0xC0,0x0E,
  0x00,0x70,0x03,0x81,0x9C,0x5E,0xE7,0xFF,0xFB,0xFF,0x8F,0xF8,0x3F,0x80,0xF8,0x03,0x80,0x3E,0x3F,0xB8,0xF8,0x3C,0x1E,0x0F,
  0x07,0xC7,0x7F,0x1F,0x00,0xFF,0xFF,0xFF,0xFC,0xFC,0x3F,0x0F,0xFF,0x0F,0xC3,0xFF,0xC3,0xF0,0xFF,0xF0,0xFC,0x3F,0xFC,0x3F,
  0x0F,0xFF,0x0F,0xC3,0xF0,0x07,0x3C,0x03,0x9E,0x01,0xCF,0x00,0xE7,0x80,0x00,0x00,0x00,0x00,0x00,0x00,0x7F,0xF0,0x3F,0xFE,
  0x1F,0xFF,0x8C,0x07,0xC0,0x01,0xF0,0xFF,0xF9,0xFF,0xFD,0xFF,0xFE,0xFC,0x1F,0xFC,0x0F,0xFE,0x0F,0xFF,0x07,0xEF,0xC7,0xF7,
  0xFF,0xF9,0xFE,0x7C,0x7E,0x3E,0x07,0x3C,0x01,0xCF,0x00,0x73,0xC0,0x1C,0xF0,0x00,0x00,0x00,0x00,0x00,0x00,0x00,0x0F,0xE0,
  0x0F,0xFE,0x0F,0xFF,0xC3,0xF1,0xF9,0xF8,0x3F,0x7C,0x07,0xFF,0x01,0xFF,0xC0,0x7F,0xF0,0x1F,0xFC,0x07,0xDF,0x01,0xF7,0xE0,
  0xFC,0xFC,0x7E,0x3F,0xFF,0x03,0xFF,0x80,0x3F,0x80,0x01,0xE0,0x01,0xF8,0x01,0xCE,0x00,0xC3,0x00,0x61,0x80,0x39,0xC0,0x0F,
  0xC0,0x03,0xC0,0x00,0x00,0x00,0x00,0x00,0x00,0x07,0xFF,0x03,0xFF,0xE1,0xFF,0xF8,0xC0,0x7C,0x00,0x1F,0x0F,0xFF,0x9F,0xFF,
  0xDF,0xFF,0xEF,0xC1,0xFF,0xC0,0xFF,0xE0,0xFF,0xF0,0x7E,0xFC,0x7F,0x7F,0xFF,0x9F,0xE7,0xC7,0xE3,0xE0,0x01,0xC7,0x00,0x03,
  0x8E,0x00,0x07,0x1C,0x00,0x0E,0x38,0x00,0x00,0x00,0x00,0x00,0x00,0x00,0x3F,0x80,0x00,0x7F,0x80,0x01,0xFF,0x00,0x03,0xFE,
  0x00,0x07,0xFE,0x00,0x1F,0xFC,0x00,0x3E,0xF8,0x00,0xFD,0xF8,0x01,0xF1,0xF0,0x03,0xE3,0xE0,0x0F,0xC7,0xE0,0x1F,0x07,0xC0,
  0x3E,0x0F,0xC0,0xFC,0x1F,0x81,0xFF,0xFF,0x03,0xFF,0xFF,0x0F,0xFF,0xFE,0x1F,0xFF,0xFC,0x7E,0x00,0xFC,0xFC,0x00,0xF9,0xF0,
  0x01,0xFF,0xE0,0x03,0xF0,0x03,0xCE,0x00,0x0F,0x38,0x00,0x3C,0xE0,0x00,0xF3,0x80,0x00,0x00,0x00,0x00,0x00,0x00,0x1F,0xE0,
  0x03,0xFF,0xE0,0x1F,0xFF,0xC0,0xFF,0xFF,0x87,0xF0,0x7F,0x1F,0x80,0xFE,0xFC,0x01,0xFB,0xF0,0x03,0xFF,0xC0,0x0F,0xFE,0x00,
  0x3F,0xF8,0x00,0xFF,0xE0,0x03,0xFF,0x80,0x0F,0xFF,0x00,0x3F,0xFC,0x00,0xFF,0xF0,0x07,0xE7,0xE0,0x3F,0x9F,0xC1,0xFC,0x3F,
  0xFF,0xE0,0x7F,0xFF,0x00,0xFF,0xF8,0x00,0x7F,0x80,0x00,0x3C,0x00,0x01,0xFC,0x00,0x03,0x18,0x00,0x06,0x38,0x00,0x1C,0x70,
  0x00,0x18,0xE0,0x00,0x3F,0x80,0x00,0x7F,0x80,0x01,0xFF,0x00,0x03,0xFE,0x00,0x07,0xFE,0x00,0x1F,0xFC,0x00,0x3E,0xF8,0x00,
  0xFD,0xF8,0x01,0xF1,0xF0,0x03,0xE3,0xE0,0x0F,0xC7,0xE0,0x1F,0x07,0xC0,0x3E,0x0F,0xC0,0xFC,0x1F,0x81,0xFF,0xFF,0x03,0xFF,
  0xFF,0x0F,0xFF,0xFE,0x1F,0xFF,0xFC,0x7E,0x00,0xFC,0xFC,0x00,0xF9,0xF0,0x01,0xFF,0xE0,0x03,0xF0,0x30,0x70,0xE1,0x81,0xCE,
  0x07,0xF0,0x0F,0xC0,0x1E,0x00,0x00,0x00,0x00,0x1F,0xE1,0xFF,0xEF,0xFF,0xBE,0x0E,0xF0,0x0B,0xE0,0x0F,0xF0,0x3F,0xFC,0x3F,
  0xFC,0x0F,0xF0,0x07,0xE0,0x1F,0xE0,0x7F,0xFF,0xFF,0xFF,0x8F,0xF8,0x1C,0x1C,0x07,0x1C,0x01,0xFC,0x00,0x7C,0x00,0x00,0x00,
  0x3F,0xC0,0x7F,0xFC,0x7F,0xFE,0x7F,0xFF,0x7E,0x07,0xBF,0x00,0x5F,0x00,0x0F,0xC0,0x07,0xF0,0x01,0xFF,0xC0,0xFF,0xFC,0x1F,
  0xFF,0x03,0xFF,0xC0,0x1F,0xE0,0x03,0xF0,0x00,0xFE,0x00,0x7F,0xC0,0x7F,0xFF,0xFF,0xFF,0xFF,0x3F,0xFF,0x03,0xFE,0x00,0x18,
  0x38,0x38,0xE0,0x39,0xC0,0x7F,0x00,0x7C,0x00,0x78,0x00,0x00,0x00,0x00,0x7F,0xFE,0xFF,0xFD,0xFF,0xF8,0x03,0xF0,0x0F,0xC0,
  0x3F,0x00,0xFC,0x03,0xF8,0x0F,0xE0,0x3F,0x80,0xFE,0x03,0xF8,0x0F,0xE0,0x1F,0xFF,0xFF,0xFF,0xFF,0xFF,0x0E,0x0E,0x00,0xE3,
  0x80,0x0F,0xE0,0x00,0xF8,0x00,0x00,0x00,0xFF,0xFF,0xDF,0xFF,0xFB,0xFF,0xFF,0x7F,0xFF,0xE0,0x01,0xF8,0x00,0x7E,0x00,0x1F,
  0xC0,0x07,0xF0,0x01,0xFC,0x00,0x3F,0x00,0x0F,0xC0,0x03,0xF8,0x00,0xFE,0x00,0x3F,0x80,0x07,0xE0,0x01,0xF8,0x00,0x7F,0x00,
  0x1F,0xC0,0x07,0xFF,0xFF,0xFF,0xFF,0xFF,0xFF,0xFF,0xFF,0xFF,0x80,
};
const GFXglyph F_B30_gly[] PROGMEM = {
  {0,0,0,10,0,0},
  {0,5,22,14,4,-22},
  {14,10,8,16,3,-22},
  {24,21,22,25,2,-22},
  {82,17,26,21,2,-22},
  {138,28,22,30,1,-22},
  {215,22,22,26,2,-22},
  {276,3,8,9,3,-22},
  {279,8,27,14,3,-23},
  {306,8,27,14,3,-23},
  {333,14,14,16,1,-22},
  {358,19,19,25,3,-19},
  {404,6,10,11,2,-6},
  {412,9,4,12,2,-11},
  {417,5,6,11,3,-6},
  {421,11,25,11,0,-22},
  {456,18,22,21,1,-22},
  {506,16,22,21,3,-22},
  {550,16,22,21,2,-22},
  {594,16,22,21,2,-22},
  {638,19,22,21,1,-22},
  {691,17,22,21,2,-22},
  {738,17,22,21,2,-22},
  {785,16,22,21,2,-22},
  {829,17,22,21,2,-22},
  {876,17,22,21,2,-22},
  {923,6,16,12,3,-16},
  {935,7,20,12,2,-16},
  {953,19,17,25,3,-18},
  {994,19,9,25,3,-14},
  {1016,19,17,25,3,-18},
  {1057,13,22,17,2,-22},
  {1093,26,26,30,2,-22},
  {1178,23,22,23,0,-22},
  {1242,18,22,23,3,-22},
  {1292,18,22,22,2,-22},
  {1342,20,22,25,3,-22},
  {1397,15,22,20,3,-22},
  {1439,15,22,20,3,-22},
  {1481,20,22,25,2,-22},
  {1536,19,22,25,3,-22},
  {1589,5,22,11,3,-22},
  {1603,10,28,11,-2,-22},
  {1638,21,22,23,3,-22},
  {1696,15,22,19,3,-22},
  {1738,24,22,30,3,-22},
  {1804,19,22,25,3,-22},
  {1857,22,22,26,2,-22},
  {1918,18,22,22,3,-22},
  {1968,22,26,26,2,-22},
  {2040,19,22,23,3,-22},
  {2093,17,22,22,2,-22},
  {2140,20,22,20,0,-22},
  {2195,19,22,24,3,-22},
  {2248,23,22,23,0,-22},
  {2312,31,22,33,1,-22},
  {2398,21,22,23,1,-22},
  {2456,22,22,22,0,-22},
  {2517,19,22,22,1,-22},
  {2570,9,27,14,3,-23},
  {2601,11,25,11,0,-22},
  {2636,9,27,14,2,-23},
  {2667,18,8,25,4,-22},
  {2685,15,3,15,0,4},
  {2691,7,6,15,2,-24},
  {2697,17,16,20,1,-16},
  {2731,17,23,21,3,-23},
  {2780,15,16,18,1,-16},
  {2810,18,23,21,1,-23},
  {2862,18,16,20,1,-16},
  {2898,12,23,13,1,-23},
  {2933,18,22,21,1,-16},
  {2983,16,23,21,3,-23},
  {3029,5,23,10,3,-23},
  {3044,9,29,10,-1,-23},
  {3077,17,23,20,3,-23},
  {3126,5,23,10,3,-23},
  {3141,27,16,31,2,-16},
  {3195,16,16,21,3,-16},
  {3227,18,16,21,1,-16},
  {3263,17,22,21,3,-16},
  {3310,18,22,21,1,-16},
  {3360,12,16,15,3,-16},
  {3384,14,16,18,2,-16},
  {3412,14,21,14,0,-21},
  {3449,17,16,21,2,-16},
  {3483,18,16,20,1,-16},
  {3519,26,16,28,1,-16},
  {3571,18,16,19,1,-16},
  {3607,18,22,20,1,-16},
  {3657,15,16,17,1,-16},
  {3687,14,28,21,4,-23},
  {3736,3,30,11,4,-23},
  {3748,14,28,21,4,-23},
  {3797,19,5,25,3,-12},
  {3809,0,0,0,0,0},
  {3809,13,22,25,6,-22},
  {3845,13,22,25,6,-22},
  {3881,9,10,15,3,-22},
  {3893,5,6,11,3,-13},
  {3897,26,6,30,2,-6},
  {3917,17,23,20,1,-23},
  {3966,18,23,21,1,-23},
  {4018,17,27,20,1,-27},
  {4076,23,28,23,0,-28},
  {4157,22,28,26,2,-28},
  {4234,23,28,23,0,-28},
  {4315,14,24,18,2,-24},
  {4357,17,27,22,2,-27},
  {4415,15,24,17,1,-24},
  {4460,19,27,22,1,-27},
};
const GFXfont F_B30 PROGMEM = {(uint8_t*)F_B30_bmp, (GFXglyph*)F_B30_gly, 0x20, 0x8E, 36};
#define F_B30_ASC 28

const uint8_t F_B34_bmp[] PROGMEM = {
  0xFF,0xFF,0xFF,0xFF,0xFF,0xFF,0xFF,0xFF,0xFF,0xFB,0xEF,0xBE,0x78,0x00,0x3F,0xFF,0xFF,0xFF,0xFC,0xF0,0xFE,0x1F,0xC3,0xF8,
  0x7F,0x0F,0xE1,0xFC,0x3F,0x87,0xF0,0xE0,0x00,0x78,0x78,0x00,0x78,0x78,0x00,0x70,0x78,0x00,0xF0,0x70,0x00,0xF0,0xF0,0x00,
  0xF0,0xF0,0x3F,0xFF,0xFF,0x3F,0xFF,0xFF,0x3F,0xFF,0xFF,0x3F,0xFF,0xFF,0x01,0xE1,0xE0,0x01,0xC1,0xC0,0x03,0xC3,0xC0,0x03,
  0xC3,0xC0,0x03,0xC3,0xC0,0xFF,0xFF,0xFC,0xFF,0xFF,0xFC,0xFF,0xFF,0xFC,0xFF,0xFF,0xFC,0x07,0x87,0x80,0x07,0x07,0x00,0x0F,
  0x0F,0x00,0x0F,0x0F,0x00,0x0E,0x0E,0x00,0x1E,0x0E,0x00,0x00,0xC0,0x00,0x30,0x00,0x0C,0x00,0x03,0x00,0x07,0xF8,0x0F,0xFF,
  0xC7,0xFF,0xFB,0xFF,0xFE,0xFD,0xC7,0xBE,0x30,0x2F,0x8C,0x03,0xE3,0x00,0xFF,0xC0,0x3F,0xFE,0x07,0xFF,0xF0,0xFF,0xFE,0x07,
  0xFF,0xC0,0x7F,0xF0,0x0C,0x7C,0x03,0x1F,0x80,0xC7,0xFC,0x33,0xFF,0xFF,0xFF,0xFF,0xFE,0x7F,0xFF,0x03,0xFE,0x00,0x1C,0x00,
  0x03,0x00,0x00,0xC0,0x00,0x30,0x00,0x0C,0x00,0x0F,0x80,0x03,0x80,0x3F,0xE0,0x07,0x80,0x7F,0xF0,0x0F,0x00,0x78,0xF8,0x0E,
  0x00,0xF8,0x78,0x1E,0x00,0xF0,0x78,0x1C,0x00,0xF0,0x78,0x3C,0x00,0xF0,0x78,0x78,0x00,0xF0,0x78,0x70,0x00,0xF8,0x78,0xF0,
  0x00,0x78,0xF9,0xE0,0x00,0x7F,0xF1,0xC1,0xF0,0x3F,0xE3,0xC7,0xFC,0x0F,0x83,0x8F,0xFE,0x00,0x07,0x9F,0x1E,0x00,0x0F,0x1E,
  0x1F,0x00,0x0E,0x1E,0x0F,0x00,0x1E,0x1E,0x0F,0x00,0x3C,0x1E,0x0F,0x00,0x3C,0x1E,0x0F,0x00,0x78,0x1E,0x1F,0x00,0x70,0x1F,
  0x1E,0x00,0xF0,0x0F,0xFE,0x01,0xE0,0x07,0xFC,0x01,0xC0,0x01,0xF0,0x00,0xFF,0x00,0x00,0xFF,0xF0,0x00,0x7F,0xFC,0x00,0x3F,
  0xFF,0x00,0x0F,0xC1,0xC0,0x03,0xF0,0x10,0x00,0xFC,0x00,0x00,0x3F,0x00,0x00,0x07,0xE0,0x00,0x01,0xFC,0x00,0x01,0xFF,0x80,
  0xF8,0xFF,0xF0,0x3E,0x7F,0xFE,0x0F,0x9F,0x9F,0xC7,0xCF,0xC3,0xF9,0xF3,0xF0,0x7F,0xFC,0xFC,0x0F,0xFE,0x3F,0x01,0xFF,0x8F,
  0xC0,0x7F,0xC3,0xF8,0x0F,0xF0,0x7F,0x07,0xFC,0x0F,0xFF,0xFF,0x83,0xFF,0xFF,0xF0,0x3F,0xFE,0xFE,0x03,0xFC,0x1F,0xC0,0xFF,
  0xFF,0xFF,0xFF,0xF0,0x07,0xC3,0xE1,0xF8,0x7C,0x3F,0x0F,0x83,0xE1,0xF8,0x7C,0x1F,0x0F,0xC3,0xF0,0xFC,0x3F,0x0F,0xC3,0xF0,
  0xFC,0x3F,0x0F,0xC3,0xF0,0x7C,0x1F,0x07,0xE0,0xF8,0x3E,0x0F,0xC1,0xF0,0x7E,0x0F,0x81,0xF0,0xF8,0x3F,0x07,0xC1,0xF8,0x3E,
  0x0F,0xC1,0xF0,0x7C,0x1F,0x87,0xE0,0xF8,0x3E,0x0F,0x83,0xF0,0xFC,0x3F,0x0F,0xC3,0xE0,0xF8,0x3E,0x1F,0x87,0xE1,0xF0,0x7C,
  0x3F,0x0F,0x87,0xE1,0xF0,0xFC,0x3E,0x00,0x03,0x80,0x03,0x80,0x03,0x80,0x43,0x82,0xF3,0x8F,0xFF,0xFF,0x3F,0xFC,0x0F,0xF0,
  0x0F,0xF0,0x3F,0xFC,0xFF,0xBF,0xF3,0x8F,0x43,0x82,0x03,0x80,0x03,0x80,0x03,0x80,0x00,0xF0,0x00,0x07,0x80,0x00,0x3C,0x00,
  0x01,0xE0,0x00,0x0F,0x00,0x00,0x78,0x00,0x03,0xC0,0x00,0x1E,0x00,0x00,0xF0,0x07,0xFF,0xFF,0xFF,0xFF,0xFF,0xFF,0xFF,0xFF,
  0xFF,0xFF,0x80,0x78,0x00,0x03,0xC0,0x00,0x1E,0x00,0x00,0xF0,0x00,0x07,0x80,0x00,0x3C,0x00,0x01,0xE0,0x00,0x0F,0x00,0x00,
  0x78,0x00,0x7E,0xFD,0xFB,0xF7,0xEF,0xDF,0x3E,0xF9,0xE3,0xC0,0xFF,0xFF,0xFF,0xFF,0xFF,0xFF,0xC0,0xFF,0xFF,0xFF,0xFF,0xF0,
  0x00,0x70,0x0F,0x00,0xF0,0x0E,0x01,0xE0,0x1E,0x01,0xC0,0x3C,0x03,0xC0,0x38,0x07,0x80,0x78,0x07,0x80,0x70,0x0F,0x00,0xF0,
  0x0E,0x01,0xE0,0x1E,0x01,0xC0,0x3C,0x03,0xC0,0x38,0x07,0x80,0x78,0x07,0x00,0xF0,0x0F,0x00,0x01,0xF8,0x00,0xFF,0xE0,0x1F,
  0xFF,0x83,0xFF,0xFC,0x7F,0x0F,0xC7,0xE0,0x7E,0x7E,0x07,0xEF,0xC0,0x7E,0xFC,0x07,0xFF,0xC0,0x3F,0xFC,0x03,0xFF,0xC0,0x3F,
  0xFC,0x03,0xFF,0xC0,0x3F,0xFC,0x03,0xFF,0xC0,0x3F,0xFC,0x07,0xFF,0xC0,0x7E,0x7E,0x07,0xE7,0xE0,0xFE,0x7F,0x0F,0xC3,0xFF,
  0xFC,0x1F,0xFF,0x80,0xFF,0xE0,0x01,0xF8,0x00,0x1F,0xF0,0x7F,0xF8,0x3F,0xFC,0x1F,0xFE,0x0F,0xFF,0x07,0x1F,0x80,0x0F,0xC0,
  0x07,0xE0,0x03,0xF0,0x01,0xF8,0x00,0xFC,0x00,0x7E,0x00,0x3F,0x00,0x1F,0x80,0x0F,0xC0,0x07,0xE0,0x03,0xF0,0x01,0xF8,0x00,
  0xFC,0x00,0x7E,0x0F,0xFF,0xFF,0xFF,0xFF,0xFF,0xFF,0xFF,0xFF,0xFF,0xFF,0x80,0x1F,0xF0,0x3F,0xFF,0x0F,0xFF,0xF3,0xFF,0xFE,
  0xF0,0x7F,0xA0,0x0F,0xE0,0x01,0xF8,0x00,0x7F,0x00,0x1F,0x80,0x07,0xE0,0x03,0xF8,0x01,0xFC,0x00,0xFE,0x00,0x7F,0x00,0x3F,
  0x80,0x1F,0xC0,0x0F,0xE0,0x0F,0xF0,0x07,0xF0,0x03,0xF8,0x00,0xFF,0xFF,0xFF,0xFF,0xFF,0xFF,0xFF,0xFF,0xFF,0xFF,0xFF,0xC0,
  0x7F,0xF8,0x0F,0xFF,0xE1,0xFF,0xFE,0x3F,0xFF,0xE6,0x03,0xFC,0x00,0x3F,0x80,0x03,0xF0,0x00,0x7E,0x00,0x0F,0xC0,0x03,0xF8,
  0x00,0xFE,0x03,0xFF,0x80,0x7F,0xE0,0x0F,0xFE,0x01,0xFF,0xF0,0x00,0xFE,0x00,0x0F,0xE0,0x01,0xFC,0x00,0x3F,0xC0,0x07,0xFF,
  0x01,0xFD,0xFF,0xFF,0xBF,0xFF,0xE7,0xFF,0xF8,0x1F,0xF8,0x00,0x00,0x7F,0x80,0x0F,0xF8,0x00,0xFF,0x80,0x1F,0xF8,0x01,0xFF,
  0x80,0x3F,0xF8,0x07,0xDF,0x80,0x79,0xF8,0x0F,0x1F,0x81,0xF1,0xF8,0x1E,0x1F,0x83,0xC1,0xF8,0x7C,0x1F,0x87,0x81,0xF8,0xF8,
  0x1F,0x8F,0x01,0xF8,0xFF,0xFF,0xFF,0xFF,0xFF,0xFF,0xFF,0xFF,0xFF,0xFF,0xFF,0xFF,0xF0,0x01,0xF8,0x00,0x1F,0x80,0x01,0xF8,
  0x00,0x1F,0x80,0x7F,0xFF,0x1F,0xFF,0xC7,0xFF,0xF1,0xFF,0xFC,0x7F,0xFF,0x1F,0x00,0x07,0xC0,0x01,0xF0,0x00,0x7F,0xF0,0x1F,
  0xFF,0x87,0xFF,0xF1,0xFF,0xFE,0x60,0x7F,0x80,0x07,0xF0,0x01,0xFC,0x00,0x3F,0x00,0x0F,0xC0,0x03,0xF0,0x01,0xFE,0x00,0x7F,
  0xF0,0x7F,0xBF,0xFF,0xEF,0xFF,0xF3,0xFF,0xF0,0x3F,0xF0,0x00,0x00,0xFF,0xC0,0x3F,0xFC,0x0F,0xFF,0xC1,0xFF,0xFC,0x3F,0xC0,
  0xC3,0xF0,0x00,0x7E,0x00,0x07,0xE0,0x00,0x7C,0xFE,0x0F,0xFF,0xF8,0xFF,0xFF,0xCF,0xFF,0xFE,0xFF,0x8F,0xEF,0xF0,0x7E,0xFE,
  0x07,0xFF,0xE0,0x3F,0xFE,0x03,0xF7,0xE0,0x3F,0x7E,0x07,0xF7,0xF0,0x7E,0x3F,0x8F,0xE1,0xFF,0xFC,0x1F,0xFF,0x80,0x7F,0xF0,
  0x01,0xFC,0x00,0xFF,0xFF,0xFF,0xFF,0xFF,0xFF,0xFF,0xFF,0xFF,0xFF,0xFF,0xFE,0x00,0x1F,0x80,0x03,0xF0,0x00,0xFC,0x00,0x1F,
  0x80,0x07,0xE0,0x00,0xFC,0x00,0x3F,0x00,0x07,0xE0,0x01,0xF8,0x00,0x3F,0x00,0x0F,0xE0,0x01,0xF8,0x00,0x7F,0x00,0x0F,0xC0,
  0x01,0xF8,0x00,0x7E,0x00,0x0F,0xC0,0x03,0xF0,0x00,0x7E,0x00,0x1F,0xC0,0x00,0x03,0xFC,0x01,0xFF,0xF0,0x3F,0xFF,0xC7,0xFF,
  0xFC,0x7F,0x0F,0xE7,0xE0,0x7E,0x7E,0x07,0xE7,0xE0,0x7E,0x7E,0x07,0xE3,0xF0,0xFC,0x3F,0xFF,0x80,0xFF,0xE0,0x0F,0xFF,0x03,
  0xFF,0xFC,0x7F,0x0F,0xE7,0xE0,0x7E,0xFC,0x07,0xEF,0xC0,0x7F,0xFC,0x07,0xEF,0xE0,0x7E,0x7F,0x0F,0xE7,0xFF,0xFE,0x3F,0xFF,
  0xC1,0xFF,0xF8,0x07,0xFC,0x00,0x03,0xF8,0x01,0xFF,0xC0,0xFF,0xFC,0x3F,0xFF,0xC7,0xE1,0xFD,0xFC,0x1F,0xBF,0x03,0xFF,0xE0,
  0x3F,0xFC,0x07,0xFF,0x80,0xFF,0xF0,0x3F,0xFF,0x07,0xF7,0xE1,0xFE,0xFF,0xFF,0xCF,0xFF,0xF8,0xFF,0xFF,0x07,0xE7,0xE0,0x00,
  0xFC,0x00,0x3F,0x00,0x07,0xE6,0x03,0xF8,0xFF,0xFE,0x1F,0xFF,0x83,0xFF,0xE0,0x7F,0xE0,0x00,0xFF,0xFF,0xFF,0xFF,0xF0,0x00,
  0x00,0x00,0x00,0x03,0xFF,0xFF,0xFF,0xFF,0xC0,0x3F,0x3F,0x3F,0x3F,0x3F,0x3F,0x00,0x00,0x00,0x00,0x00,0x00,0x00,0x3F,0x3F,
  0x3F,0x3F,0x3F,0x3E,0x7E,0x7C,0x78,0x78,0xF0,0x00,0x00,0x18,0x00,0x03,0xC0,0x00,0xFE,0x00,0x3F,0xF0,0x0F,0xFF,0x03,0xFF,
  0xC0,0x7F,0xF0,0x1F,0xFC,0x00,0xFF,0x00,0x07,0xE0,0x00,0x3F,0xC0,0x01,0xFF,0xC0,0x01,0xFF,0xC0,0x03,0xFF,0xC0,0x03,0xFF,
  0xC0,0x03,0xFF,0x00,0x03,0xF8,0x00,0x03,0xC0,0x00,0x06,0xFF,0xFF,0xFF,0xFF,0xFF,0xFF,0xFF,0xFF,0xFF,0xFF,0xF0,0x00,0x00,
  0x00,0x00,0x00,0x00,0x00,0x00,0x00,0x00,0xFF,0xFF,0xFF,0xFF,0xFF,0xFF,0xFF,0xFF,0xFF,0xFF,0xF0,0x80,0x00,0x07,0x80,0x00,
  0x3F,0x80,0x01,0xFF,0x00,0x07,0xFF,0x00,0x07,0xFF,0x00,0x07,0xFF,0x00,0x07,0xFF,0x00,0x07,0xF8,0x00,0x0F,0xC0,0x01,0xFE,
  0x00,0x7F,0xF0,0x1F,0xFC,0x07,0xFF,0x01,0xFF,0xC0,0x1F,0xF0,0x00,0xFE,0x00,0x07,0x80,0x00,0x20,0x00,0x00,0x1F,0xE1,0xFF,
  0xF3,0xFF,0xF7,0xFF,0xFF,0x0F,0xF0,0x0F,0xC0,0x1F,0x80,0x3F,0x00,0x7E,0x01,0xFC,0x07,0xF0,0x1F,0xC0,0x7F,0x01,0xFC,0x03,
  0xF0,0x07,0xE0,0x0F,0xC0,0x00,0x00,0x00,0x00,0x7E,0x00,0xFC,0x01,0xF8,0x03,0xF0,0x07,0xE0,0x0F,0xC0,0x00,0x1F,0xE0,0x00,
  0x01,0xFF,0xF0,0x00,0x1F,0xFF,0xF0,0x00,0xFC,0x07,0xE0,0x0F,0x80,0x07,0xC0,0x3C,0x00,0x07,0x81,0xE0,0x00,0x0F,0x0F,0x00,
  0x00,0x1C,0x38,0x0F,0x9C,0x79,0xE0,0xFF,0x70,0xE7,0x03,0xFF,0xC3,0x9C,0x1E,0x1F,0x0E,0xF0,0xF8,0x3C,0x3F,0x83,0xC0,0xF0,
  0xFE,0x0F,0x03,0xC3,0xF8,0x3C,0x0F,0x0E,0xE0,0xF0,0x3C,0x3B,0xC3,0xC0,0xF0,0xE7,0x0F,0x87,0xC7,0x1C,0x1E,0x1F,0x3C,0x78,
  0x7F,0xFF,0xE0,0xE0,0xFF,0x7F,0x03,0xC0,0xF9,0xE0,0x07,0x80,0x00,0x00,0x1F,0x00,0x02,0x00,0x3E,0x00,0x1C,0x00,0x3F,0x03,
  0xF0,0x00,0x7F,0xFF,0xC0,0x00,0x7F,0xFC,0x00,0x00,0x7F,0x80,0x00,0x00,0x7F,0x80,0x00,0x1F,0xF0,0x00,0x0F,0xFC,0x00,0x03,
  0xFF,0x00,0x00,0xFF,0xE0,0x00,0x7F,0xF8,0x00,0x1F,0xFE,0x00,0x07,0xEF,0xC0,0x03,0xF3,0xF0,0x00,0xFC,0xFC,0x00,0x7F,0x1F,
  0x80,0x1F,0x87,0xE0,0x07,0xE1,0xFC,0x03,0xF8,0x3F,0x00,0xFC,0x0F,0xC0,0x3F,0x03,0xF8,0x1F,0xFF,0xFE,0x07,0xFF,0xFF,0x81,
  0xFF,0xFF,0xF0,0xFF,0xFF,0xFC,0x3F,0xFF,0xFF,0x1F,0xC0,0x0F,0xE7,0xF0,0x01,0xF9,0xF8,0x00,0x7F,0xFE,0x00,0x0F,0xC0,0xFF,
  0xFE,0x07,0xFF,0xFC,0x3F,0xFF,0xF1,0xFF,0xFF,0xCF,0xE0,0xFE,0x7F,0x03,0xF3,0xF8,0x1F,0x9F,0xC0,0xFC,0xFE,0x07,0xE7,0xF0,
  0x7F,0x3F,0xFF,0xF1,0xFF,0xFF,0x0F,0xFF,0xFC,0x7F,0xFF,0xF3,0xF8,0x3F,0xDF,0xC0,0x7E,0xFE,0x03,0xF7,0xF0,0x1F,0xFF,0x80,
  0xFD,0xFC,0x07,0xEF,0xE0,0xFF,0x7F,0xFF,0xFB,0xFF,0xFF,0x9F,0xFF,0xF8,0xFF,0xFE,0x00,0x00,0x7F,0x80,0x1F,0xFF,0x83,0xFF,
  0xFE,0x3F,0xFF,0xF3,0xFF,0xFF,0x9F,0xF0,0x3D,0xFE,0x00,0x2F,0xE0,0x00,0xFE,0x00,0x07,0xF0,0x00,0x3F,0x80,0x01,0xF8,0x00,
  0x0F,0xC0,0x00,0x7E,0x00,0x03,0xF8,0x00,0x1F,0xC0,0x00,0xFE,0x00,0x03,0xF8,0x00,0x1F,0xE0,0x02,0x7F,0xC0,0xF3,0xFF,0xFF,
  0x8F,0xFF,0xFC,0x3F,0xFF,0xE0,0x7F,0xFE,0x00,0x7F,0x80,0xFF,0xFC,0x01,0xFF,0xFF,0x03,0xFF,0xFF,0x87,0xFF,0xFF,0x8F,0xFF,
  0xFF,0x9F,0xC1,0xFF,0xBF,0x80,0xFF,0x7F,0x00,0xFF,0xFE,0x00,0xFF,0xFC,0x01,0xFF,0xF8,0x01,0xFF,0xF0,0x03,0xFF,0xE0,0x07,
  0xFF,0xC0,0x0F,0xFF,0x80,0x1F,0xFF,0x00,0x7F,0xFE,0x00,0xFF,0xFC,0x03,0xFF,0xF8,0x0F,0xF7,0xF0,0x7F,0xEF,0xFF,0xFF,0x9F,
  0xFF,0xFE,0x3F,0xFF,0xF8,0x7F,0xFF,0xC0,0xFF,0xFC,0x00,0xFF,0xFF,0xBF,0xFF,0xEF,0xFF,0xFB,0xFF,0xFE,0xFF,0xFF,0xBF,0x80,
  0x0F,0xE0,0x03,0xF8,0x00,0xFE,0x00,0x3F,0xFF,0xEF,0xFF,0xFB,0xFF,0xFE,0xFF,0xFF,0xBF,0xFF,0xEF,0xE0,0x03,0xF8,0x00,0xFE,
  0x00,0x3F,0x80,0x0F,0xE0,0x03,0xF8,0x00,0xFF,0xFF,0xFF,0xFF,0xFF,0xFF,0xFF,0xFF,0xFF,0xFF,0xFF,0xC0,0xFF,0xFF,0xFF,0xFF,
  0xFF,0xFF,0xFF,0xFF,0xFF,0xFF,0xFF,0xF0,0x03,0xF8,0x01,0xFC,0x00,0xFE,0x00,0x7F,0xFF,0xFF,0xFF,0xFF,0xFF,0xFF,0xFF,0xFF,
  0xFF,0xFF,0xF8,0x01,0xFC,0x00,0xFE,0x00,0x7F,0x00,0x3F,0x80,0x1F,0xC0,0x0F,0xE0,0x07,0xF0,0x03,0xF8,0x01,0xFC,0x00,0xFE,
  0x00,0x00,0x00,0x7F,0xC0,0x07,0xFF,0xF0,0x1F,0xFF,0xF0,0xFF,0xFF,0xE3,0xFF,0xFF,0xC7,0xFC,0x07,0x9F,0xE0,0x01,0x3F,0x80,
  0x00,0xFE,0x00,0x01,0xFC,0x00,0x03,0xF8,0x00,0x07,0xE0,0x3F,0xFF,0xC0,0x7F,0xFF,0x80,0xFF,0xFF,0x01,0xFF,0xFF,0x00,0x3F,
  0xFE,0x00,0x7E,0xFE,0x00,0xFD,0xFE,0x01,0xF9,0xFF,0x03,0xF3,0xFF,0xFF,0xE3,0xFF,0xFF,0xC3,0xFF,0xFF,0x81,0xFF,0xFC,0x00,
  0x7F,0xC0,0xFE,0x00,0xFF,0xF8,0x03,0xFF,0xE0,0x0F,0xFF,0x80,0x3F,0xFE,0x00,0xFF,0xF8,0x03,0xFF,0xE0,0x0F,0xFF,0x80,0x3F,
  0xFE,0x00,0xFF,0xFF,0xFF,0xFF,0xFF,0xFF,0xFF,0xFF,0xFF,0xFF,0xFF,0xFF,0xFF,0xFF,0xFF,0xE0,0x0F,0xFF,0x80,0x3F,0xFE,0x00,
  0xFF,0xF8,0x03,0xFF,0xE0,0x0F,0xFF,0x80,0x3F,0xFE,0x00,0xFF,0xF8,0x03,0xFF,0xE0,0x0F,0xFF,0x80,0x3F,0xFE,0x00,0xFC,0xFF,
  0xFF,0xFF,0xFF,0xFF,0xFF,0xFF,0xFF,0xFF,0xFF,0xFF,0xFF,0xFF,0xFF,0xFF,0xFF,0xFF,0xFF,0xFF,0xFF,0xFF,0xFE,0x07,0xF0,0x7F,
  0x07,0xF0,0x7F,0x07,0xF0,0x7F,0x07,0xF0,0x7F,0x07,0xF0,0x7F,0x07,0xF0,0x7F,0x07,0xF0,0x7F,0x07,0xF0,0x7F,0x07,0xF0,0x7F,
  0x07,0xF0,0x7F,0x07,0xF0,0x7F,0x07,0xF0,0x7E,0x07,0xE0,0xFE,0x1F,0xEF,0xFE,0xFF,0xCF,0xF8,0xFF,0x0F,0x80,0xFE,0x01,0xFE,
  0xFE,0x03,0xFC,0xFE,0x07,0xF8,0xFE,0x0F,0xF0,0xFE,0x1F,0xE0,0xFE,0x3F,0xC0,0xFE,0x7F,0x80,0xFE,0xFF,0x00,0xFF,0xFE,0x00,
  0xFF,0xFC,0x00,0xFF,0xF8,0x00,0xFF,0xF0,0x00,0xFF,0xF0,0x00,0xFF,0xF8,0x00,0xFF,0xFC,0x00,0xFF,0xFE,0x00,0xFE,0xFF,0x00,
  0xFE,0x7F,0x80,0xFE,0x3F,0xC0,0xFE,0x1F,0xE0,0xFE,0x0F,0xF0,0xFE,0x07,0xF8,0xFE,0x03,0xFC,0xFE,0x01,0xFE,0xFE,0x00,0xFF,
  0xFE,0x00,0x3F,0x80,0x0F,0xE0,0x03,0xF8,0x00,0xFE,0x00,0x3F,0x80,0x0F,0xE0,0x03,0xF8,0x00,0xFE,0x00,0x3F,0x80,0x0F,0xE0,
  0x03,0xF8,0x00,0xFE,0x00,0x3F,0x80,0x0F,0xE0,0x03,0xF8,0x00,0xFE,0x00,0x3F,0x80,0x0F,0xE0,0x03,0xF8,0x00,0xFF,0xFF,0xFF,
  0xFF,0xFF,0xFF,0xFF,0xFF,0xFF,0xFF,0xFF,0xC0,0xFF,0x00,0x1F,0xFF,0xF8,0x01,0xFF,0xFF,0x80,0x1F,0xFF,0xFC,0x03,0xFF,0xFF,
  0xC0,0x3F,0xFF,0xFE,0x07,0xFF,0xFF,0xE0,0x7F,0xFF,0xFE,0x0F,0xFF,0xFD,0xF0,0xFB,0xFF,0xDF,0x0F,0x3F,0xFC,0xF9,0xF3,0xFF,
  0xCF,0x9F,0x3F,0xFC,0x7F,0xE3,0xFF,0xC7,0xFE,0x3F,0xFC,0x3F,0xC3,0xFF,0xC3,0xFC,0x3F,0xFC,0x3F,0x83,0xFF,0xC1,0xF8,0x3F,
  0xFC,0x1F,0x83,0xFF,0xC0,0xF0,0x3F,0xFC,0x00,0x03,0xFF,0xC0,0x00,0x3F,0xFC,0x00,0x03,0xFF,0xC0,0x00,0x3F,0xFC,0x00,0x03,
  0xF0,0xFF,0x00,0xFF,0xFC,0x03,0xFF,0xF8,0x0F,0xFF,0xE0,0x3F,0xFF,0xC0,0xFF,0xFF,0x03,0xFF,0xFE,0x0F,0xFF,0xF8,0x3F,0xFF,
  0xF0,0xFF,0xF7,0xC3,0xFF,0xCF,0x8F,0xFF,0x3E,0x3F,0xFC,0x7C,0xFF,0xF1,0xF3,0xFF,0xC3,0xEF,0xFF,0x0F,0xBF,0xFC,0x1F,0xFF,
  0xF0,0x7F,0xFF,0xC0,0xFF,0xFF,0x03,0xFF,0xFC,0x07,0xFF,0xF0,0x1F,0xFF,0xC0,0x3F,0xFF,0x00,0xFF,0xFC,0x01,0xFC,0x00,0xFF,
  0x00,0x01,0xFF,0xF0,0x03,0xFF,0xFE,0x03,0xFF,0xFF,0x83,0xFF,0xFF,0xE3,0xFE,0x0F,0xF1,0xFC,0x01,0xFD,0xFE,0x00,0xFE,0xFE,
  0x00,0x3F,0xFF,0x00,0x1F,0xFF,0x00,0x0F,0xFF,0x80,0x03,0xFF,0xC0,0x01,0xFF,0xE0,0x00,0xFF,0xF0,0x00,0xFF,0xFC,0x00,0x7F,
  0xFE,0x00,0x3F,0xFF,0x80,0x3F,0x9F,0xC0,0x1F,0xCF,0xF8,0x3F,0xC3,0xFF,0xFF,0xE0,0xFF,0xFF,0xE0,0x3F,0xFF,0xE0,0x07,0xFF,
  0xC0,0x00,0xFF,0x00,0x00,0xFF,0xFE,0x0F,0xFF,0xF8,0xFF,0xFF,0xCF,0xFF,0xFE,0xFF,0xFF,0xFF,0xE0,0xFF,0xFE,0x03,0xFF,0xE0,
  0x3F,0xFE,0x03,0xFF,0xE0,0x3F,0xFE,0x0F,0xFF,0xFF,0xFF,0xFF,0xFF,0xEF,0xFF,0xFC,0xFF,0xFF,0x8F,0xFF,0xE0,0xFE,0x00,0x0F,
  0xE0,0x00,0xFE,0x00,0x0F,0xE0,0x00,0xFE,0x00,0x0F,0xE0,0x00,0xFE,0x00,0x0F,0xE0,0x00,0xFE,0x00,0x00,0x00,0xFF,0x00,0x01,
  0xFF,0xF0,0x03,0xFF,0xFE,0x03,0xFF,0xFF,0x83,0xFF,0xFF,0xE3,0xFE,0x0F,0xF1,0xFC,0x01,0xFD,0xFE,0x00,0xFE,0xFE,0x00,0x3F,
  0xFF,0x00,0x1F,0xFF,0x00,0x0F,0xFF,0x80,0x03,0xFF,0xC0,0x01,0xFF,0xE0,0x00,0xFF,0xF0,0x00,0xFF,0xFC,0x00,0x7F,0xFE,0x00,
  0x3F,0xFF,0x80,0x3F,0x9F,0xC0,0x1F,0xCF,0xF8,0x3F,0xC3,0xFF,0xFF,0xE0,0xFF,0xFF,0xE0,0x3F,0xFF,0xE0,0x07,0xFF,0xC0,0x00,
  0xFF,0xE0,0x00,0x01,0xF8,0x00,0x00,0xFC,0x00,0x00,0x3F,0x00,0x00,0x0F,0xC0,0x00,0x03,0xF0,0xFF,0xFC,0x03,0xFF,0xFE,0x0F,
  0xFF,0xFC,0x3F,0xFF,0xF8,0xFF,0xFF,0xE3,0xF8,0x3F,0x8F,0xE0,0x7E,0x3F,0x81,0xF8,0xFE,0x07,0xE3,0xF8,0x3F,0x8F,0xFF,0xFC,
  0x3F,0xFF,0xE0,0xFF,0xFE,0x03,0xFF,0xFC,0x0F,0xFF,0xF8,0x3F,0x8F,0xF0,0xFE,0x0F,0xE3,0xF8,0x3F,0x8F,0xE0,0x7E,0x3F,0x81,
  0xFC,0xFE,0x03,0xF3,0xF8,0x0F,0xEF,0xE0,0x1F,0xBF,0x80,0x7F,0xFE,0x01,0xFC,0x03,0xFE,0x01,0xFF,0xFC,0x3F,0xFF,0xC7,0xFF,
  0xFC,0x7F,0xFF,0xC7,0xF0,0x3C,0xFC,0x00,0x4F,0xC0,0x00,0x7E,0x00,0x07,0xF8,0x00,0x7F,0xFC,0x03,0xFF,0xF8,0x1F,0xFF,0xC0,
  0x3F,0xFE,0x00,0x3F,0xF0,0x00,0x7F,0x00,0x03,0xF4,0x00,0x3F,0x60,0x03,0xF7,0xC0,0xFF,0x7F,0xFF,0xE7,0xFF,0xFE,0x7F,0xFF,
  0xC3,0xFF,0xF8,0x07,0xFC,0x00,0xFF,0xFF,0xFF,0xFF,0xFF,0xFF,0xFF,0xFF,0xFF,0xFF,0xFF,0xFF,0xFF,0xFF,0xE0,0x1F,0xC0,0x00,
  0x3F,0x80,0x00,0x7F,0x00,0x00,0xFE,0x00,0x01,0xFC,0x00,0x03,0xF8,0x00,0x07,0xF0,0x00,0x0F,0xE0,0x00,0x1F,0xC0,0x00,0x3F,
  0x80,0x00,0x7F,0x00,0x00,0xFE,0x00,0x01,0xFC,0x00,0x03,0xF8,0x00,0x07,0xF0,0x00,0x0F,0xE0,0x00,0x1F,0xC0,0x00,0x3F,0x80,
  0x00,0x7F,0x00,0x00,0xFE,0x00,0xFE,0x01,0xFF,0xF0,0x0F,0xFF,0x80,0x7F,0xFC,0x03,0xFF,0xE0,0x1F,0xFF,0x00,0xFF,0xF8,0x07,
  0xFF,0xC0,0x3F,0xFE,0x01,0xFF,0xF0,0x0F,0xFF,0x80,0x7F,0xFC,0x03,0xFF,0xE0,0x1F,0xFF,0x00,0xFF,0xF8,0x07,0xFF,0xC0,0x3F,
  0xFE,0x01,0xFF,0xF0,0x0F,0xDF,0x80,0xFE,0xFF,0x0F,0xF7,0xFF,0xFF,0x1F,0xFF,0xF8,0x7F,0xFF,0x81,0xFF,0xF0,0x01,0xFE,0x00,
  0xFE,0x00,0x0F,0xDF,0x80,0x07,0xF7,0xE0,0x01,0xF9,0xFC,0x00,0xFE,0x3F,0x00,0x3F,0x0F,0xE0,0x0F,0xC1,0xF8,0x07,0xF0,0x7E,
  0x01,0xF8,0x1F,0xC0,0x7E,0x03,0xF0,0x3F,0x80,0xFC,0x0F,0xC0,0x3F,0x83,0xF0,0x07,0xE1,0xFC,0x01,0xF8,0x7E,0x00,0x7F,0x1F,
  0x80,0x0F,0xCF,0xC0,0x03,0xF3,0xF0,0x00,0x7E,0xFC,0x00,0x1F,0xFE,0x00,0x07,0xFF,0x80,0x00,0xFF,0xE0,0x00,0x3F,0xF0,0x00,
  0x0F,0xFC,0x00,0x01,0xFF,0x00,0x00,0x7F,0x80,0x00,0xFC,0x01,0xF8,0x07,0xFF,0x80,0x7F,0x00,0xFD,0xF8,0x0F,0xE0,0x1F,0xBF,
  0x01,0xFE,0x03,0xF7,0xE0,0x3F,0xC0,0xFC,0xFC,0x0F,0xF8,0x1F,0x8F,0xC1,0xFF,0x03,0xF1,0xF8,0x3D,0xF0,0x7E,0x3F,0x07,0xBE,
  0x1F,0x87,0xE1,0xF3,0xC3,0xF0,0xFE,0x3E,0x78,0x7E,0x0F,0xC7,0x8F,0x8F,0xC1,0xF8,0xF1,0xF3,0xF8,0x3F,0x1E,0x1E,0x7E,0x07,
  0xF7,0xC3,0xCF,0xC0,0x7E,0xF8,0x79,0xF8,0x0F,0xDE,0x0F,0xFF,0x01,0xFF,0xC1,0xFF,0xC0,0x3F,0xF8,0x1F,0xF8,0x03,0xFF,0x03,
  0xFF,0x00,0x7F,0xC0,0x7F,0xE0,0x0F,0xF8,0x0F,0xF8,0x01,0xFF,0x00,0xFF,0x00,0x1F,0xE0,0x1F,0xE0,0x03,0xF8,0x03,0xFC,0x00,
  0xFE,0x00,0x7F,0x7F,0x00,0xFE,0x3F,0x00,0xFE,0x3F,0x81,0xFC,0x1F,0xC3,0xF8,0x0F,0xC3,0xF0,0x0F,0xE7,0xF0,0x07,0xFF,0xE0,
  0x03,0xFF,0xC0,0x03,0xFF,0xC0,0x01,0xFF,0x80,0x00,0xFF,0x00,0x00,0xFF,0x00,0x01,0xFF,0x80,0x01,0xFF,0x80,0x03,0xFF,0xC0,
  0x07,0xFF,0xE0,0x07,0xE7,0xE0,0x0F,0xE7,0xF0,0x1F,0xC3,0xF8,0x1F,0x81,0xFC,0x3F,0x81,0xFC,0x7F,0x00,0xFE,0x7E,0x00,0x7F,
  0xFE,0x00,0x3F,0xFE,0x00,0x3F,0xBF,0x80,0x3F,0x9F,0xC0,0x3F,0x87,0xF0,0x1F,0xC1,0xFC,0x1F,0xC0,0xFE,0x1F,0xC0,0x3F,0x8F,
  0xE0,0x0F,0xCF,0xE0,0x07,0xFF,0xE0,0x01,0xFF,0xF0,0x00,0x7F,0xF0,0x00,0x3F,0xF0,0x00,0x0F,0xF8,0x00,0x07,0xF8,0x00,0x01,
  0xFC,0x00,0x00,0xFE,0x00,0x00,0x7F,0x00,0x00,0x3F,0x80,0x00,0x1F,0xC0,0x00,0x0F,0xE0,0x00,0x07,0xF0,0x00,0x03,0xF8,0x00,
  0x01,0xFC,0x00,0x00,0xFE,0x00,0x00,0x7F,0x00,0x00,0xFF,0xFF,0xFF,0xFF,0xFF,0xFF,0xFF,0xFF,0xFF,0xFF,0xFF,0xFF,0xFF,0x00,
  0x07,0xF0,0x00,0x3F,0x80,0x03,0xF8,0x00,0x3F,0x80,0x03,0xF8,0x00,0x3F,0x80,0x03,0xF8,0x00,0x1F,0xC0,0x01,0xFC,0x00,0x1F,
  0xC0,0x01,0xFC,0x00,0x1F,0xC0,0x00,0xFE,0x00,0x0F,0xE0,0x00,0xFE,0x00,0x0F,0xFF,0xFF,0xFF,0xFF,0xFF,0xFF,0xFF,0xFF,0xFF,
  0xFF,0xFF,0xFF,0xF8,0xFF,0xFF,0xFF,0xFF,0xFF,0xFC,0x3F,0x0F,0xC3,0xF0,0xFC,0x3F,0x0F,0xC3,0xF0,0xFC,0x3F,0x0F,0xC3,0xF0,
  0xFC,0x3F,0x0F,0xC3,0xF0,0xFC,0x3F,0x0F,0xC3,0xF0,0xFC,0x3F,0x0F,0xFF,0xFF,0xFF,0xFF,0xF0,0xF0,0x0F,0x00,0x70,0x07,0x80,
  0x78,0x03,0x80,0x3C,0x03,0xC0,0x1C,0x01,0xE0,0x1E,0x00,0xE0,0x0F,0x00,0xF0,0x07,0x00,0x78,0x07,0x80,0x78,0x03,0x80,0x3C,
  0x03,0xC0,0x1C,0x01,0xE0,0x1E,0x00,0xE0,0x0F,0x00,0xF0,0x07,0xFF,0xFF,0xFF,0xFF,0xFF,0xF0,0x7E,0x0F,0xC1,0xF8,0x3F,0x07,
  0xE0,0xFC,0x1F,0x83,0xF0,0x7E,0x0F,0xC1,0xF8,0x3F,0x07,0xE0,0xFC,0x1F,0x83,0xF0,0x7E,0x0F,0xC1,0xF8,0x3F,0x07,0xE0,0xFF,
  0xFF,0xFF,0xFF,0xFF,0xFF,0xC0,0x00,0xF8,0x00,0x0F,0xE0,0x00,0xFF,0x80,0x0F,0xFE,0x00,0xFD,0xF8,0x0F,0x87,0xE0,0xF8,0x0F,
  0x8F,0x80,0x3E,0xF0,0x00,0xF8,0xFF,0xFF,0xFF,0xFF,0xFF,0xFF,0xE0,0xF8,0x3C,0x0F,0x03,0xC0,0xF0,0x3C,0x0F,0xF8,0x1F,0xFF,
  0x87,0xFF,0xF1,0xFF,0xFE,0x70,0x1F,0xD0,0x03,0xF0,0x00,0xFC,0x3F,0xFF,0x3F,0xFF,0xDF,0xFF,0xFF,0xFF,0xFF,0xF8,0x3F,0xFC,
  0x0F,0xFF,0x03,0xFF,0xC3,0xFF,0xFF,0xFF,0x7F,0xFF,0xDF,0xFB,0xF1,0xF8,0xFC,0xFC,0x00,0x0F,0xC0,0x00,0xFC,0x00,0x0F,0xC0,
  0x00,0xFC,0x00,0x0F,0xC0,0x00,0xFC,0x00,0x0F,0xC7,0xE0,0xFD,0xFF,0x0F,0xFF,0xF8,0xFF,0xFF,0xCF,0xF0,0xFE,0xFE,0x07,0xEF,
  0xC0,0x7E,0xFC,0x07,0xFF,0xC0,0x3F,0xFC,0x03,0xFF,0xC0,0x3F,0xFC,0x07,0xFF,0xC0,0x7E,0xFE,0x07,0xEF,0xF0,0xFE,0xFF,0xFF,
  0xCF,0xFF,0xF8,0xFD,0xFF,0x0F,0xC7,0xE0,0x01,0xFE,0x03,0xFF,0xC7,0xFF,0xE7,0xFF,0xF3,0xF8,0x3B,0xF8,0x05,0xF8,0x00,0xFC,
  0x00,0x7E,0x00,0x7F,0x00,0x1F,0x80,0x0F,0xC0,0x07,0xE0,0x03,0xF8,0x04,0xFE,0x0E,0x7F,0xFF,0x1F,0xFF,0x83,0xFF,0xC0,0x7F,
  0x80,0x00,0x07,0xE0,0x00,0xFC,0x00,0x1F,0x80,0x03,0xF0,0x00,0x7E,0x00,0x0F,0xC0,0x01,0xF8,0x3E,0x3F,0x1F,0xF7,0xE7,0xFF,
  0xFD,0xFF,0xFF,0xBF,0x8F,0xFF,0xE0,0x7F,0xF8,0x0F,0xFF,0x01,0xFF,0xE0,0x3F,0xFC,0x07,0xFF,0x80,0xFF,0xF0,0x1F,0xFE,0x03,
  0xFF,0xE0,0x7E,0xFE,0x3F,0xDF,0xFF,0xF9,0xFF,0xFF,0x1F,0xF7,0xE0,0xF8,0xFC,0x01,0xFC,0x00,0x7F,0xF0,0x1F,0xFF,0xC3,0xFF,
  0xFE,0x3F,0x87,0xE7,0xE0,0x3F,0x7E,0x03,0xF7,0xFF,0xFF,0x7F,0xFF,0xFF,0xFF,0xFF,0x7F,0xFF,0xF7,0xE0,0x00,0x7E,0x00,0x07,
  0xF0,0x02,0x3F,0x81,0xF3,0xFF,0xFF,0x1F,0xFF,0xF0,0x7F,0xFF,0x01,0xFF,0x80,0x03,0xFC,0x3F,0xF1,0xFF,0xC7,0xFF,0x1F,0x80,
  0x7E,0x01,0xF8,0x3F,0xFF,0xFF,0xFF,0xFF,0xFF,0xFF,0xC7,0xE0,0x1F,0x80,0x7E,0x01,0xF8,0x07,0xE0,0x1F,0x80,0x7E,0x01,0xF8,
  0x07,0xE0,0x1F,0x80,0x7E,0x01,0xF8,0x07,0xE0,0x1F,0x80,0x7E,0x00,0x07,0xC7,0xE3,0xFE,0xFC,0xFF,0xFF,0xBF,0xFF,0xF7,0xF1,
  0xFF,0xFC,0x1F,0xFF,0x01,0xFF,0xE0,0x3F,0xFC,0x07,0xFF,0x80,0xFF,0xF0,0x1F,0xFE,0x03,0xFF,0xC0,0x7F,0xFC,0x1F,0xDF,0xC7,
  0xFB,0xFF,0xFF,0x3F,0xFF,0xE3,0xFE,0xFC,0x1F,0x1F,0x80,0x03,0xF2,0x00,0xFE,0x70,0x3F,0x8F,0xFF,0xF1,0xFF,0xFC,0x3F,0xFE,
  0x01,0xFF,0x00,0xFC,0x00,0x1F,0x80,0x03,0xF0,0x00,0x7E,0x00,0x0F,0xC0,0x01,0xF8,0x00,0x3F,0x00,0x07,0xE3,0xF0,0xFD,0xFF,
  0x1F,0xFF,0xF3,0xFF,0xFF,0x7F,0xFF,0xEF,0xF1,0xFD,0xFC,0x1F,0xBF,0x03,0xFF,0xE0,0x3F,0xFC,0x07,0xFF,0x80,0xFF,0xF0,0x1F,
  0xFE,0x03,0xFF,0xC0,0x7F,0xF8,0x0F,0xFF,0x01,0xFF,0xE0,0x3F,0xFC,0x07,0xFF,0x80,0xFC,0xFF,0xFF,0xFF,0xFC,0x00,0x3F,0xFF,
  0xFF,0xFF,0xFF,0xFF,0xFF,0xFF,0xFF,0xFF,0xFF,0xFF,0xFF,0xFF,0xF0,0x0F,0xC3,0xF0,0xFC,0x3F,0x0F,0xC0,0x00,0x00,0x3F,0x0F,
  0xC3,0xF0,0xFC,0x3F,0x0F,0xC3,0xF0,0xFC,0x3F,0x0F,0xC3,0xF0,0xFC,0x3F,0x0F,0xC3,0xF0,0xFC,0x3F,0x0F,0xC3,0xF0,0xFC,0x3F,
  0x1F,0xBF,0xEF,0xF3,0xF8,0xFC,0x00,0xFC,0x00,0x0F,0xC0,0x00,0xFC,0x00,0x0F,0xC0,0x00,0xFC,0x00,0x0F,0xC0,0x00,0xFC,0x00,
  0x0F,0xC0,0xFE,0xFC,0x1F,0xCF,0xC3,0xF8,0xFC,0x7F,0x0F,0xCF,0xE0,0xFD,0xFC,0x0F,0xFF,0x80,0xFF,0xF0,0x0F,0xFE,0x00,0xFF,
  0xE0,0x0F,0xFF,0x00,0xFF,0xF8,0x0F,0xDF,0xC0,0xFC,0xFE,0x0F,0xC7,0xF0,0xFC,0x3F,0x8F,0xC1,0xFC,0xFC,0x0F,0xEF,0xC0,0x7F,
  0xFF,0xFF,0xFF,0xFF,0xFF,0xFF,0xFF,0xFF,0xFF,0xFF,0xFF,0xFF,0xFF,0xFF,0xFF,0xFF,0xFF,0xFF,0xFF,0xF0,0xFC,0x7C,0x07,0xC3,
  0xF7,0xF8,0x7F,0x8F,0xFF,0xF3,0xFF,0x3F,0xFF,0xFF,0xFE,0xFF,0xFF,0xFF,0xFB,0xFC,0x7F,0xC7,0xEF,0xE1,0xFE,0x0F,0xFF,0x03,
  0xF0,0x3F,0xFC,0x0F,0xC0,0xFF,0xF0,0x3F,0x03,0xFF,0xC0,0xFC,0x0F,0xFF,0x03,0xF0,0x3F,0xFC,0x0F,0xC0,0xFF,0xF0,0x3F,0x03,
  0xFF,0xC0,0xFC,0x0F,0xFF,0x03,0xF0,0x3F,0xFC,0x0F,0xC0,0xFF,0xF0,0x3F,0x03,0xFF,0xC0,0xFC,0x0F,0xC0,0xFC,0x7E,0x1F,0xBF,
  0xE3,0xFF,0xFE,0x7F,0xFF,0xEF,0xFF,0xFD,0xFE,0x3F,0xBF,0x83,0xF7,0xE0,0x7F,0xFC,0x07,0xFF,0x80,0xFF,0xF0,0x1F,0xFE,0x03,
  0xFF,0xC0,0x7F,0xF8,0x0F,0xFF,0x01,0xFF,0xE0,0x3F,0xFC,0x07,0xFF,0x80,0xFF,0xF0,0x1F,0x80,0x01,0xFC,0x00,0x3F,0xFC,0x07,
  0xFF,0xF0,0x7F,0xFF,0xC3,0xF8,0x7F,0x3F,0x81,0xF9,0xF8,0x0F,0xCF,0xC0,0x3F,0x7E,0x01,0xFF,0xF0,0x0F,0xDF,0x80,0x7E,0xFC,
  0x03,0xF7,0xE0,0x3F,0x3F,0x81,0xF8,0xFE,0x1F,0xC7,0xFF,0xFC,0x1F,0xFF,0xC0,0x3F,0xFC,0x00,0x7F,0x00,0xFC,0x7E,0x0F,0xDF,
  0xF0,0xFF,0xFF,0x8F,0xFF,0xFC,0xFF,0x0F,0xEF,0xE0,0x7E,0xFC,0x07,0xEF,0xC0,0x7F,0xFC,0x03,0xFF,0xC0,0x3F,0xFC,0x03,0xFF,
  0xC0,0x7F,0xFC,0x07,0xEF,0xE0,0x7E,0xFF,0x0F,0xEF,0xFF,0xFC,0xFF,0xFF,0x8F,0xDF,0xF0,0xFC,0x7E,0x0F,0xC0,0x00,0xFC,0x00,
  0x0F,0xC0,0x00,0xFC,0x00,0x0F,0xC0,0x00,0xFC,0x00,0x0F,0xC0,0x00,0x07,0xC7,0xE3,0xFE,0xFC,0xFF,0xFF,0xBF,0xFF,0xF7,0xF1,
  0xFF,0xFC,0x0F,0xFF,0x01,0xFF,0xE0,0x3F,0xFC,0x07,0xFF,0x80,0xFF,0xF0,0x1F,0xFE,0x03,0xFF,0xC0,0x7F,0xFC,0x0F,0xDF,0xC7,
  0xFB,0xFF,0xFF,0x3F,0xFF,0xE3,0xFE,0xFC,0x1F,0x1F,0x80,0x03,0xF0,0x00,0x7E,0x00,0x0F,0xC0,0x01,0xF8,0x00,0x3F,0x00,0x07,
  0xE0,0x00,0xFC,0xFC,0x7F,0xF3,0xFF,0xDF,0xFF,0xFF,0xFF,0xFF,0xFC,0x1F,0xE0,0x3F,0x00,0xFC,0x03,0xF0,0x0F,0xC0,0x3F,0x00,
  0xFC,0x03,0xF0,0x0F,0xC0,0x3F,0x00,0xFC,0x03,0xF0,0x0F,0xC0,0x00,0x0F,0xF8,0x1F,0xFF,0x1F,0xFF,0x9F,0xFF,0xCF,0xC0,0xE7,
  0xC0,0x13,0xE0,0x01,0xFE,0x00,0x7F,0xF8,0x3F,0xFF,0x07,0xFF,0xC0,0x0F,0xE0,0x01,0xFC,0x00,0xFF,0xC0,0xFD,0xFF,0xFE,0xFF,
  0xFF,0x7F,0xFF,0x07,0xFC,0x00,0x1F,0x80,0x3F,0x00,0x7E,0x00,0xFC,0x01,0xF8,0x1F,0xFF,0xFF,0xFF,0xFF,0xFF,0xFF,0xFE,0x3F,
  0x00,0x7E,0x00,0xFC,0x01,0xF8,0x03,0xF0,0x07,0xE0,0x0F,0xC0,0x1F,0x80,0x3F,0x00,0x7E,0x00,0x7E,0x00,0xFF,0xE1,0xFF,0xC1,
  0xFF,0x80,0xFF,0xFC,0x0F,0xFF,0x03,0xFF,0xC0,0xFF,0xF0,0x3F,0xFC,0x0F,0xFF,0x03,0xFF,0xC0,0xFF,0xF0,0x3F,0xFC,0x0F,0xFF,
  0x03,0xFF,0xC0,0xFF,0xF0,0x3F,0xFC,0x1F,0xFF,0x8F,0xFF,0xFF,0xFD,0xFF,0xFF,0x7F,0xFF,0xCF,0xFB,0xF0,0xF8,0xFC,0xFC,0x01,
  0xFF,0xC0,0x3F,0xFC,0x03,0xF7,0xE0,0x7E,0x7E,0x07,0xE3,0xE0,0x7E,0x3F,0x0F,0xC3,0xF0,0xFC,0x1F,0x0F,0x81,0xF9,0xF8,0x0F,
  0x9F,0x80,0xFD,0xF0,0x0F,0xFF,0x00,0x7F,0xE0,0x07,0xFE,0x00,0x7F,0xE0,0x03,0xFC,0x00,0x3F,0xC0,0x01,0xFC,0x00,0xFC,0x0F,
  0x81,0xFB,0xE0,0x7E,0x0F,0xDF,0x83,0xF0,0x7E,0xFC,0x3F,0x83,0xE7,0xE1,0xFC,0x3F,0x1F,0x0F,0xF1,0xF8,0xFC,0x7F,0x8F,0xC7,
  0xE7,0xBC,0x7C,0x3F,0x3D,0xE7,0xE0,0xF9,0xE7,0x3F,0x07,0xCF,0x3D,0xF8,0x3F,0xF1,0xEF,0x81,0xFF,0x8F,0xFC,0x07,0xFC,0x3F,
  0xE0,0x3F,0xE1,0xFE,0x01,0xFE,0x0F,0xF0,0x0F,0xF0,0x7F,0x80,0x3F,0x83,0xFC,0x01,0xFC,0x0F,0xC0,0xFC,0x07,0xF7,0xE0,0x7E,
  0x3F,0x0F,0xC3,0xF9,0xFC,0x1F,0x9F,0x80,0xFF,0xF0,0x07,0xFE,0x00,0x7F,0xE0,0x03,0xFC,0x00,0x3F,0xC0,0x03,0xFC,0x00,0x7F,
  0xE0,0x0F,0xFF,0x01,0xFF,0xF0,0x1F,0x9F,0x83,0xF0,0xFC,0x7F,0x0F,0xE7,0xE0,0x7E,0xFC,0x03,0xF0,0xFC,0x03,0xFF,0xC0,0x3F,
  0xFC,0x03,0xF7,0xE0,0x7E,0x7E,0x07,0xE3,0xE0,0x7C,0x3F,0x0F,0xC1,0xF0,0xFC,0x1F,0x8F,0x81,0xF9,0xF8,0x0F,0x9F,0x80,0xFD,
  0xF0,0x07,0xFF,0x00,0x7F,0xE0,0x03,0xFE,0x00,0x3F,0xE0,0x03,0xFC,0x00,0x1F,0xC0,0x01,0xF8,0x00,0x0F,0x80,0x01,0xF8,0x00,
  0x3F,0x00,0x3F,0xF0,0x03,0xFE,0x00,0x3F,0xC0,0x03,0xF8,0x00,0xFF,0xFF,0xFF,0xFF,0xFF,0xFF,0xFF,0xFF,0x00,0x7F,0x00,0xFE,
  0x01,0xFC,0x03,0xF8,0x07,0xF0,0x0F,0xE0,0x1F,0xE0,0x3F,0xC0,0x3F,0x80,0x7F,0x00,0xFE,0x00,0xFF,0xFF,0xFF,0xFF,0xFF,0xFF,
  0xFF,0xFF,0x00,0x7F,0x01,0xFF,0x03,0xFF,0x03,0xFF,0x03,0xF0,0x07,0xE0,0x07,0xE0,0x07,0xE0,0x07,0xE0,0x07,0xE0,0x07,0xE0,
  0x07,0xE0,0x07,0xE0,0x0F,0xE0,0xFF,0xC0,0xFF,0x80,0xFF,0x80,0xFF,0xC0,0x0F,0xE0,0x07,0xE0,0x07,0xE0,0x07,0xE0,0x07,0xE0,
  0x07,0xE0,0x07,0xE0,0x07,0xE0,0x03,0xF0,0x03,0xFF,0x03,0xFF,0x01,0xFF,0x00,0x7F,0xFF,0xFF,0xFF,0xFF,0xFF,0xFF,0xFF,0xFF,
  0xFF,0xFF,0xFF,0xFF,0xFF,0xFF,0xFF,0xFF,0xFF,0xFE,0x00,0xFF,0x80,0xFF,0xC0,0xFF,0xC0,0x0F,0xE0,0x07,0xE0,0x07,0xE0,0x07,
  0xE0,0x07,0xE0,0x07,0xE0,0x07,0xE0,0x07,0xE0,0x07,0xE0,0x03,0xF0,0x03,0xFF,0x01,0xFF,0x01,0xFF,0x03,0xFF,0x07,0xF0,0x07,
  0xE0,0x07,0xE0,0x07,0xE0,0x07,0xE0,0x07,0xE0,0x07,0xE0,0x07,0xE0,0x0F,0xE0,0xFF,0xC0,0xFF,0xC0,0xFF,0x80,0xFE,0x00,0x1F,
  0x80,0x0B,0xFF,0x81,0xFF,0xFF,0xFF,0xFF,0xFF,0xFE,0x0F,0xFF,0x40,0x07,0xE0,0x03,0x80,0x1F,0x00,0xFE,0x07,0xFC,0x3F,0xF9,
  0xFF,0xFF,0xFF,0xFD,0xE7,0x67,0x88,0x1E,0x00,0x78,0x01,0xE0,0x07,0x80,0x1E,0x00,0x78,0x01,0xE0,0x07,0x80,0x1E,0x00,0x78,
  0x01,0xE0,0x07,0x80,0x1E,0x00,0x78,0x01,0xE0,0x07,0x80,0x07,0x80,0x1E,0x00,0x78,0x01,0xE0,0x07,0x80,0x1E,0x00,0x78,0x01,
  0xE0,0x07,0x80,0x1E,0x00,0x78,0x01,0xE0,0x07,0x80,0x1E,0x00,0x78,0x01,0xE0,0x67,0x8B,0xDE,0x7F,0xFF,0xDF,0xFF,0x3F,0xF8,
  0x7F,0xC0,0xFE,0x01,0xF0,0x03,0x80,0x1F,0x07,0xF1,0xFF,0x78,0xFE,0x0F,0xC1,0xF8,0x3F,0x8F,0x7F,0xC7,0xF0,0x7C,0x00,0xFF,
  0xFF,0xFF,0xFF,0xF0,0xFC,0x1F,0x83,0xFF,0xC1,0xF8,0x3F,0xFC,0x1F,0x83,0xFF,0xC1,0xF8,0x3F,0xFC,0x1F,0x83,0xFF,0xC1,0xF8,
  0x3F,0x0F,0x1E,0x03,0xC7,0x80,0xF1,0xE0,0x3C,0x78,0x00,0x00,0x00,0x00,0x00,0x00,0x00,0x3F,0xE0,0x7F,0xFE,0x1F,0xFF,0xC7,
  0xFF,0xF9,0xC0,0x7F,0x40,0x0F,0xC0,0x03,0xF0,0xFF,0xFC,0xFF,0xFF,0x7F,0xFF,0xFF,0xFF,0xFF,0xE0,0xFF,0xF0,0x3F,0xFC,0x0F,
  0xFF,0x0F,0xFF,0xFF,0xFD,0xFF,0xFF,0x7F,0xEF,0xC7,0xE3,0xF0,0x07,0x8F,0x00,0x3C,0x78,0x01,0xE3,0xC0,0x0F,0x1E,0x00,0x00,
  0x00,0x00,0x00,0x00,0x00,0x00,0x00,0x3F,0x80,0x07,0xFF,0x80,0xFF,0xFE,0x0F,0xFF,0xF8,0x7F,0x0F,0xE7,0xF0,0x3F,0x3F,0x01,
  0xF9,0xF8,0x07,0xEF,0xC0,0x3F,0xFE,0x01,0xFB,0xF0,0x0F,0xDF,0x80,0x7E,0xFC,0x07,0xE7,0xF0,0x3F,0x1F,0xC3,0xF8,0xFF,0xFF,
  0x83,0xFF,0xF8,0x07,0xFF,0x80,0x0F,0xE0,0x00,0x01,0xF0,0x00,0xFE,0x00,0x7F,0xC0,0x1C,0x70,0x06,0x0C,0x01,0xC7,0x00,0x7F,
  0xC0,0x0F,0xE0,0x01,0xF0,0x00,0x00,0x00,0x00,0x00,0x3F,0xE0,0x7F,0xFE,0x1F,0xFF,0xC7,0xFF,0xF9,0xC0,0x7F,0x40,0x0F,0xC0,
  0x03,0xF0,0xFF,0xFC,0xFF,0xFF,0x7F,0xFF,0xFF,0xFF,0xFF,0xE0,0xFF,0xF0,0x3F,0xFC,0x0F,0xFF,0x0F,0xFF,0xFF,0xFD,0xFF,0xFF,
  0x7F,0xEF,0xC7,0xE3,0xF0,0x00,0xF3,0xC0,0x00,0x3C,0xF0,0x00,0x0F,0x3C,0x00,0x03,0xCF,0x00,0x00,0x00,0x00,0x00,0x00,0x00,
  0x00,0x07,0xF8,0x00,0x01,0xFF,0x00,0x00,0xFF,0xC0,0x00,0x3F,0xF0,0x00,0x0F,0xFE,0x00,0x07,0xFF,0x80,0x01,0xFF,0xE0,0x00,
  0x7E,0xFC,0x00,0x3F,0x3F,0x00,0x0F,0xCF,0xC0,0x07,0xF1,0xF8,0x01,0xF8,0x7E,0x00,0x7E,0x1F,0xC0,0x3F,0x83,0xF0,0x0F,0xC0,
  0xFC,0x03,0xF0,0x3F,0x81,0xFF,0xFF,0xE0,0x7F,0xFF,0xF8,0x1F,0xFF,0xFF,0x0F,0xFF,0xFF,0xC3,0xFF,0xFF,0xF1,0xFC,0x00,0xFE,
  0x7F,0x00,0x1F,0x9F,0x80,0x07,0xFF,0xE0,0x00,0xFC,0x01,0xE3,0xC0,0x00,0xF1,0xE0,0x00,0x78,0xF0,0x00,0x3C,0x78,0x00,0x00,
  0x00,0x00,0x00,0x00,0x00,0x03,0xFC,0x00,0x07,0xFF,0xC0,0x0F,0xFF,0xF8,0x0F,0xFF,0xFE,0x0F,0xFF,0xFF,0x8F,0xF8,0x3F,0xC7,
  0xF0,0x07,0xF7,0xF8,0x03,0xFB,0xF8,0x00,0xFF,0xFC,0x00,0x7F,0xFC,0x00,0x3F,0xFE,0x00,0x0F,0xFF,0x00,0x07,0xFF,0x80,0x03,
  0xFF,0xC0,0x03,0xFF,0xF0,0x01,0xFF,0xF8,0x00,0xFF,0xFE,0x00,0xFE,0x7F,0x00,0x7F,0x3F,0xE0,0xFF,0x0F,0xFF,0xFF,0x83,0xFF,
  0xFF,0x80,0xFF,0xFF,0x80,0x1F,0xFF,0x00,0x03,0xFC,0x00,0x00,0x1E,0x00,0x00,0x0F,0xE0,0x00,0x07,0xF8,0x00,0x01,0xCF,0x00,
  0x00,0xE1,0xC0,0x00,0x18,0x70,0x00,0x07,0x1C,0x00,0x01,0xFE,0x00,0x00,0x7F,0xC0,0x00,0x3F,0xF0,0x00,0x0F,0xFC,0x00,0x03,
  0xFF,0x80,0x01,0xFF,0xE0,0x00,0x7F,0xF8,0x00,0x1F,0xBF,0x00,0x0F,0xCF,0xC0,0x03,0xF3,0xF0,0x01,0xFC,0x7E,0x00,0x7E,0x1F,
  0x80,0x1F,0x87,0xF0,0x0F,0xE0,0xFC,0x03,0xF0,0x3F,0x00,0xFC,0x0F,0xE0,0x7F,0xFF,0xF8,0x1F,0xFF,0xFE,0x07,0xFF,0xFF,0xC3,
  0xFF,0xFF,0xF0,0xFF,0xFF,0xFC,0x7F,0x00,0x3F,0x9F,0xC0,0x07,0xE7,0xE0,0x01,0xFF,0xF8,0x00,0x3F,0x38,0x1C,0x0E,0x1C,0x03,
  0x9C,0x01,0xFE,0x00,0x7E,0x00,0x1E,0x00,0x00,0x00,0x00,0x00,0x0F,0xF8,0x1F,0xFF,0x1F,0xFF,0x9F,0xFF,0xCF,0xC0,0xE7,0xC0,
  0x13,0xE0,0x01,0xFE,0x00,0x7F,0xF8,0x3F,0xFF,0x07,0xFF,0xC0,0x0F,0xE0,0x01,0xFC,0x00,0xFF,0xC0,0xFD,0xFF,0xFE,0xFF,0xFF,
  0x7F,0xFF,0x07,0xFC,0x00,0x0E,0x0F,0x00,0x79,0xE0,0x03,0xFC,0x00,0x1F,0x80,0x00,0x00,0x00,0x00,0x00,0x03,0xFE,0x01,0xFF,
  0xFC,0x3F,0xFF,0xC7,0xFF,0xFC,0x7F,0xFF,0xC7,0xF0,0x3C,0xFC,0x00,0x4F,0xC0,0x00,0x7E,0x00,0x07,0xF8,0x00,0x7F,0xFC,0x03,
  0xFF,0xF8,0x1F,0xFF,0xC0,0x3F,0xFE,0x00,0x3F,0xF0,0x00,0x7F,0x00,0x03,0xF4,0x00,0x3F,0x60,0x03,0xF7,0xC0,0xFF,0x7F,0xFF,
  0xE7,0xFF,0xFE,0x7F,0xFF,0xC3,0xFF,0xF8,0x07,0xFC,0x00,0x38,0x1C,0x1C,0x38,0x1E,0x70,0x0F,0xF0,0x07,0xE0,0x03,0xC0,0x00,
  0x00,0x00,0x00,0xFF,0xFF,0xFF,0xFF,0xFF,0xFF,0xFF,0xFF,0x00,0x7F,0x00,0xFE,0x01,0xFC,0x03,0xF8,0x07,0xF0,0x0F,0xE0,0x1F,
  0xE0,0x3F,0xC0,0x3F,0x80,0x7F,0x00,0xFE,0x00,0xFF,0xFF,0xFF,0xFF,0xFF,0xFF,0xFF,0xFF,0x0E,0x07,0x00,0x3C,0xF0,0x00,0xFF,
  0x00,0x03,0xF0,0x00,0x00,0x00,0x00,0x00,0x03,0xFF,0xFF,0xFF,0xFF,0xFF,0xFF,0xFF,0xFF,0xFF,0xFF,0xFF,0xFF,0xFC,0x00,0x1F,
  0xC0,0x00,0xFE,0x00,0x0F,0xE0,0x00,0xFE,0x00,0x0F,0xE0,0x00,0xFE,0x00,0x0F,0xE0,0x00,0x7F,0x00,0x07,0xF0,0x00,0x7F,0x00,
  0x07,0xF0,0x00,0x7F,0x00,0x03,0xF8,0x00,0x3F,0x80,0x03,0xF8,0x00,0x3F,0xFF,0xFF,0xFF,0xFF,0xFF,0xFF,0xFF,0xFF,0xFF,0xFF,
  0xFF,0xFF,0xE0,
};
const GFXglyph F_B34_gly[] PROGMEM = {
  {0,0,0,12,0,0},
  {0,6,25,16,5,-25},
  {19,11,9,18,3,-25},
  {32,24,25,28,2,-25},
  {107,18,31,24,3,-26},
  {177,32,25,34,1,-25},
  {277,26,25,30,2,-25},
  {359,4,9,10,3,-25},
  {364,10,30,16,3,-26},
  {402,10,30,16,3,-26},
  {440,16,16,18,1,-25},
  {472,21,22,28,4,-22},
  {530,7,11,13,2,-6},
  {540,10,5,14,2,-13},
  {547,6,6,13,3,-6},
  {552,12,28,12,0,-25},
  {594,20,25,24,2,-25},
  {657,17,25,24,4,-25},
  {711,18,25,24,3,-25},
  {768,19,25,24,2,-25},
  {828,20,25,24,2,-25},
  {891,18,25,24,3,-25},
  {948,20,25,24,2,-25},
  {1011,19,25,24,2,-25},
  {1071,20,25,24,2,-25},
  {1134,19,25,24,2,-25},
  {1194,6,19,14,4,-19},
  {1209,8,24,14,2,-19},
  {1233,21,19,28,4,-20},
  {1283,21,12,28,4,-17},
  {1315,21,19,28,4,-20},
  {1365,15,25,20,2,-25},
  {1412,30,30,34,2,-25},
  {1525,26,25,26,0,-25},
  {1607,21,25,26,3,-25},
  {1673,21,25,25,2,-25},
  {1739,23,25,28,3,-25},
  {1811,18,25,23,3,-25},
  {1868,17,25,23,3,-25},
  {1922,23,25,28,2,-25},
  {1994,22,25,28,3,-25},
  {2063,7,25,13,3,-25},
  {2085,12,32,13,-2,-25},
  {2133,24,25,26,3,-25},
  {2208,18,25,22,3,-25},
  {2265,28,25,34,3,-25},
  {2353,22,25,28,3,-25},
  {2422,25,25,29,2,-25},
  {2501,20,25,25,3,-25},
  {2564,25,30,29,2,-25},
  {2658,22,25,26,3,-25},
  {2727,20,25,24,2,-25},
  {2790,23,25,23,0,-25},
  {2862,21,25,28,3,-25},
  {2928,26,25,26,0,-25},
  {3010,35,25,38,1,-25},
  {3120,24,25,26,1,-25},
  {3195,25,25,25,0,-25},
  {3274,21,25,25,2,-25},
  {3340,10,30,16,3,-26},
  {3378,12,28,12,0,-25},
  {3420,11,30,16,2,-26},
  {3462,21,9,28,4,-25},
  {3486,17,3,17,0,5},
  {3493,9,6,17,2,-27},
  {3500,18,19,23,2,-19},
  {3543,20,26,24,3,-26},
  {3608,17,19,20,1,-19},
  {3649,19,26,24,2,-26},
  {3711,20,19,23,1,-19},
  {3759,14,26,15,1,-26},
  {3805,19,26,24,2,-19},
  {3867,19,26,24,3,-26},
  {3929,6,26,12,3,-26},
  {3949,10,33,12,-1,-26},
  {3991,20,26,23,3,-26},
  {4056,6,26,12,3,-26},
  {4076,30,19,35,3,-19},
  {4148,19,19,24,3,-19},
  {4194,21,19,23,1,-19},
  {4244,20,26,24,3,-19},
  {4309,19,26,24,2,-19},
  {4371,14,19,17,3,-19},
  {4405,17,19,20,2,-19},
  {4446,15,24,16,0,-24},
  {4491,18,19,24,3,-19},
  {4534,20,19,22,1,-19},
  {4582,29,19,31,1,-19},
  {4651,20,19,22,1,-19},
  {4699,20,26,22,1,-19},
  {4764,16,19,20,2,-19},
  {4802,16,31,24,4,-26},
  {4864,4,34,12,4,-26},
  {4881,16,31,24,4,-26},
  {4943,21,6,28,4,-14},
  {4959,0,0,0,0,0},
  {4959,14,25,28,7,-25},
  {5003,14,25,28,7,-25},
  {5047,11,11,17,3,-25},
  {5063,6,6,13,3,-15},
  {5068,28,6,34,3,-6},
  {5089,18,26,23,2,-26},
  {5148,21,26,23,1,-26},
  {5217,18,30,23,2,-30},
  {5285,26,31,26,0,-31},
  {5386,25,31,29,2,-31},
  {5483,26,32,26,0,-32},
  {5587,17,27,20,2,-27},
  {5645,20,31,24,2,-31},
  {5723,16,27,20,2,-27},
  {5777,21,31,25,2,-31},
};
const GFXfont F_B34 PROGMEM = {(uint8_t*)F_B34_bmp, (GFXglyph*)F_B34_gly, 0x20, 0x8E, 41};
#define F_B34_ASC 32
