solid 
 facet normal -1.000000000000e+00 0.000000000000e+00 -0.000000000000e+00
   outer loop
     vertex -1.020800000000e+02 5.400000000000e+00 -2.000000000000e+01
     vertex -1.020800000000e+02 2.350000000000e+01 -2.200000000000e+01
     vertex -1.020800000000e+02 4.000000000000e+00 -2.200000000000e+01
   endloop
 endfacet
 facet normal -1.000000000000e+00 0.000000000000e+00 0.000000000000e+00
   outer loop
     vertex -1.020800000000e+02 5.400000000000e+00 -2.000000000000e+01
     vertex -1.020800000000e+02 2.350000000000e+01 -2.000000000000e+01
     vertex -1.020800000000e+02 2.350000000000e+01 -2.200000000000e+01
   endloop
 endfacet
 facet normal -1.000000000000e+00 0.000000000000e+00 0.000000000000e+00
   outer loop
     vertex -1.020800000000e+02 5.400000000000e+00 2.000000000000e+01
     vertex -1.020800000000e+02 2.350000000000e+01 2.200000000000e+01
     vertex -1.020800000000e+02 2.350000000000e+01 2.000000000000e+01
   endloop
 endfacet
 facet normal -1.000000000000e+00 0.000000000000e+00 0.000000000000e+00
   outer loop
     vertex -1.020800000000e+02 4.000000000000e+00 2.200000000000e+01
     vertex -1.020800000000e+02 2.350000000000e+01 2.200000000000e+01
     vertex -1.020800000000e+02 5.400000000000e+00 2.000000000000e+01
   endloop
 endfacet
 facet normal -1.000000000000e+00 0.000000000000e+00 0.000000000000e+00
   outer loop
     vertex -1.020800000000e+02 4.000000000000e+00 2.200000000000e+01
     vertex -1.020800000000e+02 5.400000000000e+00 -2.000000000000e+01
     vertex -1.020800000000e+02 4.000000000000e+00 -2.200000000000e+01
   endloop
 endfacet
 facet normal -1.000000000000e+00 0.000000000000e+00 0.000000000000e+00
   outer loop
     vertex -1.020800000000e+02 4.000000000000e+00 2.200000000000e+01
     vertex -1.020800000000e+02 5.400000000000e+00 2.000000000000e+01
     vertex -1.020800000000e+02 5.400000000000e+00 -2.000000000000e+01
   endloop
 endfacet
 facet normal 0.000000000000e+00 -1.000000000000e+00 0.000000000000e+00
   outer loop
     vertex -5.600000000000e+01 4.000000000000e+00 -2.200000000000e+01
     vertex -1.020800000000e+02 4.000000000000e+00 2.200000000000e+01
     vertex -1.020800000000e+02 4.000000000000e+00 -2.200000000000e+01
   endloop
 endfacet
 facet normal -0.000000000000e+00 -1.000000000000e+00 -0.000000000000e+00
   outer loop
     vertex -5.600000000000e+01 4.000000000000e+00 2.200000000000e+01
     vertex -1.020800000000e+02 4.000000000000e+00 2.200000000000e+01
     vertex -5.600000000000e+01 4.000000000000e+00 -2.200000000000e+01
   endloop
 endfacet
 facet normal 1.000000000000e+00 0.000000000000e+00 0.000000000000e+00
   outer loop
     vertex -5.600000000000e+01 4.000000000000e+00 -2.200000000000e+01
     vertex -5.600000000000e+01 2.350000000000e+01 -2.200000000000e+01
     vertex -5.600000000000e+01 1.440000000000e+01 -2.000000000000e+01
   endloop
 endfacet
 facet normal 1.000000000000e+00 -0.000000000000e+00 0.000000000000e+00
   outer loop
     vertex -5.600000000000e+01 5.400000000000e+00 -2.000000000000e+01
     vertex -5.600000000000e+01 4.000000000000e+00 -2.200000000000e+01
     vertex -5.600000000000e+01 1.440000000000e+01 -2.000000000000e+01
   endloop
 endfacet
 facet normal 1.000000000000e+00 -0.000000000000e+00 0.000000000000e+00
   outer loop
     vertex -5.600000000000e+01 1.440000000000e+01 2.000000000000e+01
     vertex -5.600000000000e+01 2.350000000000e+01 -2.200000000000e+01
     vertex -5.600000000000e+01 2.350000000000e+01 2.200000000000e+01
   endloop
 endfacet
 facet normal 1.000000000000e+00 0.000000000000e+00 0.000000000000e+00
   outer loop
     vertex -5.600000000000e+01 1.440000000000e+01 2.000000000000e+01
     vertex -5.600000000000e+01 1.440000000000e+01 -2.000000000000e+01
     vertex -5.600000000000e+01 2.350000000000e+01 -2.200000000000e+01
   endloop
 endfacet
 facet normal 1.000000000000e+00 0.000000000000e+00 0.000000000000e+00
   outer loop
     vertex -5.600000000000e+01 4.000000000000e+00 2.200000000000e+01
     vertex -5.600000000000e+01 5.400000000000e+00 2.000000000000e+01
     vertex -5.600000000000e+01 1.440000000000e+01 2.000000000000e+01
   endloop
 endfacet
 facet normal 1.000000000000e+00 -0.000000000000e+00 0.000000000000e+00
   outer loop
     vertex -5.600000000000e+01 4.000000000000e+00 2.200000000000e+01
     vertex -5.600000000000e+01 1.440000000000e+01 2.000000000000e+01
     vertex -5.600000000000e+01 2.350000000000e+01 2.200000000000e+01
   endloop
 endfacet
 facet normal 1.000000000000e+00 0.000000000000e+00 0.000000000000e+00
   outer loop
     vertex -5.600000000000e+01 4.000000000000e+00 2.200000000000e+01
     vertex -5.600000000000e+01 4.000000000000e+00 -2.200000000000e+01
     vertex -5.600000000000e+01 5.400000000000e+00 -2.000000000000e+01
   endloop
 endfacet
 facet normal 1.000000000000e+00 0.000000000000e+00 0.000000000000e+00
   outer loop
     vertex -5.600000000000e+01 4.000000000000e+00 2.200000000000e+01
     vertex -5.600000000000e+01 5.400000000000e+00 -2.000000000000e+01
     vertex -5.600000000000e+01 5.400000000000e+00 2.000000000000e+01
   endloop
 endfacet
 facet normal 0.000000000000e+00 -1.000000000000e+00 -0.000000000000e+00
   outer loop
     vertex -5.600000000000e+01 1.440000000000e+01 2.000000000000e+01
     vertex -5.800000000000e+01 1.440000000000e+01 -2.000000000000e+01
     vertex -5.600000000000e+01 1.440000000000e+01 -2.000000000000e+01
   endloop
 endfacet
 facet normal -0.000000000000e+00 -1.000000000000e+00 0.000000000000e+00
   outer loop
     vertex -5.600000000000e+01 1.440000000000e+01 2.000000000000e+01
     vertex -5.800000000000e+01 1.440000000000e+01 2.000000000000e+01
     vertex -5.800000000000e+01 1.440000000000e+01 -2.000000000000e+01
   endloop
 endfacet
 facet normal -1.000000000000e+00 0.000000000000e+00 0.000000000000e+00
   outer loop
     vertex -5.800000000000e+01 1.440000000000e+01 2.000000000000e+01
     vertex -5.800000000000e+01 2.600000000000e+01 -2.000000000000e+01
     vertex -5.800000000000e+01 1.440000000000e+01 -2.000000000000e+01
   endloop
 endfacet
 facet normal -1.000000000000e+00 0.000000000000e+00 0.000000000000e+00
   outer loop
     vertex -5.800000000000e+01 1.440000000000e+01 2.000000000000e+01
     vertex -5.800000000000e+01 2.600000000000e+01 2.000000000000e+01
     vertex -5.800000000000e+01 2.600000000000e+01 -2.000000000000e+01
   endloop
 endfacet
 facet normal 0.000000000000e+00 1.000000000000e+00 0.000000000000e+00
   outer loop
     vertex -1.007562936542e+02 2.600000000000e+01 -5.474618818211e+01
     vertex -1.031543036697e+02 2.600000000000e+01 -5.755874787177e+01
     vertex -1.036587478718e+02 2.600000000000e+01 -5.705430366973e+01
   endloop
 endfacet
 facet normal 0.000000000000e+00 1.000000000000e+00 0.000000000000e+00
   outer loop
     vertex -1.009291135202e+02 2.600000000000e+01 -5.455993266316e+01
     vertex -1.036587478718e+02 2.600000000000e+01 -5.705430366973e+01
     vertex -1.040862676642e+02 2.600000000000e+01 -5.648320408728e+01
   endloop
 endfacet
 facet normal 0.000000000000e+00 1.000000000000e+00 0.000000000000e+00
   outer loop
     vertex -1.009291135202e+02 2.600000000000e+01 -5.455993266316e+01
     vertex -1.007562936542e+02 2.600000000000e+01 -5.474618818211e+01
     vertex -1.036587478718e+02 2.600000000000e+01 -5.705430366973e+01
   endloop
 endfacet
 facet normal 0.000000000000e+00 1.000000000000e+00 0.000000000000e+00
   outer loop
     vertex -1.005576440987e+02 2.600000000000e+01 -5.490460591634e+01
     vertex -1.019570750650e+02 2.600000000000e+01 -5.832815997677e+01
     vertex -1.025832040873e+02 2.600000000000e+01 -5.798626766416e+01
   endloop
 endfacet
 facet normal 0.000000000000e+00 1.000000000000e+00 0.000000000000e+00
   outer loop
     vertex -1.005576440987e+02 2.600000000000e+01 -5.490460591634e+01
     vertex -1.025832040873e+02 2.600000000000e+01 -5.798626766416e+01
     vertex -1.031543036697e+02 2.600000000000e+01 -5.755874787177e+01
   endloop
 endfacet
 facet normal 0.000000000000e+00 1.000000000000e+00 0.000000000000e+00
   outer loop
     vertex -1.005576440987e+02 2.600000000000e+01 -5.490460591634e+01
     vertex -1.031543036697e+02 2.600000000000e+01 -5.755874787177e+01
     vertex -1.007562936542e+02 2.600000000000e+01 -5.474618818211e+01
   endloop
 endfacet
 facet normal 0.000000000000e+00 1.000000000000e+00 0.000000000000e+00
   outer loop
     vertex -1.010722431864e+02 2.600000000000e+01 -5.435000000000e+01
     vertex -1.040862676642e+02 2.600000000000e+01 -5.648320408728e+01
     vertex -1.044281599768e+02 2.600000000000e+01 -5.585707506501e+01
   endloop
 endfacet
 facet normal 0.000000000000e+00 1.000000000000e+00 0.000000000000e+00
   outer loop
     vertex -1.010722431864e+02 2.600000000000e+01 -5.435000000000e+01
     vertex -1.009291135202e+02 2.600000000000e+01 -5.455993266316e+01
     vertex -1.040862676642e+02 2.600000000000e+01 -5.648320408728e+01
   endloop
 endfacet
 facet normal 0.000000000000e+00 1.000000000000e+00 0.000000000000e+00
   outer loop
     vertex -1.003376023565e+02 2.600000000000e+01 -5.503164707544e+01
     vertex -1.012886627842e+02 2.600000000000e+01 -5.857746486807e+01
     vertex -1.019570750650e+02 2.600000000000e+01 -5.832815997677e+01
   endloop
 endfacet
 facet normal 0.000000000000e+00 1.000000000000e+00 0.000000000000e+00
   outer loop
     vertex -1.003376023565e+02 2.600000000000e+01 -5.503164707544e+01
     vertex -1.019570750650e+02 2.600000000000e+01 -5.832815997677e+01
     vertex -1.005576440987e+02 2.600000000000e+01 -5.490460591634e+01
   endloop
 endfacet
 facet normal 0.000000000000e+00 1.000000000000e+00 0.000000000000e+00
   outer loop
     vertex -1.011824853727e+02 2.600000000000e+01 -5.412107974142e+01
     vertex -1.044281599768e+02 2.600000000000e+01 -5.585707506501e+01
     vertex -1.046774648681e+02 2.600000000000e+01 -5.518866278421e+01
   endloop
 endfacet
 facet normal 0.000000000000e+00 1.000000000000e+00 0.000000000000e+00
   outer loop
     vertex -1.011824853727e+02 2.600000000000e+01 -5.412107974142e+01
     vertex -1.010722431864e+02 2.600000000000e+01 -5.435000000000e+01
     vertex -1.044281599768e+02 2.600000000000e+01 -5.585707506501e+01
   endloop
 endfacet
 facet normal 0.000000000000e+00 1.000000000000e+00 0.000000000000e+00
   outer loop
     vertex -1.001010837965e+02 2.600000000000e+01 -5.512447376984e+01
     vertex -1.005915741914e+02 2.600000000000e+01 -5.872910720940e+01
     vertex -1.012886627842e+02 2.600000000000e+01 -5.857746486807e+01
   endloop
 endfacet
 facet normal 0.000000000000e+00 1.000000000000e+00 0.000000000000e+00
   outer loop
     vertex -1.001010837965e+02 2.600000000000e+01 -5.512447376984e+01
     vertex -1.012886627842e+02 2.600000000000e+01 -5.857746486807e+01
     vertex -1.003376023565e+02 2.600000000000e+01 -5.503164707544e+01
   endloop
 endfacet
 facet normal 0.000000000000e+00 1.000000000000e+00 0.000000000000e+00
   outer loop
     vertex -1.012573774507e+02 2.600000000000e+01 -5.387828558773e+01
     vertex -1.046774648681e+02 2.600000000000e+01 -5.518866278421e+01
     vertex -1.048291072094e+02 2.600000000000e+01 -5.449157419137e+01
   endloop
 endfacet
 facet normal 0.000000000000e+00 1.000000000000e+00 0.000000000000e+00
   outer loop
     vertex -1.012573774507e+02 2.600000000000e+01 -5.387828558773e+01
     vertex -1.011824853727e+02 2.600000000000e+01 -5.412107974142e+01
     vertex -1.046774648681e+02 2.600000000000e+01 -5.518866278421e+01
   endloop
 endfacet
 facet normal 0.000000000000e+00 1.000000000000e+00 0.000000000000e+00
   outer loop
     vertex -9.985337185250e+01 2.600000000000e+01 -5.518101240458e+01
     vertex -9.988000000000e+01 2.600000000000e+01 -5.878000000000e+01
     vertex -1.005915741914e+02 2.600000000000e+01 -5.872910720940e+01
   endloop
 endfacet
 facet normal 0.000000000000e+00 1.000000000000e+00 0.000000000000e+00
   outer loop
     vertex -9.985337185250e+01 2.600000000000e+01 -5.518101240458e+01
     vertex -1.005915741914e+02 2.600000000000e+01 -5.872910720940e+01
     vertex -1.001010837965e+02 2.600000000000e+01 -5.512447376984e+01
   endloop
 endfacet
 facet normal 0.000000000000e+00 1.000000000000e+00 0.000000000000e+00
   outer loop
     vertex -1.012952464552e+02 2.600000000000e+01 -5.362704115910e+01
     vertex -1.048291072094e+02 2.600000000000e+01 -5.449157419137e+01
     vertex -1.048800000000e+02 2.600000000000e+01 -5.378000000000e+01
   endloop
 endfacet
 facet normal 0.000000000000e+00 1.000000000000e+00 0.000000000000e+00
   outer loop
     vertex -1.012952464552e+02 2.600000000000e+01 -5.362704115910e+01
     vertex -1.012573774507e+02 2.600000000000e+01 -5.387828558773e+01
     vertex -1.048291072094e+02 2.600000000000e+01 -5.449157419137e+01
   endloop
 endfacet
 facet normal 0.000000000000e+00 1.000000000000e+00 0.000000000000e+00
   outer loop
     vertex -9.960000000000e+01 2.600000000000e+01 -5.520000000000e+01
     vertex -9.988000000000e+01 2.600000000000e+01 -5.878000000000e+01
     vertex -9.985337185250e+01 2.600000000000e+01 -5.518101240458e+01
   endloop
 endfacet
 facet normal 0.000000000000e+00 1.000000000000e+00 0.000000000000e+00
   outer loop
     vertex -1.012952464552e+02 2.600000000000e+01 -5.337295884090e+01
     vertex -1.012952464552e+02 2.600000000000e+01 -5.362704115910e+01
     vertex -1.048800000000e+02 2.600000000000e+01 -5.378000000000e+01
   endloop
 endfacet
 facet normal 0.000000000000e+00 1.000000000000e+00 0.000000000000e+00
   outer loop
     vertex -9.934662814750e+01 2.600000000000e+01 -5.518101240458e+01
     vertex -9.988000000000e+01 2.600000000000e+01 -5.878000000000e+01
     vertex -9.960000000000e+01 2.600000000000e+01 -5.520000000000e+01
   endloop
 endfacet
 facet normal 0.000000000000e+00 1.000000000000e+00 0.000000000000e+00
   outer loop
     vertex -1.012573774507e+02 2.600000000000e+01 -5.312171441227e+01
     vertex -1.012952464552e+02 2.600000000000e+01 -5.337295884090e+01
     vertex -1.048800000000e+02 2.600000000000e+01 -5.378000000000e+01
   endloop
 endfacet
 facet normal 0.000000000000e+00 1.000000000000e+00 0.000000000000e+00
   outer loop
     vertex -9.909891620350e+01 2.600000000000e+01 -5.512447376984e+01
     vertex -9.988000000000e+01 2.600000000000e+01 -5.878000000000e+01
     vertex -9.934662814750e+01 2.600000000000e+01 -5.518101240458e+01
   endloop
 endfacet
 facet normal 0.000000000000e+00 1.000000000000e+00 0.000000000000e+00
   outer loop
     vertex -1.011824853727e+02 2.600000000000e+01 -5.287892025858e+01
     vertex -1.012573774507e+02 2.600000000000e+01 -5.312171441227e+01
     vertex -1.048800000000e+02 2.600000000000e+01 -5.378000000000e+01
   endloop
 endfacet
 facet normal 0.000000000000e+00 1.000000000000e+00 0.000000000000e+00
   outer loop
     vertex -9.886239764350e+01 2.600000000000e+01 -5.503164707544e+01
     vertex -9.988000000000e+01 2.600000000000e+01 -5.878000000000e+01
     vertex -9.909891620350e+01 2.600000000000e+01 -5.512447376984e+01
   endloop
 endfacet
 facet normal 0.000000000000e+00 1.000000000000e+00 0.000000000000e+00
   outer loop
     vertex -1.010722431864e+02 2.600000000000e+01 -5.265000000000e+01
     vertex -1.011824853727e+02 2.600000000000e+01 -5.287892025858e+01
     vertex -1.048800000000e+02 2.600000000000e+01 -5.378000000000e+01
   endloop
 endfacet
 facet normal 0.000000000000e+00 1.000000000000e+00 0.000000000000e+00
   outer loop
     vertex -9.864235590129e+01 2.600000000000e+01 -5.490460591634e+01
     vertex -9.988000000000e+01 2.600000000000e+01 -5.878000000000e+01
     vertex -9.886239764350e+01 2.600000000000e+01 -5.503164707544e+01
   endloop
 endfacet
 facet normal 0.000000000000e+00 1.000000000000e+00 0.000000000000e+00
   outer loop
     vertex -1.009291135202e+02 2.600000000000e+01 -5.244006733684e+01
     vertex -1.010722431864e+02 2.600000000000e+01 -5.265000000000e+01
     vertex -1.048800000000e+02 2.600000000000e+01 -5.378000000000e+01
   endloop
 endfacet
 facet normal 0.000000000000e+00 1.000000000000e+00 0.000000000000e+00
   outer loop
     vertex -9.844370634579e+01 2.600000000000e+01 -5.474618818211e+01
     vertex -9.988000000000e+01 2.600000000000e+01 -5.878000000000e+01
     vertex -9.864235590129e+01 2.600000000000e+01 -5.490460591634e+01
   endloop
 endfacet
 facet normal 0.000000000000e+00 1.000000000000e+00 0.000000000000e+00
   outer loop
     vertex -1.007562936542e+02 2.600000000000e+01 -5.225381181789e+01
     vertex -1.009291135202e+02 2.600000000000e+01 -5.244006733684e+01
     vertex -1.048800000000e+02 2.600000000000e+01 -5.378000000000e+01
   endloop
 endfacet
 facet normal 0.000000000000e+00 1.000000000000e+00 0.000000000000e+00
   outer loop
     vertex -9.827088647980e+01 2.600000000000e+01 -5.455993266316e+01
     vertex -9.988000000000e+01 2.600000000000e+01 -5.878000000000e+01
     vertex -9.844370634579e+01 2.600000000000e+01 -5.474618818211e+01
   endloop
 endfacet
 facet normal 0.000000000000e+00 1.000000000000e+00 0.000000000000e+00
   outer loop
     vertex -1.005576440987e+02 2.600000000000e+01 -5.209539408366e+01
     vertex -1.007562936542e+02 2.600000000000e+01 -5.225381181789e+01
     vertex -1.048800000000e+02 2.600000000000e+01 -5.378000000000e+01
   endloop
 endfacet
 facet normal 0.000000000000e+00 1.000000000000e+00 0.000000000000e+00
   outer loop
     vertex -9.812775681357e+01 2.600000000000e+01 -5.435000000000e+01
     vertex -9.988000000000e+01 2.600000000000e+01 -5.878000000000e+01
     vertex -9.827088647980e+01 2.600000000000e+01 -5.455993266316e+01
   endloop
 endfacet
 facet normal 0.000000000000e+00 1.000000000000e+00 0.000000000000e+00
   outer loop
     vertex -1.003376023565e+02 2.600000000000e+01 -5.196835292457e+01
     vertex -1.005576440987e+02 2.600000000000e+01 -5.209539408366e+01
     vertex -1.048800000000e+02 2.600000000000e+01 -5.378000000000e+01
   endloop
 endfacet
 facet normal 0.000000000000e+00 1.000000000000e+00 0.000000000000e+00
   outer loop
     vertex -9.801751462730e+01 2.600000000000e+01 -5.412107974142e+01
     vertex -9.988000000000e+01 2.600000000000e+01 -5.878000000000e+01
     vertex -9.812775681357e+01 2.600000000000e+01 -5.435000000000e+01
   endloop
 endfacet
 facet normal 0.000000000000e+00 1.000000000000e+00 0.000000000000e+00
   outer loop
     vertex -1.048800000000e+02 2.600000000000e+01 -2.000000000000e+01
     vertex -1.003376023565e+02 2.600000000000e+01 -5.196835292457e+01
     vertex -1.048800000000e+02 2.600000000000e+01 -5.378000000000e+01
   endloop
 endfacet
 facet normal 0.000000000000e+00 1.000000000000e+00 0.000000000000e+00
   outer loop
     vertex -1.048800000000e+02 2.600000000000e+01 -2.000000000000e+01
     vertex -9.864235590129e+01 2.600000000000e+01 -5.209539408366e+01
     vertex -9.886239764350e+01 2.600000000000e+01 -5.196835292457e+01
   endloop
 endfacet
 facet normal 0.000000000000e+00 1.000000000000e+00 0.000000000000e+00
   outer loop
     vertex -1.048800000000e+02 2.600000000000e+01 -2.000000000000e+01
     vertex -9.886239764350e+01 2.600000000000e+01 -5.196835292457e+01
     vertex -9.909891620350e+01 2.600000000000e+01 -5.187552623016e+01
   endloop
 endfacet
 facet normal 0.000000000000e+00 1.000000000000e+00 0.000000000000e+00
   outer loop
     vertex -1.048800000000e+02 2.600000000000e+01 -2.000000000000e+01
     vertex -9.909891620350e+01 2.600000000000e+01 -5.187552623016e+01
     vertex -9.934662814750e+01 2.600000000000e+01 -5.181898759542e+01
   endloop
 endfacet
 facet normal 0.000000000000e+00 1.000000000000e+00 0.000000000000e+00
   outer loop
     vertex -1.048800000000e+02 2.600000000000e+01 -2.000000000000e+01
     vertex -9.934662814750e+01 2.600000000000e+01 -5.181898759542e+01
     vertex -9.960000000000e+01 2.600000000000e+01 -5.180000000000e+01
   endloop
 endfacet
 facet normal 0.000000000000e+00 1.000000000000e+00 0.000000000000e+00
   outer loop
     vertex -1.048800000000e+02 2.600000000000e+01 -2.000000000000e+01
     vertex -9.960000000000e+01 2.600000000000e+01 -5.180000000000e+01
     vertex -9.985337185250e+01 2.600000000000e+01 -5.181898759542e+01
   endloop
 endfacet
 facet normal 0.000000000000e+00 1.000000000000e+00 0.000000000000e+00
   outer loop
     vertex -1.048800000000e+02 2.600000000000e+01 -2.000000000000e+01
     vertex -9.985337185250e+01 2.600000000000e+01 -5.181898759542e+01
     vertex -1.001010837965e+02 2.600000000000e+01 -5.187552623016e+01
   endloop
 endfacet
 facet normal 0.000000000000e+00 1.000000000000e+00 0.000000000000e+00
   outer loop
     vertex -1.048800000000e+02 2.600000000000e+01 -2.000000000000e+01
     vertex -1.001010837965e+02 2.600000000000e+01 -5.187552623016e+01
     vertex -1.003376023565e+02 2.600000000000e+01 -5.196835292457e+01
   endloop
 endfacet
 facet normal 0.000000000000e+00 1.000000000000e+00 0.000000000000e+00
   outer loop
     vertex -6.310038865998e+01 2.600000000000e+01 -3.349936671162e+01
     vertex -9.790475354479e+01 2.600000000000e+01 -5.337295884090e+01
     vertex -9.794262254929e+01 2.600000000000e+01 -5.312171441227e+01
   endloop
 endfacet
 facet normal 0.000000000000e+00 1.000000000000e+00 0.000000000000e+00
   outer loop
     vertex -6.332912083555e+01 2.600000000000e+01 -3.325285205418e+01
     vertex -9.794262254929e+01 2.600000000000e+01 -5.312171441227e+01
     vertex -9.801751462730e+01 2.600000000000e+01 -5.287892025858e+01
   endloop
 endfacet
 facet normal 0.000000000000e+00 1.000000000000e+00 0.000000000000e+00
   outer loop
     vertex -6.332912083555e+01 2.600000000000e+01 -3.325285205418e+01
     vertex -6.310038865998e+01 2.600000000000e+01 -3.349936671162e+01
     vertex -9.794262254929e+01 2.600000000000e+01 -5.312171441227e+01
   endloop
 endfacet
 facet normal 0.000000000000e+00 1.000000000000e+00 0.000000000000e+00
   outer loop
     vertex -6.283747013064e+01 2.600000000000e+01 -3.370903724221e+01
     vertex -9.790475354479e+01 2.600000000000e+01 -5.362704115910e+01
     vertex -9.790475354479e+01 2.600000000000e+01 -5.337295884090e+01
   endloop
 endfacet
 facet normal 0.000000000000e+00 1.000000000000e+00 0.000000000000e+00
   outer loop
     vertex -6.283747013064e+01 2.600000000000e+01 -3.370903724221e+01
     vertex -9.790475354479e+01 2.600000000000e+01 -5.337295884090e+01
     vertex -6.310038865998e+01 2.600000000000e+01 -3.349936671162e+01
   endloop
 endfacet
 facet normal 0.000000000000e+00 1.000000000000e+00 0.000000000000e+00
   outer loop
     vertex -6.351855715851e+01 2.600000000000e+01 -3.297500000000e+01
     vertex -9.801751462730e+01 2.600000000000e+01 -5.287892025858e+01
     vertex -9.812775681357e+01 2.600000000000e+01 -5.265000000000e+01
   endloop
 endfacet
 facet normal 0.000000000000e+00 1.000000000000e+00 0.000000000000e+00
   outer loop
     vertex -6.351855715851e+01 2.600000000000e+01 -3.297500000000e+01
     vertex -6.332912083555e+01 2.600000000000e+01 -3.325285205418e+01
     vertex -9.801751462730e+01 2.600000000000e+01 -5.287892025858e+01
   endloop
 endfacet
 facet normal 0.000000000000e+00 1.000000000000e+00 0.000000000000e+00
   outer loop
     vertex -6.254623841301e+01 2.600000000000e+01 -3.387717995278e+01
     vertex -9.794262254929e+01 2.600000000000e+01 -5.387828558773e+01
     vertex -9.790475354479e+01 2.600000000000e+01 -5.362704115910e+01
   endloop
 endfacet
 facet normal 0.000000000000e+00 1.000000000000e+00 0.000000000000e+00
   outer loop
     vertex -6.254623841301e+01 2.600000000000e+01 -3.387717995278e+01
     vertex -9.790475354479e+01 2.600000000000e+01 -5.362704115910e+01
     vertex -6.283747013064e+01 2.600000000000e+01 -3.370903724221e+01
   endloop
 endfacet
 facet normal 0.000000000000e+00 1.000000000000e+00 0.000000000000e+00
   outer loop
     vertex -6.366446593445e+01 2.600000000000e+01 -3.267201730482e+01
     vertex -9.812775681357e+01 2.600000000000e+01 -5.265000000000e+01
     vertex -9.827088647980e+01 2.600000000000e+01 -5.244006733684e+01
   endloop
 endfacet
 facet normal 0.000000000000e+00 1.000000000000e+00 0.000000000000e+00
   outer loop
     vertex -6.366446593445e+01 2.600000000000e+01 -3.267201730482e+01
     vertex -6.351855715851e+01 2.600000000000e+01 -3.297500000000e+01
     vertex -9.812775681357e+01 2.600000000000e+01 -5.265000000000e+01
   endloop
 endfacet
 facet normal 0.000000000000e+00 1.000000000000e+00 0.000000000000e+00
   outer loop
     vertex -6.223319914242e+01 2.600000000000e+01 -3.400003881302e+01
     vertex -9.801751462730e+01 2.600000000000e+01 -5.412107974142e+01
     vertex -9.794262254929e+01 2.600000000000e+01 -5.387828558773e+01
   endloop
 endfacet
 facet normal 0.000000000000e+00 1.000000000000e+00 0.000000000000e+00
   outer loop
     vertex -6.223319914242e+01 2.600000000000e+01 -3.400003881302e+01
     vertex -9.794262254929e+01 2.600000000000e+01 -5.387828558773e+01
     vertex -6.254623841301e+01 2.600000000000e+01 -3.387717995278e+01
   endloop
 endfacet
 facet normal 0.000000000000e+00 1.000000000000e+00 0.000000000000e+00
   outer loop
     vertex -6.376358780241e+01 2.600000000000e+01 -3.235067210140e+01
     vertex -6.366446593445e+01 2.600000000000e+01 -3.267201730482e+01
     vertex -9.827088647980e+01 2.600000000000e+01 -5.244006733684e+01
   endloop
 endfacet
 facet normal 0.000000000000e+00 1.000000000000e+00 0.000000000000e+00
   outer loop
     vertex -6.376358780241e+01 2.600000000000e+01 -3.235067210140e+01
     vertex -9.827088647980e+01 2.600000000000e+01 -5.244006733684e+01
     vertex -9.844370634579e+01 2.600000000000e+01 -5.225381181789e+01
   endloop
 endfacet
 facet normal 0.000000000000e+00 1.000000000000e+00 0.000000000000e+00
   outer loop
     vertex -6.190534509890e+01 2.600000000000e+01 -3.407486935901e+01
     vertex -9.988000000000e+01 2.600000000000e+01 -5.878000000000e+01
     vertex -9.801751462730e+01 2.600000000000e+01 -5.412107974142e+01
   endloop
 endfacet
 facet normal 0.000000000000e+00 1.000000000000e+00 0.000000000000e+00
   outer loop
     vertex -6.190534509890e+01 2.600000000000e+01 -3.407486935901e+01
     vertex -9.801751462730e+01 2.600000000000e+01 -5.412107974142e+01
     vertex -6.223319914242e+01 2.600000000000e+01 -3.400003881302e+01
   endloop
 endfacet
 facet normal 0.000000000000e+00 1.000000000000e+00 0.000000000000e+00
   outer loop
     vertex -6.381370854366e+01 2.600000000000e+01 -3.201814271057e+01
     vertex -9.844370634579e+01 2.600000000000e+01 -5.225381181789e+01
     vertex -9.864235590129e+01 2.600000000000e+01 -5.209539408366e+01
   endloop
 endfacet
 facet normal 0.000000000000e+00 1.000000000000e+00 0.000000000000e+00
   outer loop
     vertex -6.381370854366e+01 2.600000000000e+01 -3.201814271057e+01
     vertex -9.864235590129e+01 2.600000000000e+01 -5.209539408366e+01
     vertex -1.048800000000e+02 2.600000000000e+01 -2.000000000000e+01
   endloop
 endfacet
 facet normal 0.000000000000e+00 1.000000000000e+00 0.000000000000e+00
   outer loop
     vertex -6.381370854366e+01 2.600000000000e+01 -3.201814271057e+01
     vertex -6.376358780241e+01 2.600000000000e+01 -3.235067210140e+01
     vertex -9.844370634579e+01 2.600000000000e+01 -5.225381181789e+01
   endloop
 endfacet
 facet normal 0.000000000000e+00 1.000000000000e+00 0.000000000000e+00
   outer loop
     vertex -6.157000000000e+01 2.600000000000e+01 -3.410000000000e+01
     vertex -9.988000000000e+01 2.600000000000e+01 -5.878000000000e+01
     vertex -6.190534509890e+01 2.600000000000e+01 -3.407486935901e+01
   endloop
 endfacet
 facet normal 0.000000000000e+00 1.000000000000e+00 0.000000000000e+00
   outer loop
     vertex -6.381370854366e+01 2.600000000000e+01 -3.168185728943e+01
     vertex -6.381370854366e+01 2.600000000000e+01 -3.201814271057e+01
     vertex -1.048800000000e+02 2.600000000000e+01 -2.000000000000e+01
   endloop
 endfacet
 facet normal 0.000000000000e+00 1.000000000000e+00 0.000000000000e+00
   outer loop
     vertex -6.123465490110e+01 2.600000000000e+01 -3.407486935901e+01
     vertex -9.988000000000e+01 2.600000000000e+01 -5.878000000000e+01
     vertex -6.157000000000e+01 2.600000000000e+01 -3.410000000000e+01
   endloop
 endfacet
 facet normal 0.000000000000e+00 1.000000000000e+00 0.000000000000e+00
   outer loop
     vertex -6.376358780241e+01 2.600000000000e+01 -3.134932789860e+01
     vertex -6.381370854366e+01 2.600000000000e+01 -3.168185728943e+01
     vertex -1.048800000000e+02 2.600000000000e+01 -2.000000000000e+01
   endloop
 endfacet
 facet normal 0.000000000000e+00 1.000000000000e+00 0.000000000000e+00
   outer loop
     vertex -6.090680085758e+01 2.600000000000e+01 -3.400003881302e+01
     vertex -9.988000000000e+01 2.600000000000e+01 -5.878000000000e+01
     vertex -6.123465490110e+01 2.600000000000e+01 -3.407486935901e+01
   endloop
 endfacet
 facet normal 0.000000000000e+00 1.000000000000e+00 0.000000000000e+00
   outer loop
     vertex -6.366446593445e+01 2.600000000000e+01 -3.102798269518e+01
     vertex -6.376358780241e+01 2.600000000000e+01 -3.134932789860e+01
     vertex -1.048800000000e+02 2.600000000000e+01 -2.000000000000e+01
   endloop
 endfacet
 facet normal 0.000000000000e+00 1.000000000000e+00 0.000000000000e+00
   outer loop
     vertex -6.059376158699e+01 2.600000000000e+01 -3.387717995278e+01
     vertex -9.988000000000e+01 2.600000000000e+01 -5.878000000000e+01
     vertex -6.090680085758e+01 2.600000000000e+01 -3.400003881302e+01
   endloop
 endfacet
 facet normal 0.000000000000e+00 1.000000000000e+00 0.000000000000e+00
   outer loop
     vertex -6.351855715851e+01 2.600000000000e+01 -3.072500000000e+01
     vertex -6.366446593445e+01 2.600000000000e+01 -3.102798269518e+01
     vertex -1.048800000000e+02 2.600000000000e+01 -2.000000000000e+01
   endloop
 endfacet
 facet normal 0.000000000000e+00 1.000000000000e+00 0.000000000000e+00
   outer loop
     vertex -6.332912083555e+01 2.600000000000e+01 -3.044714794582e+01
     vertex -6.351855715851e+01 2.600000000000e+01 -3.072500000000e+01
     vertex -1.048800000000e+02 2.600000000000e+01 -2.000000000000e+01
   endloop
 endfacet
 facet normal 0.000000000000e+00 1.000000000000e+00 0.000000000000e+00
   outer loop
     vertex -5.800000000000e+01 2.600000000000e+01 -2.000000000000e+01
     vertex -5.962144284149e+01 2.600000000000e+01 -3.072500000000e+01
     vertex -5.981087916445e+01 2.600000000000e+01 -3.044714794582e+01
   endloop
 endfacet
 facet normal 0.000000000000e+00 1.000000000000e+00 0.000000000000e+00
   outer loop
     vertex -5.800000000000e+01 2.600000000000e+01 -2.000000000000e+01
     vertex -5.947553406555e+01 2.600000000000e+01 -3.102798269518e+01
     vertex -5.962144284149e+01 2.600000000000e+01 -3.072500000000e+01
   endloop
 endfacet
 facet normal 0.000000000000e+00 1.000000000000e+00 0.000000000000e+00
   outer loop
     vertex -5.800000000000e+01 2.600000000000e+01 -2.000000000000e+01
     vertex -5.937641219759e+01 2.600000000000e+01 -3.134932789860e+01
     vertex -5.947553406555e+01 2.600000000000e+01 -3.102798269518e+01
   endloop
 endfacet
 facet normal 0.000000000000e+00 1.000000000000e+00 0.000000000000e+00
   outer loop
     vertex -5.800000000000e+01 2.600000000000e+01 -2.000000000000e+01
     vertex -6.310038865998e+01 2.600000000000e+01 -3.020063328838e+01
     vertex -6.332912083555e+01 2.600000000000e+01 -3.044714794582e+01
   endloop
 endfacet
 facet normal 0.000000000000e+00 1.000000000000e+00 0.000000000000e+00
   outer loop
     vertex -5.800000000000e+01 2.600000000000e+01 -2.000000000000e+01
     vertex -6.283747013064e+01 2.600000000000e+01 -2.999096275779e+01
     vertex -6.310038865998e+01 2.600000000000e+01 -3.020063328838e+01
   endloop
 endfacet
 facet normal 0.000000000000e+00 1.000000000000e+00 0.000000000000e+00
   outer loop
     vertex -5.800000000000e+01 2.600000000000e+01 -2.000000000000e+01
     vertex -6.254623841301e+01 2.600000000000e+01 -2.982282004722e+01
     vertex -6.283747013064e+01 2.600000000000e+01 -2.999096275779e+01
   endloop
 endfacet
 facet normal 0.000000000000e+00 1.000000000000e+00 0.000000000000e+00
   outer loop
     vertex -5.800000000000e+01 2.600000000000e+01 -2.000000000000e+01
     vertex -6.223319914242e+01 2.600000000000e+01 -2.969996118698e+01
     vertex -6.254623841301e+01 2.600000000000e+01 -2.982282004722e+01
   endloop
 endfacet
 facet normal 0.000000000000e+00 1.000000000000e+00 0.000000000000e+00
   outer loop
     vertex -5.800000000000e+01 2.600000000000e+01 -2.000000000000e+01
     vertex -6.190534509890e+01 2.600000000000e+01 -2.962513064099e+01
     vertex -6.223319914242e+01 2.600000000000e+01 -2.969996118698e+01
   endloop
 endfacet
 facet normal 0.000000000000e+00 1.000000000000e+00 0.000000000000e+00
   outer loop
     vertex -5.800000000000e+01 2.600000000000e+01 -2.000000000000e+01
     vertex -6.157000000000e+01 2.600000000000e+01 -2.960000000000e+01
     vertex -6.190534509890e+01 2.600000000000e+01 -2.962513064099e+01
   endloop
 endfacet
 facet normal 0.000000000000e+00 1.000000000000e+00 0.000000000000e+00
   outer loop
     vertex -5.800000000000e+01 2.600000000000e+01 -2.000000000000e+01
     vertex -6.332912083555e+01 2.600000000000e+01 -3.044714794582e+01
     vertex -1.048800000000e+02 2.600000000000e+01 -2.000000000000e+01
   endloop
 endfacet
 facet normal 0.000000000000e+00 1.000000000000e+00 0.000000000000e+00
   outer loop
     vertex -5.800000000000e+01 2.600000000000e+01 -2.000000000000e+01
     vertex -6.123465490110e+01 2.600000000000e+01 -2.962513064099e+01
     vertex -6.157000000000e+01 2.600000000000e+01 -2.960000000000e+01
   endloop
 endfacet
 facet normal 0.000000000000e+00 1.000000000000e+00 0.000000000000e+00
   outer loop
     vertex -5.800000000000e+01 2.600000000000e+01 -2.000000000000e+01
     vertex -6.090680085758e+01 2.600000000000e+01 -2.969996118698e+01
     vertex -6.123465490110e+01 2.600000000000e+01 -2.962513064099e+01
   endloop
 endfacet
 facet normal 0.000000000000e+00 1.000000000000e+00 0.000000000000e+00
   outer loop
     vertex -5.800000000000e+01 2.600000000000e+01 -2.000000000000e+01
     vertex -6.059376158699e+01 2.600000000000e+01 -2.982282004722e+01
     vertex -6.090680085758e+01 2.600000000000e+01 -2.969996118698e+01
   endloop
 endfacet
 facet normal 0.000000000000e+00 1.000000000000e+00 0.000000000000e+00
   outer loop
     vertex -5.800000000000e+01 2.600000000000e+01 -2.000000000000e+01
     vertex -6.030252986936e+01 2.600000000000e+01 -2.999096275779e+01
     vertex -6.059376158699e+01 2.600000000000e+01 -2.982282004722e+01
   endloop
 endfacet
 facet normal 0.000000000000e+00 1.000000000000e+00 0.000000000000e+00
   outer loop
     vertex -5.800000000000e+01 2.600000000000e+01 -2.000000000000e+01
     vertex -6.003961134002e+01 2.600000000000e+01 -3.020063328838e+01
     vertex -6.030252986936e+01 2.600000000000e+01 -2.999096275779e+01
   endloop
 endfacet
 facet normal 0.000000000000e+00 1.000000000000e+00 0.000000000000e+00
   outer loop
     vertex -5.800000000000e+01 2.600000000000e+01 -2.000000000000e+01
     vertex -5.981087916445e+01 2.600000000000e+01 -3.044714794582e+01
     vertex -6.003961134002e+01 2.600000000000e+01 -3.020063328838e+01
   endloop
 endfacet
 facet normal 0.000000000000e+00 1.000000000000e+00 0.000000000000e+00
   outer loop
     vertex -4.575000000000e+01 2.600000000000e+01 -1.200000000000e+01
     vertex -5.800000000000e+01 2.600000000000e+01 -2.000000000000e+01
     vertex -4.825000000000e+01 2.600000000000e+01 -1.200000000000e+01
   endloop
 endfacet
 facet normal 0.000000000000e+00 1.000000000000e+00 0.000000000000e+00
   outer loop
     vertex -4.325000000000e+01 2.600000000000e+01 -1.200000000000e+01
     vertex -5.932629145634e+01 2.600000000000e+01 -3.168185728943e+01
     vertex -5.937641219759e+01 2.600000000000e+01 -3.134932789860e+01
   endloop
 endfacet
 facet normal 0.000000000000e+00 1.000000000000e+00 0.000000000000e+00
   outer loop
     vertex -4.325000000000e+01 2.600000000000e+01 -1.200000000000e+01
     vertex -5.937641219759e+01 2.600000000000e+01 -3.134932789860e+01
     vertex -5.800000000000e+01 2.600000000000e+01 -2.000000000000e+01
   endloop
 endfacet
 facet normal 0.000000000000e+00 1.000000000000e+00 0.000000000000e+00
   outer loop
     vertex -4.325000000000e+01 2.600000000000e+01 -1.200000000000e+01
     vertex -5.800000000000e+01 2.600000000000e+01 -2.000000000000e+01
     vertex -4.575000000000e+01 2.600000000000e+01 -1.200000000000e+01
   endloop
 endfacet
 facet normal 0.000000000000e+00 1.000000000000e+00 0.000000000000e+00
   outer loop
     vertex -4.075000000000e+01 2.600000000000e+01 -1.200000000000e+01
     vertex -5.932629145634e+01 2.600000000000e+01 -3.168185728943e+01
     vertex -4.325000000000e+01 2.600000000000e+01 -1.200000000000e+01
   endloop
 endfacet
 facet normal 0.000000000000e+00 1.000000000000e+00 0.000000000000e+00
   outer loop
     vertex -3.825000000000e+01 2.600000000000e+01 -1.200000000000e+01
     vertex -5.932629145634e+01 2.600000000000e+01 -3.201814271057e+01
     vertex -5.932629145634e+01 2.600000000000e+01 -3.168185728943e+01
   endloop
 endfacet
 facet normal 0.000000000000e+00 1.000000000000e+00 0.000000000000e+00
   outer loop
     vertex -3.825000000000e+01 2.600000000000e+01 -1.200000000000e+01
     vertex -5.932629145634e+01 2.600000000000e+01 -3.168185728943e+01
     vertex -4.075000000000e+01 2.600000000000e+01 -1.200000000000e+01
   endloop
 endfacet
 facet normal 0.000000000000e+00 1.000000000000e+00 0.000000000000e+00
   outer loop
     vertex -1.009291135202e+02 2.600000000000e+01 5.244006733684e+01
     vertex -1.007562936542e+02 2.600000000000e+01 5.225381181789e+01
     vertex -1.048800000000e+02 2.600000000000e+01 5.378000000000e+01
   endloop
 endfacet
 facet normal 0.000000000000e+00 1.000000000000e+00 0.000000000000e+00
   outer loop
     vertex -1.005576440987e+02 2.600000000000e+01 5.209539408366e+01
     vertex -1.048800000000e+02 2.600000000000e+01 5.378000000000e+01
     vertex -1.007562936542e+02 2.600000000000e+01 5.225381181789e+01
   endloop
 endfacet
 facet normal 0.000000000000e+00 1.000000000000e+00 0.000000000000e+00
   outer loop
     vertex -1.010722431864e+02 2.600000000000e+01 5.265000000000e+01
     vertex -1.009291135202e+02 2.600000000000e+01 5.244006733684e+01
     vertex -1.048800000000e+02 2.600000000000e+01 5.378000000000e+01
   endloop
 endfacet
 facet normal 0.000000000000e+00 1.000000000000e+00 0.000000000000e+00
   outer loop
     vertex -1.003376023565e+02 2.600000000000e+01 5.196835292456e+01
     vertex -1.048800000000e+02 2.600000000000e+01 2.000000000000e+01
     vertex -1.048800000000e+02 2.600000000000e+01 5.378000000000e+01
   endloop
 endfacet
 facet normal 0.000000000000e+00 1.000000000000e+00 0.000000000000e+00
   outer loop
     vertex -1.003376023565e+02 2.600000000000e+01 5.196835292456e+01
     vertex -1.048800000000e+02 2.600000000000e+01 5.378000000000e+01
     vertex -1.005576440987e+02 2.600000000000e+01 5.209539408366e+01
   endloop
 endfacet
 facet normal 0.000000000000e+00 1.000000000000e+00 0.000000000000e+00
   outer loop
     vertex -1.011824853727e+02 2.600000000000e+01 5.287892025858e+01
     vertex -1.010722431864e+02 2.600000000000e+01 5.265000000000e+01
     vertex -1.048800000000e+02 2.600000000000e+01 5.378000000000e+01
   endloop
 endfacet
 facet normal 0.000000000000e+00 1.000000000000e+00 0.000000000000e+00
   outer loop
     vertex -1.001010837965e+02 2.600000000000e+01 5.187552623016e+01
     vertex -1.048800000000e+02 2.600000000000e+01 2.000000000000e+01
     vertex -1.003376023565e+02 2.600000000000e+01 5.196835292456e+01
   endloop
 endfacet
 facet normal 0.000000000000e+00 1.000000000000e+00 0.000000000000e+00
   outer loop
     vertex -1.012573774507e+02 2.600000000000e+01 5.312171441227e+01
     vertex -1.011824853727e+02 2.600000000000e+01 5.287892025858e+01
     vertex -1.048800000000e+02 2.600000000000e+01 5.378000000000e+01
   endloop
 endfacet
 facet normal 0.000000000000e+00 1.000000000000e+00 0.000000000000e+00
   outer loop
     vertex -9.985337185250e+01 2.600000000000e+01 5.181898759542e+01
     vertex -1.048800000000e+02 2.600000000000e+01 2.000000000000e+01
     vertex -1.001010837965e+02 2.600000000000e+01 5.187552623016e+01
   endloop
 endfacet
 facet normal 0.000000000000e+00 1.000000000000e+00 0.000000000000e+00
   outer loop
     vertex -1.012952464552e+02 2.600000000000e+01 5.337295884090e+01
     vertex -1.012573774507e+02 2.600000000000e+01 5.312171441227e+01
     vertex -1.048800000000e+02 2.600000000000e+01 5.378000000000e+01
   endloop
 endfacet
 facet normal 0.000000000000e+00 1.000000000000e+00 0.000000000000e+00
   outer loop
     vertex -9.960000000000e+01 2.600000000000e+01 5.180000000000e+01
     vertex -1.048800000000e+02 2.600000000000e+01 2.000000000000e+01
     vertex -9.985337185250e+01 2.600000000000e+01 5.181898759542e+01
   endloop
 endfacet
 facet normal 0.000000000000e+00 1.000000000000e+00 0.000000000000e+00
   outer loop
     vertex -3.575000000000e+01 2.600000000000e+01 -1.200000000000e+01
     vertex -5.937641219759e+01 2.600000000000e+01 -3.235067210140e+01
     vertex -5.932629145634e+01 2.600000000000e+01 -3.201814271057e+01
   endloop
 endfacet
 facet normal 0.000000000000e+00 1.000000000000e+00 0.000000000000e+00
   outer loop
     vertex -3.575000000000e+01 2.600000000000e+01 -1.200000000000e+01
     vertex -5.932629145634e+01 2.600000000000e+01 -3.201814271057e+01
     vertex -3.825000000000e+01 2.600000000000e+01 -1.200000000000e+01
   endloop
 endfacet
 facet normal 0.000000000000e+00 1.000000000000e+00 0.000000000000e+00
   outer loop
     vertex -1.012952464552e+02 2.600000000000e+01 5.362704115910e+01
     vertex -1.048800000000e+02 2.600000000000e+01 5.378000000000e+01
     vertex -1.048291072094e+02 2.600000000000e+01 5.449157419137e+01
   endloop
 endfacet
 facet normal 0.000000000000e+00 1.000000000000e+00 0.000000000000e+00
   outer loop
     vertex -1.012952464552e+02 2.600000000000e+01 5.362704115910e+01
     vertex -1.012952464552e+02 2.600000000000e+01 5.337295884090e+01
     vertex -1.048800000000e+02 2.600000000000e+01 5.378000000000e+01
   endloop
 endfacet
 facet normal 0.000000000000e+00 1.000000000000e+00 0.000000000000e+00
   outer loop
     vertex -9.934662814750e+01 2.600000000000e+01 5.181898759542e+01
     vertex -1.048800000000e+02 2.600000000000e+01 2.000000000000e+01
     vertex -9.960000000000e+01 2.600000000000e+01 5.180000000000e+01
   endloop
 endfacet
 facet normal 0.000000000000e+00 1.000000000000e+00 0.000000000000e+00
   outer loop
     vertex -1.012573774507e+02 2.600000000000e+01 5.387828558772e+01
     vertex -1.048291072094e+02 2.600000000000e+01 5.449157419137e+01
     vertex -1.046774648681e+02 2.600000000000e+01 5.518866278421e+01
   endloop
 endfacet
 facet normal 0.000000000000e+00 1.000000000000e+00 0.000000000000e+00
   outer loop
     vertex -1.012573774507e+02 2.600000000000e+01 5.387828558772e+01
     vertex -1.012952464552e+02 2.600000000000e+01 5.362704115910e+01
     vertex -1.048291072094e+02 2.600000000000e+01 5.449157419137e+01
   endloop
 endfacet
 facet normal 0.000000000000e+00 1.000000000000e+00 0.000000000000e+00
   outer loop
     vertex -9.909891620350e+01 2.600000000000e+01 5.187552623016e+01
     vertex -1.048800000000e+02 2.600000000000e+01 2.000000000000e+01
     vertex -9.934662814750e+01 2.600000000000e+01 5.181898759542e+01
   endloop
 endfacet
 facet normal 0.000000000000e+00 1.000000000000e+00 0.000000000000e+00
   outer loop
     vertex -1.011824853727e+02 2.600000000000e+01 5.412107974142e+01
     vertex -1.046774648681e+02 2.600000000000e+01 5.518866278421e+01
     vertex -1.044281599768e+02 2.600000000000e+01 5.585707506501e+01
   endloop
 endfacet
 facet normal 0.000000000000e+00 1.000000000000e+00 0.000000000000e+00
   outer loop
     vertex -1.011824853727e+02 2.600000000000e+01 5.412107974142e+01
     vertex -1.012573774507e+02 2.600000000000e+01 5.387828558772e+01
     vertex -1.046774648681e+02 2.600000000000e+01 5.518866278421e+01
   endloop
 endfacet
 facet normal 0.000000000000e+00 1.000000000000e+00 0.000000000000e+00
   outer loop
     vertex -9.886239764350e+01 2.600000000000e+01 5.196835292456e+01
     vertex -1.048800000000e+02 2.600000000000e+01 2.000000000000e+01
     vertex -9.909891620350e+01 2.600000000000e+01 5.187552623016e+01
   endloop
 endfacet
 facet normal 0.000000000000e+00 1.000000000000e+00 0.000000000000e+00
   outer loop
     vertex -1.010722431864e+02 2.600000000000e+01 5.435000000000e+01
     vertex -1.044281599768e+02 2.600000000000e+01 5.585707506501e+01
     vertex -1.040862676642e+02 2.600000000000e+01 5.648320408728e+01
   endloop
 endfacet
 facet normal 0.000000000000e+00 1.000000000000e+00 0.000000000000e+00
   outer loop
     vertex -1.010722431864e+02 2.600000000000e+01 5.435000000000e+01
     vertex -1.011824853727e+02 2.600000000000e+01 5.412107974142e+01
     vertex -1.044281599768e+02 2.600000000000e+01 5.585707506501e+01
   endloop
 endfacet
 facet normal 0.000000000000e+00 1.000000000000e+00 0.000000000000e+00
   outer loop
     vertex -9.864235590129e+01 2.600000000000e+01 5.209539408366e+01
     vertex -1.048800000000e+02 2.600000000000e+01 2.000000000000e+01
     vertex -9.886239764350e+01 2.600000000000e+01 5.196835292456e+01
   endloop
 endfacet
 facet normal 0.000000000000e+00 1.000000000000e+00 0.000000000000e+00
   outer loop
     vertex -1.009291135202e+02 2.600000000000e+01 5.455993266316e+01
     vertex -1.040862676642e+02 2.600000000000e+01 5.648320408728e+01
     vertex -1.036587478718e+02 2.600000000000e+01 5.705430366973e+01
   endloop
 endfacet
 facet normal 0.000000000000e+00 1.000000000000e+00 0.000000000000e+00
   outer loop
     vertex -1.009291135202e+02 2.600000000000e+01 5.455993266316e+01
     vertex -1.010722431864e+02 2.600000000000e+01 5.435000000000e+01
     vertex -1.040862676642e+02 2.600000000000e+01 5.648320408728e+01
   endloop
 endfacet
 facet normal 0.000000000000e+00 1.000000000000e+00 0.000000000000e+00
   outer loop
     vertex -1.007562936542e+02 2.600000000000e+01 5.474618818211e+01
     vertex -1.009291135202e+02 2.600000000000e+01 5.455993266316e+01
     vertex -1.036587478718e+02 2.600000000000e+01 5.705430366973e+01
   endloop
 endfacet
 facet normal 0.000000000000e+00 1.000000000000e+00 0.000000000000e+00
   outer loop
     vertex -1.031543036697e+02 2.600000000000e+01 5.755874787177e+01
     vertex -1.007562936542e+02 2.600000000000e+01 5.474618818211e+01
     vertex -1.036587478718e+02 2.600000000000e+01 5.705430366973e+01
   endloop
 endfacet
 facet normal 0.000000000000e+00 1.000000000000e+00 0.000000000000e+00
   outer loop
     vertex -1.031543036697e+02 2.600000000000e+01 5.755874787177e+01
     vertex -1.005576440987e+02 2.600000000000e+01 5.490460591634e+01
     vertex -1.007562936542e+02 2.600000000000e+01 5.474618818211e+01
   endloop
 endfacet
 facet normal 0.000000000000e+00 1.000000000000e+00 0.000000000000e+00
   outer loop
     vertex -3.325000000000e+01 2.600000000000e+01 -1.200000000000e+01
     vertex -5.937641219759e+01 2.600000000000e+01 -3.235067210140e+01
     vertex -3.575000000000e+01 2.600000000000e+01 -1.200000000000e+01
   endloop
 endfacet
 facet normal 0.000000000000e+00 1.000000000000e+00 0.000000000000e+00
   outer loop
     vertex -1.025832040873e+02 2.600000000000e+01 5.798626766416e+01
     vertex -1.005576440987e+02 2.600000000000e+01 5.490460591634e+01
     vertex -1.031543036697e+02 2.600000000000e+01 5.755874787177e+01
   endloop
 endfacet
 facet normal 0.000000000000e+00 1.000000000000e+00 0.000000000000e+00
   outer loop
     vertex -1.019570750650e+02 2.600000000000e+01 5.832815997677e+01
     vertex -1.005576440987e+02 2.600000000000e+01 5.490460591634e+01
     vertex -1.025832040873e+02 2.600000000000e+01 5.798626766416e+01
   endloop
 endfacet
 facet normal 0.000000000000e+00 1.000000000000e+00 0.000000000000e+00
   outer loop
     vertex -1.019570750650e+02 2.600000000000e+01 5.832815997677e+01
     vertex -1.003376023565e+02 2.600000000000e+01 5.503164707543e+01
     vertex -1.005576440987e+02 2.600000000000e+01 5.490460591634e+01
   endloop
 endfacet
 facet normal 0.000000000000e+00 1.000000000000e+00 0.000000000000e+00
   outer loop
     vertex -3.075000000000e+01 2.600000000000e+01 -1.200000000000e+01
     vertex -5.947553406555e+01 2.600000000000e+01 -3.267201730482e+01
     vertex -5.937641219759e+01 2.600000000000e+01 -3.235067210140e+01
   endloop
 endfacet
 facet normal 0.000000000000e+00 1.000000000000e+00 0.000000000000e+00
   outer loop
     vertex -3.075000000000e+01 2.600000000000e+01 -1.200000000000e+01
     vertex -5.937641219759e+01 2.600000000000e+01 -3.235067210140e+01
     vertex -3.325000000000e+01 2.600000000000e+01 -1.200000000000e+01
   endloop
 endfacet
 facet normal 0.000000000000e+00 1.000000000000e+00 0.000000000000e+00
   outer loop
     vertex -1.012886627842e+02 2.600000000000e+01 5.857746486807e+01
     vertex -1.003376023565e+02 2.600000000000e+01 5.503164707543e+01
     vertex -1.019570750650e+02 2.600000000000e+01 5.832815997677e+01
   endloop
 endfacet
 facet normal 0.000000000000e+00 1.000000000000e+00 0.000000000000e+00
   outer loop
     vertex -1.012886627842e+02 2.600000000000e+01 5.857746486807e+01
     vertex -1.001010837965e+02 2.600000000000e+01 5.512447376984e+01
     vertex -1.003376023565e+02 2.600000000000e+01 5.503164707543e+01
   endloop
 endfacet
 facet normal 0.000000000000e+00 1.000000000000e+00 0.000000000000e+00
   outer loop
     vertex -1.005915741914e+02 2.600000000000e+01 5.872910720940e+01
     vertex -1.001010837965e+02 2.600000000000e+01 5.512447376984e+01
     vertex -1.012886627842e+02 2.600000000000e+01 5.857746486807e+01
   endloop
 endfacet
 facet normal 0.000000000000e+00 1.000000000000e+00 0.000000000000e+00
   outer loop
     vertex -1.005915741914e+02 2.600000000000e+01 5.872910720940e+01
     vertex -9.985337185250e+01 2.600000000000e+01 5.518101240458e+01
     vertex -1.001010837965e+02 2.600000000000e+01 5.512447376984e+01
   endloop
 endfacet
 facet normal 0.000000000000e+00 1.000000000000e+00 0.000000000000e+00
   outer loop
     vertex -9.988000000000e+01 2.600000000000e+01 5.878000000000e+01
     vertex -9.812775681357e+01 2.600000000000e+01 5.435000000000e+01
     vertex -9.827088647980e+01 2.600000000000e+01 5.455993266316e+01
   endloop
 endfacet
 facet normal 0.000000000000e+00 1.000000000000e+00 0.000000000000e+00
   outer loop
     vertex -9.988000000000e+01 2.600000000000e+01 5.878000000000e+01
     vertex -9.827088647980e+01 2.600000000000e+01 5.455993266316e+01
     vertex -9.844370634579e+01 2.600000000000e+01 5.474618818211e+01
   endloop
 endfacet
 facet normal 0.000000000000e+00 1.000000000000e+00 0.000000000000e+00
   outer loop
     vertex -9.988000000000e+01 2.600000000000e+01 5.878000000000e+01
     vertex -9.844370634579e+01 2.600000000000e+01 5.474618818211e+01
     vertex -9.864235590129e+01 2.600000000000e+01 5.490460591634e+01
   endloop
 endfacet
 facet normal 0.000000000000e+00 1.000000000000e+00 0.000000000000e+00
   outer loop
     vertex -9.988000000000e+01 2.600000000000e+01 5.878000000000e+01
     vertex -9.864235590129e+01 2.600000000000e+01 5.490460591634e+01
     vertex -9.886239764350e+01 2.600000000000e+01 5.503164707543e+01
   endloop
 endfacet
 facet normal 0.000000000000e+00 1.000000000000e+00 0.000000000000e+00
   outer loop
     vertex -9.988000000000e+01 2.600000000000e+01 5.878000000000e+01
     vertex -9.886239764350e+01 2.600000000000e+01 5.503164707543e+01
     vertex -9.909891620350e+01 2.600000000000e+01 5.512447376984e+01
   endloop
 endfacet
 facet normal 0.000000000000e+00 1.000000000000e+00 0.000000000000e+00
   outer loop
     vertex -9.988000000000e+01 2.600000000000e+01 5.878000000000e+01
     vertex -9.909891620350e+01 2.600000000000e+01 5.512447376984e+01
     vertex -9.934662814750e+01 2.600000000000e+01 5.518101240458e+01
   endloop
 endfacet
 facet normal 0.000000000000e+00 1.000000000000e+00 0.000000000000e+00
   outer loop
     vertex -9.988000000000e+01 2.600000000000e+01 5.878000000000e+01
     vertex -9.934662814750e+01 2.600000000000e+01 5.518101240458e+01
     vertex -9.960000000000e+01 2.600000000000e+01 5.520000000000e+01
   endloop
 endfacet
 facet normal 0.000000000000e+00 1.000000000000e+00 0.000000000000e+00
   outer loop
     vertex -9.988000000000e+01 2.600000000000e+01 5.878000000000e+01
     vertex -9.985337185250e+01 2.600000000000e+01 5.518101240458e+01
     vertex -1.005915741914e+02 2.600000000000e+01 5.872910720940e+01
   endloop
 endfacet
 facet normal 0.000000000000e+00 1.000000000000e+00 0.000000000000e+00
   outer loop
     vertex -9.988000000000e+01 2.600000000000e+01 5.878000000000e+01
     vertex -9.960000000000e+01 2.600000000000e+01 5.520000000000e+01
     vertex -9.985337185250e+01 2.600000000000e+01 5.518101240458e+01
   endloop
 endfacet
 facet normal 0.000000000000e+00 1.000000000000e+00 0.000000000000e+00
   outer loop
     vertex -2.825000000000e+01 2.600000000000e+01 -1.200000000000e+01
     vertex -5.947553406555e+01 2.600000000000e+01 -3.267201730482e+01
     vertex -3.075000000000e+01 2.600000000000e+01 -1.200000000000e+01
   endloop
 endfacet
 facet normal 0.000000000000e+00 1.000000000000e+00 0.000000000000e+00
   outer loop
     vertex -2.575000000000e+01 2.600000000000e+01 -1.200000000000e+01
     vertex -5.962144284149e+01 2.600000000000e+01 -3.297500000000e+01
     vertex -5.947553406555e+01 2.600000000000e+01 -3.267201730482e+01
   endloop
 endfacet
 facet normal 0.000000000000e+00 1.000000000000e+00 0.000000000000e+00
   outer loop
     vertex -2.575000000000e+01 2.600000000000e+01 -1.200000000000e+01
     vertex -5.981087916445e+01 2.600000000000e+01 -3.325285205418e+01
     vertex -5.962144284149e+01 2.600000000000e+01 -3.297500000000e+01
   endloop
 endfacet
 facet normal 0.000000000000e+00 1.000000000000e+00 0.000000000000e+00
   outer loop
     vertex -2.575000000000e+01 2.600000000000e+01 -1.200000000000e+01
     vertex -6.003961134002e+01 2.600000000000e+01 -3.349936671162e+01
     vertex -5.981087916445e+01 2.600000000000e+01 -3.325285205418e+01
   endloop
 endfacet
 facet normal 0.000000000000e+00 1.000000000000e+00 0.000000000000e+00
   outer loop
     vertex -2.575000000000e+01 2.600000000000e+01 -1.200000000000e+01
     vertex -5.947553406555e+01 2.600000000000e+01 -3.267201730482e+01
     vertex -2.825000000000e+01 2.600000000000e+01 -1.200000000000e+01
   endloop
 endfacet
 facet normal 0.000000000000e+00 1.000000000000e+00 0.000000000000e+00
   outer loop
     vertex -6.332912083555e+01 2.600000000000e+01 3.239714794582e+01
     vertex -5.800000000000e+01 2.600000000000e+01 2.000000000000e+01
     vertex -1.048800000000e+02 2.600000000000e+01 2.000000000000e+01
   endloop
 endfacet
 facet normal 0.000000000000e+00 1.000000000000e+00 0.000000000000e+00
   outer loop
     vertex -6.332912083555e+01 2.600000000000e+01 3.239714794582e+01
     vertex -6.310038865998e+01 2.600000000000e+01 3.215063328838e+01
     vertex -5.800000000000e+01 2.600000000000e+01 2.000000000000e+01
   endloop
 endfacet
 facet normal 0.000000000000e+00 1.000000000000e+00 0.000000000000e+00
   outer loop
     vertex -6.283747013064e+01 2.600000000000e+01 3.194096275779e+01
     vertex -5.800000000000e+01 2.600000000000e+01 2.000000000000e+01
     vertex -6.310038865998e+01 2.600000000000e+01 3.215063328838e+01
   endloop
 endfacet
 facet normal 0.000000000000e+00 1.000000000000e+00 0.000000000000e+00
   outer loop
     vertex -6.351855715851e+01 2.600000000000e+01 3.267500000000e+01
     vertex -6.332912083555e+01 2.600000000000e+01 3.239714794582e+01
     vertex -1.048800000000e+02 2.600000000000e+01 2.000000000000e+01
   endloop
 endfacet
 facet normal 0.000000000000e+00 1.000000000000e+00 0.000000000000e+00
   outer loop
     vertex -6.254623841301e+01 2.600000000000e+01 3.177282004722e+01
     vertex -5.800000000000e+01 2.600000000000e+01 2.000000000000e+01
     vertex -6.283747013064e+01 2.600000000000e+01 3.194096275779e+01
   endloop
 endfacet
 facet normal 0.000000000000e+00 1.000000000000e+00 0.000000000000e+00
   outer loop
     vertex -6.366446593445e+01 2.600000000000e+01 3.297798269518e+01
     vertex -6.351855715851e+01 2.600000000000e+01 3.267500000000e+01
     vertex -1.048800000000e+02 2.600000000000e+01 2.000000000000e+01
   endloop
 endfacet
 facet normal 0.000000000000e+00 1.000000000000e+00 0.000000000000e+00
   outer loop
     vertex -6.223319914242e+01 2.600000000000e+01 3.164996118698e+01
     vertex -5.800000000000e+01 2.600000000000e+01 2.000000000000e+01
     vertex -6.254623841301e+01 2.600000000000e+01 3.177282004722e+01
   endloop
 endfacet
 facet normal 0.000000000000e+00 1.000000000000e+00 0.000000000000e+00
   outer loop
     vertex -6.376358780241e+01 2.600000000000e+01 3.329932789860e+01
     vertex -6.366446593445e+01 2.600000000000e+01 3.297798269518e+01
     vertex -1.048800000000e+02 2.600000000000e+01 2.000000000000e+01
   endloop
 endfacet
 facet normal 0.000000000000e+00 1.000000000000e+00 0.000000000000e+00
   outer loop
     vertex -6.190534509890e+01 2.600000000000e+01 3.157513064099e+01
     vertex -5.800000000000e+01 2.600000000000e+01 2.000000000000e+01
     vertex -6.223319914242e+01 2.600000000000e+01 3.164996118698e+01
   endloop
 endfacet
 facet normal 0.000000000000e+00 1.000000000000e+00 0.000000000000e+00
   outer loop
     vertex -6.381370854366e+01 2.600000000000e+01 3.363185728943e+01
     vertex -6.376358780241e+01 2.600000000000e+01 3.329932789860e+01
     vertex -1.048800000000e+02 2.600000000000e+01 2.000000000000e+01
   endloop
 endfacet
 facet normal 0.000000000000e+00 1.000000000000e+00 0.000000000000e+00
   outer loop
     vertex -6.381370854366e+01 2.600000000000e+01 3.363185728943e+01
     vertex -1.048800000000e+02 2.600000000000e+01 2.000000000000e+01
     vertex -9.864235590129e+01 2.600000000000e+01 5.209539408366e+01
   endloop
 endfacet
 facet normal 0.000000000000e+00 1.000000000000e+00 0.000000000000e+00
   outer loop
     vertex -6.157000000000e+01 2.600000000000e+01 3.155000000000e+01
     vertex -5.800000000000e+01 2.600000000000e+01 2.000000000000e+01
     vertex -6.190534509890e+01 2.600000000000e+01 3.157513064099e+01
   endloop
 endfacet
 facet normal 0.000000000000e+00 1.000000000000e+00 0.000000000000e+00
   outer loop
     vertex -6.381370854366e+01 2.600000000000e+01 3.396814271057e+01
     vertex -6.381370854366e+01 2.600000000000e+01 3.363185728943e+01
     vertex -9.864235590129e+01 2.600000000000e+01 5.209539408366e+01
   endloop
 endfacet
 facet normal 0.000000000000e+00 1.000000000000e+00 0.000000000000e+00
   outer loop
     vertex -6.381370854366e+01 2.600000000000e+01 3.396814271057e+01
     vertex -9.864235590129e+01 2.600000000000e+01 5.209539408366e+01
     vertex -9.844370634579e+01 2.600000000000e+01 5.225381181789e+01
   endloop
 endfacet
 facet normal 0.000000000000e+00 1.000000000000e+00 0.000000000000e+00
   outer loop
     vertex -6.123465490110e+01 2.600000000000e+01 3.157513064099e+01
     vertex -5.800000000000e+01 2.600000000000e+01 2.000000000000e+01
     vertex -6.157000000000e+01 2.600000000000e+01 3.155000000000e+01
   endloop
 endfacet
 facet normal 0.000000000000e+00 1.000000000000e+00 0.000000000000e+00
   outer loop
     vertex -6.376358780241e+01 2.600000000000e+01 3.430067210140e+01
     vertex -6.381370854366e+01 2.600000000000e+01 3.396814271057e+01
     vertex -9.844370634579e+01 2.600000000000e+01 5.225381181789e+01
   endloop
 endfacet
 facet normal 0.000000000000e+00 1.000000000000e+00 0.000000000000e+00
   outer loop
     vertex -6.376358780241e+01 2.600000000000e+01 3.430067210140e+01
     vertex -9.844370634579e+01 2.600000000000e+01 5.225381181789e+01
     vertex -9.827088647980e+01 2.600000000000e+01 5.244006733684e+01
   endloop
 endfacet
 facet normal 0.000000000000e+00 1.000000000000e+00 0.000000000000e+00
   outer loop
     vertex -6.090680085758e+01 2.600000000000e+01 3.164996118698e+01
     vertex -5.800000000000e+01 2.600000000000e+01 2.000000000000e+01
     vertex -6.123465490110e+01 2.600000000000e+01 3.157513064099e+01
   endloop
 endfacet
 facet normal 0.000000000000e+00 1.000000000000e+00 0.000000000000e+00
   outer loop
     vertex -6.366446593445e+01 2.600000000000e+01 3.462201730482e+01
     vertex -9.827088647980e+01 2.600000000000e+01 5.244006733684e+01
     vertex -9.812775681357e+01 2.600000000000e+01 5.265000000000e+01
   endloop
 endfacet
 facet normal 0.000000000000e+00 1.000000000000e+00 0.000000000000e+00
   outer loop
     vertex -6.366446593445e+01 2.600000000000e+01 3.462201730482e+01
     vertex -6.376358780241e+01 2.600000000000e+01 3.430067210140e+01
     vertex -9.827088647980e+01 2.600000000000e+01 5.244006733684e+01
   endloop
 endfacet
 facet normal 0.000000000000e+00 1.000000000000e+00 0.000000000000e+00
   outer loop
     vertex -6.059376158699e+01 2.600000000000e+01 3.177282004722e+01
     vertex -5.800000000000e+01 2.600000000000e+01 2.000000000000e+01
     vertex -6.090680085758e+01 2.600000000000e+01 3.164996118698e+01
   endloop
 endfacet
 facet normal 0.000000000000e+00 1.000000000000e+00 0.000000000000e+00
   outer loop
     vertex -6.351855715851e+01 2.600000000000e+01 3.492500000000e+01
     vertex -6.366446593445e+01 2.600000000000e+01 3.462201730482e+01
     vertex -9.812775681357e+01 2.600000000000e+01 5.265000000000e+01
   endloop
 endfacet
 facet normal 0.000000000000e+00 1.000000000000e+00 0.000000000000e+00
   outer loop
     vertex -6.351855715851e+01 2.600000000000e+01 3.492500000000e+01
     vertex -9.812775681357e+01 2.600000000000e+01 5.265000000000e+01
     vertex -9.801751462730e+01 2.600000000000e+01 5.287892025858e+01
   endloop
 endfacet
 facet normal 0.000000000000e+00 1.000000000000e+00 0.000000000000e+00
   outer loop
     vertex -6.030252986936e+01 2.600000000000e+01 3.194096275779e+01
     vertex -5.800000000000e+01 2.600000000000e+01 2.000000000000e+01
     vertex -6.059376158699e+01 2.600000000000e+01 3.177282004722e+01
   endloop
 endfacet
 facet normal 0.000000000000e+00 1.000000000000e+00 0.000000000000e+00
   outer loop
     vertex -6.332912083555e+01 2.600000000000e+01 3.520285205418e+01
     vertex -9.801751462730e+01 2.600000000000e+01 5.287892025858e+01
     vertex -9.794262254929e+01 2.600000000000e+01 5.312171441227e+01
   endloop
 endfacet
 facet normal 0.000000000000e+00 1.000000000000e+00 0.000000000000e+00
   outer loop
     vertex -6.332912083555e+01 2.600000000000e+01 3.520285205418e+01
     vertex -6.351855715851e+01 2.600000000000e+01 3.492500000000e+01
     vertex -9.801751462730e+01 2.600000000000e+01 5.287892025858e+01
   endloop
 endfacet
 facet normal 0.000000000000e+00 1.000000000000e+00 0.000000000000e+00
   outer loop
     vertex -6.310038865998e+01 2.600000000000e+01 3.544936671162e+01
     vertex -6.332912083555e+01 2.600000000000e+01 3.520285205418e+01
     vertex -9.794262254929e+01 2.600000000000e+01 5.312171441227e+01
   endloop
 endfacet
 facet normal 0.000000000000e+00 1.000000000000e+00 0.000000000000e+00
   outer loop
     vertex -6.310038865998e+01 2.600000000000e+01 3.544936671162e+01
     vertex -9.794262254929e+01 2.600000000000e+01 5.312171441227e+01
     vertex -9.790475354479e+01 2.600000000000e+01 5.337295884090e+01
   endloop
 endfacet
 facet normal 0.000000000000e+00 1.000000000000e+00 0.000000000000e+00
   outer loop
     vertex -6.283747013064e+01 2.600000000000e+01 3.565903724221e+01
     vertex -6.310038865998e+01 2.600000000000e+01 3.544936671162e+01
     vertex -9.790475354479e+01 2.600000000000e+01 5.337295884090e+01
   endloop
 endfacet
 facet normal 0.000000000000e+00 1.000000000000e+00 0.000000000000e+00
   outer loop
     vertex -6.283747013064e+01 2.600000000000e+01 3.565903724221e+01
     vertex -9.790475354479e+01 2.600000000000e+01 5.337295884090e+01
     vertex -9.790475354479e+01 2.600000000000e+01 5.362704115910e+01
   endloop
 endfacet
 facet normal 0.000000000000e+00 1.000000000000e+00 0.000000000000e+00
   outer loop
     vertex -6.254623841301e+01 2.600000000000e+01 3.582717995278e+01
     vertex -6.283747013064e+01 2.600000000000e+01 3.565903724221e+01
     vertex -9.790475354479e+01 2.600000000000e+01 5.362704115910e+01
   endloop
 endfacet
 facet normal 0.000000000000e+00 1.000000000000e+00 0.000000000000e+00
   outer loop
     vertex -6.254623841301e+01 2.600000000000e+01 3.582717995278e+01
     vertex -9.790475354479e+01 2.600000000000e+01 5.362704115910e+01
     vertex -9.794262254929e+01 2.600000000000e+01 5.387828558773e+01
   endloop
 endfacet
 facet normal 0.000000000000e+00 1.000000000000e+00 0.000000000000e+00
   outer loop
     vertex -6.223319914242e+01 2.600000000000e+01 3.595003881302e+01
     vertex -6.254623841301e+01 2.600000000000e+01 3.582717995278e+01
     vertex -9.794262254929e+01 2.600000000000e+01 5.387828558773e+01
   endloop
 endfacet
 facet normal 0.000000000000e+00 1.000000000000e+00 0.000000000000e+00
   outer loop
     vertex -6.223319914242e+01 2.600000000000e+01 3.595003881302e+01
     vertex -9.794262254929e+01 2.600000000000e+01 5.387828558773e+01
     vertex -9.801751462730e+01 2.600000000000e+01 5.412107974142e+01
   endloop
 endfacet
 facet normal 0.000000000000e+00 1.000000000000e+00 0.000000000000e+00
   outer loop
     vertex -6.190534509890e+01 2.600000000000e+01 3.602486935901e+01
     vertex -9.801751462730e+01 2.600000000000e+01 5.412107974142e+01
     vertex -9.812775681357e+01 2.600000000000e+01 5.435000000000e+01
   endloop
 endfacet
 facet normal 0.000000000000e+00 1.000000000000e+00 0.000000000000e+00
   outer loop
     vertex -6.190534509890e+01 2.600000000000e+01 3.602486935901e+01
     vertex -9.812775681357e+01 2.600000000000e+01 5.435000000000e+01
     vertex -9.988000000000e+01 2.600000000000e+01 5.878000000000e+01
   endloop
 endfacet
 facet normal 0.000000000000e+00 1.000000000000e+00 0.000000000000e+00
   outer loop
     vertex -6.190534509890e+01 2.600000000000e+01 3.602486935901e+01
     vertex -6.223319914242e+01 2.600000000000e+01 3.595003881302e+01
     vertex -9.801751462730e+01 2.600000000000e+01 5.412107974142e+01
   endloop
 endfacet
 facet normal 0.000000000000e+00 1.000000000000e+00 0.000000000000e+00
   outer loop
     vertex -6.157000000000e+01 2.600000000000e+01 3.605000000000e+01
     vertex -6.190534509890e+01 2.600000000000e+01 3.602486935901e+01
     vertex -9.988000000000e+01 2.600000000000e+01 5.878000000000e+01
   endloop
 endfacet
 facet normal 0.000000000000e+00 1.000000000000e+00 0.000000000000e+00
   outer loop
     vertex -6.123465490110e+01 2.600000000000e+01 3.602486935901e+01
     vertex -6.157000000000e+01 2.600000000000e+01 3.605000000000e+01
     vertex -9.988000000000e+01 2.600000000000e+01 5.878000000000e+01
   endloop
 endfacet
 facet normal 0.000000000000e+00 1.000000000000e+00 0.000000000000e+00
   outer loop
     vertex -6.090680085758e+01 2.600000000000e+01 3.595003881302e+01
     vertex -6.123465490110e+01 2.600000000000e+01 3.602486935901e+01
     vertex -9.988000000000e+01 2.600000000000e+01 5.878000000000e+01
   endloop
 endfacet
 facet normal 0.000000000000e+00 1.000000000000e+00 0.000000000000e+00
   outer loop
     vertex -5.325000000000e+01 2.600000000000e+01 3.200000000000e+01
     vertex -5.800000000000e+01 2.600000000000e+01 2.000000000000e+01
     vertex -6.030252986936e+01 2.600000000000e+01 3.194096275779e+01
   endloop
 endfacet
 facet normal 0.000000000000e+00 1.000000000000e+00 0.000000000000e+00
   outer loop
     vertex -5.325000000000e+01 2.600000000000e+01 3.200000000000e+01
     vertex -5.981087916445e+01 2.600000000000e+01 3.520285205418e+01
     vertex -6.003961134002e+01 2.600000000000e+01 3.544936671162e+01
   endloop
 endfacet
 facet normal 0.000000000000e+00 1.000000000000e+00 0.000000000000e+00
   outer loop
     vertex -5.325000000000e+01 2.600000000000e+01 3.200000000000e+01
     vertex -5.962144284149e+01 2.600000000000e+01 3.492500000000e+01
     vertex -5.981087916445e+01 2.600000000000e+01 3.520285205418e+01
   endloop
 endfacet
 facet normal 0.000000000000e+00 1.000000000000e+00 0.000000000000e+00
   outer loop
     vertex -5.325000000000e+01 2.600000000000e+01 3.200000000000e+01
     vertex -5.947553406555e+01 2.600000000000e+01 3.462201730482e+01
     vertex -5.962144284149e+01 2.600000000000e+01 3.492500000000e+01
   endloop
 endfacet
 facet normal 0.000000000000e+00 1.000000000000e+00 0.000000000000e+00
   outer loop
     vertex -5.325000000000e+01 2.600000000000e+01 3.200000000000e+01
     vertex -5.937641219759e+01 2.600000000000e+01 3.430067210140e+01
     vertex -5.947553406555e+01 2.600000000000e+01 3.462201730482e+01
   endloop
 endfacet
 facet normal 0.000000000000e+00 1.000000000000e+00 0.000000000000e+00
   outer loop
     vertex -5.325000000000e+01 2.600000000000e+01 3.200000000000e+01
     vertex -5.932629145634e+01 2.600000000000e+01 3.396814271057e+01
     vertex -5.937641219759e+01 2.600000000000e+01 3.430067210140e+01
   endloop
 endfacet
 facet normal 0.000000000000e+00 1.000000000000e+00 0.000000000000e+00
   outer loop
     vertex -5.325000000000e+01 2.600000000000e+01 3.200000000000e+01
     vertex -5.932629145634e+01 2.600000000000e+01 3.363185728943e+01
     vertex -5.932629145634e+01 2.600000000000e+01 3.396814271057e+01
   endloop
 endfacet
 facet normal 0.000000000000e+00 1.000000000000e+00 0.000000000000e+00
   outer loop
     vertex -5.325000000000e+01 2.600000000000e+01 3.200000000000e+01
     vertex -5.937641219759e+01 2.600000000000e+01 3.329932789860e+01
     vertex -5.932629145634e+01 2.600000000000e+01 3.363185728943e+01
   endloop
 endfacet
 facet normal 0.000000000000e+00 1.000000000000e+00 0.000000000000e+00
   outer loop
     vertex -5.325000000000e+01 2.600000000000e+01 3.200000000000e+01
     vertex -5.947553406555e+01 2.600000000000e+01 3.297798269518e+01
     vertex -5.937641219759e+01 2.600000000000e+01 3.329932789860e+01
   endloop
 endfacet
 facet normal 0.000000000000e+00 1.000000000000e+00 0.000000000000e+00
   outer loop
     vertex -5.325000000000e+01 2.600000000000e+01 3.200000000000e+01
     vertex -5.962144284149e+01 2.600000000000e+01 3.267500000000e+01
     vertex -5.947553406555e+01 2.600000000000e+01 3.297798269518e+01
   endloop
 endfacet
 facet normal 0.000000000000e+00 1.000000000000e+00 0.000000000000e+00
   outer loop
     vertex -5.325000000000e+01 2.600000000000e+01 3.200000000000e+01
     vertex -5.981087916445e+01 2.600000000000e+01 3.239714794582e+01
     vertex -5.962144284149e+01 2.600000000000e+01 3.267500000000e+01
   endloop
 endfacet
 facet normal 0.000000000000e+00 1.000000000000e+00 0.000000000000e+00
   outer loop
     vertex -5.325000000000e+01 2.600000000000e+01 3.200000000000e+01
     vertex -6.003961134002e+01 2.600000000000e+01 3.215063328838e+01
     vertex -5.981087916445e+01 2.600000000000e+01 3.239714794582e+01
   endloop
 endfacet
 facet normal 0.000000000000e+00 1.000000000000e+00 0.000000000000e+00
   outer loop
     vertex -5.325000000000e+01 2.600000000000e+01 3.200000000000e+01
     vertex -6.030252986936e+01 2.600000000000e+01 3.194096275779e+01
     vertex -6.003961134002e+01 2.600000000000e+01 3.215063328838e+01
   endloop
 endfacet
 facet normal 0.000000000000e+00 1.000000000000e+00 0.000000000000e+00
   outer loop
     vertex -5.075000000000e+01 2.600000000000e+01 3.200000000000e+01
     vertex -5.325000000000e+01 2.600000000000e+01 3.200000000000e+01
     vertex -6.003961134002e+01 2.600000000000e+01 3.544936671162e+01
   endloop
 endfacet
 facet normal 0.000000000000e+00 1.000000000000e+00 0.000000000000e+00
   outer loop
     vertex -5.075000000000e+01 2.600000000000e+01 3.200000000000e+01
     vertex -6.003961134002e+01 2.600000000000e+01 3.544936671162e+01
     vertex -6.030252986936e+01 2.600000000000e+01 3.565903724221e+01
   endloop
 endfacet
 facet normal 0.000000000000e+00 1.000000000000e+00 0.000000000000e+00
   outer loop
     vertex -4.825000000000e+01 2.600000000000e+01 3.200000000000e+01
     vertex -5.075000000000e+01 2.600000000000e+01 3.200000000000e+01
     vertex -6.030252986936e+01 2.600000000000e+01 3.565903724221e+01
   endloop
 endfacet
 facet normal 0.000000000000e+00 1.000000000000e+00 0.000000000000e+00
   outer loop
     vertex -4.575000000000e+01 2.600000000000e+01 3.200000000000e+01
     vertex -4.825000000000e+01 2.600000000000e+01 3.200000000000e+01
     vertex -6.030252986936e+01 2.600000000000e+01 3.565903724221e+01
   endloop
 endfacet
 facet normal 0.000000000000e+00 1.000000000000e+00 0.000000000000e+00
   outer loop
     vertex -4.575000000000e+01 2.600000000000e+01 3.200000000000e+01
     vertex -6.030252986936e+01 2.600000000000e+01 3.565903724221e+01
     vertex -6.059376158699e+01 2.600000000000e+01 3.582717995278e+01
   endloop
 endfacet
 facet normal 0.000000000000e+00 1.000000000000e+00 0.000000000000e+00
   outer loop
     vertex -4.325000000000e+01 2.600000000000e+01 3.200000000000e+01
     vertex -4.575000000000e+01 2.600000000000e+01 3.200000000000e+01
     vertex -6.059376158699e+01 2.600000000000e+01 3.582717995278e+01
   endloop
 endfacet
 facet normal 0.000000000000e+00 1.000000000000e+00 0.000000000000e+00
   outer loop
     vertex -4.075000000000e+01 2.600000000000e+01 3.200000000000e+01
     vertex -6.059376158699e+01 2.600000000000e+01 3.582717995278e+01
     vertex -6.090680085758e+01 2.600000000000e+01 3.595003881302e+01
   endloop
 endfacet
 facet normal 0.000000000000e+00 1.000000000000e+00 0.000000000000e+00
   outer loop
     vertex -4.075000000000e+01 2.600000000000e+01 3.200000000000e+01
     vertex -4.325000000000e+01 2.600000000000e+01 3.200000000000e+01
     vertex -6.059376158699e+01 2.600000000000e+01 3.582717995278e+01
   endloop
 endfacet
 facet normal 0.000000000000e+00 1.000000000000e+00 0.000000000000e+00
   outer loop
     vertex -3.825000000000e+01 2.600000000000e+01 3.200000000000e+01
     vertex -4.075000000000e+01 2.600000000000e+01 3.200000000000e+01
     vertex -6.090680085758e+01 2.600000000000e+01 3.595003881302e+01
   endloop
 endfacet
 facet normal 0.000000000000e+00 1.000000000000e+00 0.000000000000e+00
   outer loop
     vertex -3.575000000000e+01 2.600000000000e+01 3.200000000000e+01
     vertex -3.325000000000e+01 2.600000000000e+01 -1.200000000000e+01
     vertex -3.575000000000e+01 2.600000000000e+01 -1.200000000000e+01
   endloop
 endfacet
 facet normal 0.000000000000e+00 1.000000000000e+00 0.000000000000e+00
   outer loop
     vertex -3.575000000000e+01 2.600000000000e+01 3.200000000000e+01
     vertex -3.825000000000e+01 2.600000000000e+01 3.200000000000e+01
     vertex -6.090680085758e+01 2.600000000000e+01 3.595003881302e+01
   endloop
 endfacet
 facet normal 0.000000000000e+00 1.000000000000e+00 0.000000000000e+00
   outer loop
     vertex -3.325000000000e+01 2.600000000000e+01 3.200000000000e+01
     vertex -6.090680085758e+01 2.600000000000e+01 3.595003881302e+01
     vertex -9.988000000000e+01 2.600000000000e+01 5.878000000000e+01
   endloop
 endfacet
 facet normal 0.000000000000e+00 1.000000000000e+00 0.000000000000e+00
   outer loop
     vertex -3.325000000000e+01 2.600000000000e+01 3.200000000000e+01
     vertex -3.325000000000e+01 2.600000000000e+01 -1.200000000000e+01
     vertex -3.575000000000e+01 2.600000000000e+01 3.200000000000e+01
   endloop
 endfacet
 facet normal 0.000000000000e+00 1.000000000000e+00 0.000000000000e+00
   outer loop
     vertex -3.325000000000e+01 2.600000000000e+01 3.200000000000e+01
     vertex -3.575000000000e+01 2.600000000000e+01 3.200000000000e+01
     vertex -6.090680085758e+01 2.600000000000e+01 3.595003881302e+01
   endloop
 endfacet
 facet normal 0.000000000000e+00 1.000000000000e+00 0.000000000000e+00
   outer loop
     vertex -3.075000000000e+01 2.600000000000e+01 3.200000000000e+01
     vertex -3.325000000000e+01 2.600000000000e+01 3.200000000000e+01
     vertex -9.988000000000e+01 2.600000000000e+01 5.878000000000e+01
   endloop
 endfacet
 facet normal 0.000000000000e+00 1.000000000000e+00 0.000000000000e+00
   outer loop
     vertex -3.075000000000e+01 2.600000000000e+01 3.200000000000e+01
     vertex -2.825000000000e+01 2.600000000000e+01 -1.200000000000e+01
     vertex -3.075000000000e+01 2.600000000000e+01 -1.200000000000e+01
   endloop
 endfacet
 facet normal 0.000000000000e+00 1.000000000000e+00 0.000000000000e+00
   outer loop
     vertex -2.825000000000e+01 2.600000000000e+01 3.200000000000e+01
     vertex -3.075000000000e+01 2.600000000000e+01 3.200000000000e+01
     vertex -9.988000000000e+01 2.600000000000e+01 5.878000000000e+01
   endloop
 endfacet
 facet normal 0.000000000000e+00 1.000000000000e+00 0.000000000000e+00
   outer loop
     vertex -2.825000000000e+01 2.600000000000e+01 3.200000000000e+01
     vertex -2.825000000000e+01 2.600000000000e+01 -1.200000000000e+01
     vertex -3.075000000000e+01 2.600000000000e+01 3.200000000000e+01
   endloop
 endfacet
 facet normal 0.000000000000e+00 1.000000000000e+00 0.000000000000e+00
   outer loop
     vertex -2.575000000000e+01 2.600000000000e+01 3.200000000000e+01
     vertex -2.825000000000e+01 2.600000000000e+01 3.200000000000e+01
     vertex -9.988000000000e+01 2.600000000000e+01 5.878000000000e+01
   endloop
 endfacet
 facet normal 0.000000000000e+00 1.000000000000e+00 0.000000000000e+00
   outer loop
     vertex 2.575000000000e+01 2.600000000000e+01 -1.200000000000e+01
     vertex -6.003961134002e+01 2.600000000000e+01 -3.349936671162e+01
     vertex -2.575000000000e+01 2.600000000000e+01 -1.200000000000e+01
   endloop
 endfacet
 facet normal 0.000000000000e+00 1.000000000000e+00 0.000000000000e+00
   outer loop
     vertex 6.309961134002e+01 2.600000000000e+01 -3.349936671162e+01
     vertex -6.003961134002e+01 2.600000000000e+01 -3.349936671162e+01
     vertex 2.575000000000e+01 2.600000000000e+01 -1.200000000000e+01
   endloop
 endfacet
 facet normal 0.000000000000e+00 1.000000000000e+00 0.000000000000e+00
   outer loop
     vertex 6.287087916445e+01 2.600000000000e+01 -3.325285205418e+01
     vertex 6.309961134002e+01 2.600000000000e+01 -3.349936671162e+01
     vertex 2.575000000000e+01 2.600000000000e+01 -1.200000000000e+01
   endloop
 endfacet
 facet normal 0.000000000000e+00 1.000000000000e+00 0.000000000000e+00
   outer loop
     vertex 6.336252986936e+01 2.600000000000e+01 -3.370903724221e+01
     vertex -6.030252986936e+01 2.600000000000e+01 -3.370903724221e+01
     vertex -6.003961134002e+01 2.600000000000e+01 -3.349936671162e+01
   endloop
 endfacet
 facet normal 0.000000000000e+00 1.000000000000e+00 0.000000000000e+00
   outer loop
     vertex 6.336252986936e+01 2.600000000000e+01 -3.370903724221e+01
     vertex -6.003961134002e+01 2.600000000000e+01 -3.349936671162e+01
     vertex 6.309961134002e+01 2.600000000000e+01 -3.349936671162e+01
   endloop
 endfacet
 facet normal 0.000000000000e+00 1.000000000000e+00 0.000000000000e+00
   outer loop
     vertex 6.268144284149e+01 2.600000000000e+01 -3.297500000000e+01
     vertex 2.575000000000e+01 2.600000000000e+01 -1.200000000000e+01
     vertex 2.825000000000e+01 2.600000000000e+01 -1.200000000000e+01
   endloop
 endfacet
 facet normal 0.000000000000e+00 1.000000000000e+00 0.000000000000e+00
   outer loop
     vertex 6.268144284149e+01 2.600000000000e+01 -3.297500000000e+01
     vertex 6.287087916445e+01 2.600000000000e+01 -3.325285205418e+01
     vertex 2.575000000000e+01 2.600000000000e+01 -1.200000000000e+01
   endloop
 endfacet
 facet normal 0.000000000000e+00 1.000000000000e+00 0.000000000000e+00
   outer loop
     vertex 6.365376158699e+01 2.600000000000e+01 -3.387717995278e+01
     vertex -6.059376158699e+01 2.600000000000e+01 -3.387717995278e+01
     vertex -6.030252986936e+01 2.600000000000e+01 -3.370903724221e+01
   endloop
 endfacet
 facet normal 0.000000000000e+00 1.000000000000e+00 0.000000000000e+00
   outer loop
     vertex 6.365376158699e+01 2.600000000000e+01 -3.387717995278e+01
     vertex -6.030252986936e+01 2.600000000000e+01 -3.370903724221e+01
     vertex 6.336252986936e+01 2.600000000000e+01 -3.370903724221e+01
   endloop
 endfacet
 facet normal 0.000000000000e+00 1.000000000000e+00 0.000000000000e+00
   outer loop
     vertex 6.253553406555e+01 2.600000000000e+01 -3.267201730482e+01
     vertex 3.075000000000e+01 2.600000000000e+01 -1.200000000000e+01
     vertex 3.325000000000e+01 2.600000000000e+01 -1.200000000000e+01
   endloop
 endfacet
 facet normal 0.000000000000e+00 1.000000000000e+00 0.000000000000e+00
   outer loop
     vertex 6.253553406555e+01 2.600000000000e+01 -3.267201730482e+01
     vertex 6.268144284149e+01 2.600000000000e+01 -3.297500000000e+01
     vertex 2.825000000000e+01 2.600000000000e+01 -1.200000000000e+01
   endloop
 endfacet
 facet normal 0.000000000000e+00 1.000000000000e+00 0.000000000000e+00
   outer loop
     vertex 6.253553406555e+01 2.600000000000e+01 -3.267201730482e+01
     vertex 2.825000000000e+01 2.600000000000e+01 -1.200000000000e+01
     vertex 3.075000000000e+01 2.600000000000e+01 -1.200000000000e+01
   endloop
 endfacet
 facet normal 0.000000000000e+00 1.000000000000e+00 0.000000000000e+00
   outer loop
     vertex 6.253553406555e+01 2.600000000000e+01 -3.267201730482e+01
     vertex 3.325000000000e+01 2.600000000000e+01 -1.200000000000e+01
     vertex 3.575000000000e+01 2.600000000000e+01 -1.200000000000e+01
   endloop
 endfacet
 facet normal 0.000000000000e+00 1.000000000000e+00 0.000000000000e+00
   outer loop
     vertex 6.243641219759e+01 2.600000000000e+01 -3.235067210140e+01
     vertex 3.575000000000e+01 2.600000000000e+01 -1.200000000000e+01
     vertex 3.825000000000e+01 2.600000000000e+01 -1.200000000000e+01
   endloop
 endfacet
 facet normal 0.000000000000e+00 1.000000000000e+00 0.000000000000e+00
   outer loop
     vertex 6.243641219759e+01 2.600000000000e+01 -3.235067210140e+01
     vertex 6.253553406555e+01 2.600000000000e+01 -3.267201730482e+01
     vertex 3.575000000000e+01 2.600000000000e+01 -1.200000000000e+01
   endloop
 endfacet
 facet normal 0.000000000000e+00 1.000000000000e+00 0.000000000000e+00
   outer loop
     vertex 6.238629145634e+01 2.600000000000e+01 -3.201814271057e+01
     vertex 6.243641219759e+01 2.600000000000e+01 -3.235067210140e+01
     vertex 3.825000000000e+01 2.600000000000e+01 -1.200000000000e+01
   endloop
 endfacet
 facet normal 0.000000000000e+00 1.000000000000e+00 0.000000000000e+00
   outer loop
     vertex 6.238629145634e+01 2.600000000000e+01 -3.201814271057e+01
     vertex 3.825000000000e+01 2.600000000000e+01 -1.200000000000e+01
     vertex 4.075000000000e+01 2.600000000000e+01 -1.200000000000e+01
   endloop
 endfacet
 facet normal 0.000000000000e+00 1.000000000000e+00 0.000000000000e+00
   outer loop
     vertex 4.325000000000e+01 2.600000000000e+01 -1.200000000000e+01
     vertex 6.238629145634e+01 2.600000000000e+01 -3.201814271057e+01
     vertex 4.075000000000e+01 2.600000000000e+01 -1.200000000000e+01
   endloop
 endfacet
 facet normal 0.000000000000e+00 1.000000000000e+00 0.000000000000e+00
   outer loop
     vertex 4.325000000000e+01 2.600000000000e+01 -1.200000000000e+01
     vertex 6.238629145634e+01 2.600000000000e+01 -3.168185728943e+01
     vertex 6.238629145634e+01 2.600000000000e+01 -3.201814271057e+01
   endloop
 endfacet
 facet normal 0.000000000000e+00 1.000000000000e+00 0.000000000000e+00
   outer loop
     vertex 4.575000000000e+01 2.600000000000e+01 -1.200000000000e+01
     vertex 6.238629145634e+01 2.600000000000e+01 -3.168185728943e+01
     vertex 4.325000000000e+01 2.600000000000e+01 -1.200000000000e+01
   endloop
 endfacet
 facet normal 0.000000000000e+00 1.000000000000e+00 0.000000000000e+00
   outer loop
     vertex 4.575000000000e+01 2.600000000000e+01 -1.200000000000e+01
     vertex 6.243641219759e+01 2.600000000000e+01 -3.134932789860e+01
     vertex 6.238629145634e+01 2.600000000000e+01 -3.168185728943e+01
   endloop
 endfacet
 facet normal 0.000000000000e+00 1.000000000000e+00 0.000000000000e+00
   outer loop
     vertex 4.825000000000e+01 2.600000000000e+01 -1.200000000000e+01
     vertex 6.243641219759e+01 2.600000000000e+01 -3.134932789860e+01
     vertex 4.575000000000e+01 2.600000000000e+01 -1.200000000000e+01
   endloop
 endfacet
 facet normal 0.000000000000e+00 1.000000000000e+00 0.000000000000e+00
   outer loop
     vertex 4.825000000000e+01 2.600000000000e+01 -1.200000000000e+01
     vertex 6.253553406555e+01 2.600000000000e+01 -3.102798269518e+01
     vertex 6.243641219759e+01 2.600000000000e+01 -3.134932789860e+01
   endloop
 endfacet
 facet normal 0.000000000000e+00 1.000000000000e+00 0.000000000000e+00
   outer loop
     vertex 5.075000000000e+01 2.600000000000e+01 -1.200000000000e+01
     vertex 6.268144284149e+01 2.600000000000e+01 -3.072500000000e+01
     vertex 6.253553406555e+01 2.600000000000e+01 -3.102798269518e+01
   endloop
 endfacet
 facet normal 0.000000000000e+00 1.000000000000e+00 0.000000000000e+00
   outer loop
     vertex 5.075000000000e+01 2.600000000000e+01 -1.200000000000e+01
     vertex 6.253553406555e+01 2.600000000000e+01 -3.102798269518e+01
     vertex 4.825000000000e+01 2.600000000000e+01 -1.200000000000e+01
   endloop
 endfacet
 facet normal 0.000000000000e+00 1.000000000000e+00 0.000000000000e+00
   outer loop
     vertex 9.988000000000e+01 2.600000000000e+01 -5.878000000000e+01
     vertex 6.429465490110e+01 2.600000000000e+01 -3.407486935901e+01
     vertex 6.463000000000e+01 2.600000000000e+01 -3.410000000000e+01
   endloop
 endfacet
 facet normal 0.000000000000e+00 1.000000000000e+00 0.000000000000e+00
   outer loop
     vertex 9.988000000000e+01 2.600000000000e+01 -5.878000000000e+01
     vertex 6.396680085758e+01 2.600000000000e+01 -3.400003881302e+01
     vertex 6.429465490110e+01 2.600000000000e+01 -3.407486935901e+01
   endloop
 endfacet
 facet normal 0.000000000000e+00 1.000000000000e+00 0.000000000000e+00
   outer loop
     vertex 9.988000000000e+01 2.600000000000e+01 -5.878000000000e+01
     vertex 6.365376158699e+01 2.600000000000e+01 -3.387717995278e+01
     vertex 6.396680085758e+01 2.600000000000e+01 -3.400003881302e+01
   endloop
 endfacet
 facet normal 0.000000000000e+00 1.000000000000e+00 0.000000000000e+00
   outer loop
     vertex 9.988000000000e+01 2.600000000000e+01 -5.878000000000e+01
     vertex -9.988000000000e+01 2.600000000000e+01 -5.878000000000e+01
     vertex -6.059376158699e+01 2.600000000000e+01 -3.387717995278e+01
   endloop
 endfacet
 facet normal 0.000000000000e+00 1.000000000000e+00 0.000000000000e+00
   outer loop
     vertex 9.988000000000e+01 2.600000000000e+01 -5.878000000000e+01
     vertex -6.059376158699e+01 2.600000000000e+01 -3.387717995278e+01
     vertex 6.365376158699e+01 2.600000000000e+01 -3.387717995278e+01
   endloop
 endfacet
 facet normal 0.000000000000e+00 1.000000000000e+00 0.000000000000e+00
   outer loop
     vertex 5.325000000000e+01 2.600000000000e+01 -1.200000000000e+01
     vertex 6.496534509890e+01 2.600000000000e+01 -2.962513064099e+01
     vertex 6.463000000000e+01 2.600000000000e+01 -2.960000000000e+01
   endloop
 endfacet
 facet normal 0.000000000000e+00 1.000000000000e+00 0.000000000000e+00
   outer loop
     vertex 5.325000000000e+01 2.600000000000e+01 -1.200000000000e+01
     vertex 6.529319914242e+01 2.600000000000e+01 -2.969996118698e+01
     vertex 6.496534509890e+01 2.600000000000e+01 -2.962513064099e+01
   endloop
 endfacet
 facet normal 0.000000000000e+00 1.000000000000e+00 0.000000000000e+00
   outer loop
     vertex 5.325000000000e+01 2.600000000000e+01 -1.200000000000e+01
     vertex 6.560623841301e+01 2.600000000000e+01 -2.982282004722e+01
     vertex 6.529319914242e+01 2.600000000000e+01 -2.969996118698e+01
   endloop
 endfacet
 facet normal 0.000000000000e+00 1.000000000000e+00 0.000000000000e+00
   outer loop
     vertex 5.325000000000e+01 2.600000000000e+01 -1.200000000000e+01
     vertex 6.589747013064e+01 2.600000000000e+01 -2.999096275779e+01
     vertex 6.560623841301e+01 2.600000000000e+01 -2.982282004722e+01
   endloop
 endfacet
 facet normal 0.000000000000e+00 1.000000000000e+00 0.000000000000e+00
   outer loop
     vertex 5.325000000000e+01 2.600000000000e+01 -1.200000000000e+01
     vertex 6.616038865998e+01 2.600000000000e+01 -3.020063328838e+01
     vertex 6.589747013064e+01 2.600000000000e+01 -2.999096275779e+01
   endloop
 endfacet
 facet normal 0.000000000000e+00 1.000000000000e+00 0.000000000000e+00
   outer loop
     vertex 5.325000000000e+01 2.600000000000e+01 -1.200000000000e+01
     vertex 6.287087916445e+01 2.600000000000e+01 -3.044714794582e+01
     vertex 6.268144284149e+01 2.600000000000e+01 -3.072500000000e+01
   endloop
 endfacet
 facet normal 0.000000000000e+00 1.000000000000e+00 0.000000000000e+00
   outer loop
     vertex 5.325000000000e+01 2.600000000000e+01 -1.200000000000e+01
     vertex 6.309961134002e+01 2.600000000000e+01 -3.020063328838e+01
     vertex 6.287087916445e+01 2.600000000000e+01 -3.044714794582e+01
   endloop
 endfacet
 facet normal 0.000000000000e+00 1.000000000000e+00 0.000000000000e+00
   outer loop
     vertex 5.325000000000e+01 2.600000000000e+01 -1.200000000000e+01
     vertex 6.336252986936e+01 2.600000000000e+01 -2.999096275779e+01
     vertex 6.309961134002e+01 2.600000000000e+01 -3.020063328838e+01
   endloop
 endfacet
 facet normal 0.000000000000e+00 1.000000000000e+00 0.000000000000e+00
   outer loop
     vertex 5.325000000000e+01 2.600000000000e+01 -1.200000000000e+01
     vertex 6.365376158699e+01 2.600000000000e+01 -2.982282004722e+01
     vertex 6.336252986936e+01 2.600000000000e+01 -2.999096275779e+01
   endloop
 endfacet
 facet normal 0.000000000000e+00 1.000000000000e+00 0.000000000000e+00
   outer loop
     vertex 5.325000000000e+01 2.600000000000e+01 -1.200000000000e+01
     vertex 6.396680085758e+01 2.600000000000e+01 -2.969996118698e+01
     vertex 6.365376158699e+01 2.600000000000e+01 -2.982282004722e+01
   endloop
 endfacet
 facet normal 0.000000000000e+00 1.000000000000e+00 0.000000000000e+00
   outer loop
     vertex 5.325000000000e+01 2.600000000000e+01 -1.200000000000e+01
     vertex 6.429465490110e+01 2.600000000000e+01 -2.962513064099e+01
     vertex 6.396680085758e+01 2.600000000000e+01 -2.969996118698e+01
   endloop
 endfacet
 facet normal 0.000000000000e+00 1.000000000000e+00 0.000000000000e+00
   outer loop
     vertex 5.325000000000e+01 2.600000000000e+01 -1.200000000000e+01
     vertex 6.463000000000e+01 2.600000000000e+01 -2.960000000000e+01
     vertex 6.429465490110e+01 2.600000000000e+01 -2.962513064099e+01
   endloop
 endfacet
 facet normal 0.000000000000e+00 1.000000000000e+00 0.000000000000e+00
   outer loop
     vertex 5.325000000000e+01 2.600000000000e+01 -1.200000000000e+01
     vertex 6.268144284149e+01 2.600000000000e+01 -3.072500000000e+01
     vertex 5.075000000000e+01 2.600000000000e+01 -1.200000000000e+01
   endloop
 endfacet
 facet normal 0.000000000000e+00 1.000000000000e+00 0.000000000000e+00
   outer loop
     vertex 9.827088647980e+01 2.600000000000e+01 -5.455993266316e+01
     vertex 9.844370634579e+01 2.600000000000e+01 -5.474618818211e+01
     vertex 9.988000000000e+01 2.600000000000e+01 -5.878000000000e+01
   endloop
 endfacet
 facet normal 0.000000000000e+00 1.000000000000e+00 0.000000000000e+00
   outer loop
     vertex 9.864235590129e+01 2.600000000000e+01 -5.490460591634e+01
     vertex 9.988000000000e+01 2.600000000000e+01 -5.878000000000e+01
     vertex 9.844370634579e+01 2.600000000000e+01 -5.474618818211e+01
   endloop
 endfacet
 facet normal 0.000000000000e+00 1.000000000000e+00 0.000000000000e+00
   outer loop
     vertex 9.812775681357e+01 2.600000000000e+01 -5.435000000000e+01
     vertex 9.827088647980e+01 2.600000000000e+01 -5.455993266316e+01
     vertex 9.988000000000e+01 2.600000000000e+01 -5.878000000000e+01
   endloop
 endfacet
 facet normal 0.000000000000e+00 1.000000000000e+00 0.000000000000e+00
   outer loop
     vertex 9.886239764350e+01 2.600000000000e+01 -5.503164707543e+01
     vertex 9.988000000000e+01 2.600000000000e+01 -5.878000000000e+01
     vertex 9.864235590129e+01 2.600000000000e+01 -5.490460591634e+01
   endloop
 endfacet
 facet normal 0.000000000000e+00 1.000000000000e+00 0.000000000000e+00
   outer loop
     vertex 9.801751462730e+01 2.600000000000e+01 -5.412107974142e+01
     vertex 9.988000000000e+01 2.600000000000e+01 -5.878000000000e+01
     vertex 6.463000000000e+01 2.600000000000e+01 -3.410000000000e+01
   endloop
 endfacet
 facet normal 0.000000000000e+00 1.000000000000e+00 0.000000000000e+00
   outer loop
     vertex 9.801751462730e+01 2.600000000000e+01 -5.412107974142e+01
     vertex 6.463000000000e+01 2.600000000000e+01 -3.410000000000e+01
     vertex 6.496534509890e+01 2.600000000000e+01 -3.407486935901e+01
   endloop
 endfacet
 facet normal 0.000000000000e+00 1.000000000000e+00 0.000000000000e+00
   outer loop
     vertex 9.801751462730e+01 2.600000000000e+01 -5.412107974142e+01
     vertex 9.812775681357e+01 2.600000000000e+01 -5.435000000000e+01
     vertex 9.988000000000e+01 2.600000000000e+01 -5.878000000000e+01
   endloop
 endfacet
 facet normal 0.000000000000e+00 1.000000000000e+00 0.000000000000e+00
   outer loop
     vertex 9.909891620350e+01 2.600000000000e+01 -5.512447376984e+01
     vertex 9.988000000000e+01 2.600000000000e+01 -5.878000000000e+01
     vertex 9.886239764350e+01 2.600000000000e+01 -5.503164707543e+01
   endloop
 endfacet
 facet normal 0.000000000000e+00 1.000000000000e+00 0.000000000000e+00
   outer loop
     vertex 9.794262254929e+01 2.600000000000e+01 -5.387828558773e+01
     vertex 6.496534509890e+01 2.600000000000e+01 -3.407486935901e+01
     vertex 6.529319914242e+01 2.600000000000e+01 -3.400003881302e+01
   endloop
 endfacet
 facet normal 0.000000000000e+00 1.000000000000e+00 0.000000000000e+00
   outer loop
     vertex 9.794262254929e+01 2.600000000000e+01 -5.387828558773e+01
     vertex 9.801751462730e+01 2.600000000000e+01 -5.412107974142e+01
     vertex 6.496534509890e+01 2.600000000000e+01 -3.407486935901e+01
   endloop
 endfacet
 facet normal 0.000000000000e+00 1.000000000000e+00 0.000000000000e+00
   outer loop
     vertex 9.934662814750e+01 2.600000000000e+01 -5.518101240458e+01
     vertex 9.988000000000e+01 2.600000000000e+01 -5.878000000000e+01
     vertex 9.909891620350e+01 2.600000000000e+01 -5.512447376984e+01
   endloop
 endfacet
 facet normal 0.000000000000e+00 1.000000000000e+00 0.000000000000e+00
   outer loop
     vertex 9.790475354479e+01 2.600000000000e+01 -5.362704115910e+01
     vertex 6.529319914242e+01 2.600000000000e+01 -3.400003881302e+01
     vertex 6.560623841301e+01 2.600000000000e+01 -3.387717995278e+01
   endloop
 endfacet
 facet normal 0.000000000000e+00 1.000000000000e+00 0.000000000000e+00
   outer loop
     vertex 9.790475354479e+01 2.600000000000e+01 -5.362704115910e+01
     vertex 9.794262254929e+01 2.600000000000e+01 -5.387828558773e+01
     vertex 6.529319914242e+01 2.600000000000e+01 -3.400003881302e+01
   endloop
 endfacet
 facet normal 0.000000000000e+00 1.000000000000e+00 0.000000000000e+00
   outer loop
     vertex 9.960000000000e+01 2.600000000000e+01 -5.520000000000e+01
     vertex 9.988000000000e+01 2.600000000000e+01 -5.878000000000e+01
     vertex 9.934662814750e+01 2.600000000000e+01 -5.518101240458e+01
   endloop
 endfacet
 facet normal 0.000000000000e+00 1.000000000000e+00 0.000000000000e+00
   outer loop
     vertex 9.790475354479e+01 2.600000000000e+01 -5.337295884090e+01
     vertex 6.560623841301e+01 2.600000000000e+01 -3.387717995278e+01
     vertex 6.589747013064e+01 2.600000000000e+01 -3.370903724221e+01
   endloop
 endfacet
 facet normal 0.000000000000e+00 1.000000000000e+00 0.000000000000e+00
   outer loop
     vertex 9.790475354479e+01 2.600000000000e+01 -5.337295884090e+01
     vertex 9.790475354479e+01 2.600000000000e+01 -5.362704115910e+01
     vertex 6.560623841301e+01 2.600000000000e+01 -3.387717995278e+01
   endloop
 endfacet
 facet normal 0.000000000000e+00 1.000000000000e+00 0.000000000000e+00
   outer loop
     vertex 9.985337185250e+01 2.600000000000e+01 -5.518101240458e+01
     vertex 9.988000000000e+01 2.600000000000e+01 -5.878000000000e+01
     vertex 9.960000000000e+01 2.600000000000e+01 -5.520000000000e+01
   endloop
 endfacet
 facet normal 0.000000000000e+00 1.000000000000e+00 0.000000000000e+00
   outer loop
     vertex 9.985337185250e+01 2.600000000000e+01 -5.518101240458e+01
     vertex 1.005915741914e+02 2.600000000000e+01 -5.872910720940e+01
     vertex 9.988000000000e+01 2.600000000000e+01 -5.878000000000e+01
   endloop
 endfacet
 facet normal 0.000000000000e+00 1.000000000000e+00 0.000000000000e+00
   outer loop
     vertex 9.794262254929e+01 2.600000000000e+01 -5.312171441227e+01
     vertex 6.589747013064e+01 2.600000000000e+01 -3.370903724221e+01
     vertex 6.616038865998e+01 2.600000000000e+01 -3.349936671162e+01
   endloop
 endfacet
 facet normal 0.000000000000e+00 1.000000000000e+00 0.000000000000e+00
   outer loop
     vertex 9.794262254929e+01 2.600000000000e+01 -5.312171441227e+01
     vertex 9.790475354479e+01 2.600000000000e+01 -5.337295884090e+01
     vertex 6.589747013064e+01 2.600000000000e+01 -3.370903724221e+01
   endloop
 endfacet
 facet normal 0.000000000000e+00 1.000000000000e+00 0.000000000000e+00
   outer loop
     vertex 1.001010837965e+02 2.600000000000e+01 -5.512447376984e+01
     vertex 1.005915741914e+02 2.600000000000e+01 -5.872910720940e+01
     vertex 9.985337185250e+01 2.600000000000e+01 -5.518101240458e+01
   endloop
 endfacet
 facet normal 0.000000000000e+00 1.000000000000e+00 0.000000000000e+00
   outer loop
     vertex 1.001010837965e+02 2.600000000000e+01 -5.512447376984e+01
     vertex 1.012886627842e+02 2.600000000000e+01 -5.857746486807e+01
     vertex 1.005915741914e+02 2.600000000000e+01 -5.872910720940e+01
   endloop
 endfacet
 facet normal 0.000000000000e+00 1.000000000000e+00 0.000000000000e+00
   outer loop
     vertex 9.801751462730e+01 2.600000000000e+01 -5.287892025858e+01
     vertex 9.794262254929e+01 2.600000000000e+01 -5.312171441227e+01
     vertex 6.616038865998e+01 2.600000000000e+01 -3.349936671162e+01
   endloop
 endfacet
 facet normal 0.000000000000e+00 1.000000000000e+00 0.000000000000e+00
   outer loop
     vertex 9.801751462730e+01 2.600000000000e+01 -5.287892025858e+01
     vertex 6.616038865998e+01 2.600000000000e+01 -3.349936671162e+01
     vertex 6.638912083555e+01 2.600000000000e+01 -3.325285205418e+01
   endloop
 endfacet
 facet normal 0.000000000000e+00 1.000000000000e+00 0.000000000000e+00
   outer loop
     vertex 1.003376023565e+02 2.600000000000e+01 -5.503164707543e+01
     vertex 1.012886627842e+02 2.600000000000e+01 -5.857746486807e+01
     vertex 1.001010837965e+02 2.600000000000e+01 -5.512447376984e+01
   endloop
 endfacet
 facet normal 0.000000000000e+00 1.000000000000e+00 0.000000000000e+00
   outer loop
     vertex 1.003376023565e+02 2.600000000000e+01 -5.503164707543e+01
     vertex 1.019570750650e+02 2.600000000000e+01 -5.832815997677e+01
     vertex 1.012886627842e+02 2.600000000000e+01 -5.857746486807e+01
   endloop
 endfacet
 facet normal 0.000000000000e+00 1.000000000000e+00 0.000000000000e+00
   outer loop
     vertex 9.812775681357e+01 2.600000000000e+01 -5.265000000000e+01
     vertex 6.638912083555e+01 2.600000000000e+01 -3.325285205418e+01
     vertex 6.657855715851e+01 2.600000000000e+01 -3.297500000000e+01
   endloop
 endfacet
 facet normal 0.000000000000e+00 1.000000000000e+00 0.000000000000e+00
   outer loop
     vertex 9.812775681357e+01 2.600000000000e+01 -5.265000000000e+01
     vertex 9.801751462730e+01 2.600000000000e+01 -5.287892025858e+01
     vertex 6.638912083555e+01 2.600000000000e+01 -3.325285205418e+01
   endloop
 endfacet
 facet normal 0.000000000000e+00 1.000000000000e+00 0.000000000000e+00
   outer loop
     vertex 1.005576440987e+02 2.600000000000e+01 -5.490460591634e+01
     vertex 1.031543036697e+02 2.600000000000e+01 -5.755874787177e+01
     vertex 1.025832040873e+02 2.600000000000e+01 -5.798626766416e+01
   endloop
 endfacet
 facet normal 0.000000000000e+00 1.000000000000e+00 0.000000000000e+00
   outer loop
     vertex 1.005576440987e+02 2.600000000000e+01 -5.490460591634e+01
     vertex 1.025832040873e+02 2.600000000000e+01 -5.798626766416e+01
     vertex 1.019570750650e+02 2.600000000000e+01 -5.832815997677e+01
   endloop
 endfacet
 facet normal 0.000000000000e+00 1.000000000000e+00 0.000000000000e+00
   outer loop
     vertex 1.005576440987e+02 2.600000000000e+01 -5.490460591634e+01
     vertex 1.019570750650e+02 2.600000000000e+01 -5.832815997677e+01
     vertex 1.003376023565e+02 2.600000000000e+01 -5.503164707543e+01
   endloop
 endfacet
 facet normal 0.000000000000e+00 1.000000000000e+00 0.000000000000e+00
   outer loop
     vertex 9.827088647980e+01 2.600000000000e+01 -5.244006733684e+01
     vertex 6.657855715851e+01 2.600000000000e+01 -3.297500000000e+01
     vertex 6.672446593445e+01 2.600000000000e+01 -3.267201730482e+01
   endloop
 endfacet
 facet normal 0.000000000000e+00 1.000000000000e+00 0.000000000000e+00
   outer loop
     vertex 9.827088647980e+01 2.600000000000e+01 -5.244006733684e+01
     vertex 9.812775681357e+01 2.600000000000e+01 -5.265000000000e+01
     vertex 6.657855715851e+01 2.600000000000e+01 -3.297500000000e+01
   endloop
 endfacet
 facet normal 0.000000000000e+00 1.000000000000e+00 0.000000000000e+00
   outer loop
     vertex 1.007562936542e+02 2.600000000000e+01 -5.474618818211e+01
     vertex 1.031543036697e+02 2.600000000000e+01 -5.755874787177e+01
     vertex 1.005576440987e+02 2.600000000000e+01 -5.490460591634e+01
   endloop
 endfacet
 facet normal 0.000000000000e+00 1.000000000000e+00 0.000000000000e+00
   outer loop
     vertex 9.844370634579e+01 2.600000000000e+01 -5.225381181789e+01
     vertex 6.672446593445e+01 2.600000000000e+01 -3.267201730482e+01
     vertex 6.682358780241e+01 2.600000000000e+01 -3.235067210140e+01
   endloop
 endfacet
 facet normal 0.000000000000e+00 1.000000000000e+00 0.000000000000e+00
   outer loop
     vertex 9.844370634579e+01 2.600000000000e+01 -5.225381181789e+01
     vertex 9.827088647980e+01 2.600000000000e+01 -5.244006733684e+01
     vertex 6.672446593445e+01 2.600000000000e+01 -3.267201730482e+01
   endloop
 endfacet
 facet normal 0.000000000000e+00 1.000000000000e+00 0.000000000000e+00
   outer loop
     vertex 9.864235590129e+01 2.600000000000e+01 -5.209539408366e+01
     vertex 6.682358780241e+01 2.600000000000e+01 -3.235067210140e+01
     vertex 6.687370854366e+01 2.600000000000e+01 -3.201814271057e+01
   endloop
 endfacet
 facet normal 0.000000000000e+00 1.000000000000e+00 0.000000000000e+00
   outer loop
     vertex 9.864235590129e+01 2.600000000000e+01 -5.209539408366e+01
     vertex 9.844370634579e+01 2.600000000000e+01 -5.225381181789e+01
     vertex 6.682358780241e+01 2.600000000000e+01 -3.235067210140e+01
   endloop
 endfacet
 facet normal 0.000000000000e+00 1.000000000000e+00 0.000000000000e+00
   outer loop
     vertex 1.036587478718e+02 2.600000000000e+01 -5.705430366973e+01
     vertex 1.031543036697e+02 2.600000000000e+01 -5.755874787177e+01
     vertex 1.007562936542e+02 2.600000000000e+01 -5.474618818211e+01
   endloop
 endfacet
 facet normal 0.000000000000e+00 1.000000000000e+00 0.000000000000e+00
   outer loop
     vertex 1.036587478718e+02 2.600000000000e+01 -5.705430366973e+01
     vertex 1.007562936542e+02 2.600000000000e+01 -5.474618818211e+01
     vertex 1.009291135202e+02 2.600000000000e+01 -5.455993266316e+01
   endloop
 endfacet
 facet normal 0.000000000000e+00 1.000000000000e+00 0.000000000000e+00
   outer loop
     vertex 9.886239764350e+01 2.600000000000e+01 -5.196835292457e+01
     vertex 6.687370854366e+01 2.600000000000e+01 -3.201814271057e+01
     vertex 6.687370854366e+01 2.600000000000e+01 -3.168185728943e+01
   endloop
 endfacet
 facet normal 0.000000000000e+00 1.000000000000e+00 0.000000000000e+00
   outer loop
     vertex 9.886239764350e+01 2.600000000000e+01 -5.196835292457e+01
     vertex 9.864235590129e+01 2.600000000000e+01 -5.209539408366e+01
     vertex 6.687370854366e+01 2.600000000000e+01 -3.201814271057e+01
   endloop
 endfacet
 facet normal 0.000000000000e+00 1.000000000000e+00 0.000000000000e+00
   outer loop
     vertex 9.909891620350e+01 2.600000000000e+01 -5.187552623016e+01
     vertex 6.687370854366e+01 2.600000000000e+01 -3.168185728943e+01
     vertex 6.682358780241e+01 2.600000000000e+01 -3.134932789860e+01
   endloop
 endfacet
 facet normal 0.000000000000e+00 1.000000000000e+00 0.000000000000e+00
   outer loop
     vertex 9.909891620350e+01 2.600000000000e+01 -5.187552623016e+01
     vertex 9.886239764350e+01 2.600000000000e+01 -5.196835292457e+01
     vertex 6.687370854366e+01 2.600000000000e+01 -3.168185728943e+01
   endloop
 endfacet
 facet normal 0.000000000000e+00 1.000000000000e+00 0.000000000000e+00
   outer loop
     vertex 9.934662814750e+01 2.600000000000e+01 -5.181898759542e+01
     vertex 6.682358780241e+01 2.600000000000e+01 -3.134932789860e+01
     vertex 6.672446593445e+01 2.600000000000e+01 -3.102798269518e+01
   endloop
 endfacet
 facet normal 0.000000000000e+00 1.000000000000e+00 0.000000000000e+00
   outer loop
     vertex 9.934662814750e+01 2.600000000000e+01 -5.181898759542e+01
     vertex 9.909891620350e+01 2.600000000000e+01 -5.187552623016e+01
     vertex 6.682358780241e+01 2.600000000000e+01 -3.134932789860e+01
   endloop
 endfacet
 facet normal 0.000000000000e+00 1.000000000000e+00 0.000000000000e+00
   outer loop
     vertex 1.040862676642e+02 2.600000000000e+01 -5.648320408728e+01
     vertex 1.009291135202e+02 2.600000000000e+01 -5.455993266316e+01
     vertex 1.010722431864e+02 2.600000000000e+01 -5.435000000000e+01
   endloop
 endfacet
 facet normal 0.000000000000e+00 1.000000000000e+00 0.000000000000e+00
   outer loop
     vertex 1.040862676642e+02 2.600000000000e+01 -5.648320408728e+01
     vertex 1.036587478718e+02 2.600000000000e+01 -5.705430366973e+01
     vertex 1.009291135202e+02 2.600000000000e+01 -5.455993266316e+01
   endloop
 endfacet
 facet normal 0.000000000000e+00 1.000000000000e+00 0.000000000000e+00
   outer loop
     vertex 9.960000000000e+01 2.600000000000e+01 -5.180000000000e+01
     vertex 6.672446593445e+01 2.600000000000e+01 -3.102798269518e+01
     vertex 6.657855715851e+01 2.600000000000e+01 -3.072500000000e+01
   endloop
 endfacet
 facet normal 0.000000000000e+00 1.000000000000e+00 0.000000000000e+00
   outer loop
     vertex 9.960000000000e+01 2.600000000000e+01 -5.180000000000e+01
     vertex 9.934662814750e+01 2.600000000000e+01 -5.181898759542e+01
     vertex 6.672446593445e+01 2.600000000000e+01 -3.102798269518e+01
   endloop
 endfacet
 facet normal 0.000000000000e+00 1.000000000000e+00 0.000000000000e+00
   outer loop
     vertex 9.985337185250e+01 2.600000000000e+01 -5.181898759542e+01
     vertex 6.657855715851e+01 2.600000000000e+01 -3.072500000000e+01
     vertex 6.638912083555e+01 2.600000000000e+01 -3.044714794582e+01
   endloop
 endfacet
 facet normal 0.000000000000e+00 1.000000000000e+00 0.000000000000e+00
   outer loop
     vertex 9.985337185250e+01 2.600000000000e+01 -5.181898759542e+01
     vertex 9.960000000000e+01 2.600000000000e+01 -5.180000000000e+01
     vertex 6.657855715851e+01 2.600000000000e+01 -3.072500000000e+01
   endloop
 endfacet
 facet normal 0.000000000000e+00 1.000000000000e+00 0.000000000000e+00
   outer loop
     vertex 1.044281599768e+02 2.600000000000e+01 -5.585707506501e+01
     vertex 1.010722431864e+02 2.600000000000e+01 -5.435000000000e+01
     vertex 1.011824853727e+02 2.600000000000e+01 -5.412107974142e+01
   endloop
 endfacet
 facet normal 0.000000000000e+00 1.000000000000e+00 0.000000000000e+00
   outer loop
     vertex 1.044281599768e+02 2.600000000000e+01 -5.585707506501e+01
     vertex 1.040862676642e+02 2.600000000000e+01 -5.648320408728e+01
     vertex 1.010722431864e+02 2.600000000000e+01 -5.435000000000e+01
   endloop
 endfacet
 facet normal 0.000000000000e+00 1.000000000000e+00 0.000000000000e+00
   outer loop
     vertex 1.046774648681e+02 2.600000000000e+01 -5.518866278421e+01
     vertex 1.011824853727e+02 2.600000000000e+01 -5.412107974142e+01
     vertex 1.012573774507e+02 2.600000000000e+01 -5.387828558773e+01
   endloop
 endfacet
 facet normal 0.000000000000e+00 1.000000000000e+00 0.000000000000e+00
   outer loop
     vertex 1.046774648681e+02 2.600000000000e+01 -5.518866278421e+01
     vertex 1.044281599768e+02 2.600000000000e+01 -5.585707506501e+01
     vertex 1.011824853727e+02 2.600000000000e+01 -5.412107974142e+01
   endloop
 endfacet
 facet normal 0.000000000000e+00 1.000000000000e+00 0.000000000000e+00
   outer loop
     vertex 1.048291072094e+02 2.600000000000e+01 -5.449157419137e+01
     vertex 1.012573774507e+02 2.600000000000e+01 -5.387828558773e+01
     vertex 1.012952464552e+02 2.600000000000e+01 -5.362704115910e+01
   endloop
 endfacet
 facet normal 0.000000000000e+00 1.000000000000e+00 0.000000000000e+00
   outer loop
     vertex 1.048291072094e+02 2.600000000000e+01 -5.449157419137e+01
     vertex 1.046774648681e+02 2.600000000000e+01 -5.518866278421e+01
     vertex 1.012573774507e+02 2.600000000000e+01 -5.387828558773e+01
   endloop
 endfacet
 facet normal 0.000000000000e+00 1.000000000000e+00 0.000000000000e+00
   outer loop
     vertex 1.048800000000e+02 2.600000000000e+01 -5.378000000000e+01
     vertex 1.012952464552e+02 2.600000000000e+01 -5.362704115910e+01
     vertex 1.012952464552e+02 2.600000000000e+01 -5.337295884090e+01
   endloop
 endfacet
 facet normal 0.000000000000e+00 1.000000000000e+00 0.000000000000e+00
   outer loop
     vertex 1.048800000000e+02 2.600000000000e+01 -5.378000000000e+01
     vertex 1.012952464552e+02 2.600000000000e+01 -5.337295884090e+01
     vertex 1.012573774507e+02 2.600000000000e+01 -5.312171441227e+01
   endloop
 endfacet
 facet normal 0.000000000000e+00 1.000000000000e+00 0.000000000000e+00
   outer loop
     vertex 1.048800000000e+02 2.600000000000e+01 -5.378000000000e+01
     vertex 1.012573774507e+02 2.600000000000e+01 -5.312171441227e+01
     vertex 1.011824853727e+02 2.600000000000e+01 -5.287892025858e+01
   endloop
 endfacet
 facet normal 0.000000000000e+00 1.000000000000e+00 0.000000000000e+00
   outer loop
     vertex 1.048800000000e+02 2.600000000000e+01 -5.378000000000e+01
     vertex 1.011824853727e+02 2.600000000000e+01 -5.287892025858e+01
     vertex 1.010722431864e+02 2.600000000000e+01 -5.265000000000e+01
   endloop
 endfacet
 facet normal 0.000000000000e+00 1.000000000000e+00 0.000000000000e+00
   outer loop
     vertex 1.048800000000e+02 2.600000000000e+01 -5.378000000000e+01
     vertex 1.010722431864e+02 2.600000000000e+01 -5.265000000000e+01
     vertex 1.009291135202e+02 2.600000000000e+01 -5.244006733684e+01
   endloop
 endfacet
 facet normal 0.000000000000e+00 1.000000000000e+00 0.000000000000e+00
   outer loop
     vertex 1.048800000000e+02 2.600000000000e+01 -5.378000000000e+01
     vertex 1.009291135202e+02 2.600000000000e+01 -5.244006733684e+01
     vertex 1.007562936542e+02 2.600000000000e+01 -5.225381181789e+01
   endloop
 endfacet
 facet normal 0.000000000000e+00 1.000000000000e+00 0.000000000000e+00
   outer loop
     vertex 1.048800000000e+02 2.600000000000e+01 -5.378000000000e+01
     vertex 1.007562936542e+02 2.600000000000e+01 -5.225381181789e+01
     vertex 1.005576440987e+02 2.600000000000e+01 -5.209539408366e+01
   endloop
 endfacet
 facet normal 0.000000000000e+00 1.000000000000e+00 0.000000000000e+00
   outer loop
     vertex 1.048800000000e+02 2.600000000000e+01 -5.378000000000e+01
     vertex 1.005576440987e+02 2.600000000000e+01 -5.209539408366e+01
     vertex 1.003376023565e+02 2.600000000000e+01 -5.196835292457e+01
   endloop
 endfacet
 facet normal 0.000000000000e+00 1.000000000000e+00 0.000000000000e+00
   outer loop
     vertex 1.048800000000e+02 2.600000000000e+01 -5.378000000000e+01
     vertex 1.048291072094e+02 2.600000000000e+01 -5.449157419137e+01
     vertex 1.012952464552e+02 2.600000000000e+01 -5.362704115910e+01
   endloop
 endfacet
 facet normal 0.000000000000e+00 1.000000000000e+00 0.000000000000e+00
   outer loop
     vertex 2.575000000000e+01 2.600000000000e+01 3.200000000000e+01
     vertex -2.575000000000e+01 2.600000000000e+01 -1.200000000000e+01
     vertex -2.575000000000e+01 2.600000000000e+01 3.200000000000e+01
   endloop
 endfacet
 facet normal 0.000000000000e+00 1.000000000000e+00 0.000000000000e+00
   outer loop
     vertex 2.575000000000e+01 2.600000000000e+01 3.200000000000e+01
     vertex 2.575000000000e+01 2.600000000000e+01 -1.200000000000e+01
     vertex -2.575000000000e+01 2.600000000000e+01 -1.200000000000e+01
   endloop
 endfacet
 facet normal 0.000000000000e+00 1.000000000000e+00 0.000000000000e+00
   outer loop
     vertex 2.575000000000e+01 2.600000000000e+01 3.200000000000e+01
     vertex -2.575000000000e+01 2.600000000000e+01 3.200000000000e+01
     vertex -9.988000000000e+01 2.600000000000e+01 5.878000000000e+01
   endloop
 endfacet
 facet normal 0.000000000000e+00 1.000000000000e+00 0.000000000000e+00
   outer loop
     vertex 3.075000000000e+01 2.600000000000e+01 3.200000000000e+01
     vertex 2.825000000000e+01 2.600000000000e+01 -1.200000000000e+01
     vertex 2.825000000000e+01 2.600000000000e+01 3.200000000000e+01
   endloop
 endfacet
 facet normal 0.000000000000e+00 1.000000000000e+00 0.000000000000e+00
   outer loop
     vertex 3.075000000000e+01 2.600000000000e+01 3.200000000000e+01
     vertex 3.075000000000e+01 2.600000000000e+01 -1.200000000000e+01
     vertex 2.825000000000e+01 2.600000000000e+01 -1.200000000000e+01
   endloop
 endfacet
 facet normal 0.000000000000e+00 1.000000000000e+00 0.000000000000e+00
   outer loop
     vertex 3.575000000000e+01 2.600000000000e+01 3.200000000000e+01
     vertex 3.325000000000e+01 2.600000000000e+01 -1.200000000000e+01
     vertex 3.325000000000e+01 2.600000000000e+01 3.200000000000e+01
   endloop
 endfacet
 facet normal 0.000000000000e+00 1.000000000000e+00 0.000000000000e+00
   outer loop
     vertex 3.575000000000e+01 2.600000000000e+01 3.200000000000e+01
     vertex 3.575000000000e+01 2.600000000000e+01 -1.200000000000e+01
     vertex 3.325000000000e+01 2.600000000000e+01 -1.200000000000e+01
   endloop
 endfacet
 facet normal 0.000000000000e+00 1.000000000000e+00 0.000000000000e+00
   outer loop
     vertex 4.075000000000e+01 2.600000000000e+01 3.200000000000e+01
     vertex 3.825000000000e+01 2.600000000000e+01 -1.200000000000e+01
     vertex 3.825000000000e+01 2.600000000000e+01 3.200000000000e+01
   endloop
 endfacet
 facet normal 0.000000000000e+00 1.000000000000e+00 0.000000000000e+00
   outer loop
     vertex 4.075000000000e+01 2.600000000000e+01 3.200000000000e+01
     vertex 4.075000000000e+01 2.600000000000e+01 -1.200000000000e+01
     vertex 3.825000000000e+01 2.600000000000e+01 -1.200000000000e+01
   endloop
 endfacet
 facet normal 0.000000000000e+00 1.000000000000e+00 0.000000000000e+00
   outer loop
     vertex 4.575000000000e+01 2.600000000000e+01 3.200000000000e+01
     vertex 4.575000000000e+01 2.600000000000e+01 -1.200000000000e+01
     vertex 4.325000000000e+01 2.600000000000e+01 -1.200000000000e+01
   endloop
 endfacet
 facet normal 0.000000000000e+00 1.000000000000e+00 0.000000000000e+00
   outer loop
     vertex 4.575000000000e+01 2.600000000000e+01 3.200000000000e+01
     vertex 4.325000000000e+01 2.600000000000e+01 -1.200000000000e+01
     vertex 4.325000000000e+01 2.600000000000e+01 3.200000000000e+01
   endloop
 endfacet
 facet normal 0.000000000000e+00 1.000000000000e+00 0.000000000000e+00
   outer loop
     vertex 5.075000000000e+01 2.600000000000e+01 3.200000000000e+01
     vertex 4.825000000000e+01 2.600000000000e+01 -1.200000000000e+01
     vertex 4.825000000000e+01 2.600000000000e+01 3.200000000000e+01
   endloop
 endfacet
 facet normal 0.000000000000e+00 1.000000000000e+00 0.000000000000e+00
   outer loop
     vertex 5.075000000000e+01 2.600000000000e+01 3.200000000000e+01
     vertex 5.075000000000e+01 2.600000000000e+01 -1.200000000000e+01
     vertex 4.825000000000e+01 2.600000000000e+01 -1.200000000000e+01
   endloop
 endfacet
 facet normal 0.000000000000e+00 1.000000000000e+00 0.000000000000e+00
   outer loop
     vertex 6.287087916445e+01 2.600000000000e+01 3.239714794582e+01
     vertex 6.309961134002e+01 2.600000000000e+01 3.215063328838e+01
     vertex 5.325000000000e+01 2.600000000000e+01 3.200000000000e+01
   endloop
 endfacet
 facet normal 0.000000000000e+00 1.000000000000e+00 0.000000000000e+00
   outer loop
     vertex 6.336252986936e+01 2.600000000000e+01 3.194096275779e+01
     vertex 5.325000000000e+01 2.600000000000e+01 3.200000000000e+01
     vertex 6.309961134002e+01 2.600000000000e+01 3.215063328838e+01
   endloop
 endfacet
 facet normal 0.000000000000e+00 1.000000000000e+00 0.000000000000e+00
   outer loop
     vertex 6.268144284149e+01 2.600000000000e+01 3.267500000000e+01
     vertex 6.287087916445e+01 2.600000000000e+01 3.239714794582e+01
     vertex 5.325000000000e+01 2.600000000000e+01 3.200000000000e+01
   endloop
 endfacet
 facet normal 0.000000000000e+00 1.000000000000e+00 0.000000000000e+00
   outer loop
     vertex 6.365376158699e+01 2.600000000000e+01 3.177282004722e+01
     vertex 5.325000000000e+01 2.600000000000e+01 3.200000000000e+01
     vertex 6.336252986936e+01 2.600000000000e+01 3.194096275779e+01
   endloop
 endfacet
 facet normal 0.000000000000e+00 1.000000000000e+00 0.000000000000e+00
   outer loop
     vertex 6.253553406555e+01 2.600000000000e+01 3.297798269518e+01
     vertex 6.268144284149e+01 2.600000000000e+01 3.267500000000e+01
     vertex 5.325000000000e+01 2.600000000000e+01 3.200000000000e+01
   endloop
 endfacet
 facet normal 0.000000000000e+00 1.000000000000e+00 0.000000000000e+00
   outer loop
     vertex 6.396680085758e+01 2.600000000000e+01 3.164996118698e+01
     vertex 5.325000000000e+01 2.600000000000e+01 3.200000000000e+01
     vertex 6.365376158699e+01 2.600000000000e+01 3.177282004722e+01
   endloop
 endfacet
 facet normal 0.000000000000e+00 1.000000000000e+00 0.000000000000e+00
   outer loop
     vertex 6.396680085758e+01 2.600000000000e+01 3.164996118698e+01
     vertex 5.325000000000e+01 2.600000000000e+01 -1.200000000000e+01
     vertex 5.325000000000e+01 2.600000000000e+01 3.200000000000e+01
   endloop
 endfacet
 facet normal 0.000000000000e+00 1.000000000000e+00 0.000000000000e+00
   outer loop
     vertex 6.243641219759e+01 2.600000000000e+01 3.329932789860e+01
     vertex 6.253553406555e+01 2.600000000000e+01 3.297798269518e+01
     vertex 5.325000000000e+01 2.600000000000e+01 3.200000000000e+01
   endloop
 endfacet
 facet normal 0.000000000000e+00 1.000000000000e+00 0.000000000000e+00
   outer loop
     vertex 6.429465490110e+01 2.600000000000e+01 3.157513064099e+01
     vertex 5.325000000000e+01 2.600000000000e+01 -1.200000000000e+01
     vertex 6.396680085758e+01 2.600000000000e+01 3.164996118698e+01
   endloop
 endfacet
 facet normal 0.000000000000e+00 1.000000000000e+00 0.000000000000e+00
   outer loop
     vertex 6.238629145634e+01 2.600000000000e+01 3.363185728943e+01
     vertex 6.243641219759e+01 2.600000000000e+01 3.329932789860e+01
     vertex 5.325000000000e+01 2.600000000000e+01 3.200000000000e+01
   endloop
 endfacet
 facet normal 0.000000000000e+00 1.000000000000e+00 0.000000000000e+00
   outer loop
     vertex 6.463000000000e+01 2.600000000000e+01 3.155000000000e+01
     vertex 5.325000000000e+01 2.600000000000e+01 -1.200000000000e+01
     vertex 6.429465490110e+01 2.600000000000e+01 3.157513064099e+01
   endloop
 endfacet
 facet normal 0.000000000000e+00 1.000000000000e+00 0.000000000000e+00
   outer loop
     vertex 6.238629145634e+01 2.600000000000e+01 3.396814271057e+01
     vertex 6.238629145634e+01 2.600000000000e+01 3.363185728943e+01
     vertex 5.325000000000e+01 2.600000000000e+01 3.200000000000e+01
   endloop
 endfacet
 facet normal 0.000000000000e+00 1.000000000000e+00 0.000000000000e+00
   outer loop
     vertex 6.496534509890e+01 2.600000000000e+01 3.157513064099e+01
     vertex 5.325000000000e+01 2.600000000000e+01 -1.200000000000e+01
     vertex 6.463000000000e+01 2.600000000000e+01 3.155000000000e+01
   endloop
 endfacet
 facet normal 0.000000000000e+00 1.000000000000e+00 0.000000000000e+00
   outer loop
     vertex 6.243641219759e+01 2.600000000000e+01 3.430067210140e+01
     vertex 6.238629145634e+01 2.600000000000e+01 3.396814271057e+01
     vertex 5.325000000000e+01 2.600000000000e+01 3.200000000000e+01
   endloop
 endfacet
 facet normal 0.000000000000e+00 1.000000000000e+00 0.000000000000e+00
   outer loop
     vertex 6.529319914242e+01 2.600000000000e+01 3.164996118698e+01
     vertex 5.325000000000e+01 2.600000000000e+01 -1.200000000000e+01
     vertex 6.496534509890e+01 2.600000000000e+01 3.157513064099e+01
   endloop
 endfacet
 facet normal 0.000000000000e+00 1.000000000000e+00 0.000000000000e+00
   outer loop
     vertex 6.253553406555e+01 2.600000000000e+01 3.462201730482e+01
     vertex 6.243641219759e+01 2.600000000000e+01 3.430067210140e+01
     vertex 5.325000000000e+01 2.600000000000e+01 3.200000000000e+01
   endloop
 endfacet
 facet normal 0.000000000000e+00 1.000000000000e+00 0.000000000000e+00
   outer loop
     vertex 6.560623841301e+01 2.600000000000e+01 3.177282004722e+01
     vertex 5.325000000000e+01 2.600000000000e+01 -1.200000000000e+01
     vertex 6.529319914242e+01 2.600000000000e+01 3.164996118698e+01
   endloop
 endfacet
 facet normal 0.000000000000e+00 1.000000000000e+00 0.000000000000e+00
   outer loop
     vertex 6.268144284149e+01 2.600000000000e+01 3.492500000000e+01
     vertex 6.253553406555e+01 2.600000000000e+01 3.462201730482e+01
     vertex 5.325000000000e+01 2.600000000000e+01 3.200000000000e+01
   endloop
 endfacet
 facet normal 0.000000000000e+00 1.000000000000e+00 0.000000000000e+00
   outer loop
     vertex 6.589747013064e+01 2.600000000000e+01 3.194096275779e+01
     vertex 5.325000000000e+01 2.600000000000e+01 -1.200000000000e+01
     vertex 6.560623841301e+01 2.600000000000e+01 3.177282004722e+01
   endloop
 endfacet
 facet normal 0.000000000000e+00 1.000000000000e+00 0.000000000000e+00
   outer loop
     vertex 6.287087916445e+01 2.600000000000e+01 3.520285205418e+01
     vertex 6.268144284149e+01 2.600000000000e+01 3.492500000000e+01
     vertex 5.325000000000e+01 2.600000000000e+01 3.200000000000e+01
   endloop
 endfacet
 facet normal 0.000000000000e+00 1.000000000000e+00 0.000000000000e+00
   outer loop
     vertex 6.616038865998e+01 2.600000000000e+01 3.215063328838e+01
     vertex 5.325000000000e+01 2.600000000000e+01 -1.200000000000e+01
     vertex 6.589747013064e+01 2.600000000000e+01 3.194096275779e+01
   endloop
 endfacet
 facet normal 0.000000000000e+00 1.000000000000e+00 0.000000000000e+00
   outer loop
     vertex 6.616038865998e+01 2.600000000000e+01 3.215063328838e+01
     vertex 6.616038865998e+01 2.600000000000e+01 -3.020063328838e+01
     vertex 5.325000000000e+01 2.600000000000e+01 -1.200000000000e+01
   endloop
 endfacet
 facet normal 0.000000000000e+00 1.000000000000e+00 0.000000000000e+00
   outer loop
     vertex 6.309961134002e+01 2.600000000000e+01 3.544936671162e+01
     vertex 6.287087916445e+01 2.600000000000e+01 3.520285205418e+01
     vertex 5.325000000000e+01 2.600000000000e+01 3.200000000000e+01
   endloop
 endfacet
 facet normal 0.000000000000e+00 1.000000000000e+00 0.000000000000e+00
   outer loop
     vertex 6.638912083555e+01 2.600000000000e+01 3.239714794582e+01
     vertex 6.638912083555e+01 2.600000000000e+01 -3.044714794582e+01
     vertex 6.616038865998e+01 2.600000000000e+01 -3.020063328838e+01
   endloop
 endfacet
 facet normal 0.000000000000e+00 1.000000000000e+00 0.000000000000e+00
   outer loop
     vertex 6.638912083555e+01 2.600000000000e+01 3.239714794582e+01
     vertex 6.616038865998e+01 2.600000000000e+01 -3.020063328838e+01
     vertex 6.616038865998e+01 2.600000000000e+01 3.215063328838e+01
   endloop
 endfacet
 facet normal 0.000000000000e+00 1.000000000000e+00 0.000000000000e+00
   outer loop
     vertex 6.336252986936e+01 2.600000000000e+01 3.565903724221e+01
     vertex 5.075000000000e+01 2.600000000000e+01 3.200000000000e+01
     vertex 4.825000000000e+01 2.600000000000e+01 3.200000000000e+01
   endloop
 endfacet
 facet normal 0.000000000000e+00 1.000000000000e+00 0.000000000000e+00
   outer loop
     vertex 6.336252986936e+01 2.600000000000e+01 3.565903724221e+01
     vertex 6.309961134002e+01 2.600000000000e+01 3.544936671162e+01
     vertex 5.325000000000e+01 2.600000000000e+01 3.200000000000e+01
   endloop
 endfacet
 facet normal 0.000000000000e+00 1.000000000000e+00 0.000000000000e+00
   outer loop
     vertex 6.336252986936e+01 2.600000000000e+01 3.565903724221e+01
     vertex 5.325000000000e+01 2.600000000000e+01 3.200000000000e+01
     vertex 5.075000000000e+01 2.600000000000e+01 3.200000000000e+01
   endloop
 endfacet
 facet normal 0.000000000000e+00 1.000000000000e+00 0.000000000000e+00
   outer loop
     vertex 6.365376158699e+01 2.600000000000e+01 3.582717995278e+01
     vertex 6.336252986936e+01 2.600000000000e+01 3.565903724221e+01
     vertex 4.825000000000e+01 2.600000000000e+01 3.200000000000e+01
   endloop
 endfacet
 facet normal 0.000000000000e+00 1.000000000000e+00 0.000000000000e+00
   outer loop
     vertex 6.365376158699e+01 2.600000000000e+01 3.582717995278e+01
     vertex 4.825000000000e+01 2.600000000000e+01 3.200000000000e+01
     vertex 4.575000000000e+01 2.600000000000e+01 3.200000000000e+01
   endloop
 endfacet
 facet normal 0.000000000000e+00 1.000000000000e+00 0.000000000000e+00
   outer loop
     vertex 6.365376158699e+01 2.600000000000e+01 3.582717995278e+01
     vertex 4.575000000000e+01 2.600000000000e+01 3.200000000000e+01
     vertex 4.325000000000e+01 2.600000000000e+01 3.200000000000e+01
   endloop
 endfacet
 facet normal 0.000000000000e+00 1.000000000000e+00 0.000000000000e+00
   outer loop
     vertex 6.396680085758e+01 2.600000000000e+01 3.595003881302e+01
     vertex 4.075000000000e+01 2.600000000000e+01 3.200000000000e+01
     vertex 3.825000000000e+01 2.600000000000e+01 3.200000000000e+01
   endloop
 endfacet
 facet normal 0.000000000000e+00 1.000000000000e+00 0.000000000000e+00
   outer loop
     vertex 6.396680085758e+01 2.600000000000e+01 3.595003881302e+01
     vertex 6.365376158699e+01 2.600000000000e+01 3.582717995278e+01
     vertex 4.325000000000e+01 2.600000000000e+01 3.200000000000e+01
   endloop
 endfacet
 facet normal 0.000000000000e+00 1.000000000000e+00 0.000000000000e+00
   outer loop
     vertex 6.396680085758e+01 2.600000000000e+01 3.595003881302e+01
     vertex 4.325000000000e+01 2.600000000000e+01 3.200000000000e+01
     vertex 4.075000000000e+01 2.600000000000e+01 3.200000000000e+01
   endloop
 endfacet
 facet normal 0.000000000000e+00 1.000000000000e+00 0.000000000000e+00
   outer loop
     vertex 9.844370634579e+01 2.600000000000e+01 5.225381181789e+01
     vertex 6.687370854366e+01 2.600000000000e+01 3.396814271057e+01
     vertex 6.682358780241e+01 2.600000000000e+01 3.430067210140e+01
   endloop
 endfacet
 facet normal 0.000000000000e+00 1.000000000000e+00 0.000000000000e+00
   outer loop
     vertex 9.827088647980e+01 2.600000000000e+01 5.244006733684e+01
     vertex 6.682358780241e+01 2.600000000000e+01 3.430067210140e+01
     vertex 6.672446593445e+01 2.600000000000e+01 3.462201730482e+01
   endloop
 endfacet
 facet normal 0.000000000000e+00 1.000000000000e+00 0.000000000000e+00
   outer loop
     vertex 9.827088647980e+01 2.600000000000e+01 5.244006733684e+01
     vertex 9.844370634579e+01 2.600000000000e+01 5.225381181789e+01
     vertex 6.682358780241e+01 2.600000000000e+01 3.430067210140e+01
   endloop
 endfacet
 facet normal 0.000000000000e+00 1.000000000000e+00 0.000000000000e+00
   outer loop
     vertex 9.864235590129e+01 2.600000000000e+01 5.209539408366e+01
     vertex 6.687370854366e+01 2.600000000000e+01 3.363185728943e+01
     vertex 6.687370854366e+01 2.600000000000e+01 3.396814271057e+01
   endloop
 endfacet
 facet normal 0.000000000000e+00 1.000000000000e+00 0.000000000000e+00
   outer loop
     vertex 9.864235590129e+01 2.600000000000e+01 5.209539408366e+01
     vertex 6.687370854366e+01 2.600000000000e+01 3.396814271057e+01
     vertex 9.844370634579e+01 2.600000000000e+01 5.225381181789e+01
   endloop
 endfacet
 facet normal 0.000000000000e+00 1.000000000000e+00 0.000000000000e+00
   outer loop
     vertex 9.812775681357e+01 2.600000000000e+01 5.265000000000e+01
     vertex 9.827088647980e+01 2.600000000000e+01 5.244006733684e+01
     vertex 6.672446593445e+01 2.600000000000e+01 3.462201730482e+01
   endloop
 endfacet
 facet normal 0.000000000000e+00 1.000000000000e+00 0.000000000000e+00
   outer loop
     vertex 9.812775681357e+01 2.600000000000e+01 5.265000000000e+01
     vertex 6.672446593445e+01 2.600000000000e+01 3.462201730482e+01
     vertex 6.657855715851e+01 2.600000000000e+01 3.492500000000e+01
   endloop
 endfacet
 facet normal 0.000000000000e+00 1.000000000000e+00 0.000000000000e+00
   outer loop
     vertex 9.886239764350e+01 2.600000000000e+01 5.196835292457e+01
     vertex 6.682358780241e+01 2.600000000000e+01 3.329932789860e+01
     vertex 6.687370854366e+01 2.600000000000e+01 3.363185728943e+01
   endloop
 endfacet
 facet normal 0.000000000000e+00 1.000000000000e+00 0.000000000000e+00
   outer loop
     vertex 9.886239764350e+01 2.600000000000e+01 5.196835292457e+01
     vertex 6.687370854366e+01 2.600000000000e+01 3.363185728943e+01
     vertex 9.864235590129e+01 2.600000000000e+01 5.209539408366e+01
   endloop
 endfacet
 facet normal 0.000000000000e+00 1.000000000000e+00 0.000000000000e+00
   outer loop
     vertex 9.801751462730e+01 2.600000000000e+01 5.287892025858e+01
     vertex 6.657855715851e+01 2.600000000000e+01 3.492500000000e+01
     vertex 6.638912083555e+01 2.600000000000e+01 3.520285205418e+01
   endloop
 endfacet
 facet normal 0.000000000000e+00 1.000000000000e+00 0.000000000000e+00
   outer loop
     vertex 9.801751462730e+01 2.600000000000e+01 5.287892025858e+01
     vertex 9.812775681357e+01 2.600000000000e+01 5.265000000000e+01
     vertex 6.657855715851e+01 2.600000000000e+01 3.492500000000e+01
   endloop
 endfacet
 facet normal 0.000000000000e+00 1.000000000000e+00 0.000000000000e+00
   outer loop
     vertex 9.909891620350e+01 2.600000000000e+01 5.187552623016e+01
     vertex 6.682358780241e+01 2.600000000000e+01 3.329932789860e+01
     vertex 9.886239764350e+01 2.600000000000e+01 5.196835292457e+01
   endloop
 endfacet
 facet normal 0.000000000000e+00 1.000000000000e+00 0.000000000000e+00
   outer loop
     vertex 9.909891620350e+01 2.600000000000e+01 5.187552623016e+01
     vertex 6.672446593445e+01 2.600000000000e+01 3.297798269518e+01
     vertex 6.682358780241e+01 2.600000000000e+01 3.329932789860e+01
   endloop
 endfacet
 facet normal 0.000000000000e+00 1.000000000000e+00 0.000000000000e+00
   outer loop
     vertex 9.794262254929e+01 2.600000000000e+01 5.312171441227e+01
     vertex 6.638912083555e+01 2.600000000000e+01 3.520285205418e+01
     vertex 6.616038865998e+01 2.600000000000e+01 3.544936671162e+01
   endloop
 endfacet
 facet normal 0.000000000000e+00 1.000000000000e+00 0.000000000000e+00
   outer loop
     vertex 9.794262254929e+01 2.600000000000e+01 5.312171441227e+01
     vertex 9.801751462730e+01 2.600000000000e+01 5.287892025858e+01
     vertex 6.638912083555e+01 2.600000000000e+01 3.520285205418e+01
   endloop
 endfacet
 facet normal 0.000000000000e+00 1.000000000000e+00 0.000000000000e+00
   outer loop
     vertex 9.934662814750e+01 2.600000000000e+01 5.181898759542e+01
     vertex 6.672446593445e+01 2.600000000000e+01 3.297798269518e+01
     vertex 9.909891620350e+01 2.600000000000e+01 5.187552623016e+01
   endloop
 endfacet
 facet normal 0.000000000000e+00 1.000000000000e+00 0.000000000000e+00
   outer loop
     vertex 9.790475354479e+01 2.600000000000e+01 5.337295884090e+01
     vertex 9.794262254929e+01 2.600000000000e+01 5.312171441227e+01
     vertex 6.616038865998e+01 2.600000000000e+01 3.544936671162e+01
   endloop
 endfacet
 facet normal 0.000000000000e+00 1.000000000000e+00 0.000000000000e+00
   outer loop
     vertex 9.790475354479e+01 2.600000000000e+01 5.337295884090e+01
     vertex 6.616038865998e+01 2.600000000000e+01 3.544936671162e+01
     vertex 6.589747013064e+01 2.600000000000e+01 3.565903724221e+01
   endloop
 endfacet
 facet normal 0.000000000000e+00 1.000000000000e+00 0.000000000000e+00
   outer loop
     vertex 9.960000000000e+01 2.600000000000e+01 5.180000000000e+01
     vertex 6.672446593445e+01 2.600000000000e+01 3.297798269518e+01
     vertex 9.934662814750e+01 2.600000000000e+01 5.181898759542e+01
   endloop
 endfacet
 facet normal 0.000000000000e+00 1.000000000000e+00 0.000000000000e+00
   outer loop
     vertex 9.960000000000e+01 2.600000000000e+01 5.180000000000e+01
     vertex 6.657855715851e+01 2.600000000000e+01 3.267500000000e+01
     vertex 6.672446593445e+01 2.600000000000e+01 3.297798269518e+01
   endloop
 endfacet
 facet normal 0.000000000000e+00 1.000000000000e+00 0.000000000000e+00
   outer loop
     vertex 9.790475354479e+01 2.600000000000e+01 5.362704115910e+01
     vertex 9.790475354479e+01 2.600000000000e+01 5.337295884090e+01
     vertex 6.589747013064e+01 2.600000000000e+01 3.565903724221e+01
   endloop
 endfacet
 facet normal 0.000000000000e+00 1.000000000000e+00 0.000000000000e+00
   outer loop
     vertex 9.790475354479e+01 2.600000000000e+01 5.362704115910e+01
     vertex 6.589747013064e+01 2.600000000000e+01 3.565903724221e+01
     vertex 6.560623841301e+01 2.600000000000e+01 3.582717995278e+01
   endloop
 endfacet
 facet normal 0.000000000000e+00 1.000000000000e+00 0.000000000000e+00
   outer loop
     vertex 9.985337185250e+01 2.600000000000e+01 5.181898759542e+01
     vertex 6.638912083555e+01 2.600000000000e+01 -3.044714794582e+01
     vertex 6.638912083555e+01 2.600000000000e+01 3.239714794582e+01
   endloop
 endfacet
 facet normal 0.000000000000e+00 1.000000000000e+00 0.000000000000e+00
   outer loop
     vertex 9.985337185250e+01 2.600000000000e+01 5.181898759542e+01
     vertex 6.657855715851e+01 2.600000000000e+01 3.267500000000e+01
     vertex 9.960000000000e+01 2.600000000000e+01 5.180000000000e+01
   endloop
 endfacet
 facet normal 0.000000000000e+00 1.000000000000e+00 0.000000000000e+00
   outer loop
     vertex 9.985337185250e+01 2.600000000000e+01 5.181898759542e+01
     vertex 9.985337185250e+01 2.600000000000e+01 -5.181898759542e+01
     vertex 6.638912083555e+01 2.600000000000e+01 -3.044714794582e+01
   endloop
 endfacet
 facet normal 0.000000000000e+00 1.000000000000e+00 0.000000000000e+00
   outer loop
     vertex 9.985337185250e+01 2.600000000000e+01 5.181898759542e+01
     vertex 6.638912083555e+01 2.600000000000e+01 3.239714794582e+01
     vertex 6.657855715851e+01 2.600000000000e+01 3.267500000000e+01
   endloop
 endfacet
 facet normal 0.000000000000e+00 1.000000000000e+00 0.000000000000e+00
   outer loop
     vertex 9.794262254929e+01 2.600000000000e+01 5.387828558773e+01
     vertex 9.790475354479e+01 2.600000000000e+01 5.362704115910e+01
     vertex 6.560623841301e+01 2.600000000000e+01 3.582717995278e+01
   endloop
 endfacet
 facet normal 0.000000000000e+00 1.000000000000e+00 0.000000000000e+00
   outer loop
     vertex 9.794262254929e+01 2.600000000000e+01 5.387828558773e+01
     vertex 6.560623841301e+01 2.600000000000e+01 3.582717995278e+01
     vertex 6.529319914242e+01 2.600000000000e+01 3.595003881302e+01
   endloop
 endfacet
 facet normal 0.000000000000e+00 1.000000000000e+00 0.000000000000e+00
   outer loop
     vertex 1.001010837965e+02 2.600000000000e+01 5.187552623016e+01
     vertex 1.003376023565e+02 2.600000000000e+01 -5.196835292457e+01
     vertex 1.001010837965e+02 2.600000000000e+01 -5.187552623016e+01
   endloop
 endfacet
 facet normal 0.000000000000e+00 1.000000000000e+00 0.000000000000e+00
   outer loop
     vertex 1.001010837965e+02 2.600000000000e+01 5.187552623016e+01
     vertex 1.001010837965e+02 2.600000000000e+01 -5.187552623016e+01
     vertex 9.985337185250e+01 2.600000000000e+01 -5.181898759542e+01
   endloop
 endfacet
 facet normal 0.000000000000e+00 1.000000000000e+00 0.000000000000e+00
   outer loop
     vertex 1.001010837965e+02 2.600000000000e+01 5.187552623016e+01
     vertex 9.985337185250e+01 2.600000000000e+01 -5.181898759542e+01
     vertex 9.985337185250e+01 2.600000000000e+01 5.181898759542e+01
   endloop
 endfacet
 facet normal 0.000000000000e+00 1.000000000000e+00 0.000000000000e+00
   outer loop
     vertex 9.801751462730e+01 2.600000000000e+01 5.412107974142e+01
     vertex 6.529319914242e+01 2.600000000000e+01 3.595003881302e+01
     vertex 6.496534509890e+01 2.600000000000e+01 3.602486935901e+01
   endloop
 endfacet
 facet normal 0.000000000000e+00 1.000000000000e+00 0.000000000000e+00
   outer loop
     vertex 9.801751462730e+01 2.600000000000e+01 5.412107974142e+01
     vertex 9.794262254929e+01 2.600000000000e+01 5.387828558773e+01
     vertex 6.529319914242e+01 2.600000000000e+01 3.595003881302e+01
   endloop
 endfacet
 facet normal 0.000000000000e+00 1.000000000000e+00 0.000000000000e+00
   outer loop
     vertex 1.003376023565e+02 2.600000000000e+01 5.196835292457e+01
     vertex 1.003376023565e+02 2.600000000000e+01 -5.196835292457e+01
     vertex 1.001010837965e+02 2.600000000000e+01 5.187552623016e+01
   endloop
 endfacet
 facet normal 0.000000000000e+00 1.000000000000e+00 0.000000000000e+00
   outer loop
     vertex 1.003376023565e+02 2.600000000000e+01 5.196835292457e+01
     vertex 1.048800000000e+02 2.600000000000e+01 -5.378000000000e+01
     vertex 1.003376023565e+02 2.600000000000e+01 -5.196835292457e+01
   endloop
 endfacet
 facet normal 0.000000000000e+00 1.000000000000e+00 0.000000000000e+00
   outer loop
     vertex 9.812775681357e+01 2.600000000000e+01 5.435000000000e+01
     vertex 9.801751462730e+01 2.600000000000e+01 5.412107974142e+01
     vertex 6.496534509890e+01 2.600000000000e+01 3.602486935901e+01
   endloop
 endfacet
 facet normal 0.000000000000e+00 1.000000000000e+00 0.000000000000e+00
   outer loop
     vertex 1.048800000000e+02 2.600000000000e+01 5.378000000000e+01
     vertex 1.048800000000e+02 2.600000000000e+01 -5.378000000000e+01
     vertex 1.003376023565e+02 2.600000000000e+01 5.196835292457e+01
   endloop
 endfacet
 facet normal 0.000000000000e+00 1.000000000000e+00 0.000000000000e+00
   outer loop
     vertex 1.048800000000e+02 2.600000000000e+01 5.378000000000e+01
     vertex 1.003376023565e+02 2.600000000000e+01 5.196835292457e+01
     vertex 1.005576440987e+02 2.600000000000e+01 5.209539408366e+01
   endloop
 endfacet
 facet normal 0.000000000000e+00 1.000000000000e+00 0.000000000000e+00
   outer loop
     vertex 1.048800000000e+02 2.600000000000e+01 5.378000000000e+01
     vertex 1.005576440987e+02 2.600000000000e+01 5.209539408366e+01
     vertex 1.007562936542e+02 2.600000000000e+01 5.225381181789e+01
   endloop
 endfacet
 facet normal 0.000000000000e+00 1.000000000000e+00 0.000000000000e+00
   outer loop
     vertex 1.048800000000e+02 2.600000000000e+01 5.378000000000e+01
     vertex 1.007562936542e+02 2.600000000000e+01 5.225381181789e+01
     vertex 1.009291135202e+02 2.600000000000e+01 5.244006733684e+01
   endloop
 endfacet
 facet normal 0.000000000000e+00 1.000000000000e+00 0.000000000000e+00
   outer loop
     vertex 1.048800000000e+02 2.600000000000e+01 5.378000000000e+01
     vertex 1.009291135202e+02 2.600000000000e+01 5.244006733684e+01
     vertex 1.010722431864e+02 2.600000000000e+01 5.265000000000e+01
   endloop
 endfacet
 facet normal 0.000000000000e+00 1.000000000000e+00 0.000000000000e+00
   outer loop
     vertex 1.048800000000e+02 2.600000000000e+01 5.378000000000e+01
     vertex 1.010722431864e+02 2.600000000000e+01 5.265000000000e+01
     vertex 1.011824853727e+02 2.600000000000e+01 5.287892025858e+01
   endloop
 endfacet
 facet normal 0.000000000000e+00 1.000000000000e+00 0.000000000000e+00
   outer loop
     vertex 1.048800000000e+02 2.600000000000e+01 5.378000000000e+01
     vertex 1.011824853727e+02 2.600000000000e+01 5.287892025858e+01
     vertex 1.012573774507e+02 2.600000000000e+01 5.312171441227e+01
   endloop
 endfacet
 facet normal 0.000000000000e+00 1.000000000000e+00 0.000000000000e+00
   outer loop
     vertex 1.048800000000e+02 2.600000000000e+01 5.378000000000e+01
     vertex 1.012573774507e+02 2.600000000000e+01 5.312171441227e+01
     vertex 1.012952464552e+02 2.600000000000e+01 5.337295884090e+01
   endloop
 endfacet
 facet normal 0.000000000000e+00 1.000000000000e+00 0.000000000000e+00
   outer loop
     vertex 1.048800000000e+02 2.600000000000e+01 5.378000000000e+01
     vertex 1.012952464552e+02 2.600000000000e+01 5.337295884090e+01
     vertex 1.012952464552e+02 2.600000000000e+01 5.362704115910e+01
   endloop
 endfacet
 facet normal 0.000000000000e+00 1.000000000000e+00 0.000000000000e+00
   outer loop
     vertex 9.988000000000e+01 2.600000000000e+01 5.878000000000e+01
     vertex 3.575000000000e+01 2.600000000000e+01 3.200000000000e+01
     vertex 3.325000000000e+01 2.600000000000e+01 3.200000000000e+01
   endloop
 endfacet
 facet normal 0.000000000000e+00 1.000000000000e+00 0.000000000000e+00
   outer loop
     vertex 9.988000000000e+01 2.600000000000e+01 5.878000000000e+01
     vertex 2.825000000000e+01 2.600000000000e+01 3.200000000000e+01
     vertex 2.575000000000e+01 2.600000000000e+01 3.200000000000e+01
   endloop
 endfacet
 facet normal 0.000000000000e+00 1.000000000000e+00 0.000000000000e+00
   outer loop
     vertex 9.988000000000e+01 2.600000000000e+01 5.878000000000e+01
     vertex 3.325000000000e+01 2.600000000000e+01 3.200000000000e+01
     vertex 3.075000000000e+01 2.600000000000e+01 3.200000000000e+01
   endloop
 endfacet
 facet normal 0.000000000000e+00 1.000000000000e+00 0.000000000000e+00
   outer loop
     vertex 9.988000000000e+01 2.600000000000e+01 5.878000000000e+01
     vertex 9.960000000000e+01 2.600000000000e+01 5.520000000000e+01
     vertex 9.934662814750e+01 2.600000000000e+01 5.518101240458e+01
   endloop
 endfacet
 facet normal 0.000000000000e+00 1.000000000000e+00 0.000000000000e+00
   outer loop
     vertex 9.988000000000e+01 2.600000000000e+01 5.878000000000e+01
     vertex 3.825000000000e+01 2.600000000000e+01 3.200000000000e+01
     vertex 3.575000000000e+01 2.600000000000e+01 3.200000000000e+01
   endloop
 endfacet
 facet normal 0.000000000000e+00 1.000000000000e+00 0.000000000000e+00
   outer loop
     vertex 9.988000000000e+01 2.600000000000e+01 5.878000000000e+01
     vertex 9.934662814750e+01 2.600000000000e+01 5.518101240458e+01
     vertex 9.909891620350e+01 2.600000000000e+01 5.512447376984e+01
   endloop
 endfacet
 facet normal 0.000000000000e+00 1.000000000000e+00 0.000000000000e+00
   outer loop
     vertex 9.988000000000e+01 2.600000000000e+01 5.878000000000e+01
     vertex 9.812775681357e+01 2.600000000000e+01 5.435000000000e+01
     vertex 6.496534509890e+01 2.600000000000e+01 3.602486935901e+01
   endloop
 endfacet
 facet normal 0.000000000000e+00 1.000000000000e+00 0.000000000000e+00
   outer loop
     vertex 9.988000000000e+01 2.600000000000e+01 5.878000000000e+01
     vertex 9.909891620350e+01 2.600000000000e+01 5.512447376984e+01
     vertex 9.886239764350e+01 2.600000000000e+01 5.503164707543e+01
   endloop
 endfacet
 facet normal 0.000000000000e+00 1.000000000000e+00 0.000000000000e+00
   outer loop
     vertex 9.988000000000e+01 2.600000000000e+01 5.878000000000e+01
     vertex 6.496534509890e+01 2.600000000000e+01 3.602486935901e+01
     vertex 6.463000000000e+01 2.600000000000e+01 3.605000000000e+01
   endloop
 endfacet
 facet normal 0.000000000000e+00 1.000000000000e+00 0.000000000000e+00
   outer loop
     vertex 9.988000000000e+01 2.600000000000e+01 5.878000000000e+01
     vertex 9.886239764350e+01 2.600000000000e+01 5.503164707543e+01
     vertex 9.864235590129e+01 2.600000000000e+01 5.490460591634e+01
   endloop
 endfacet
 facet normal 0.000000000000e+00 1.000000000000e+00 0.000000000000e+00
   outer loop
     vertex 9.988000000000e+01 2.600000000000e+01 5.878000000000e+01
     vertex 9.864235590129e+01 2.600000000000e+01 5.490460591634e+01
     vertex 9.844370634579e+01 2.600000000000e+01 5.474618818211e+01
   endloop
 endfacet
 facet normal 0.000000000000e+00 1.000000000000e+00 0.000000000000e+00
   outer loop
     vertex 9.988000000000e+01 2.600000000000e+01 5.878000000000e+01
     vertex 9.844370634579e+01 2.600000000000e+01 5.474618818211e+01
     vertex 9.827088647980e+01 2.600000000000e+01 5.455993266316e+01
   endloop
 endfacet
 facet normal 0.000000000000e+00 1.000000000000e+00 0.000000000000e+00
   outer loop
     vertex 9.988000000000e+01 2.600000000000e+01 5.878000000000e+01
     vertex 9.827088647980e+01 2.600000000000e+01 5.455993266316e+01
     vertex 9.812775681357e+01 2.600000000000e+01 5.435000000000e+01
   endloop
 endfacet
 facet normal 0.000000000000e+00 1.000000000000e+00 0.000000000000e+00
   outer loop
     vertex 9.988000000000e+01 2.600000000000e+01 5.878000000000e+01
     vertex 6.396680085758e+01 2.600000000000e+01 3.595003881302e+01
     vertex 3.825000000000e+01 2.600000000000e+01 3.200000000000e+01
   endloop
 endfacet
 facet normal 0.000000000000e+00 1.000000000000e+00 0.000000000000e+00
   outer loop
     vertex 9.988000000000e+01 2.600000000000e+01 5.878000000000e+01
     vertex 2.575000000000e+01 2.600000000000e+01 3.200000000000e+01
     vertex -9.988000000000e+01 2.600000000000e+01 5.878000000000e+01
   endloop
 endfacet
 facet normal 0.000000000000e+00 1.000000000000e+00 0.000000000000e+00
   outer loop
     vertex 9.988000000000e+01 2.600000000000e+01 5.878000000000e+01
     vertex 9.985337185250e+01 2.600000000000e+01 5.518101240458e+01
     vertex 9.960000000000e+01 2.600000000000e+01 5.520000000000e+01
   endloop
 endfacet
 facet normal 0.000000000000e+00 1.000000000000e+00 0.000000000000e+00
   outer loop
     vertex 9.988000000000e+01 2.600000000000e+01 5.878000000000e+01
     vertex 6.429465490110e+01 2.600000000000e+01 3.602486935901e+01
     vertex 6.396680085758e+01 2.600000000000e+01 3.595003881302e+01
   endloop
 endfacet
 facet normal 0.000000000000e+00 1.000000000000e+00 0.000000000000e+00
   outer loop
     vertex 9.988000000000e+01 2.600000000000e+01 5.878000000000e+01
     vertex 6.463000000000e+01 2.600000000000e+01 3.605000000000e+01
     vertex 6.429465490110e+01 2.600000000000e+01 3.602486935901e+01
   endloop
 endfacet
 facet normal 0.000000000000e+00 1.000000000000e+00 0.000000000000e+00
   outer loop
     vertex 9.988000000000e+01 2.600000000000e+01 5.878000000000e+01
     vertex 3.075000000000e+01 2.600000000000e+01 3.200000000000e+01
     vertex 2.825000000000e+01 2.600000000000e+01 3.200000000000e+01
   endloop
 endfacet
 facet normal 0.000000000000e+00 1.000000000000e+00 0.000000000000e+00
   outer loop
     vertex 1.005915741914e+02 2.600000000000e+01 5.872910720940e+01
     vertex 9.985337185250e+01 2.600000000000e+01 5.518101240458e+01
     vertex 9.988000000000e+01 2.600000000000e+01 5.878000000000e+01
   endloop
 endfacet
 facet normal 0.000000000000e+00 1.000000000000e+00 0.000000000000e+00
   outer loop
     vertex 1.005915741914e+02 2.600000000000e+01 5.872910720940e+01
     vertex 1.001010837965e+02 2.600000000000e+01 5.512447376984e+01
     vertex 9.985337185250e+01 2.600000000000e+01 5.518101240458e+01
   endloop
 endfacet
 facet normal 0.000000000000e+00 1.000000000000e+00 0.000000000000e+00
   outer loop
     vertex 1.048291072094e+02 2.600000000000e+01 5.449157419137e+01
     vertex 1.048800000000e+02 2.600000000000e+01 5.378000000000e+01
     vertex 1.012952464552e+02 2.600000000000e+01 5.362704115910e+01
   endloop
 endfacet
 facet normal 0.000000000000e+00 1.000000000000e+00 0.000000000000e+00
   outer loop
     vertex 1.048291072094e+02 2.600000000000e+01 5.449157419137e+01
     vertex 1.012952464552e+02 2.600000000000e+01 5.362704115910e+01
     vertex 1.012573774507e+02 2.600000000000e+01 5.387828558773e+01
   endloop
 endfacet
 facet normal 0.000000000000e+00 1.000000000000e+00 0.000000000000e+00
   outer loop
     vertex 1.012886627842e+02 2.600000000000e+01 5.857746486807e+01
     vertex 1.001010837965e+02 2.600000000000e+01 5.512447376984e+01
     vertex 1.005915741914e+02 2.600000000000e+01 5.872910720940e+01
   endloop
 endfacet
 facet normal 0.000000000000e+00 1.000000000000e+00 0.000000000000e+00
   outer loop
     vertex 1.012886627842e+02 2.600000000000e+01 5.857746486807e+01
     vertex 1.003376023565e+02 2.600000000000e+01 5.503164707543e+01
     vertex 1.001010837965e+02 2.600000000000e+01 5.512447376984e+01
   endloop
 endfacet
 facet normal 0.000000000000e+00 1.000000000000e+00 0.000000000000e+00
   outer loop
     vertex 1.046774648681e+02 2.600000000000e+01 5.518866278421e+01
     vertex 1.048291072094e+02 2.600000000000e+01 5.449157419137e+01
     vertex 1.012573774507e+02 2.600000000000e+01 5.387828558773e+01
   endloop
 endfacet
 facet normal 0.000000000000e+00 1.000000000000e+00 0.000000000000e+00
   outer loop
     vertex 1.046774648681e+02 2.600000000000e+01 5.518866278421e+01
     vertex 1.012573774507e+02 2.600000000000e+01 5.387828558773e+01
     vertex 1.011824853727e+02 2.600000000000e+01 5.412107974142e+01
   endloop
 endfacet
 facet normal 0.000000000000e+00 1.000000000000e+00 0.000000000000e+00
   outer loop
     vertex 1.019570750650e+02 2.600000000000e+01 5.832815997677e+01
     vertex 1.005576440987e+02 2.600000000000e+01 5.490460591634e+01
     vertex 1.003376023565e+02 2.600000000000e+01 5.503164707543e+01
   endloop
 endfacet
 facet normal 0.000000000000e+00 1.000000000000e+00 0.000000000000e+00
   outer loop
     vertex 1.019570750650e+02 2.600000000000e+01 5.832815997677e+01
     vertex 1.003376023565e+02 2.600000000000e+01 5.503164707543e+01
     vertex 1.012886627842e+02 2.600000000000e+01 5.857746486807e+01
   endloop
 endfacet
 facet normal 0.000000000000e+00 1.000000000000e+00 0.000000000000e+00
   outer loop
     vertex 1.044281599768e+02 2.600000000000e+01 5.585707506501e+01
     vertex 1.046774648681e+02 2.600000000000e+01 5.518866278421e+01
     vertex 1.011824853727e+02 2.600000000000e+01 5.412107974142e+01
   endloop
 endfacet
 facet normal 0.000000000000e+00 1.000000000000e+00 0.000000000000e+00
   outer loop
     vertex 1.044281599768e+02 2.600000000000e+01 5.585707506501e+01
     vertex 1.011824853727e+02 2.600000000000e+01 5.412107974142e+01
     vertex 1.010722431864e+02 2.600000000000e+01 5.435000000000e+01
   endloop
 endfacet
 facet normal 0.000000000000e+00 1.000000000000e+00 0.000000000000e+00
   outer loop
     vertex 1.025832040873e+02 2.600000000000e+01 5.798626766416e+01
     vertex 1.005576440987e+02 2.600000000000e+01 5.490460591634e+01
     vertex 1.019570750650e+02 2.600000000000e+01 5.832815997677e+01
   endloop
 endfacet
 facet normal 0.000000000000e+00 1.000000000000e+00 0.000000000000e+00
   outer loop
     vertex 1.040862676642e+02 2.600000000000e+01 5.648320408728e+01
     vertex 1.010722431864e+02 2.600000000000e+01 5.435000000000e+01
     vertex 1.009291135202e+02 2.600000000000e+01 5.455993266316e+01
   endloop
 endfacet
 facet normal 0.000000000000e+00 1.000000000000e+00 0.000000000000e+00
   outer loop
     vertex 1.040862676642e+02 2.600000000000e+01 5.648320408728e+01
     vertex 1.044281599768e+02 2.600000000000e+01 5.585707506501e+01
     vertex 1.010722431864e+02 2.600000000000e+01 5.435000000000e+01
   endloop
 endfacet
 facet normal 0.000000000000e+00 1.000000000000e+00 0.000000000000e+00
   outer loop
     vertex 1.036587478718e+02 2.600000000000e+01 5.705430366973e+01
     vertex 1.040862676642e+02 2.600000000000e+01 5.648320408728e+01
     vertex 1.009291135202e+02 2.600000000000e+01 5.455993266316e+01
   endloop
 endfacet
 facet normal 0.000000000000e+00 1.000000000000e+00 0.000000000000e+00
   outer loop
     vertex 1.036587478718e+02 2.600000000000e+01 5.705430366973e+01
     vertex 1.009291135202e+02 2.600000000000e+01 5.455993266316e+01
     vertex 1.007562936542e+02 2.600000000000e+01 5.474618818211e+01
   endloop
 endfacet
 facet normal 0.000000000000e+00 1.000000000000e+00 0.000000000000e+00
   outer loop
     vertex 1.031543036697e+02 2.600000000000e+01 5.755874787177e+01
     vertex 1.036587478718e+02 2.600000000000e+01 5.705430366973e+01
     vertex 1.007562936542e+02 2.600000000000e+01 5.474618818211e+01
   endloop
 endfacet
 facet normal 0.000000000000e+00 1.000000000000e+00 0.000000000000e+00
   outer loop
     vertex 1.031543036697e+02 2.600000000000e+01 5.755874787177e+01
     vertex 1.007562936542e+02 2.600000000000e+01 5.474618818211e+01
     vertex 1.005576440987e+02 2.600000000000e+01 5.490460591634e+01
   endloop
 endfacet
 facet normal 0.000000000000e+00 1.000000000000e+00 0.000000000000e+00
   outer loop
     vertex 1.031543036697e+02 2.600000000000e+01 5.755874787177e+01
     vertex 1.005576440987e+02 2.600000000000e+01 5.490460591634e+01
     vertex 1.025832040873e+02 2.600000000000e+01 5.798626766416e+01
   endloop
 endfacet
 facet normal 0.000000000000e+00 1.000000000000e+00 0.000000000000e+00
   outer loop
     vertex -5.800000000000e+01 2.600000000000e+01 -2.000000000000e+01
     vertex -5.800000000000e+01 2.600000000000e+01 2.000000000000e+01
     vertex -5.325000000000e+01 2.600000000000e+01 -1.200000000000e+01
   endloop
 endfacet
 facet normal 0.000000000000e+00 1.000000000000e+00 0.000000000000e+00
   outer loop
     vertex -5.325000000000e+01 2.600000000000e+01 3.200000000000e+01
     vertex -5.325000000000e+01 2.600000000000e+01 -1.200000000000e+01
     vertex -5.800000000000e+01 2.600000000000e+01 2.000000000000e+01
   endloop
 endfacet
 facet normal -0.000000000000e+00 1.000000000000e+00 0.000000000000e+00
   outer loop
     vertex -5.325000000000e+01 2.600000000000e+01 -1.200000000000e+01
     vertex -5.075000000000e+01 2.600000000000e+01 -1.200000000000e+01
     vertex -5.800000000000e+01 2.600000000000e+01 -2.000000000000e+01
   endloop
 endfacet
 facet normal 0.000000000000e+00 1.000000000000e+00 0.000000000000e+00
   outer loop
     vertex -5.800000000000e+01 2.600000000000e+01 -2.000000000000e+01
     vertex -5.075000000000e+01 2.600000000000e+01 -1.200000000000e+01
     vertex -4.825000000000e+01 2.600000000000e+01 -1.200000000000e+01
   endloop
 endfacet
 facet normal 0.000000000000e+00 1.000000000000e+00 0.000000000000e+00
   outer loop
     vertex -4.825000000000e+01 2.600000000000e+01 -1.200000000000e+01
     vertex -5.075000000000e+01 2.600000000000e+01 -1.200000000000e+01
     vertex -5.075000000000e+01 2.600000000000e+01 3.200000000000e+01
   endloop
 endfacet
 facet normal 0.000000000000e+00 1.000000000000e+00 -0.000000000000e+00
   outer loop
     vertex -4.825000000000e+01 2.600000000000e+01 -1.200000000000e+01
     vertex -5.075000000000e+01 2.600000000000e+01 3.200000000000e+01
     vertex -4.825000000000e+01 2.600000000000e+01 3.200000000000e+01
   endloop
 endfacet
 facet normal 0.000000000000e+00 1.000000000000e+00 0.000000000000e+00
   outer loop
     vertex -4.575000000000e+01 2.600000000000e+01 -1.200000000000e+01
     vertex -4.575000000000e+01 2.600000000000e+01 3.200000000000e+01
     vertex -4.325000000000e+01 2.600000000000e+01 3.200000000000e+01
   endloop
 endfacet
 facet normal 0.000000000000e+00 1.000000000000e+00 0.000000000000e+00
   outer loop
     vertex -4.575000000000e+01 2.600000000000e+01 -1.200000000000e+01
     vertex -4.325000000000e+01 2.600000000000e+01 3.200000000000e+01
     vertex -4.325000000000e+01 2.600000000000e+01 -1.200000000000e+01
   endloop
 endfacet
 facet normal 0.000000000000e+00 1.000000000000e+00 0.000000000000e+00
   outer loop
     vertex -4.075000000000e+01 2.600000000000e+01 -1.200000000000e+01
     vertex -4.075000000000e+01 2.600000000000e+01 3.200000000000e+01
     vertex -3.825000000000e+01 2.600000000000e+01 3.200000000000e+01
   endloop
 endfacet
 facet normal 0.000000000000e+00 1.000000000000e+00 0.000000000000e+00
   outer loop
     vertex -4.075000000000e+01 2.600000000000e+01 -1.200000000000e+01
     vertex -3.825000000000e+01 2.600000000000e+01 3.200000000000e+01
     vertex -3.825000000000e+01 2.600000000000e+01 -1.200000000000e+01
   endloop
 endfacet
 facet normal -7.473009358644e-02 -0.000000000000e+00 -9.972037971812e-01
   outer loop
     vertex -9.960000000000e+01 2.600000000000e+01 -5.180000000000e+01
     vertex -9.934662814750e+01 2.350000000000e+01 -5.181898759542e+01
     vertex -9.960000000000e+01 2.350000000000e+01 -5.180000000000e+01
   endloop
 endfacet
 facet normal -2.225209339563e-01 1.162510724149e-14 -9.749279121818e-01
   outer loop
     vertex -9.934662814750e+01 2.600000000000e+01 -5.181898759542e+01
     vertex -9.909891620350e+01 2.350000000000e+01 -5.187552623016e+01
     vertex -9.934662814750e+01 2.350000000000e+01 -5.181898759542e+01
   endloop
 endfacet
 facet normal -7.473009358639e-02 5.807763464505e-15 -9.972037971812e-01
   outer loop
     vertex -9.934662814750e+01 2.600000000000e+01 -5.181898759542e+01
     vertex -9.934662814750e+01 2.350000000000e+01 -5.181898759542e+01
     vertex -9.960000000000e+01 2.600000000000e+01 -5.180000000000e+01
   endloop
 endfacet
 facet normal -3.653410243664e-01 2.642842370510e-14 -9.308737486442e-01
   outer loop
     vertex -9.909891620350e+01 2.600000000000e+01 -5.187552623016e+01
     vertex -9.886239764350e+01 2.350000000000e+01 -5.196835292457e+01
     vertex -9.909891620350e+01 2.350000000000e+01 -5.187552623016e+01
   endloop
 endfacet
 facet normal -2.225209339563e-01 1.493747913228e-14 -9.749279121818e-01
   outer loop
     vertex -9.909891620350e+01 2.600000000000e+01 -5.187552623016e+01
     vertex -9.909891620350e+01 2.350000000000e+01 -5.187552623016e+01
     vertex -9.934662814750e+01 2.600000000000e+01 -5.181898759542e+01
   endloop
 endfacet
 facet normal -3.653410243664e-01 3.038267743752e-14 -9.308737486442e-01
   outer loop
     vertex -9.886239764350e+01 2.600000000000e+01 -5.196835292457e+01
     vertex -9.886239764350e+01 2.350000000000e+01 -5.196835292457e+01
     vertex -9.909891620350e+01 2.600000000000e+01 -5.187552623016e+01
   endloop
 endfacet
 facet normal -5.000000000000e-01 4.737862861100e-14 -8.660254037844e-01
   outer loop
     vertex -9.886239764350e+01 2.600000000000e+01 -5.196835292457e+01
     vertex -9.864235590129e+01 2.350000000000e+01 -5.209539408366e+01
     vertex -9.886239764350e+01 2.350000000000e+01 -5.196835292457e+01
   endloop
 endfacet
 facet normal -5.000000000000e-01 5.212469307638e-14 -8.660254037845e-01
   outer loop
     vertex -9.864235590129e+01 2.600000000000e+01 -5.209539408366e+01
     vertex -9.864235590129e+01 2.350000000000e+01 -5.209539408366e+01
     vertex -9.886239764350e+01 2.600000000000e+01 -5.196835292457e+01
   endloop
 endfacet
 facet normal -6.234898018587e-01 7.347050108050e-14 -7.818314824680e-01
   outer loop
     vertex -9.864235590129e+01 2.600000000000e+01 -5.209539408366e+01
     vertex -9.844370634579e+01 2.350000000000e+01 -5.225381181789e+01
     vertex -9.864235590129e+01 2.350000000000e+01 -5.209539408366e+01
   endloop
 endfacet
 facet normal -6.234898018587e-01 7.695848648339e-14 -7.818314824680e-01
   outer loop
     vertex -9.844370634579e+01 2.600000000000e+01 -5.225381181789e+01
     vertex -9.844370634579e+01 2.350000000000e+01 -5.225381181789e+01
     vertex -9.864235590129e+01 2.600000000000e+01 -5.209539408366e+01
   endloop
 endfacet
 facet normal -7.330518718298e-01 1.027112667228e-13 -6.801727377709e-01
   outer loop
     vertex -9.844370634579e+01 2.600000000000e+01 -5.225381181789e+01
     vertex -9.827088647980e+01 2.350000000000e+01 -5.244006733684e+01
     vertex -9.844370634579e+01 2.350000000000e+01 -5.225381181789e+01
   endloop
 endfacet
 facet normal -7.330518718298e-01 1.061473492975e-13 -6.801727377709e-01
   outer loop
     vertex -9.827088647980e+01 2.600000000000e+01 -5.244006733684e+01
     vertex -9.827088647980e+01 2.350000000000e+01 -5.244006733684e+01
     vertex -9.844370634579e+01 2.600000000000e+01 -5.225381181789e+01
   endloop
 endfacet
 facet normal -8.262387743160e-01 1.352432982466e-13 -5.633200580636e-01
   outer loop
     vertex -9.827088647980e+01 2.600000000000e+01 -5.244006733684e+01
     vertex -9.812775681357e+01 2.350000000000e+01 -5.265000000000e+01
     vertex -9.827088647980e+01 2.350000000000e+01 -5.244006733684e+01
   endloop
 endfacet
 facet normal -8.262387743160e-01 1.380192739310e-13 -5.633200580636e-01
   outer loop
     vertex -9.812775681357e+01 2.600000000000e+01 -5.265000000000e+01
     vertex -9.812775681357e+01 2.350000000000e+01 -5.265000000000e+01
     vertex -9.827088647980e+01 2.600000000000e+01 -5.244006733684e+01
   endloop
 endfacet
 facet normal -9.009688679024e-01 1.694720781315e-13 -4.338837391176e-01
   outer loop
     vertex -9.812775681357e+01 2.600000000000e+01 -5.265000000000e+01
     vertex -9.801751462730e+01 2.350000000000e+01 -5.287892025858e+01
     vertex -9.812775681357e+01 2.350000000000e+01 -5.265000000000e+01
   endloop
 endfacet
 facet normal -9.009688679024e-01 1.751596773552e-13 -4.338837391176e-01
   outer loop
     vertex -9.801751462730e+01 2.600000000000e+01 -5.287892025858e+01
     vertex -9.801751462730e+01 2.350000000000e+01 -5.287892025858e+01
     vertex -9.812775681357e+01 2.600000000000e+01 -5.265000000000e+01
   endloop
 endfacet
 facet normal -9.555728057861e-01 2.088148870224e-13 -2.947551744109e-01
   outer loop
     vertex -9.794262254929e+01 2.600000000000e+01 -5.312171441227e+01
     vertex -9.801751462730e+01 2.350000000000e+01 -5.287892025858e+01
     vertex -9.801751462730e+01 2.600000000000e+01 -5.287892025858e+01
   endloop
 endfacet
 facet normal -9.555728057861e-01 2.096241010929e-13 -2.947551744109e-01
   outer loop
     vertex -9.794262254929e+01 2.600000000000e+01 -5.312171441227e+01
     vertex -9.794262254929e+01 2.350000000000e+01 -5.312171441227e+01
     vertex -9.801751462730e+01 2.350000000000e+01 -5.287892025858e+01
   endloop
 endfacet
 facet normal -9.888308262251e-01 2.439596488791e-13 -1.490422661762e-01
   outer loop
     vertex -9.790475354479e+01 2.600000000000e+01 -5.337295884090e+01
     vertex -9.794262254929e+01 2.350000000000e+01 -5.312171441227e+01
     vertex -9.794262254929e+01 2.600000000000e+01 -5.312171441227e+01
   endloop
 endfacet
 facet normal -9.888308262251e-01 2.496959579204e-13 -1.490422661762e-01
   outer loop
     vertex -9.790475354479e+01 2.600000000000e+01 -5.337295884090e+01
     vertex -9.790475354479e+01 2.350000000000e+01 -5.337295884090e+01
     vertex -9.794262254929e+01 2.350000000000e+01 -5.312171441227e+01
   endloop
 endfacet
 facet normal -1.000000000000e+00 2.842170943040e-13 -5.593012066410e-14
   outer loop
     vertex -9.790475354479e+01 2.600000000000e+01 -5.362704115910e+01
     vertex -9.790475354479e+01 2.350000000000e+01 -5.337295884090e+01
     vertex -9.790475354479e+01 2.600000000000e+01 -5.337295884090e+01
   endloop
 endfacet
 facet normal -1.000000000000e+00 2.899014361901e-13 0.000000000000e+00
   outer loop
     vertex -9.790475354479e+01 2.600000000000e+01 -5.362704115910e+01
     vertex -9.790475354479e+01 2.350000000000e+01 -5.362704115910e+01
     vertex -9.790475354479e+01 2.350000000000e+01 -5.337295884090e+01
   endloop
 endfacet
 facet normal -9.888308262251e-01 3.239405933143e-13 1.490422661762e-01
   outer loop
     vertex -9.790475354479e+01 2.600000000000e+01 -5.362704115910e+01
     vertex -9.794262254929e+01 2.350000000000e+01 -5.387828558773e+01
     vertex -9.790475354479e+01 2.350000000000e+01 -5.362704115910e+01
   endloop
 endfacet
 facet normal -9.888308262251e-01 3.238265876073e-13 1.490422661762e-01
   outer loop
     vertex -9.794262254929e+01 2.600000000000e+01 -5.387828558773e+01
     vertex -9.794262254929e+01 2.350000000000e+01 -5.387828558773e+01
     vertex -9.790475354479e+01 2.600000000000e+01 -5.362704115910e+01
   endloop
 endfacet
 facet normal -9.555728057862e-01 3.562049559795e-13 2.947551744108e-01
   outer loop
     vertex -9.801751462730e+01 2.600000000000e+01 -5.412107974142e+01
     vertex -9.794262254929e+01 2.350000000000e+01 -5.387828558773e+01
     vertex -9.794262254929e+01 2.600000000000e+01 -5.387828558773e+01
   endloop
 endfacet
 facet normal -9.555728057861e-01 3.679307543390e-13 2.947551744109e-01
   outer loop
     vertex -9.801751462730e+01 2.600000000000e+01 -5.412107974142e+01
     vertex -9.801751462730e+01 2.350000000000e+01 -5.412107974142e+01
     vertex -9.794262254929e+01 2.350000000000e+01 -5.387828558773e+01
   endloop
 endfacet
 facet normal -9.009688679024e-01 3.978849121111e-13 4.338837391175e-01
   outer loop
     vertex -9.812775681357e+01 2.600000000000e+01 -5.435000000000e+01
     vertex -9.801751462730e+01 2.350000000000e+01 -5.412107974142e+01
     vertex -9.801751462730e+01 2.600000000000e+01 -5.412107974142e+01
   endloop
 endfacet
 facet normal -9.009688679024e-01 3.985524932371e-13 4.338837391175e-01
   outer loop
     vertex -9.812775681357e+01 2.600000000000e+01 -5.435000000000e+01
     vertex -9.812775681357e+01 2.350000000000e+01 -5.435000000000e+01
     vertex -9.801751462730e+01 2.350000000000e+01 -5.412107974142e+01
   endloop
 endfacet
 facet normal -8.262387743160e-01 4.256751908161e-13 5.633200580636e-01
   outer loop
     vertex -9.827088647980e+01 2.600000000000e+01 -5.455993266316e+01
     vertex -9.812775681357e+01 2.350000000000e+01 -5.435000000000e+01
     vertex -9.812775681357e+01 2.600000000000e+01 -5.435000000000e+01
   endloop
 endfacet
 facet normal -8.262387743160e-01 4.307987076934e-13 5.633200580636e-01
   outer loop
     vertex -9.827088647980e+01 2.600000000000e+01 -5.455993266316e+01
     vertex -9.827088647980e+01 2.350000000000e+01 -5.455993266316e+01
     vertex -9.812775681357e+01 2.350000000000e+01 -5.435000000000e+01
   endloop
 endfacet
 facet normal -7.330518718299e-01 4.539843524765e-13 6.801727377709e-01
   outer loop
     vertex -9.844370634579e+01 2.600000000000e+01 -5.474618818211e+01
     vertex -9.827088647980e+01 2.350000000000e+01 -5.455993266316e+01
     vertex -9.827088647980e+01 2.600000000000e+01 -5.455993266316e+01
   endloop
 endfacet
 facet normal -7.330518718298e-01 4.585849443111e-13 6.801727377709e-01
   outer loop
     vertex -9.844370634579e+01 2.600000000000e+01 -5.474618818211e+01
     vertex -9.844370634579e+01 2.350000000000e+01 -5.474618818211e+01
     vertex -9.827088647980e+01 2.350000000000e+01 -5.455993266316e+01
   endloop
 endfacet
 facet normal -6.234898018587e-01 4.818024160825e-13 7.818314824680e-01
   outer loop
     vertex -9.864235590129e+01 2.600000000000e+01 -5.490460591634e+01
     vertex -9.864235590129e+01 2.350000000000e+01 -5.490460591634e+01
     vertex -9.844370634579e+01 2.350000000000e+01 -5.474618818211e+01
   endloop
 endfacet
 facet normal -6.234898018588e-01 4.773067758393e-13 7.818314824680e-01
   outer loop
     vertex -9.864235590129e+01 2.600000000000e+01 -5.490460591634e+01
     vertex -9.844370634579e+01 2.350000000000e+01 -5.474618818211e+01
     vertex -9.844370634579e+01 2.600000000000e+01 -5.474618818211e+01
   endloop
 endfacet
 facet normal -5.000000000000e-01 4.983982456667e-13 8.660254037844e-01
   outer loop
     vertex -9.886239764350e+01 2.600000000000e+01 -5.503164707544e+01
     vertex -9.886239764350e+01 2.350000000000e+01 -5.503164707543e+01
     vertex -9.864235590129e+01 2.350000000000e+01 -5.490460591634e+01
   endloop
 endfacet
 facet normal -5.000000000000e-01 4.957571613474e-13 8.660254037844e-01
   outer loop
     vertex -9.886239764350e+01 2.600000000000e+01 -5.503164707544e+01
     vertex -9.864235590129e+01 2.350000000000e+01 -5.490460591634e+01
     vertex -9.864235590129e+01 2.600000000000e+01 -5.490460591634e+01
   endloop
 endfacet
 facet normal -3.653410243664e-01 5.128392649065e-13 9.308737486442e-01
   outer loop
     vertex -9.909891620350e+01 2.600000000000e+01 -5.512447376984e+01
     vertex -9.909891620350e+01 2.350000000000e+01 -5.512447376984e+01
     vertex -9.886239764350e+01 2.350000000000e+01 -5.503164707543e+01
   endloop
 endfacet
 facet normal -3.653410243664e-01 5.073473679929e-13 9.308737486442e-01
   outer loop
     vertex -9.909891620350e+01 2.600000000000e+01 -5.512447376984e+01
     vertex -9.886239764350e+01 2.350000000000e+01 -5.503164707543e+01
     vertex -9.886239764350e+01 2.600000000000e+01 -5.503164707544e+01
   endloop
 endfacet
 facet normal -2.225209339563e-01 5.202671671533e-13 9.749279121818e-01
   outer loop
     vertex -9.934662814750e+01 2.600000000000e+01 -5.518101240458e+01
     vertex -9.934662814750e+01 2.350000000000e+01 -5.518101240458e+01
     vertex -9.909891620350e+01 2.350000000000e+01 -5.512447376984e+01
   endloop
 endfacet
 facet normal -2.225209339563e-01 5.152644295068e-13 9.749279121818e-01
   outer loop
     vertex -9.934662814750e+01 2.600000000000e+01 -5.518101240458e+01
     vertex -9.909891620350e+01 2.350000000000e+01 -5.512447376984e+01
     vertex -9.909891620350e+01 2.600000000000e+01 -5.512447376984e+01
   endloop
 endfacet
 facet normal -7.473009358644e-02 5.200766195193e-13 9.972037971812e-01
   outer loop
     vertex -9.960000000000e+01 2.600000000000e+01 -5.520000000000e+01
     vertex -9.960000000000e+01 2.350000000000e+01 -5.520000000000e+01
     vertex -9.934662814750e+01 2.350000000000e+01 -5.518101240458e+01
   endloop
 endfacet
 facet normal -7.473009358647e-02 5.173822912536e-13 9.972037971812e-01
   outer loop
     vertex -9.960000000000e+01 2.600000000000e+01 -5.520000000000e+01
     vertex -9.934662814750e+01 2.350000000000e+01 -5.518101240458e+01
     vertex -9.934662814750e+01 2.600000000000e+01 -5.518101240458e+01
   endloop
 endfacet
 facet normal 7.473009358644e-02 5.173885549614e-13 9.972037971812e-01
   outer loop
     vertex -9.985337185250e+01 2.600000000000e+01 -5.518101240458e+01
     vertex -9.985337185250e+01 2.350000000000e+01 -5.518101240458e+01
     vertex -9.960000000000e+01 2.350000000000e+01 -5.520000000000e+01
   endloop
 endfacet
 facet normal 7.473009358639e-02 5.115803605236e-13 9.972037971812e-01
   outer loop
     vertex -9.985337185250e+01 2.600000000000e+01 -5.518101240458e+01
     vertex -9.960000000000e+01 2.350000000000e+01 -5.520000000000e+01
     vertex -9.960000000000e+01 2.600000000000e+01 -5.520000000000e+01
   endloop
 endfacet
 facet normal 2.225209339563e-01 5.065945730864e-13 9.749279121818e-01
   outer loop
     vertex -1.001010837965e+02 2.600000000000e+01 -5.512447376984e+01
     vertex -1.001010837965e+02 2.350000000000e+01 -5.512447376984e+01
     vertex -9.985337185250e+01 2.350000000000e+01 -5.518101240458e+01
   endloop
 endfacet
 facet normal 2.225209339563e-01 5.032809642005e-13 9.749279121818e-01
   outer loop
     vertex -1.001010837965e+02 2.600000000000e+01 -5.512447376984e+01
     vertex -9.985337185250e+01 2.350000000000e+01 -5.518101240458e+01
     vertex -9.985337185250e+01 2.600000000000e+01 -5.518101240458e+01
   endloop
 endfacet
 facet normal 3.653410243664e-01 4.917022458414e-13 9.308737486442e-01
   outer loop
     vertex -1.003376023565e+02 2.600000000000e+01 -5.503164707544e+01
     vertex -1.003376023565e+02 2.350000000000e+01 -5.503164707543e+01
     vertex -1.001010837965e+02 2.350000000000e+01 -5.512447376984e+01
   endloop
 endfacet
 facet normal 3.653410243664e-01 4.871819377691e-13 9.308737486442e-01
   outer loop
     vertex -1.003376023565e+02 2.600000000000e+01 -5.503164707544e+01
     vertex -1.001010837965e+02 2.350000000000e+01 -5.512447376984e+01
     vertex -1.001010837965e+02 2.600000000000e+01 -5.512447376984e+01
   endloop
 endfacet
 facet normal 5.000000000000e-01 4.741377633045e-13 8.660254037844e-01
   outer loop
     vertex -1.005576440987e+02 2.600000000000e+01 -5.490460591634e+01
     vertex -1.005576440987e+02 2.350000000000e+01 -5.490460591634e+01
     vertex -1.003376023565e+02 2.350000000000e+01 -5.503164707543e+01
   endloop
 endfacet
 facet normal 4.999999999999e-01 4.665522438483e-13 8.660254037845e-01
   outer loop
     vertex -1.005576440987e+02 2.600000000000e+01 -5.490460591634e+01
     vertex -1.003376023565e+02 2.350000000000e+01 -5.503164707543e+01
     vertex -1.003376023565e+02 2.600000000000e+01 -5.503164707544e+01
   endloop
 endfacet
 facet normal 6.234898018587e-01 4.468392301404e-13 7.818314824680e-01
   outer loop
     vertex -1.007562936542e+02 2.600000000000e+01 -5.474618818211e+01
     vertex -1.007562936542e+02 2.350000000000e+01 -5.474618818211e+01
     vertex -1.005576440987e+02 2.350000000000e+01 -5.490460591634e+01
   endloop
 endfacet
 facet normal 6.234898018587e-01 4.446772308347e-13 7.818314824680e-01
   outer loop
     vertex -1.007562936542e+02 2.600000000000e+01 -5.474618818211e+01
     vertex -1.005576440987e+02 2.350000000000e+01 -5.490460591634e+01
     vertex -1.005576440987e+02 2.600000000000e+01 -5.490460591634e+01
   endloop
 endfacet
 facet normal 7.330518718299e-01 4.201809379438e-13 6.801727377709e-01
   outer loop
     vertex -1.009291135202e+02 2.600000000000e+01 -5.455993266316e+01
     vertex -1.009291135202e+02 2.350000000000e+01 -5.455993266316e+01
     vertex -1.007562936542e+02 2.350000000000e+01 -5.474618818211e+01
   endloop
 endfacet
 facet normal 7.330518718298e-01 4.125720307113e-13 6.801727377709e-01
   outer loop
     vertex -1.009291135202e+02 2.600000000000e+01 -5.455993266316e+01
     vertex -1.007562936542e+02 2.350000000000e+01 -5.474618818211e+01
     vertex -1.007562936542e+02 2.600000000000e+01 -5.474618818211e+01
   endloop
 endfacet
 facet normal 8.262387743160e-01 3.824444831237e-13 5.633200580636e-01
   outer loop
     vertex -1.010722431864e+02 2.600000000000e+01 -5.435000000000e+01
     vertex -1.010722431864e+02 2.350000000000e+01 -5.435000000000e+01
     vertex -1.009291135202e+02 2.350000000000e+01 -5.455993266316e+01
   endloop
 endfacet
 facet normal 8.262387743160e-01 3.828700779602e-13 5.633200580636e-01
   outer loop
     vertex -1.010722431864e+02 2.600000000000e+01 -5.435000000000e+01
     vertex -1.009291135202e+02 2.350000000000e+01 -5.455993266316e+01
     vertex -1.009291135202e+02 2.600000000000e+01 -5.455993266316e+01
   endloop
 endfacet
 facet normal 9.009688679024e-01 3.426921514362e-13 4.338837391176e-01
   outer loop
     vertex -1.011824853727e+02 2.600000000000e+01 -5.412107974142e+01
     vertex -1.010722431864e+02 2.350000000000e+01 -5.435000000000e+01
     vertex -1.010722431864e+02 2.600000000000e+01 -5.435000000000e+01
   endloop
 endfacet
 facet normal 9.009688679024e-01 3.496159579604e-13 4.338837391175e-01
   outer loop
     vertex -1.011824853727e+02 2.600000000000e+01 -5.412107974142e+01
     vertex -1.011824853727e+02 2.350000000000e+01 -5.412107974142e+01
     vertex -1.010722431864e+02 2.350000000000e+01 -5.435000000000e+01
   endloop
 endfacet
 facet normal 9.555728057861e-01 3.078013691313e-13 2.947551744109e-01
   outer loop
     vertex -1.012573774507e+02 2.600000000000e+01 -5.387828558773e+01
     vertex -1.011824853727e+02 2.350000000000e+01 -5.412107974142e+01
     vertex -1.011824853727e+02 2.600000000000e+01 -5.412107974142e+01
   endloop
 endfacet
 facet normal 9.555728057861e-01 3.077755915895e-13 2.947551744109e-01
   outer loop
     vertex -1.012573774507e+02 2.600000000000e+01 -5.387828558773e+01
     vertex -1.012573774507e+02 2.350000000000e+01 -5.387828558773e+01
     vertex -1.011824853727e+02 2.350000000000e+01 -5.412107974142e+01
   endloop
 endfacet
 facet normal 9.888308262251e-01 2.648487842776e-13 1.490422661762e-01
   outer loop
     vertex -1.012952464552e+02 2.600000000000e+01 -5.362704115910e+01
     vertex -1.012573774507e+02 2.350000000000e+01 -5.387828558773e+01
     vertex -1.012573774507e+02 2.600000000000e+01 -5.387828558773e+01
   endloop
 endfacet
 facet normal 9.888308262251e-01 2.705832879571e-13 1.490422661762e-01
   outer loop
     vertex -1.012952464552e+02 2.600000000000e+01 -5.362704115910e+01
     vertex -1.012952464552e+02 2.350000000000e+01 -5.362704115910e+01
     vertex -1.012573774507e+02 2.350000000000e+01 -5.387828558773e+01
   endloop
 endfacet
 facet normal 1.000000000000e+00 2.273736754432e-13 5.593012066410e-14
   outer loop
     vertex -1.012952464552e+02 2.600000000000e+01 -5.337295884090e+01
     vertex -1.012952464552e+02 2.350000000000e+01 -5.362704115910e+01
     vertex -1.012952464552e+02 2.600000000000e+01 -5.362704115910e+01
   endloop
 endfacet
 facet normal 1.000000000000e+00 2.330580173293e-13 0.000000000000e+00
   outer loop
     vertex -1.012952464552e+02 2.600000000000e+01 -5.337295884090e+01
     vertex -1.012952464552e+02 2.350000000000e+01 -5.337295884090e+01
     vertex -1.012952464552e+02 2.350000000000e+01 -5.362704115910e+01
   endloop
 endfacet
 facet normal 9.888308262251e-01 1.906348668436e-13 -1.490422661762e-01
   outer loop
     vertex -1.012573774507e+02 2.600000000000e+01 -5.312171441227e+01
     vertex -1.012952464552e+02 2.350000000000e+01 -5.337295884090e+01
     vertex -1.012952464552e+02 2.600000000000e+01 -5.337295884090e+01
   endloop
 endfacet
 facet normal 9.888308262251e-01 1.909458114935e-13 -1.490422661762e-01
   outer loop
     vertex -1.012573774507e+02 2.600000000000e+01 -5.312171441227e+01
     vertex -1.012573774507e+02 2.350000000000e+01 -5.312171441227e+01
     vertex -1.012952464552e+02 2.350000000000e+01 -5.337295884090e+01
   endloop
 endfacet
 facet normal 9.555728057861e-01 1.502525336435e-13 -2.947551744109e-01
   outer loop
     vertex -1.012573774507e+02 2.600000000000e+01 -5.312171441227e+01
     vertex -1.011824853727e+02 2.350000000000e+01 -5.287892025858e+01
     vertex -1.012573774507e+02 2.350000000000e+01 -5.312171441227e+01
   endloop
 endfacet
 facet normal 9.555728057862e-01 1.619809579318e-13 -2.947551744108e-01
   outer loop
     vertex -1.011824853727e+02 2.600000000000e+01 -5.287892025858e+01
     vertex -1.011824853727e+02 2.350000000000e+01 -5.287892025858e+01
     vertex -1.012573774507e+02 2.600000000000e+01 -5.312171441227e+01
   endloop
 endfacet
 facet normal 9.009688679024e-01 1.234668337512e-13 -4.338837391176e-01
   outer loop
     vertex -1.010722431864e+02 2.600000000000e+01 -5.265000000000e+01
     vertex -1.011824853727e+02 2.350000000000e+01 -5.287892025858e+01
     vertex -1.011824853727e+02 2.600000000000e+01 -5.287892025858e+01
   endloop
 endfacet
 facet normal 9.009688679024e-01 1.229010829105e-13 -4.338837391175e-01
   outer loop
     vertex -1.010722431864e+02 2.600000000000e+01 -5.265000000000e+01
     vertex -1.010722431864e+02 2.350000000000e+01 -5.265000000000e+01
     vertex -1.011824853727e+02 2.350000000000e+01 -5.287892025858e+01
   endloop
 endfacet
 facet normal 8.262387743160e-01 8.731980850166e-14 -5.633200580636e-01
   outer loop
     vertex -1.009291135202e+02 2.600000000000e+01 -5.244006733684e+01
     vertex -1.010722431864e+02 2.350000000000e+01 -5.265000000000e+01
     vertex -1.010722431864e+02 2.600000000000e+01 -5.265000000000e+01
   endloop
 endfacet
 facet normal 8.262387743160e-01 9.244102504572e-14 -5.633200580636e-01
   outer loop
     vertex -1.009291135202e+02 2.600000000000e+01 -5.244006733684e+01
     vertex -1.009291135202e+02 2.350000000000e+01 -5.244006733684e+01
     vertex -1.010722431864e+02 2.350000000000e+01 -5.265000000000e+01
   endloop
 endfacet
 facet normal 7.330518718299e-01 6.048536681975e-14 -6.801727377709e-01
   outer loop
     vertex -1.007562936542e+02 2.600000000000e+01 -5.225381181789e+01
     vertex -1.009291135202e+02 2.350000000000e+01 -5.244006733684e+01
     vertex -1.009291135202e+02 2.600000000000e+01 -5.244006733684e+01
   endloop
 endfacet
 facet normal 7.330518718298e-01 6.284559058543e-14 -6.801727377709e-01
   outer loop
     vertex -1.007562936542e+02 2.600000000000e+01 -5.225381181789e+01
     vertex -1.007562936542e+02 2.350000000000e+01 -5.225381181789e+01
     vertex -1.009291135202e+02 2.350000000000e+01 -5.244006733684e+01
   endloop
 endfacet
 facet normal 6.234898018588e-01 3.611425369444e-14 -7.818314824680e-01
   outer loop
     vertex -1.005576440987e+02 2.600000000000e+01 -5.209539408366e+01
     vertex -1.007562936542e+02 2.350000000000e+01 -5.225381181789e+01
     vertex -1.007562936542e+02 2.600000000000e+01 -5.225381181789e+01
   endloop
 endfacet
 facet normal 6.234898018587e-01 4.193915674792e-14 -7.818314824680e-01
   outer loop
     vertex -1.005576440987e+02 2.600000000000e+01 -5.209539408366e+01
     vertex -1.005576440987e+02 2.350000000000e+01 -5.209539408366e+01
     vertex -1.007562936542e+02 2.350000000000e+01 -5.225381181789e+01
   endloop
 endfacet
 facet normal 5.000000000000e-01 1.936798905028e-14 -8.660254037844e-01
   outer loop
     vertex -1.003376023565e+02 2.600000000000e+01 -5.196835292457e+01
     vertex -1.005576440987e+02 2.350000000000e+01 -5.209539408366e+01
     vertex -1.005576440987e+02 2.600000000000e+01 -5.209539408366e+01
   endloop
 endfacet
 facet normal 5.000000000000e-01 2.446454105492e-14 -8.660254037844e-01
   outer loop
     vertex -1.003376023565e+02 2.600000000000e+01 -5.196835292457e+01
     vertex -1.003376023565e+02 2.350000000000e+01 -5.196835292457e+01
     vertex -1.005576440987e+02 2.350000000000e+01 -5.209539408366e+01
   endloop
 endfacet
 facet normal 3.653410243664e-01 7.709314622253e-15 -9.308737486442e-01
   outer loop
     vertex -1.003376023565e+02 2.600000000000e+01 -5.196835292457e+01
     vertex -1.001010837965e+02 2.350000000000e+01 -5.187552623016e+01
     vertex -1.003376023565e+02 2.350000000000e+01 -5.196835292457e+01
   endloop
 endfacet
 facet normal 3.653410243664e-01 1.112318881741e-14 -9.308737486442e-01
   outer loop
     vertex -1.001010837965e+02 2.600000000000e+01 -5.187552623016e+01
     vertex -1.001010837965e+02 2.350000000000e+01 -5.187552623016e+01
     vertex -1.003376023565e+02 2.600000000000e+01 -5.196835292457e+01
   endloop
 endfacet
 facet normal 2.225209339563e-01 -1.819648509422e-16 -9.749279121818e-01
   outer loop
     vertex -1.001010837965e+02 2.600000000000e+01 -5.187552623016e+01
     vertex -9.985337185250e+01 2.350000000000e+01 -5.181898759542e+01
     vertex -1.001010837965e+02 2.350000000000e+01 -5.187552623016e+01
   endloop
 endfacet
 facet normal 2.225209339564e-01 3.312371890801e-15 -9.749279121818e-01
   outer loop
     vertex -9.985337185250e+01 2.600000000000e+01 -5.181898759542e+01
     vertex -9.985337185250e+01 2.350000000000e+01 -5.181898759542e+01
     vertex -1.001010837965e+02 2.600000000000e+01 -5.187552623016e+01
   endloop
 endfacet
 facet normal 7.473009358647e-02 -2.695460405052e-15 -9.972037971812e-01
   outer loop
     vertex -9.960000000000e+01 2.600000000000e+01 -5.180000000000e+01
     vertex -9.985337185250e+01 2.350000000000e+01 -5.181898759542e+01
     vertex -9.985337185250e+01 2.600000000000e+01 -5.181898759542e+01
   endloop
 endfacet
 facet normal 7.473009358644e-02 0.000000000000e+00 -9.972037971812e-01
   outer loop
     vertex -9.960000000000e+01 2.600000000000e+01 -5.180000000000e+01
     vertex -9.960000000000e+01 2.350000000000e+01 -5.180000000000e+01
     vertex -9.985337185250e+01 2.350000000000e+01 -5.181898759542e+01
   endloop
 endfacet
 facet normal -7.473009358644e-02 -0.000000000000e+00 -9.972037971812e-01
   outer loop
     vertex 9.960000000000e+01 2.600000000000e+01 5.520000000000e+01
     vertex 9.985337185250e+01 2.350000000000e+01 5.518101240458e+01
     vertex 9.960000000000e+01 2.350000000000e+01 5.520000000000e+01
   endloop
 endfacet
 facet normal -2.225209339563e-01 6.806708632542e-15 -9.749279121818e-01
   outer loop
     vertex 9.985337185250e+01 2.600000000000e+01 5.518101240458e+01
     vertex 1.001010837965e+02 2.350000000000e+01 5.512447376984e+01
     vertex 9.985337185250e+01 2.350000000000e+01 5.518101240458e+01
   endloop
 endfacet
 facet normal -7.473009358638e-02 6.093238714400e-15 -9.972037971812e-01
   outer loop
     vertex 9.985337185250e+01 2.600000000000e+01 5.518101240458e+01
     vertex 9.985337185250e+01 2.350000000000e+01 5.518101240458e+01
     vertex 9.960000000000e+01 2.600000000000e+01 5.520000000000e+01
   endloop
 endfacet
 facet normal -3.653410243664e-01 4.722425607545e-15 -9.308737486442e-01
   outer loop
     vertex 1.001010837965e+02 2.600000000000e+01 5.512447376984e+01
     vertex 1.003376023565e+02 2.350000000000e+01 5.503164707543e+01
     vertex 1.001010837965e+02 2.350000000000e+01 5.512447376984e+01
   endloop
 endfacet
 facet normal -2.225209339563e-01 4.035796848980e-15 -9.749279121818e-01
   outer loop
     vertex 1.001010837965e+02 2.600000000000e+01 5.512447376984e+01
     vertex 1.001010837965e+02 2.350000000000e+01 5.512447376984e+01
     vertex 9.985337185250e+01 2.600000000000e+01 5.518101240458e+01
   endloop
 endfacet
 facet normal -3.653410243664e-01 7.368127927581e-15 -9.308737486442e-01
   outer loop
     vertex 1.003376023565e+02 2.600000000000e+01 5.503164707543e+01
     vertex 1.003376023565e+02 2.350000000000e+01 5.503164707543e+01
     vertex 1.001010837965e+02 2.600000000000e+01 5.512447376984e+01
   endloop
 endfacet
 facet normal -5.000000000000e-01 7.764955420182e-15 -8.660254037844e-01
   outer loop
     vertex 1.003376023565e+02 2.600000000000e+01 5.503164707543e+01
     vertex 1.005576440987e+02 2.350000000000e+01 5.490460591634e+01
     vertex 1.003376023565e+02 2.350000000000e+01 5.503164707543e+01
   endloop
 endfacet
 facet normal -5.000000000000e-01 1.060712636322e-14 -8.660254037844e-01
   outer loop
     vertex 1.005576440987e+02 2.600000000000e+01 5.490460591634e+01
     vertex 1.005576440987e+02 2.350000000000e+01 5.490460591634e+01
     vertex 1.003376023565e+02 2.600000000000e+01 5.503164707543e+01
   endloop
 endfacet
 facet normal -6.234898018587e-01 1.153245583615e-14 -7.818314824680e-01
   outer loop
     vertex 1.005576440987e+02 2.600000000000e+01 5.490460591634e+01
     vertex 1.007562936542e+02 2.350000000000e+01 5.474618818211e+01
     vertex 1.005576440987e+02 2.350000000000e+01 5.490460591634e+01
   endloop
 endfacet
 facet normal -6.234898018587e-01 1.507658503240e-14 -7.818314824681e-01
   outer loop
     vertex 1.007562936542e+02 2.600000000000e+01 5.474618818211e+01
     vertex 1.007562936542e+02 2.350000000000e+01 5.474618818211e+01
     vertex 1.005576440987e+02 2.600000000000e+01 5.490460591634e+01
   endloop
 endfacet
 facet normal -7.330518718298e-01 1.636708676222e-14 -6.801727377709e-01
   outer loop
     vertex 1.007562936542e+02 2.600000000000e+01 5.474618818211e+01
     vertex 1.009291135202e+02 2.350000000000e+01 5.455993266316e+01
     vertex 1.007562936542e+02 2.350000000000e+01 5.474618818211e+01
   endloop
 endfacet
 facet normal -7.330518718298e-01 1.636708676222e-14 -6.801727377709e-01
   outer loop
     vertex 1.009291135202e+02 2.600000000000e+01 5.455993266316e+01
     vertex 1.009291135202e+02 2.350000000000e+01 5.455993266316e+01
     vertex 1.007562936542e+02 2.600000000000e+01 5.474618818211e+01
   endloop
 endfacet
 facet normal -8.262387743160e-01 1.729197481957e-14 -5.633200580636e-01
   outer loop
     vertex 1.009291135202e+02 2.600000000000e+01 5.455993266316e+01
     vertex 1.010722431864e+02 2.350000000000e+01 5.435000000000e+01
     vertex 1.009291135202e+02 2.350000000000e+01 5.455993266316e+01
   endloop
 endfacet
 facet normal -8.262387743160e-01 1.729197481957e-14 -5.633200580636e-01
   outer loop
     vertex 1.010722431864e+02 2.600000000000e+01 5.435000000000e+01
     vertex 1.010722431864e+02 2.350000000000e+01 5.435000000000e+01
     vertex 1.009291135202e+02 2.600000000000e+01 5.455993266316e+01
   endloop
 endfacet
 facet normal -9.009688679024e-01 1.783058873357e-14 -4.338837391176e-01
   outer loop
     vertex 1.010722431864e+02 2.600000000000e+01 5.435000000000e+01
     vertex 1.011824853727e+02 2.350000000000e+01 5.412107974142e+01
     vertex 1.010722431864e+02 2.350000000000e+01 5.435000000000e+01
   endloop
 endfacet
 facet normal -9.009688679024e-01 2.171883205147e-14 -4.338837391176e-01
   outer loop
     vertex 1.011824853727e+02 2.600000000000e+01 5.412107974142e+01
     vertex 1.011824853727e+02 2.350000000000e+01 5.412107974142e+01
     vertex 1.010722431864e+02 2.600000000000e+01 5.435000000000e+01
   endloop
 endfacet
 facet normal -9.555728057861e-01 2.256321567026e-14 -2.947551744109e-01
   outer loop
     vertex 1.012573774507e+02 2.600000000000e+01 5.387828558773e+01
     vertex 1.011824853727e+02 2.350000000000e+01 5.412107974142e+01
     vertex 1.011824853727e+02 2.600000000000e+01 5.412107974142e+01
   endloop
 endfacet
 facet normal -9.555728057861e-01 2.256495469254e-14 -2.947551744109e-01
   outer loop
     vertex 1.012573774507e+02 2.600000000000e+01 5.387828558773e+01
     vertex 1.012573774507e+02 2.350000000000e+01 5.387828558773e+01
     vertex 1.011824853727e+02 2.350000000000e+01 5.412107974142e+01
   endloop
 endfacet
 facet normal -9.888308262251e-01 2.290731699857e-14 -1.490422661762e-01
   outer loop
     vertex 1.012952464552e+02 2.600000000000e+01 5.362704115910e+01
     vertex 1.012573774507e+02 2.350000000000e+01 5.387828558773e+01
     vertex 1.012573774507e+02 2.600000000000e+01 5.387828558773e+01
   endloop
 endfacet
 facet normal -9.888308262251e-01 2.290701353325e-14 -1.490422661762e-01
   outer loop
     vertex 1.012952464552e+02 2.600000000000e+01 5.362704115910e+01
     vertex 1.012952464552e+02 2.350000000000e+01 5.362704115910e+01
     vertex 1.012573774507e+02 2.350000000000e+01 5.387828558773e+01
   endloop
 endfacet
 facet normal -1.000000000000e+00 2.273736754432e-14 0.000000000000e+00
   outer loop
     vertex 1.012952464552e+02 2.600000000000e+01 5.337295884090e+01
     vertex 1.012952464552e+02 2.350000000000e+01 5.362704115910e+01
     vertex 1.012952464552e+02 2.600000000000e+01 5.362704115910e+01
   endloop
 endfacet
 facet normal -1.000000000000e+00 2.273736754432e-14 0.000000000000e+00
   outer loop
     vertex 1.012952464552e+02 2.600000000000e+01 5.337295884090e+01
     vertex 1.012952464552e+02 2.350000000000e+01 5.337295884090e+01
     vertex 1.012952464552e+02 2.350000000000e+01 5.362704115910e+01
   endloop
 endfacet
 facet normal -9.888308262251e-01 2.290701353325e-14 1.490422661762e-01
   outer loop
     vertex 1.012952464552e+02 2.600000000000e+01 5.337295884090e+01
     vertex 1.012573774507e+02 2.350000000000e+01 5.312171441227e+01
     vertex 1.012952464552e+02 2.350000000000e+01 5.337295884090e+01
   endloop
 endfacet
 facet normal -9.888308262251e-01 2.290701353325e-14 1.490422661762e-01
   outer loop
     vertex 1.012573774507e+02 2.600000000000e+01 5.312171441227e+01
     vertex 1.012573774507e+02 2.350000000000e+01 5.312171441227e+01
     vertex 1.012952464552e+02 2.600000000000e+01 5.337295884090e+01
   endloop
 endfacet
 facet normal -9.555728057861e-01 2.256321567026e-14 2.947551744109e-01
   outer loop
     vertex 1.011824853727e+02 2.600000000000e+01 5.287892025858e+01
     vertex 1.012573774507e+02 2.350000000000e+01 5.312171441227e+01
     vertex 1.012573774507e+02 2.600000000000e+01 5.312171441227e+01
   endloop
 endfacet
 facet normal -9.555728057861e-01 2.883450180969e-14 2.947551744109e-01
   outer loop
     vertex 1.011824853727e+02 2.600000000000e+01 5.287892025858e+01
     vertex 1.011824853727e+02 2.350000000000e+01 5.287892025858e+01
     vertex 1.012573774507e+02 2.350000000000e+01 5.312171441227e+01
   endloop
 endfacet
 facet normal -9.009688679024e-01 2.807429884898e-14 4.338837391175e-01
   outer loop
     vertex 1.010722431864e+02 2.600000000000e+01 5.265000000000e+01
     vertex 1.011824853727e+02 2.350000000000e+01 5.287892025858e+01
     vertex 1.011824853727e+02 2.600000000000e+01 5.287892025858e+01
   endloop
 endfacet
 facet normal -9.009688679024e-01 2.807341888132e-14 4.338837391175e-01
   outer loop
     vertex 1.010722431864e+02 2.600000000000e+01 5.265000000000e+01
     vertex 1.010722431864e+02 2.350000000000e+01 5.265000000000e+01
     vertex 1.011824853727e+02 2.350000000000e+01 5.287892025858e+01
   endloop
 endfacet
 facet normal -8.262387743160e-01 2.668696968407e-14 5.633200580636e-01
   outer loop
     vertex 1.009291135202e+02 2.600000000000e+01 5.244006733684e+01
     vertex 1.010722431864e+02 2.350000000000e+01 5.265000000000e+01
     vertex 1.010722431864e+02 2.600000000000e+01 5.265000000000e+01
   endloop
 endfacet
 facet normal -8.262387743160e-01 2.828627406572e-14 5.633200580636e-01
   outer loop
     vertex 1.009291135202e+02 2.600000000000e+01 5.244006733684e+01
     vertex 1.009291135202e+02 2.350000000000e+01 5.244006733684e+01
     vertex 1.010722431864e+02 2.350000000000e+01 5.265000000000e+01
   endloop
 endfacet
 facet normal -7.330518718299e-01 2.664327427730e-14 6.801727377709e-01
   outer loop
     vertex 1.007562936542e+02 2.600000000000e+01 5.225381181789e+01
     vertex 1.009291135202e+02 2.350000000000e+01 5.244006733684e+01
     vertex 1.009291135202e+02 2.600000000000e+01 5.244006733684e+01
   endloop
 endfacet
 facet normal -7.330518718298e-01 3.273417352444e-14 6.801727377709e-01
   outer loop
     vertex 1.007562936542e+02 2.600000000000e+01 5.225381181789e+01
     vertex 1.007562936542e+02 2.350000000000e+01 5.225381181789e+01
     vertex 1.009291135202e+02 2.350000000000e+01 5.244006733684e+01
   endloop
 endfacet
 facet normal -6.234898018587e-01 3.105323831220e-14 7.818314824680e-01
   outer loop
     vertex 1.005576440987e+02 2.600000000000e+01 5.209539408366e+01
     vertex 1.005576440987e+02 2.350000000000e+01 5.209539408366e+01
     vertex 1.007562936542e+02 2.350000000000e+01 5.225381181789e+01
   endloop
 endfacet
 facet normal -6.234898018587e-01 3.016075452220e-14 7.818314824680e-01
   outer loop
     vertex 1.005576440987e+02 2.600000000000e+01 5.209539408366e+01
     vertex 1.007562936542e+02 2.350000000000e+01 5.225381181789e+01
     vertex 1.007562936542e+02 2.600000000000e+01 5.225381181789e+01
   endloop
 endfacet
 facet normal -5.000000000000e-01 2.897920814663e-14 8.660254037844e-01
   outer loop
     vertex 1.003376023565e+02 2.600000000000e+01 5.196835292457e+01
     vertex 1.003376023565e+02 2.350000000000e+01 5.196835292457e+01
     vertex 1.005576440987e+02 2.350000000000e+01 5.209539408366e+01
   endloop
 endfacet
 facet normal -5.000000000000e-01 2.898097853944e-14 8.660254037844e-01
   outer loop
     vertex 1.003376023565e+02 2.600000000000e+01 5.196835292457e+01
     vertex 1.005576440987e+02 2.350000000000e+01 5.209539408366e+01
     vertex 1.005576440987e+02 2.600000000000e+01 5.209539408366e+01
   endloop
 endfacet
 facet normal -3.653410243664e-01 2.890353267780e-14 9.308737486442e-01
   outer loop
     vertex 1.001010837965e+02 2.600000000000e+01 5.187552623016e+01
     vertex 1.001010837965e+02 2.350000000000e+01 5.187552623016e+01
     vertex 1.003376023565e+02 2.350000000000e+01 5.196835292457e+01
   endloop
 endfacet
 facet normal -3.653410243664e-01 2.626093946808e-14 9.308737486442e-01
   outer loop
     vertex 1.001010837965e+02 2.600000000000e+01 5.187552623016e+01
     vertex 1.003376023565e+02 2.350000000000e+01 5.196835292457e+01
     vertex 1.003376023565e+02 2.600000000000e+01 5.196835292457e+01
   endloop
 endfacet
 facet normal -2.225209339563e-01 2.722683453017e-14 9.749279121818e-01
   outer loop
     vertex 9.985337185250e+01 2.600000000000e+01 5.181898759542e+01
     vertex 9.985337185250e+01 2.350000000000e+01 5.181898759542e+01
     vertex 1.001010837965e+02 2.350000000000e+01 5.187552623016e+01
   endloop
 endfacet
 facet normal -2.225209339563e-01 2.572020880931e-14 9.749279121818e-01
   outer loop
     vertex 9.985337185250e+01 2.600000000000e+01 5.181898759542e+01
     vertex 1.001010837965e+02 2.350000000000e+01 5.187552623016e+01
     vertex 1.001010837965e+02 2.600000000000e+01 5.187552623016e+01
   endloop
 endfacet
 facet normal -7.473009358644e-02 2.437295485760e-14 9.972037971812e-01
   outer loop
     vertex 9.960000000000e+01 2.600000000000e+01 5.180000000000e+01
     vertex 9.960000000000e+01 2.350000000000e+01 5.180000000000e+01
     vertex 9.985337185250e+01 2.350000000000e+01 5.181898759542e+01
   endloop
 endfacet
 facet normal -7.473009358644e-02 2.437384408825e-14 9.972037971812e-01
   outer loop
     vertex 9.960000000000e+01 2.600000000000e+01 5.180000000000e+01
     vertex 9.985337185250e+01 2.350000000000e+01 5.181898759542e+01
     vertex 9.985337185250e+01 2.600000000000e+01 5.181898759542e+01
   endloop
 endfacet
 facet normal 7.473009358644e-02 2.664307096188e-14 9.972037971812e-01
   outer loop
     vertex 9.934662814750e+01 2.600000000000e+01 5.181898759542e+01
     vertex 9.934662814750e+01 2.350000000000e+01 5.181898759542e+01
     vertex 9.960000000000e+01 2.350000000000e+01 5.180000000000e+01
   endloop
 endfacet
 facet normal 7.473009358639e-02 2.097379524905e-14 9.972037971812e-01
   outer loop
     vertex 9.934662814750e+01 2.600000000000e+01 5.181898759542e+01
     vertex 9.960000000000e+01 2.350000000000e+01 5.180000000000e+01
     vertex 9.960000000000e+01 2.600000000000e+01 5.180000000000e+01
   endloop
 endfacet
 facet normal 2.225209339563e-01 2.391446263937e-14 9.749279121818e-01
   outer loop
     vertex 9.909891620350e+01 2.600000000000e+01 5.187552623016e+01
     vertex 9.909891620350e+01 2.350000000000e+01 5.187552623016e+01
     vertex 9.934662814750e+01 2.350000000000e+01 5.181898759542e+01
   endloop
 endfacet
 facet normal 2.225209339563e-01 2.265060648380e-14 9.749279121818e-01
   outer loop
     vertex 9.909891620350e+01 2.600000000000e+01 5.187552623016e+01
     vertex 9.934662814750e+01 2.350000000000e+01 5.181898759542e+01
     vertex 9.934662814750e+01 2.600000000000e+01 5.181898759542e+01
   endloop
 endfacet
 facet normal 3.653410243664e-01 2.287255565786e-14 9.308737486442e-01
   outer loop
     vertex 9.886239764350e+01 2.600000000000e+01 5.196835292457e+01
     vertex 9.886239764350e+01 2.350000000000e+01 5.196835292457e+01
     vertex 9.909891620350e+01 2.350000000000e+01 5.187552623016e+01
   endloop
 endfacet
 facet normal 3.653410243664e-01 2.022551140813e-14 9.308737486442e-01
   outer loop
     vertex 9.886239764350e+01 2.600000000000e+01 5.196835292457e+01
     vertex 9.909891620350e+01 2.350000000000e+01 5.187552623016e+01
     vertex 9.909891620350e+01 2.600000000000e+01 5.187552623016e+01
   endloop
 endfacet
 facet normal 5.000000000000e-01 2.139097273820e-14 8.660254037844e-01
   outer loop
     vertex 9.864235590129e+01 2.600000000000e+01 5.209539408366e+01
     vertex 9.864235590129e+01 2.350000000000e+01 5.209539408366e+01
     vertex 9.886239764350e+01 2.350000000000e+01 5.196835292457e+01
   endloop
 endfacet
 facet normal 5.000000000000e-01 1.854870017337e-14 8.660254037845e-01
   outer loop
     vertex 9.864235590129e+01 2.600000000000e+01 5.209539408366e+01
     vertex 9.886239764350e+01 2.350000000000e+01 5.196835292457e+01
     vertex 9.886239764350e+01 2.600000000000e+01 5.196835292457e+01
   endloop
 endfacet
 facet normal 6.234898018587e-01 1.735482754757e-14 7.818314824680e-01
   outer loop
     vertex 9.844370634579e+01 2.600000000000e+01 5.225381181789e+01
     vertex 9.844370634579e+01 2.350000000000e+01 5.225381181789e+01
     vertex 9.864235590129e+01 2.350000000000e+01 5.209539408366e+01
   endloop
 endfacet
 facet normal 6.234898018587e-01 1.735800033892e-14 7.818314824680e-01
   outer loop
     vertex 9.844370634579e+01 2.600000000000e+01 5.225381181789e+01
     vertex 9.864235590129e+01 2.350000000000e+01 5.209539408366e+01
     vertex 9.864235590129e+01 2.600000000000e+01 5.209539408366e+01
   endloop
 endfacet
 facet normal 7.330518718299e-01 1.709792164724e-14 6.801727377709e-01
   outer loop
     vertex 9.827088647980e+01 2.600000000000e+01 5.244006733684e+01
     vertex 9.827088647980e+01 2.350000000000e+01 5.244006733684e+01
     vertex 9.844370634579e+01 2.350000000000e+01 5.225381181789e+01
   endloop
 endfacet
 facet normal 7.330518718298e-01 1.292291655189e-14 6.801727377709e-01
   outer loop
     vertex 9.827088647980e+01 2.600000000000e+01 5.244006733684e+01
     vertex 9.844370634579e+01 2.350000000000e+01 5.225381181789e+01
     vertex 9.844370634579e+01 2.600000000000e+01 5.225381181789e+01
   endloop
 endfacet
 facet normal 8.262387743160e-01 1.131389533385e-14 5.633200580636e-01
   outer loop
     vertex 9.812775681357e+01 2.600000000000e+01 5.265000000000e+01
     vertex 9.812775681357e+01 2.350000000000e+01 5.265000000000e+01
     vertex 9.827088647980e+01 2.350000000000e+01 5.244006733684e+01
   endloop
 endfacet
 facet normal 8.262387743160e-01 1.291745462604e-14 5.633200580636e-01
   outer loop
     vertex 9.812775681357e+01 2.600000000000e+01 5.265000000000e+01
     vertex 9.827088647980e+01 2.350000000000e+01 5.244006733684e+01
     vertex 9.827088647980e+01 2.600000000000e+01 5.244006733684e+01
   endloop
 endfacet
 facet normal 9.009688679024e-01 7.209742116859e-15 4.338837391176e-01
   outer loop
     vertex 9.801751462730e+01 2.600000000000e+01 5.287892025858e+01
     vertex 9.812775681357e+01 2.350000000000e+01 5.265000000000e+01
     vertex 9.812775681357e+01 2.600000000000e+01 5.265000000000e+01
   endloop
 endfacet
 facet normal 9.009688679024e-01 1.233171755978e-14 4.338837391175e-01
   outer loop
     vertex 9.801751462730e+01 2.600000000000e+01 5.287892025858e+01
     vertex 9.801751462730e+01 2.350000000000e+01 5.287892025858e+01
     vertex 9.812775681357e+01 2.350000000000e+01 5.265000000000e+01
   endloop
 endfacet
 facet normal 9.555728057861e-01 8.373132322080e-15 2.947551744109e-01
   outer loop
     vertex 9.794262254929e+01 2.600000000000e+01 5.312171441227e+01
     vertex 9.801751462730e+01 2.350000000000e+01 5.287892025858e+01
     vertex 9.801751462730e+01 2.600000000000e+01 5.287892025858e+01
   endloop
 endfacet
 facet normal 9.555728057861e-01 7.539701328194e-15 2.947551744109e-01
   outer loop
     vertex 9.794262254929e+01 2.600000000000e+01 5.312171441227e+01
     vertex 9.794262254929e+01 2.350000000000e+01 5.312171441227e+01
     vertex 9.801751462730e+01 2.350000000000e+01 5.287892025858e+01
   endloop
 endfacet
 facet normal 9.888308262251e-01 3.812424240582e-15 1.490422661762e-01
   outer loop
     vertex 9.790475354479e+01 2.600000000000e+01 5.337295884090e+01
     vertex 9.794262254929e+01 2.350000000000e+01 5.312171441227e+01
     vertex 9.794262254929e+01 2.600000000000e+01 5.312171441227e+01
   endloop
 endfacet
 facet normal 9.888308262251e-01 3.812432383897e-15 1.490422661762e-01
   outer loop
     vertex 9.790475354479e+01 2.600000000000e+01 5.337295884090e+01
     vertex 9.790475354479e+01 2.350000000000e+01 5.337295884090e+01
     vertex 9.794262254929e+01 2.350000000000e+01 5.312171441227e+01
   endloop
 endfacet
 facet normal 1.000000000000e+00 0.000000000000e+00 0.000000000000e+00
   outer loop
     vertex 9.790475354479e+01 2.600000000000e+01 5.362704115910e+01
     vertex 9.790475354479e+01 2.350000000000e+01 5.337295884090e+01
     vertex 9.790475354479e+01 2.600000000000e+01 5.337295884090e+01
   endloop
 endfacet
 facet normal 1.000000000000e+00 0.000000000000e+00 0.000000000000e+00
   outer loop
     vertex 9.790475354479e+01 2.600000000000e+01 5.362704115910e+01
     vertex 9.790475354479e+01 2.350000000000e+01 5.362704115910e+01
     vertex 9.790475354479e+01 2.350000000000e+01 5.337295884090e+01
   endloop
 endfacet
 facet normal 9.888308262251e-01 -2.965825734435e-15 -1.490422661762e-01
   outer loop
     vertex 9.794262254929e+01 2.600000000000e+01 5.387828558773e+01
     vertex 9.790475354479e+01 2.350000000000e+01 5.362704115910e+01
     vertex 9.790475354479e+01 2.600000000000e+01 5.362704115910e+01
   endloop
 endfacet
 facet normal 9.888308262251e-01 -2.965225187475e-15 -1.490422661762e-01
   outer loop
     vertex 9.794262254929e+01 2.600000000000e+01 5.387828558773e+01
     vertex 9.794262254929e+01 2.350000000000e+01 5.387828558773e+01
     vertex 9.790475354479e+01 2.350000000000e+01 5.362704115910e+01
   endloop
 endfacet
 facet normal 9.555728057861e-01 -5.864212144151e-15 -2.947551744109e-01
   outer loop
     vertex 9.794262254929e+01 2.600000000000e+01 5.387828558773e+01
     vertex 9.801751462730e+01 2.350000000000e+01 5.412107974142e+01
     vertex 9.794262254929e+01 2.350000000000e+01 5.387828558773e+01
   endloop
 endfacet
 facet normal 9.555728057862e-01 1.243079565023e-15 -2.947551744109e-01
   outer loop
     vertex 9.801751462730e+01 2.600000000000e+01 5.412107974142e+01
     vertex 9.801751462730e+01 2.350000000000e+01 5.412107974142e+01
     vertex 9.794262254929e+01 2.600000000000e+01 5.387828558773e+01
   endloop
 endfacet
 facet normal 9.009688679024e-01 -1.043227836606e-15 -4.338837391175e-01
   outer loop
     vertex 9.812775681357e+01 2.600000000000e+01 5.435000000000e+01
     vertex 9.801751462730e+01 2.350000000000e+01 5.412107974142e+01
     vertex 9.801751462730e+01 2.600000000000e+01 5.412107974142e+01
   endloop
 endfacet
 facet normal 9.009688679024e-01 -1.044443706016e-15 -4.338837391175e-01
   outer loop
     vertex 9.812775681357e+01 2.600000000000e+01 5.435000000000e+01
     vertex 9.812775681357e+01 2.350000000000e+01 5.435000000000e+01
     vertex 9.801751462730e+01 2.350000000000e+01 5.412107974142e+01
   endloop
 endfacet
 facet normal 8.262387743160e-01 -3.309927062740e-15 -5.633200580636e-01
   outer loop
     vertex 9.827088647980e+01 2.600000000000e+01 5.455993266316e+01
     vertex 9.812775681357e+01 2.350000000000e+01 5.435000000000e+01
     vertex 9.812775681357e+01 2.600000000000e+01 5.435000000000e+01
   endloop
 endfacet
 facet normal 8.262387743160e-01 -1.707583929893e-15 -5.633200580636e-01
   outer loop
     vertex 9.827088647980e+01 2.600000000000e+01 5.455993266316e+01
     vertex 9.827088647980e+01 2.350000000000e+01 5.455993266316e+01
     vertex 9.812775681357e+01 2.350000000000e+01 5.435000000000e+01
   endloop
 endfacet
 facet normal 7.330518718299e-01 -3.561175651661e-15 -6.801727377709e-01
   outer loop
     vertex 9.844370634579e+01 2.600000000000e+01 5.474618818211e+01
     vertex 9.827088647980e+01 2.350000000000e+01 5.455993266316e+01
     vertex 9.827088647980e+01 2.600000000000e+01 5.455993266316e+01
   endloop
 endfacet
 facet normal 7.330518718298e-01 3.005830766309e-16 -6.801727377709e-01
   outer loop
     vertex 9.844370634579e+01 2.600000000000e+01 5.474618818211e+01
     vertex 9.844370634579e+01 2.350000000000e+01 5.474618818211e+01
     vertex 9.827088647980e+01 2.350000000000e+01 5.455993266316e+01
   endloop
 endfacet
 facet normal 6.234898018587e-01 -8.957558387613e-16 -7.818314824680e-01
   outer loop
     vertex 9.864235590129e+01 2.600000000000e+01 5.490460591634e+01
     vertex 9.844370634579e+01 2.350000000000e+01 5.474618818211e+01
     vertex 9.844370634579e+01 2.600000000000e+01 5.474618818211e+01
   endloop
 endfacet
 facet normal 6.234898018587e-01 -9.000682473999e-16 -7.818314824680e-01
   outer loop
     vertex 9.864235590129e+01 2.600000000000e+01 5.490460591634e+01
     vertex 9.864235590129e+01 2.350000000000e+01 5.490460591634e+01
     vertex 9.844370634579e+01 2.350000000000e+01 5.474618818211e+01
   endloop
 endfacet
 facet normal 5.000000000000e-01 -2.080993747366e-15 -8.660254037844e-01
   outer loop
     vertex 9.886239764350e+01 2.600000000000e+01 5.503164707543e+01
     vertex 9.864235590129e+01 2.350000000000e+01 5.490460591634e+01
     vertex 9.864235590129e+01 2.600000000000e+01 5.490460591634e+01
   endloop
 endfacet
 facet normal 5.000000000000e-01 3.807787044694e-16 -8.660254037844e-01
   outer loop
     vertex 9.886239764350e+01 2.600000000000e+01 5.503164707543e+01
     vertex 9.886239764350e+01 2.350000000000e+01 5.503164707543e+01
     vertex 9.864235590129e+01 2.350000000000e+01 5.490460591634e+01
   endloop
 endfacet
 facet normal 3.653410243664e-01 -5.689790325261e-16 -9.308737486442e-01
   outer loop
     vertex 9.886239764350e+01 2.600000000000e+01 5.503164707543e+01
     vertex 9.909891620350e+01 2.350000000000e+01 5.512447376984e+01
     vertex 9.886239764350e+01 2.350000000000e+01 5.503164707543e+01
   endloop
 endfacet
 facet normal 3.653410243664e-01 2.076723287510e-15 -9.308737486442e-01
   outer loop
     vertex 9.909891620350e+01 2.600000000000e+01 5.512447376984e+01
     vertex 9.909891620350e+01 2.350000000000e+01 5.512447376984e+01
     vertex 9.886239764350e+01 2.600000000000e+01 5.503164707543e+01
   endloop
 endfacet
 facet normal 2.225209339563e-01 1.264885065418e-15 -9.749279121818e-01
   outer loop
     vertex 9.909891620350e+01 2.600000000000e+01 5.512447376984e+01
     vertex 9.934662814750e+01 2.350000000000e+01 5.518101240458e+01
     vertex 9.909891620350e+01 2.350000000000e+01 5.512447376984e+01
   endloop
 endfacet
 facet normal 2.225209339563e-01 0.000000000000e+00 -9.749279121818e-01
   outer loop
     vertex 9.934662814750e+01 2.600000000000e+01 5.518101240458e+01
     vertex 9.934662814750e+01 2.350000000000e+01 5.518101240458e+01
     vertex 9.909891620350e+01 2.600000000000e+01 5.512447376984e+01
   endloop
 endfacet
 facet normal 7.473009358644e-02 0.000000000000e+00 -9.972037971812e-01
   outer loop
     vertex 9.960000000000e+01 2.600000000000e+01 5.520000000000e+01
     vertex 9.934662814750e+01 2.350000000000e+01 5.518101240458e+01
     vertex 9.934662814750e+01 2.600000000000e+01 5.518101240458e+01
   endloop
 endfacet
 facet normal 7.473009358644e-02 0.000000000000e+00 -9.972037971812e-01
   outer loop
     vertex 9.960000000000e+01 2.600000000000e+01 5.520000000000e+01
     vertex 9.960000000000e+01 2.350000000000e+01 5.520000000000e+01
     vertex 9.934662814750e+01 2.350000000000e+01 5.518101240458e+01
   endloop
 endfacet
 facet normal -7.473009358644e-02 -0.000000000000e+00 -9.972037971812e-01
   outer loop
     vertex 9.960000000000e+01 2.600000000000e+01 -5.180000000000e+01
     vertex 9.985337185250e+01 2.350000000000e+01 -5.181898759542e+01
     vertex 9.960000000000e+01 2.350000000000e+01 -5.180000000000e+01
   endloop
 endfacet
 facet normal -2.225209339563e-01 2.770911783562e-15 -9.749279121818e-01
   outer loop
     vertex 9.985337185250e+01 2.600000000000e+01 -5.181898759542e+01
     vertex 1.001010837965e+02 2.350000000000e+01 -5.187552623016e+01
     vertex 9.985337185250e+01 2.350000000000e+01 -5.181898759542e+01
   endloop
 endfacet
 facet normal -7.473009358641e-02 2.834223656638e-15 -9.972037971812e-01
   outer loop
     vertex 9.985337185250e+01 2.600000000000e+01 -5.181898759542e+01
     vertex 9.985337185250e+01 2.350000000000e+01 -5.181898759542e+01
     vertex 9.960000000000e+01 2.600000000000e+01 -5.180000000000e+01
   endloop
 endfacet
 facet normal -3.653410243664e-01 4.722425607545e-15 -9.308737486442e-01
   outer loop
     vertex 1.001010837965e+02 2.600000000000e+01 -5.187552623016e+01
     vertex 1.003376023565e+02 2.350000000000e+01 -5.196835292457e+01
     vertex 1.001010837965e+02 2.350000000000e+01 -5.187552623016e+01
   endloop
 endfacet
 facet normal -2.225209339563e-01 4.035796848980e-15 -9.749279121818e-01
   outer loop
     vertex 1.001010837965e+02 2.600000000000e+01 -5.187552623016e+01
     vertex 1.001010837965e+02 2.350000000000e+01 -5.187552623016e+01
     vertex 9.985337185250e+01 2.600000000000e+01 -5.181898759542e+01
   endloop
 endfacet
 facet normal -3.653410243664e-01 4.722425607545e-15 -9.308737486442e-01
   outer loop
     vertex 1.003376023565e+02 2.600000000000e+01 -5.196835292457e+01
     vertex 1.003376023565e+02 2.350000000000e+01 -5.196835292457e+01
     vertex 1.001010837965e+02 2.600000000000e+01 -5.187552623016e+01
   endloop
 endfacet
 facet normal -5.000000000000e-01 5.303563181611e-15 -8.660254037844e-01
   outer loop
     vertex 1.003376023565e+02 2.600000000000e+01 -5.196835292457e+01
     vertex 1.005576440987e+02 2.350000000000e+01 -5.209539408366e+01
     vertex 1.003376023565e+02 2.350000000000e+01 -5.196835292457e+01
   endloop
 endfacet
 facet normal -5.000000000000e-01 7.764955420182e-15 -8.660254037844e-01
   outer loop
     vertex 1.005576440987e+02 2.600000000000e+01 -5.209539408366e+01
     vertex 1.005576440987e+02 2.350000000000e+01 -5.209539408366e+01
     vertex 1.003376023565e+02 2.600000000000e+01 -5.196835292457e+01
   endloop
 endfacet
 facet normal -6.234898018587e-01 7.988326639899e-15 -7.818314824680e-01
   outer loop
     vertex 1.005576440987e+02 2.600000000000e+01 -5.209539408366e+01
     vertex 1.007562936542e+02 2.350000000000e+01 -5.225381181789e+01
     vertex 1.005576440987e+02 2.350000000000e+01 -5.209539408366e+01
   endloop
 endfacet
 facet normal -6.234898018588e-01 5.766227918075e-15 -7.818314824680e-01
   outer loop
     vertex 1.007562936542e+02 2.600000000000e+01 -5.225381181789e+01
     vertex 1.007562936542e+02 2.350000000000e+01 -5.225381181789e+01
     vertex 1.005576440987e+02 2.600000000000e+01 -5.209539408366e+01
   endloop
 endfacet
 facet normal -7.330518718298e-01 6.100084651253e-15 -6.801727377709e-01
   outer loop
     vertex 1.007562936542e+02 2.600000000000e+01 -5.225381181789e+01
     vertex 1.009291135202e+02 2.350000000000e+01 -5.244006733684e+01
     vertex 1.007562936542e+02 2.350000000000e+01 -5.225381181789e+01
   endloop
 endfacet
 facet normal -7.330518718298e-01 6.100084651253e-15 -6.801727377709e-01
   outer loop
     vertex 1.009291135202e+02 2.600000000000e+01 -5.244006733684e+01
     vertex 1.009291135202e+02 2.350000000000e+01 -5.244006733684e+01
     vertex 1.007562936542e+02 2.600000000000e+01 -5.225381181789e+01
   endloop
 endfacet
 facet normal -8.262387743160e-01 6.297675573409e-15 -5.633200580636e-01
   outer loop
     vertex 1.009291135202e+02 2.600000000000e+01 -5.244006733684e+01
     vertex 1.010722431864e+02 2.350000000000e+01 -5.265000000000e+01
     vertex 1.009291135202e+02 2.350000000000e+01 -5.244006733684e+01
   endloop
 endfacet
 facet normal -8.262387743160e-01 6.297675573409e-15 -5.633200580636e-01
   outer loop
     vertex 1.010722431864e+02 2.600000000000e+01 -5.265000000000e+01
     vertex 1.010722431864e+02 2.350000000000e+01 -5.265000000000e+01
     vertex 1.009291135202e+02 2.600000000000e+01 -5.244006733684e+01
   endloop
 endfacet
 facet normal -9.009688679024e-01 6.354586829850e-15 -4.338837391176e-01
   outer loop
     vertex 1.010722431864e+02 2.600000000000e+01 -5.265000000000e+01
     vertex 1.011824853727e+02 2.350000000000e+01 -5.287892025858e+01
     vertex 1.010722431864e+02 2.350000000000e+01 -5.265000000000e+01
   endloop
 endfacet
 facet normal -9.009688679024e-01 1.147600190372e-14 -4.338837391176e-01
   outer loop
     vertex 1.011824853727e+02 2.600000000000e+01 -5.287892025858e+01
     vertex 1.011824853727e+02 2.350000000000e+01 -5.287892025858e+01
     vertex 1.010722431864e+02 2.600000000000e+01 -5.265000000000e+01
   endloop
 endfacet
 facet normal -9.555728057861e-01 1.169944516236e-14 -2.947551744109e-01
   outer loop
     vertex 1.012573774507e+02 2.600000000000e+01 -5.312171441227e+01
     vertex 1.011824853727e+02 2.350000000000e+01 -5.287892025858e+01
     vertex 1.011824853727e+02 2.600000000000e+01 -5.287892025858e+01
   endloop
 endfacet
 facet normal -9.555728057861e-01 6.269547117151e-15 -2.947551744109e-01
   outer loop
     vertex 1.012573774507e+02 2.600000000000e+01 -5.312171441227e+01
     vertex 1.012573774507e+02 2.350000000000e+01 -5.312171441227e+01
     vertex 1.011824853727e+02 2.350000000000e+01 -5.287892025858e+01
   endloop
 endfacet
 facet normal -9.888308262251e-01 6.046351911639e-15 -1.490422661762e-01
   outer loop
     vertex 1.012952464552e+02 2.600000000000e+01 -5.337295884090e+01
     vertex 1.012573774507e+02 2.350000000000e+01 -5.312171441227e+01
     vertex 1.012573774507e+02 2.600000000000e+01 -5.312171441227e+01
   endloop
 endfacet
 facet normal -9.888308262251e-01 1.166530856573e-14 -1.490422661762e-01
   outer loop
     vertex 1.012952464552e+02 2.600000000000e+01 -5.337295884090e+01
     vertex 1.012952464552e+02 2.350000000000e+01 -5.337295884090e+01
     vertex 1.012573774507e+02 2.350000000000e+01 -5.312171441227e+01
   endloop
 endfacet
 facet normal -1.000000000000e+00 1.136868377216e-14 0.000000000000e+00
   outer loop
     vertex 1.012952464552e+02 2.600000000000e+01 -5.362704115910e+01
     vertex 1.012952464552e+02 2.350000000000e+01 -5.337295884090e+01
     vertex 1.012952464552e+02 2.600000000000e+01 -5.337295884090e+01
   endloop
 endfacet
 facet normal -1.000000000000e+00 1.136868377216e-14 0.000000000000e+00
   outer loop
     vertex 1.012952464552e+02 2.600000000000e+01 -5.362704115910e+01
     vertex 1.012952464552e+02 2.350000000000e+01 -5.362704115910e+01
     vertex 1.012952464552e+02 2.350000000000e+01 -5.337295884090e+01
   endloop
 endfacet
 facet normal -9.888308262251e-01 1.081810136931e-14 1.490422661762e-01
   outer loop
     vertex 1.012952464552e+02 2.600000000000e+01 -5.362704115910e+01
     vertex 1.012573774507e+02 2.350000000000e+01 -5.387828558773e+01
     vertex 1.012952464552e+02 2.350000000000e+01 -5.362704115910e+01
   endloop
 endfacet
 facet normal -9.888308262251e-01 1.081810136931e-14 1.490422661762e-01
   outer loop
     vertex 1.012573774507e+02 2.600000000000e+01 -5.387828558773e+01
     vertex 1.012573774507e+02 2.350000000000e+01 -5.387828558773e+01
     vertex 1.012952464552e+02 2.600000000000e+01 -5.362704115910e+01
   endloop
 endfacet
 facet normal -9.555728057861e-01 1.002809585345e-14 2.947551744109e-01
   outer loop
     vertex 1.011824853727e+02 2.600000000000e+01 -5.412107974142e+01
     vertex 1.012573774507e+02 2.350000000000e+01 -5.387828558773e+01
     vertex 1.012573774507e+02 2.600000000000e+01 -5.387828558773e+01
   endloop
 endfacet
 facet normal -9.555728057861e-01 1.086360505026e-14 2.947551744109e-01
   outer loop
     vertex 1.011824853727e+02 2.600000000000e+01 -5.412107974142e+01
     vertex 1.011824853727e+02 2.350000000000e+01 -5.412107974142e+01
     vertex 1.012573774507e+02 2.350000000000e+01 -5.387828558773e+01
   endloop
 endfacet
 facet normal -9.009688679024e-01 1.024111096145e-14 4.338837391175e-01
   outer loop
     vertex 1.010722431864e+02 2.600000000000e+01 -5.435000000000e+01
     vertex 1.011824853727e+02 2.350000000000e+01 -5.412107974142e+01
     vertex 1.011824853727e+02 2.600000000000e+01 -5.412107974142e+01
   endloop
 endfacet
 facet normal -9.009688679024e-01 1.536424522162e-14 4.338837391175e-01
   outer loop
     vertex 1.010722431864e+02 2.600000000000e+01 -5.435000000000e+01
     vertex 1.010722431864e+02 2.350000000000e+01 -5.435000000000e+01
     vertex 1.011824853727e+02 2.350000000000e+01 -5.412107974142e+01
   endloop
 endfacet
 facet normal -8.262387743160e-01 1.409176868295e-14 5.633200580636e-01
   outer loop
     vertex 1.009291135202e+02 2.600000000000e+01 -5.455993266316e+01
     vertex 1.010722431864e+02 2.350000000000e+01 -5.435000000000e+01
     vertex 1.010722431864e+02 2.600000000000e+01 -5.435000000000e+01
   endloop
 endfacet
 facet normal -8.262387743160e-01 1.408987101825e-14 5.633200580636e-01
   outer loop
     vertex 1.009291135202e+02 2.600000000000e+01 -5.455993266316e+01
     vertex 1.009291135202e+02 2.350000000000e+01 -5.455993266316e+01
     vertex 1.010722431864e+02 2.350000000000e+01 -5.435000000000e+01
   endloop
 endfacet
 facet normal -7.330518718298e-01 1.249688633589e-14 6.801727377709e-01
   outer loop
     vertex 1.007562936542e+02 2.600000000000e+01 -5.474618818211e+01
     vertex 1.009291135202e+02 2.350000000000e+01 -5.455993266316e+01
     vertex 1.009291135202e+02 2.600000000000e+01 -5.455993266316e+01
   endloop
 endfacet
 facet normal -7.330518718298e-01 1.443391957068e-14 6.801727377709e-01
   outer loop
     vertex 1.007562936542e+02 2.600000000000e+01 -5.474618818211e+01
     vertex 1.007562936542e+02 2.350000000000e+01 -5.474618818211e+01
     vertex 1.009291135202e+02 2.350000000000e+01 -5.455993266316e+01
   endloop
 endfacet
 facet normal -6.234898018587e-01 1.153245583615e-14 7.818314824680e-01
   outer loop
     vertex 1.005576440987e+02 2.600000000000e+01 -5.490460591634e+01
     vertex 1.005576440987e+02 2.350000000000e+01 -5.490460591634e+01
     vertex 1.007562936542e+02 2.350000000000e+01 -5.474618818211e+01
   endloop
 endfacet
 facet normal -6.234898018587e-01 1.285737344173e-14 7.818314824680e-01
   outer loop
     vertex 1.005576440987e+02 2.600000000000e+01 -5.490460591634e+01
     vertex 1.007562936542e+02 2.350000000000e+01 -5.474618818211e+01
     vertex 1.007562936542e+02 2.600000000000e+01 -5.474618818211e+01
   endloop
 endfacet
 facet normal -5.000000000000e-01 8.145734124652e-15 8.660254037844e-01
   outer loop
     vertex 1.003376023565e+02 2.600000000000e+01 -5.503164707543e+01
     vertex 1.003376023565e+02 2.350000000000e+01 -5.503164707543e+01
     vertex 1.005576440987e+02 2.350000000000e+01 -5.490460591634e+01
   endloop
 endfacet
 facet normal -5.000000000000e-01 1.060705999314e-14 8.660254037844e-01
   outer loop
     vertex 1.003376023565e+02 2.600000000000e+01 -5.503164707543e+01
     vertex 1.005576440987e+02 2.350000000000e+01 -5.490460591634e+01
     vertex 1.005576440987e+02 2.600000000000e+01 -5.490460591634e+01
   endloop
 endfacet
 facet normal -3.653410243664e-01 1.152157450260e-14 9.308737486442e-01
   outer loop
     vertex 1.001010837965e+02 2.600000000000e+01 -5.512447376984e+01
     vertex 1.001010837965e+02 2.350000000000e+01 -5.512447376984e+01
     vertex 1.003376023565e+02 2.350000000000e+01 -5.503164707543e+01
   endloop
 endfacet
 facet normal -3.653410243664e-01 6.800097678402e-15 9.308737486442e-01
   outer loop
     vertex 1.001010837965e+02 2.600000000000e+01 -5.512447376984e+01
     vertex 1.003376023565e+02 2.350000000000e+01 -5.503164707543e+01
     vertex 1.003376023565e+02 2.600000000000e+01 -5.503164707543e+01
   endloop
 endfacet
 facet normal -2.225209339563e-01 1.084250548152e-14 9.749279121818e-01
   outer loop
     vertex 9.985337185250e+01 2.600000000000e+01 -5.518101240458e+01
     vertex 9.985337185250e+01 2.350000000000e+01 -5.518101240458e+01
     vertex 1.001010837965e+02 2.350000000000e+01 -5.512447376984e+01
   endloop
 endfacet
 facet normal -2.225209339563e-01 9.334431270995e-15 9.749279121818e-01
   outer loop
     vertex 9.985337185250e+01 2.600000000000e+01 -5.518101240458e+01
     vertex 1.001010837965e+02 2.350000000000e+01 -5.512447376984e+01
     vertex 1.001010837965e+02 2.600000000000e+01 -5.512447376984e+01
   endloop
 endfacet
 facet normal -7.473009358644e-02 9.352253772162e-15 9.972037971812e-01
   outer loop
     vertex 9.960000000000e+01 2.600000000000e+01 -5.520000000000e+01
     vertex 9.960000000000e+01 2.350000000000e+01 -5.520000000000e+01
     vertex 9.985337185250e+01 2.350000000000e+01 -5.518101240458e+01
   endloop
 endfacet
 facet normal -7.473009358644e-02 9.352182529995e-15 9.972037971812e-01
   outer loop
     vertex 9.960000000000e+01 2.600000000000e+01 -5.520000000000e+01
     vertex 9.985337185250e+01 2.350000000000e+01 -5.518101240458e+01
     vertex 9.985337185250e+01 2.600000000000e+01 -5.518101240458e+01
   endloop
 endfacet
 facet normal 7.473009358644e-02 1.048731182430e-14 9.972037971812e-01
   outer loop
     vertex 9.934662814750e+01 2.600000000000e+01 -5.518101240458e+01
     vertex 9.934662814750e+01 2.350000000000e+01 -5.518101240458e+01
     vertex 9.960000000000e+01 2.350000000000e+01 -5.520000000000e+01
   endloop
 endfacet
 facet normal 7.473009358641e-02 7.653523591856e-15 9.972037971812e-01
   outer loop
     vertex 9.934662814750e+01 2.600000000000e+01 -5.518101240458e+01
     vertex 9.960000000000e+01 2.350000000000e+01 -5.520000000000e+01
     vertex 9.960000000000e+01 2.600000000000e+01 -5.520000000000e+01
   endloop
 endfacet
 facet normal 2.225209339563e-01 5.782965219851e-15 9.749279121818e-01
   outer loop
     vertex 9.909891620350e+01 2.600000000000e+01 -5.512447376984e+01
     vertex 9.909891620350e+01 2.350000000000e+01 -5.512447376984e+01
     vertex 9.934662814750e+01 2.350000000000e+01 -5.518101240458e+01
   endloop
 endfacet
 facet normal 2.225209339563e-01 8.556106837925e-15 9.749279121818e-01
   outer loop
     vertex 9.909891620350e+01 2.600000000000e+01 -5.512447376984e+01
     vertex 9.934662814750e+01 2.350000000000e+01 -5.518101240458e+01
     vertex 9.934662814750e+01 2.600000000000e+01 -5.518101240458e+01
   endloop
 endfacet
 facet normal 3.653410243664e-01 6.429362705123e-15 9.308737486442e-01
   outer loop
     vertex 9.886239764350e+01 2.600000000000e+01 -5.503164707543e+01
     vertex 9.886239764350e+01 2.350000000000e+01 -5.503164707543e+01
     vertex 9.909891620350e+01 2.350000000000e+01 -5.512447376984e+01
   endloop
 endfacet
 facet normal 3.653410243664e-01 3.785114611351e-15 9.308737486442e-01
   outer loop
     vertex 9.886239764350e+01 2.600000000000e+01 -5.503164707543e+01
     vertex 9.909891620350e+01 2.350000000000e+01 -5.512447376984e+01
     vertex 9.909891620350e+01 2.600000000000e+01 -5.512447376984e+01
   endloop
 endfacet
 facet normal 5.000000000000e-01 7.003398011244e-15 8.660254037844e-01
   outer loop
     vertex 9.864235590129e+01 2.600000000000e+01 -5.490460591634e+01
     vertex 9.864235590129e+01 2.350000000000e+01 -5.490460591634e+01
     vertex 9.886239764350e+01 2.350000000000e+01 -5.503164707543e+01
   endloop
 endfacet
 facet normal 5.000000000000e-01 4.161987494732e-15 8.660254037845e-01
   outer loop
     vertex 9.864235590129e+01 2.600000000000e+01 -5.490460591634e+01
     vertex 9.886239764350e+01 2.350000000000e+01 -5.503164707543e+01
     vertex 9.886239764350e+01 2.600000000000e+01 -5.503164707543e+01
   endloop
 endfacet
 facet normal 6.234898018587e-01 4.022235216625e-15 7.818314824680e-01
   outer loop
     vertex 9.844370634579e+01 2.600000000000e+01 -5.474618818211e+01
     vertex 9.844370634579e+01 2.350000000000e+01 -5.474618818211e+01
     vertex 9.864235590129e+01 2.350000000000e+01 -5.490460591634e+01
   endloop
 endfacet
 facet normal 6.234898018587e-01 5.341763477492e-15 7.818314824680e-01
   outer loop
     vertex 9.844370634579e+01 2.600000000000e+01 -5.474618818211e+01
     vertex 9.864235590129e+01 2.350000000000e+01 -5.490460591634e+01
     vertex 9.864235590129e+01 2.600000000000e+01 -5.490460591634e+01
   endloop
 endfacet
 facet normal 7.330518718299e-01 5.498918497991e-15 6.801727377709e-01
   outer loop
     vertex 9.827088647980e+01 2.600000000000e+01 -5.455993266316e+01
     vertex 9.827088647980e+01 2.350000000000e+01 -5.455993266316e+01
     vertex 9.844370634579e+01 2.350000000000e+01 -5.474618818211e+01
   endloop
 endfacet
 facet normal 7.330518718298e-01 1.332709906450e-15 6.801727377709e-01
   outer loop
     vertex 9.827088647980e+01 2.600000000000e+01 -5.455993266316e+01
     vertex 9.844370634579e+01 2.350000000000e+01 -5.474618818211e+01
     vertex 9.844370634579e+01 2.600000000000e+01 -5.474618818211e+01
   endloop
 endfacet
 facet normal 8.262387743160e-01 1.065320292325e-16 5.633200580636e-01
   outer loop
     vertex 9.812775681357e+01 2.600000000000e+01 -5.435000000000e+01
     vertex 9.812775681357e+01 2.350000000000e+01 -5.435000000000e+01
     vertex 9.827088647980e+01 2.350000000000e+01 -5.455993266316e+01
   endloop
 endfacet
 facet normal 8.262387743160e-01 3.309927062740e-15 5.633200580636e-01
   outer loop
     vertex 9.812775681357e+01 2.600000000000e+01 -5.435000000000e+01
     vertex 9.827088647980e+01 2.350000000000e+01 -5.455993266316e+01
     vertex 9.827088647980e+01 2.600000000000e+01 -5.455993266316e+01
   endloop
 endfacet
 facet normal 9.009688679024e-01 -1.425562645834e-15 4.338837391176e-01
   outer loop
     vertex 9.801751462730e+01 2.600000000000e+01 -5.412107974142e+01
     vertex 9.812775681357e+01 2.350000000000e+01 -5.435000000000e+01
     vertex 9.812775681357e+01 2.600000000000e+01 -5.435000000000e+01
   endloop
 endfacet
 facet normal 9.009688679024e-01 4.932687023910e-15 4.338837391175e-01
   outer loop
     vertex 9.801751462730e+01 2.600000000000e+01 -5.412107974142e+01
     vertex 9.801751462730e+01 2.350000000000e+01 -5.412107974142e+01
     vertex 9.812775681357e+01 2.350000000000e+01 -5.435000000000e+01
   endloop
 endfacet
 facet normal 9.555728057861e-01 3.353622469509e-15 2.947551744109e-01
   outer loop
     vertex 9.794262254929e+01 2.600000000000e+01 -5.387828558773e+01
     vertex 9.801751462730e+01 2.350000000000e+01 -5.412107974142e+01
     vertex 9.801751462730e+01 2.600000000000e+01 -5.412107974142e+01
   endloop
 endfacet
 facet normal 9.555728057861e-01 -2.918568749065e-15 2.947551744109e-01
   outer loop
     vertex 9.794262254929e+01 2.600000000000e+01 -5.387828558773e+01
     vertex 9.794262254929e+01 2.350000000000e+01 -5.387828558773e+01
     vertex 9.801751462730e+01 2.350000000000e+01 -5.412107974142e+01
   endloop
 endfacet
 facet normal 9.888308262251e-01 -4.350423936423e-15 1.490422661762e-01
   outer loop
     vertex 9.790475354479e+01 2.600000000000e+01 -5.362704115910e+01
     vertex 9.794262254929e+01 2.350000000000e+01 -5.387828558773e+01
     vertex 9.794262254929e+01 2.600000000000e+01 -5.387828558773e+01
   endloop
 endfacet
 facet normal 9.888308262251e-01 1.270810794632e-15 1.490422661762e-01
   outer loop
     vertex 9.790475354479e+01 2.600000000000e+01 -5.362704115910e+01
     vertex 9.790475354479e+01 2.350000000000e+01 -5.362704115910e+01
     vertex 9.794262254929e+01 2.350000000000e+01 -5.387828558773e+01
   endloop
 endfacet
 facet normal 1.000000000000e+00 0.000000000000e+00 0.000000000000e+00
   outer loop
     vertex 9.790475354479e+01 2.600000000000e+01 -5.337295884090e+01
     vertex 9.790475354479e+01 2.350000000000e+01 -5.362704115910e+01
     vertex 9.790475354479e+01 2.600000000000e+01 -5.362704115910e+01
   endloop
 endfacet
 facet normal 1.000000000000e+00 0.000000000000e+00 0.000000000000e+00
   outer loop
     vertex 9.790475354479e+01 2.600000000000e+01 -5.337295884090e+01
     vertex 9.790475354479e+01 2.350000000000e+01 -5.337295884090e+01
     vertex 9.790475354479e+01 2.350000000000e+01 -5.362704115910e+01
   endloop
 endfacet
 facet normal 9.888308262251e-01 -8.465985061464e-16 -1.490422661762e-01
   outer loop
     vertex 9.794262254929e+01 2.600000000000e+01 -5.312171441227e+01
     vertex 9.790475354479e+01 2.350000000000e+01 -5.337295884090e+01
     vertex 9.790475354479e+01 2.600000000000e+01 -5.337295884090e+01
   endloop
 endfacet
 facet normal 9.888308262251e-01 -1.270810794632e-15 -1.490422661762e-01
   outer loop
     vertex 9.794262254929e+01 2.600000000000e+01 -5.312171441227e+01
     vertex 9.794262254929e+01 2.350000000000e+01 -5.312171441227e+01
     vertex 9.790475354479e+01 2.350000000000e+01 -5.337295884090e+01
   endloop
 endfacet
 facet normal 9.555728057861e-01 -2.513233776065e-15 -2.947551744109e-01
   outer loop
     vertex 9.794262254929e+01 2.600000000000e+01 -5.312171441227e+01
     vertex 9.801751462730e+01 2.350000000000e+01 -5.287892025858e+01
     vertex 9.794262254929e+01 2.350000000000e+01 -5.312171441227e+01
   endloop
 endfacet
 facet normal 9.555728057861e-01 -1.675489184043e-15 -2.947551744109e-01
   outer loop
     vertex 9.801751462730e+01 2.600000000000e+01 -5.287892025858e+01
     vertex 9.801751462730e+01 2.350000000000e+01 -5.287892025858e+01
     vertex 9.794262254929e+01 2.600000000000e+01 -5.312171441227e+01
   endloop
 endfacet
 facet normal 9.009688679024e-01 -2.468790482440e-15 -4.338837391175e-01
   outer loop
     vertex 9.812775681357e+01 2.600000000000e+01 -5.265000000000e+01
     vertex 9.801751462730e+01 2.350000000000e+01 -5.287892025858e+01
     vertex 9.801751462730e+01 2.600000000000e+01 -5.287892025858e+01
   endloop
 endfacet
 facet normal 9.009688679024e-01 -2.466343511955e-15 -4.338837391175e-01
   outer loop
     vertex 9.812775681357e+01 2.600000000000e+01 -5.265000000000e+01
     vertex 9.812775681357e+01 2.350000000000e+01 -5.265000000000e+01
     vertex 9.801751462730e+01 2.350000000000e+01 -5.287892025858e+01
   endloop
 endfacet
 facet normal 8.262387743160e-01 -3.206150471664e-15 -5.633200580636e-01
   outer loop
     vertex 9.827088647980e+01 2.600000000000e+01 -5.244006733684e+01
     vertex 9.812775681357e+01 2.350000000000e+01 -5.265000000000e+01
     vertex 9.812775681357e+01 2.600000000000e+01 -5.265000000000e+01
   endloop
 endfacet
 facet normal 8.262387743160e-01 1.494519871428e-15 -5.633200580636e-01
   outer loop
     vertex 9.827088647980e+01 2.600000000000e+01 -5.244006733684e+01
     vertex 9.827088647980e+01 2.350000000000e+01 -5.244006733684e+01
     vertex 9.812775681357e+01 2.350000000000e+01 -5.265000000000e+01
   endloop
 endfacet
 facet normal 7.330518718298e-01 2.949439956897e-16 -6.801727377709e-01
   outer loop
     vertex 9.844370634579e+01 2.600000000000e+01 -5.225381181789e+01
     vertex 9.827088647980e+01 2.350000000000e+01 -5.244006733684e+01
     vertex 9.827088647980e+01 2.600000000000e+01 -5.244006733684e+01
   endloop
 endfacet
 facet normal 7.330518718298e-01 0.000000000000e+00 -6.801727377709e-01
   outer loop
     vertex 9.844370634579e+01 2.600000000000e+01 -5.225381181789e+01
     vertex 9.844370634579e+01 2.350000000000e+01 -5.225381181789e+01
     vertex 9.827088647980e+01 2.350000000000e+01 -5.244006733684e+01
   endloop
 endfacet
 facet normal 6.234898018587e-01 0.000000000000e+00 -7.818314824680e-01
   outer loop
     vertex 9.864235590129e+01 2.600000000000e+01 -5.209539408366e+01
     vertex 9.844370634579e+01 2.350000000000e+01 -5.225381181789e+01
     vertex 9.844370634579e+01 2.600000000000e+01 -5.225381181789e+01
   endloop
 endfacet
 facet normal 6.234898018587e-01 0.000000000000e+00 -7.818314824680e-01
   outer loop
     vertex 9.864235590129e+01 2.600000000000e+01 -5.209539408366e+01
     vertex 9.864235590129e+01 2.350000000000e+01 -5.209539408366e+01
     vertex 9.844370634579e+01 2.350000000000e+01 -5.225381181789e+01
   endloop
 endfacet
 facet normal 5.000000000000e-01 0.000000000000e+00 -8.660254037844e-01
   outer loop
     vertex 9.886239764350e+01 2.600000000000e+01 -5.196835292457e+01
     vertex 9.864235590129e+01 2.350000000000e+01 -5.209539408366e+01
     vertex 9.864235590129e+01 2.600000000000e+01 -5.209539408366e+01
   endloop
 endfacet
 facet normal 5.000000000000e-01 2.461392238571e-15 -8.660254037844e-01
   outer loop
     vertex 9.886239764350e+01 2.600000000000e+01 -5.196835292457e+01
     vertex 9.886239764350e+01 2.350000000000e+01 -5.196835292457e+01
     vertex 9.864235590129e+01 2.350000000000e+01 -5.209539408366e+01
   endloop
 endfacet
 facet normal 3.653410243664e-01 2.645702320036e-15 -9.308737486442e-01
   outer loop
     vertex 9.886239764350e+01 2.600000000000e+01 -5.196835292457e+01
     vertex 9.909891620350e+01 2.350000000000e+01 -5.187552623016e+01
     vertex 9.886239764350e+01 2.350000000000e+01 -5.196835292457e+01
   endloop
 endfacet
 facet normal 3.653410243664e-01 2.645702320036e-15 -9.308737486442e-01
   outer loop
     vertex 9.909891620350e+01 2.600000000000e+01 -5.187552623016e+01
     vertex 9.909891620350e+01 2.350000000000e+01 -5.187552623016e+01
     vertex 9.886239764350e+01 2.600000000000e+01 -5.196835292457e+01
   endloop
 endfacet
 facet normal 2.225209339563e-01 2.770911783562e-15 -9.749279121818e-01
   outer loop
     vertex 9.909891620350e+01 2.600000000000e+01 -5.187552623016e+01
     vertex 9.934662814750e+01 2.350000000000e+01 -5.181898759542e+01
     vertex 9.909891620350e+01 2.350000000000e+01 -5.187552623016e+01
   endloop
 endfacet
 facet normal 2.225209339563e-01 2.770911783562e-15 -9.749279121818e-01
   outer loop
     vertex 9.934662814750e+01 2.600000000000e+01 -5.181898759542e+01
     vertex 9.934662814750e+01 2.350000000000e+01 -5.181898759542e+01
     vertex 9.909891620350e+01 2.600000000000e+01 -5.187552623016e+01
   endloop
 endfacet
 facet normal 7.473009358641e-02 2.834739514129e-15 -9.972037971812e-01
   outer loop
     vertex 9.960000000000e+01 2.600000000000e+01 -5.180000000000e+01
     vertex 9.934662814750e+01 2.350000000000e+01 -5.181898759542e+01
     vertex 9.934662814750e+01 2.600000000000e+01 -5.181898759542e+01
   endloop
 endfacet
 facet normal 7.473009358644e-02 0.000000000000e+00 -9.972037971812e-01
   outer loop
     vertex 9.960000000000e+01 2.600000000000e+01 -5.180000000000e+01
     vertex 9.960000000000e+01 2.350000000000e+01 -5.180000000000e+01
     vertex 9.934662814750e+01 2.350000000000e+01 -5.181898759542e+01
   endloop
 endfacet
 facet normal -7.473009358644e-02 -0.000000000000e+00 -9.972037971812e-01
   outer loop
     vertex -9.960000000000e+01 2.600000000000e+01 5.520000000000e+01
     vertex -9.934662814750e+01 2.350000000000e+01 5.518101240458e+01
     vertex -9.960000000000e+01 2.350000000000e+01 5.520000000000e+01
   endloop
 endfacet
 facet normal -2.225209339563e-01 1.819067422130e-14 -9.749279121818e-01
   outer loop
     vertex -9.934662814750e+01 2.600000000000e+01 5.518101240458e+01
     vertex -9.909891620350e+01 2.350000000000e+01 5.512447376984e+01
     vertex -9.934662814750e+01 2.350000000000e+01 5.518101240458e+01
   endloop
 endfacet
 facet normal -7.473009358635e-02 9.916361324512e-15 -9.972037971812e-01
   outer loop
     vertex -9.934662814750e+01 2.600000000000e+01 5.518101240458e+01
     vertex -9.934662814750e+01 2.350000000000e+01 5.518101240458e+01
     vertex -9.960000000000e+01 2.600000000000e+01 5.520000000000e+01
   endloop
 endfacet
 facet normal -3.653410243664e-01 3.888876343016e-14 -9.308737486442e-01
   outer loop
     vertex -9.909891620350e+01 2.600000000000e+01 5.512447376984e+01
     vertex -9.886239764350e+01 2.350000000000e+01 5.503164707543e+01
     vertex -9.909891620350e+01 2.350000000000e+01 5.512447376984e+01
   endloop
 endfacet
 facet normal -2.225209339563e-01 2.252678952479e-14 -9.749279121818e-01
   outer loop
     vertex -9.909891620350e+01 2.600000000000e+01 5.512447376984e+01
     vertex -9.909891620350e+01 2.350000000000e+01 5.512447376984e+01
     vertex -9.934662814750e+01 2.600000000000e+01 5.518101240458e+01
   endloop
 endfacet
 facet normal -3.653410243663e-01 4.435076141755e-14 -9.308737486442e-01
   outer loop
     vertex -9.886239764350e+01 2.600000000000e+01 5.503164707543e+01
     vertex -9.886239764350e+01 2.350000000000e+01 5.503164707543e+01
     vertex -9.909891620350e+01 2.600000000000e+01 5.512447376984e+01
   endloop
 endfacet
 facet normal -5.000000000000e-01 6.765460391675e-14 -8.660254037844e-01
   outer loop
     vertex -9.886239764350e+01 2.600000000000e+01 5.503164707543e+01
     vertex -9.864235590129e+01 2.350000000000e+01 5.490460591634e+01
     vertex -9.886239764350e+01 2.350000000000e+01 5.503164707543e+01
   endloop
 endfacet
 facet normal -4.999999999999e-01 7.600439673410e-14 -8.660254037845e-01
   outer loop
     vertex -9.864235590129e+01 2.600000000000e+01 5.490460591634e+01
     vertex -9.864235590129e+01 2.350000000000e+01 5.490460591634e+01
     vertex -9.886239764350e+01 2.600000000000e+01 5.503164707543e+01
   endloop
 endfacet
 facet normal -6.234898018587e-01 1.057896260738e-13 -7.818314824680e-01
   outer loop
     vertex -9.864235590129e+01 2.600000000000e+01 5.490460591634e+01
     vertex -9.844370634579e+01 2.350000000000e+01 5.474618818211e+01
     vertex -9.864235590129e+01 2.350000000000e+01 5.490460591634e+01
   endloop
 endfacet
 facet normal -6.234898018587e-01 1.096995737037e-13 -7.818314824681e-01
   outer loop
     vertex -9.844370634579e+01 2.600000000000e+01 5.474618818211e+01
     vertex -9.844370634579e+01 2.350000000000e+01 5.474618818211e+01
     vertex -9.864235590129e+01 2.600000000000e+01 5.490460591634e+01
   endloop
 endfacet
 facet normal -7.330518718298e-01 1.452821905498e-13 -6.801727377709e-01
   outer loop
     vertex -9.844370634579e+01 2.600000000000e+01 5.474618818211e+01
     vertex -9.827088647980e+01 2.350000000000e+01 5.455993266316e+01
     vertex -9.844370634579e+01 2.350000000000e+01 5.474618818211e+01
   endloop
 endfacet
 facet normal -7.330518718298e-01 1.512526064693e-13 -6.801727377710e-01
   outer loop
     vertex -9.827088647980e+01 2.600000000000e+01 5.455993266316e+01
     vertex -9.827088647980e+01 2.350000000000e+01 5.455993266316e+01
     vertex -9.844370634579e+01 2.600000000000e+01 5.474618818211e+01
   endloop
 endfacet
 facet normal -8.262387743160e-01 1.912831862319e-13 -5.633200580636e-01
   outer loop
     vertex -9.827088647980e+01 2.600000000000e+01 5.455993266316e+01
     vertex -9.812775681357e+01 2.350000000000e+01 5.435000000000e+01
     vertex -9.827088647980e+01 2.350000000000e+01 5.455993266316e+01
   endloop
 endfacet
 facet normal -8.262387743159e-01 2.017448253319e-13 -5.633200580637e-01
   outer loop
     vertex -9.812775681357e+01 2.600000000000e+01 5.435000000000e+01
     vertex -9.812775681357e+01 2.350000000000e+01 5.435000000000e+01
     vertex -9.827088647980e+01 2.600000000000e+01 5.455993266316e+01
   endloop
 endfacet
 facet normal -9.009688679024e-01 2.456263166335e-13 -4.338837391176e-01
   outer loop
     vertex -9.812775681357e+01 2.600000000000e+01 5.435000000000e+01
     vertex -9.801751462730e+01 2.350000000000e+01 5.412107974142e+01
     vertex -9.812775681357e+01 2.350000000000e+01 5.435000000000e+01
   endloop
 endfacet
 facet normal -9.009688679024e-01 2.502694721512e-13 -4.338837391176e-01
   outer loop
     vertex -9.801751462730e+01 2.600000000000e+01 5.412107974142e+01
     vertex -9.801751462730e+01 2.350000000000e+01 5.412107974142e+01
     vertex -9.812775681357e+01 2.600000000000e+01 5.435000000000e+01
   endloop
 endfacet
 facet normal -9.555728057861e-01 2.969375986234e-13 -2.947551744109e-01
   outer loop
     vertex -9.794262254929e+01 2.600000000000e+01 5.387828558773e+01
     vertex -9.801751462730e+01 2.350000000000e+01 5.412107974142e+01
     vertex -9.801751462730e+01 2.600000000000e+01 5.412107974142e+01
   endloop
 endfacet
 facet normal -9.555728057861e-01 2.989920259790e-13 -2.947551744109e-01
   outer loop
     vertex -9.794262254929e+01 2.600000000000e+01 5.387828558773e+01
     vertex -9.794262254929e+01 2.350000000000e+01 5.387828558773e+01
     vertex -9.801751462730e+01 2.350000000000e+01 5.412107974142e+01
   endloop
 endfacet
 facet normal -9.888308262251e-01 3.466356618971e-13 -1.490422661762e-01
   outer loop
     vertex -9.790475354479e+01 2.600000000000e+01 5.362704115910e+01
     vertex -9.794262254929e+01 2.350000000000e+01 5.387828558773e+01
     vertex -9.794262254929e+01 2.600000000000e+01 5.387828558773e+01
   endloop
 endfacet
 facet normal -9.888308262251e-01 3.558729593294e-13 -1.490422661762e-01
   outer loop
     vertex -9.790475354479e+01 2.600000000000e+01 5.362704115910e+01
     vertex -9.790475354479e+01 2.350000000000e+01 5.362704115910e+01
     vertex -9.794262254929e+01 2.350000000000e+01 5.387828558773e+01
   endloop
 endfacet
 facet normal -1.000000000000e+00 4.035882739117e-13 -1.118602413282e-13
   outer loop
     vertex -9.790475354479e+01 2.600000000000e+01 5.337295884090e+01
     vertex -9.790475354479e+01 2.350000000000e+01 5.362704115910e+01
     vertex -9.790475354479e+01 2.600000000000e+01 5.362704115910e+01
   endloop
 endfacet
 facet normal -1.000000000000e+00 4.149569576839e-13 0.000000000000e+00
   outer loop
     vertex -9.790475354479e+01 2.600000000000e+01 5.337295884090e+01
     vertex -9.790475354479e+01 2.350000000000e+01 5.337295884090e+01
     vertex -9.790475354479e+01 2.350000000000e+01 5.362704115910e+01
   endloop
 endfacet
 facet normal -9.888308262251e-01 4.620018702961e-13 1.490422661762e-01
   outer loop
     vertex -9.790475354479e+01 2.600000000000e+01 5.337295884090e+01
     vertex -9.794262254929e+01 2.350000000000e+01 5.312171441227e+01
     vertex -9.790475354479e+01 2.350000000000e+01 5.337295884090e+01
   endloop
 endfacet
 facet normal -9.888308262251e-01 4.644294861784e-13 1.490422661761e-01
   outer loop
     vertex -9.794262254929e+01 2.600000000000e+01 5.312171441227e+01
     vertex -9.794262254929e+01 2.350000000000e+01 5.312171441227e+01
     vertex -9.790475354479e+01 2.600000000000e+01 5.337295884090e+01
   endloop
 endfacet
 facet normal -9.555728057862e-01 5.092098847063e-13 2.947551744108e-01
   outer loop
     vertex -9.801751462730e+01 2.600000000000e+01 5.287892025858e+01
     vertex -9.794262254929e+01 2.350000000000e+01 5.312171441227e+01
     vertex -9.794262254929e+01 2.600000000000e+01 5.312171441227e+01
   endloop
 endfacet
 facet normal -9.555728057861e-01 5.196971140077e-13 2.947551744109e-01
   outer loop
     vertex -9.801751462730e+01 2.600000000000e+01 5.287892025858e+01
     vertex -9.801751462730e+01 2.350000000000e+01 5.287892025858e+01
     vertex -9.794262254929e+01 2.350000000000e+01 5.312171441227e+01
   endloop
 endfacet
 facet normal -9.009688679025e-01 5.609288605431e-13 4.338837391175e-01
   outer loop
     vertex -9.812775681357e+01 2.600000000000e+01 5.265000000000e+01
     vertex -9.801751462730e+01 2.350000000000e+01 5.287892025858e+01
     vertex -9.801751462730e+01 2.600000000000e+01 5.287892025858e+01
   endloop
 endfacet
 facet normal -9.009688679024e-01 5.677607975873e-13 4.338837391175e-01
   outer loop
     vertex -9.812775681357e+01 2.600000000000e+01 5.265000000000e+01
     vertex -9.812775681357e+01 2.350000000000e+01 5.265000000000e+01
     vertex -9.801751462730e+01 2.350000000000e+01 5.287892025858e+01
   endloop
 endfacet
 facet normal -8.262387743160e-01 6.043566329455e-13 5.633200580636e-01
   outer loop
     vertex -9.827088647980e+01 2.600000000000e+01 5.244006733684e+01
     vertex -9.812775681357e+01 2.350000000000e+01 5.265000000000e+01
     vertex -9.812775681357e+01 2.600000000000e+01 5.265000000000e+01
   endloop
 endfacet
 facet normal -8.262387743160e-01 6.127890356847e-13 5.633200580636e-01
   outer loop
     vertex -9.827088647980e+01 2.600000000000e+01 5.244006733684e+01
     vertex -9.827088647980e+01 2.350000000000e+01 5.244006733684e+01
     vertex -9.812775681357e+01 2.350000000000e+01 5.265000000000e+01
   endloop
 endfacet
 facet normal -7.330518718299e-01 6.436442655564e-13 6.801727377709e-01
   outer loop
     vertex -9.844370634579e+01 2.600000000000e+01 5.225381181789e+01
     vertex -9.827088647980e+01 2.350000000000e+01 5.244006733684e+01
     vertex -9.827088647980e+01 2.600000000000e+01 5.244006733684e+01
   endloop
 endfacet
 facet normal -7.330518718298e-01 6.495794900784e-13 6.801727377709e-01
   outer loop
     vertex -9.844370634579e+01 2.600000000000e+01 5.225381181789e+01
     vertex -9.844370634579e+01 2.350000000000e+01 5.225381181789e+01
     vertex -9.827088647980e+01 2.350000000000e+01 5.244006733684e+01
   endloop
 endfacet
 facet normal -6.234898018587e-01 6.807228014193e-13 7.818314824680e-01
   outer loop
     vertex -9.864235590129e+01 2.600000000000e+01 5.209539408366e+01
     vertex -9.864235590129e+01 2.350000000000e+01 5.209539408366e+01
     vertex -9.844370634579e+01 2.350000000000e+01 5.225381181789e+01
   endloop
 endfacet
 facet normal -6.234898018588e-01 6.744276796251e-13 7.818314824680e-01
   outer loop
     vertex -9.864235590129e+01 2.600000000000e+01 5.209539408366e+01
     vertex -9.844370634579e+01 2.350000000000e+01 5.225381181789e+01
     vertex -9.844370634579e+01 2.600000000000e+01 5.225381181789e+01
   endloop
 endfacet
 facet normal -5.000000000000e-01 7.031019188535e-13 8.660254037844e-01
   outer loop
     vertex -9.886239764350e+01 2.600000000000e+01 5.196835292456e+01
     vertex -9.886239764350e+01 2.350000000000e+01 5.196835292457e+01
     vertex -9.864235590129e+01 2.350000000000e+01 5.209539408366e+01
   endloop
 endfacet
 facet normal -5.000000000001e-01 6.987605592695e-13 8.660254037844e-01
   outer loop
     vertex -9.886239764350e+01 2.600000000000e+01 5.196835292456e+01
     vertex -9.864235590129e+01 2.350000000000e+01 5.209539408366e+01
     vertex -9.864235590129e+01 2.600000000000e+01 5.209539408366e+01
   endloop
 endfacet
 facet normal -3.653410243664e-01 7.235280857916e-13 9.308737486442e-01
   outer loop
     vertex -9.909891620350e+01 2.600000000000e+01 5.187552623016e+01
     vertex -9.909891620350e+01 2.350000000000e+01 5.187552623016e+01
     vertex -9.886239764350e+01 2.350000000000e+01 5.196835292457e+01
   endloop
 endfacet
 facet normal -3.653410243665e-01 7.136880026069e-13 9.308737486442e-01
   outer loop
     vertex -9.909891620350e+01 2.600000000000e+01 5.187552623016e+01
     vertex -9.886239764350e+01 2.350000000000e+01 5.196835292457e+01
     vertex -9.886239764350e+01 2.600000000000e+01 5.196835292456e+01
   endloop
 endfacet
 facet normal -2.225209339563e-01 7.326628078767e-13 9.749279121818e-01
   outer loop
     vertex -9.934662814750e+01 2.600000000000e+01 5.181898759542e+01
     vertex -9.934662814750e+01 2.350000000000e+01 5.181898759542e+01
     vertex -9.909891620350e+01 2.350000000000e+01 5.187552623016e+01
   endloop
 endfacet
 facet normal -2.225209339564e-01 7.259145236134e-13 9.749279121818e-01
   outer loop
     vertex -9.934662814750e+01 2.600000000000e+01 5.181898759542e+01
     vertex -9.909891620350e+01 2.350000000000e+01 5.187552623016e+01
     vertex -9.909891620350e+01 2.600000000000e+01 5.187552623016e+01
   endloop
 endfacet
 facet normal -7.473009358644e-02 7.323579185173e-13 9.972037971812e-01
   outer loop
     vertex -9.960000000000e+01 2.600000000000e+01 5.180000000000e+01
     vertex -9.960000000000e+01 2.350000000000e+01 5.180000000000e+01
     vertex -9.934662814750e+01 2.350000000000e+01 5.181898759542e+01
   endloop
 endfacet
 facet normal -7.473009358649e-02 7.276787256617e-13 9.972037971812e-01
   outer loop
     vertex -9.960000000000e+01 2.600000000000e+01 5.180000000000e+01
     vertex -9.934662814750e+01 2.350000000000e+01 5.181898759542e+01
     vertex -9.934662814750e+01 2.600000000000e+01 5.181898759542e+01
   endloop
 endfacet
 facet normal 7.473009358644e-02 7.282561636047e-13 9.972037971812e-01
   outer loop
     vertex -9.985337185250e+01 2.600000000000e+01 5.181898759542e+01
     vertex -9.985337185250e+01 2.350000000000e+01 5.181898759542e+01
     vertex -9.960000000000e+01 2.350000000000e+01 5.180000000000e+01
   endloop
 endfacet
 facet normal 7.473009358635e-02 7.187648626809e-13 9.972037971812e-01
   outer loop
     vertex -9.985337185250e+01 2.600000000000e+01 5.181898759542e+01
     vertex -9.960000000000e+01 2.350000000000e+01 5.180000000000e+01
     vertex -9.960000000000e+01 2.600000000000e+01 5.180000000000e+01
   endloop
 endfacet
 facet normal 2.225209339563e-01 7.103771600046e-13 9.749279121818e-01
   outer loop
     vertex -1.001010837965e+02 2.600000000000e+01 5.187552623016e+01
     vertex -1.001010837965e+02 2.350000000000e+01 5.187552623016e+01
     vertex -9.985337185250e+01 2.350000000000e+01 5.181898759542e+01
   endloop
 endfacet
 facet normal 2.225209339563e-01 7.060413064223e-13 9.749279121818e-01
   outer loop
     vertex -1.001010837965e+02 2.600000000000e+01 5.187552623016e+01
     vertex -9.985337185250e+01 2.350000000000e+01 5.181898759542e+01
     vertex -9.985337185250e+01 2.600000000000e+01 5.181898759542e+01
   endloop
 endfacet
 facet normal 3.653410243664e-01 6.910686850666e-13 9.308737486442e-01
   outer loop
     vertex -1.003376023565e+02 2.600000000000e+01 5.196835292456e+01
     vertex -1.003376023565e+02 2.350000000000e+01 5.196835292457e+01
     vertex -1.001010837965e+02 2.350000000000e+01 5.187552623016e+01
   endloop
 endfacet
 facet normal 3.653410243663e-01 6.808836759752e-13 9.308737486442e-01
   outer loop
     vertex -1.003376023565e+02 2.600000000000e+01 5.196835292456e+01
     vertex -1.001010837965e+02 2.350000000000e+01 5.187552623016e+01
     vertex -1.001010837965e+02 2.600000000000e+01 5.187552623016e+01
   endloop
 endfacet
 facet normal 5.000000000000e-01 6.578039037766e-13 8.660254037844e-01
   outer loop
     vertex -1.005576440987e+02 2.600000000000e+01 5.209539408366e+01
     vertex -1.005576440987e+02 2.350000000000e+01 5.209539408366e+01
     vertex -1.003376023565e+02 2.350000000000e+01 5.196835292457e+01
   endloop
 endfacet
 facet normal 5.000000000000e-01 6.547538227275e-13 8.660254037845e-01
   outer loop
     vertex -1.005576440987e+02 2.600000000000e+01 5.209539408366e+01
     vertex -1.003376023565e+02 2.350000000000e+01 5.196835292457e+01
     vertex -1.003376023565e+02 2.600000000000e+01 5.196835292456e+01
   endloop
 endfacet
 facet normal 6.234898018587e-01 6.227508475983e-13 7.818314824680e-01
   outer loop
     vertex -1.007562936542e+02 2.600000000000e+01 5.225381181789e+01
     vertex -1.007562936542e+02 2.350000000000e+01 5.225381181789e+01
     vertex -1.005576440987e+02 2.350000000000e+01 5.209539408366e+01
   endloop
 endfacet
 facet normal 6.234898018587e-01 6.144011145764e-13 7.818314824681e-01
   outer loop
     vertex -1.007562936542e+02 2.600000000000e+01 5.225381181789e+01
     vertex -1.005576440987e+02 2.350000000000e+01 5.209539408366e+01
     vertex -1.005576440987e+02 2.600000000000e+01 5.209539408366e+01
   endloop
 endfacet
 facet normal 7.330518718299e-01 5.814058953398e-13 6.801727377709e-01
   outer loop
     vertex -1.009291135202e+02 2.600000000000e+01 5.244006733684e+01
     vertex -1.009291135202e+02 2.350000000000e+01 5.244006733684e+01
     vertex -1.007562936542e+02 2.350000000000e+01 5.225381181789e+01
   endloop
 endfacet
 facet normal 7.330518718298e-01 5.731963459934e-13 6.801727377710e-01
   outer loop
     vertex -1.009291135202e+02 2.600000000000e+01 5.244006733684e+01
     vertex -1.007562936542e+02 2.350000000000e+01 5.225381181789e+01
     vertex -1.007562936542e+02 2.600000000000e+01 5.225381181789e+01
   endloop
 endfacet
 facet normal 8.262387743160e-01 5.364681331370e-13 5.633200580636e-01
   outer loop
     vertex -1.010722431864e+02 2.600000000000e+01 5.265000000000e+01
     vertex -1.010722431864e+02 2.350000000000e+01 5.265000000000e+01
     vertex -1.009291135202e+02 2.350000000000e+01 5.244006733684e+01
   endloop
 endfacet
 facet normal 8.262387743159e-01 5.276056509560e-13 5.633200580637e-01
   outer loop
     vertex -1.010722431864e+02 2.600000000000e+01 5.265000000000e+01
     vertex -1.009291135202e+02 2.350000000000e+01 5.244006733684e+01
     vertex -1.009291135202e+02 2.600000000000e+01 5.244006733684e+01
   endloop
 endfacet
 facet normal 9.009688679024e-01 4.793768457349e-13 4.338837391176e-01
   outer loop
     vertex -1.011824853727e+02 2.600000000000e+01 5.287892025858e+01
     vertex -1.010722431864e+02 2.350000000000e+01 5.265000000000e+01
     vertex -1.010722431864e+02 2.600000000000e+01 5.265000000000e+01
   endloop
 endfacet
 facet normal 9.009688679024e-01 4.852519722555e-13 4.338837391175e-01
   outer loop
     vertex -1.011824853727e+02 2.600000000000e+01 5.287892025858e+01
     vertex -1.011824853727e+02 2.350000000000e+01 5.287892025858e+01
     vertex -1.010722431864e+02 2.350000000000e+01 5.265000000000e+01
   endloop
 endfacet
 facet normal 9.555728057861e-01 4.253310894877e-13 2.947551744109e-01
   outer loop
     vertex -1.012573774507e+02 2.600000000000e+01 5.312171441227e+01
     vertex -1.011824853727e+02 2.350000000000e+01 5.287892025858e+01
     vertex -1.011824853727e+02 2.600000000000e+01 5.287892025858e+01
   endloop
 endfacet
 facet normal 9.555728057861e-01 4.265458011345e-13 2.947551744109e-01
   outer loop
     vertex -1.012573774507e+02 2.600000000000e+01 5.312171441227e+01
     vertex -1.012573774507e+02 2.350000000000e+01 5.312171441227e+01
     vertex -1.011824853727e+02 2.350000000000e+01 5.287892025858e+01
   endloop
 endfacet
 facet normal 9.888308262251e-01 3.651433976266e-13 1.490422661762e-01
   outer loop
     vertex -1.012952464552e+02 2.600000000000e+01 5.337295884090e+01
     vertex -1.012573774507e+02 2.350000000000e+01 5.312171441227e+01
     vertex -1.012573774507e+02 2.600000000000e+01 5.312171441227e+01
   endloop
 endfacet
 facet normal 9.888308262251e-01 3.743818407312e-13 1.490422661762e-01
   outer loop
     vertex -1.012952464552e+02 2.600000000000e+01 5.337295884090e+01
     vertex -1.012952464552e+02 2.350000000000e+01 5.337295884090e+01
     vertex -1.012573774507e+02 2.350000000000e+01 5.312171441227e+01
   endloop
 endfacet
 facet normal 1.000000000000e+00 3.126388037345e-13 1.118602413282e-13
   outer loop
     vertex -1.012952464552e+02 2.600000000000e+01 5.362704115910e+01
     vertex -1.012952464552e+02 2.350000000000e+01 5.337295884090e+01
     vertex -1.012952464552e+02 2.600000000000e+01 5.337295884090e+01
   endloop
 endfacet
 facet normal 1.000000000000e+00 3.240074875066e-13 0.000000000000e+00
   outer loop
     vertex -1.012952464552e+02 2.600000000000e+01 5.362704115910e+01
     vertex -1.012952464552e+02 2.350000000000e+01 5.362704115910e+01
     vertex -1.012952464552e+02 2.350000000000e+01 5.337295884090e+01
   endloop
 endfacet
 facet normal 9.888308262251e-01 2.636253128880e-13 -1.490422661761e-01
   outer loop
     vertex -1.012573774507e+02 2.600000000000e+01 5.387828558772e+01
     vertex -1.012952464552e+02 2.350000000000e+01 5.362704115910e+01
     vertex -1.012952464552e+02 2.600000000000e+01 5.362704115910e+01
   endloop
 endfacet
 facet normal 9.888308262251e-01 2.660533252963e-13 -1.490422661762e-01
   outer loop
     vertex -1.012573774507e+02 2.600000000000e+01 5.387828558772e+01
     vertex -1.012573774507e+02 2.350000000000e+01 5.387828558773e+01
     vertex -1.012952464552e+02 2.350000000000e+01 5.362704115910e+01
   endloop
 endfacet
 facet normal 9.555728057861e-01 2.078403133248e-13 -2.947551744109e-01
   outer loop
     vertex -1.012573774507e+02 2.600000000000e+01 5.387828558772e+01
     vertex -1.011824853727e+02 2.350000000000e+01 5.412107974142e+01
     vertex -1.012573774507e+02 2.350000000000e+01 5.387828558773e+01
   endloop
 endfacet
 facet normal 9.555728057862e-01 2.191634026401e-13 -2.947551744108e-01
   outer loop
     vertex -1.011824853727e+02 2.600000000000e+01 5.412107974142e+01
     vertex -1.011824853727e+02 2.350000000000e+01 5.412107974142e+01
     vertex -1.012573774507e+02 2.600000000000e+01 5.387828558772e+01
   endloop
 endfacet
 facet normal 9.009688679024e-01 1.645241303363e-13 -4.338837391175e-01
   outer loop
     vertex -1.010722431864e+02 2.600000000000e+01 5.435000000000e+01
     vertex -1.011824853727e+02 2.350000000000e+01 5.412107974142e+01
     vertex -1.011824853727e+02 2.600000000000e+01 5.412107974142e+01
   endloop
 endfacet
 facet normal 9.009688679024e-01 1.701261868751e-13 -4.338837391175e-01
   outer loop
     vertex -1.010722431864e+02 2.600000000000e+01 5.435000000000e+01
     vertex -1.010722431864e+02 2.350000000000e+01 5.435000000000e+01
     vertex -1.011824853727e+02 2.350000000000e+01 5.412107974142e+01
   endloop
 endfacet
 facet normal 8.262387743160e-01 1.193430797373e-13 -5.633200580636e-01
   outer loop
     vertex -1.009291135202e+02 2.600000000000e+01 5.455993266316e+01
     vertex -1.010722431864e+02 2.350000000000e+01 5.435000000000e+01
     vertex -1.010722431864e+02 2.600000000000e+01 5.435000000000e+01
   endloop
 endfacet
 facet normal 8.262387743160e-01 1.230771466789e-13 -5.633200580636e-01
   outer loop
     vertex -1.009291135202e+02 2.600000000000e+01 5.455993266316e+01
     vertex -1.009291135202e+02 2.350000000000e+01 5.455993266316e+01
     vertex -1.010722431864e+02 2.350000000000e+01 5.435000000000e+01
   endloop
 endfacet
 facet normal 7.330518718299e-01 7.791983412051e-14 -6.801727377709e-01
   outer loop
     vertex -1.007562936542e+02 2.600000000000e+01 5.474618818211e+01
     vertex -1.009291135202e+02 2.350000000000e+01 5.455993266316e+01
     vertex -1.009291135202e+02 2.600000000000e+01 5.455993266316e+01
   endloop
 endfacet
 facet normal 7.330518718298e-01 8.578425942041e-14 -6.801727377709e-01
   outer loop
     vertex -1.007562936542e+02 2.600000000000e+01 5.474618818211e+01
     vertex -1.007562936542e+02 2.350000000000e+01 5.474618818211e+01
     vertex -1.009291135202e+02 2.350000000000e+01 5.455993266316e+01
   endloop
 endfacet
 facet normal 6.234898018588e-01 4.752967871279e-14 -7.818314824680e-01
   outer loop
     vertex -1.005576440987e+02 2.600000000000e+01 5.490460591634e+01
     vertex -1.007562936542e+02 2.350000000000e+01 5.474618818211e+01
     vertex -1.007562936542e+02 2.600000000000e+01 5.474618818211e+01
   endloop
 endfacet
 facet normal 6.234898018587e-01 5.515946149217e-14 -7.818314824680e-01
   outer loop
     vertex -1.005576440987e+02 2.600000000000e+01 5.490460591634e+01
     vertex -1.005576440987e+02 2.350000000000e+01 5.490460591634e+01
     vertex -1.007562936542e+02 2.350000000000e+01 5.474618818211e+01
   endloop
 endfacet
 facet normal 5.000000000001e-01 2.316948943917e-14 -8.660254037844e-01
   outer loop
     vertex -1.003376023565e+02 2.600000000000e+01 5.503164707543e+01
     vertex -1.005576440987e+02 2.350000000000e+01 5.490460591634e+01
     vertex -1.005576440987e+02 2.600000000000e+01 5.490460591634e+01
   endloop
 endfacet
 facet normal 5.000000000000e-01 2.997216292924e-14 -8.660254037844e-01
   outer loop
     vertex -1.003376023565e+02 2.600000000000e+01 5.503164707543e+01
     vertex -1.003376023565e+02 2.350000000000e+01 5.503164707543e+01
     vertex -1.005576440987e+02 2.350000000000e+01 5.490460591634e+01
   endloop
 endfacet
 facet normal 3.653410243664e-01 5.803184682080e-15 -9.308737486442e-01
   outer loop
     vertex -1.003376023565e+02 2.600000000000e+01 5.503164707543e+01
     vertex -1.001010837965e+02 2.350000000000e+01 5.512447376984e+01
     vertex -1.003376023565e+02 2.350000000000e+01 5.503164707543e+01
   endloop
 endfacet
 facet normal 3.653410243665e-01 1.564642158237e-14 -9.308737486442e-01
   outer loop
     vertex -1.001010837965e+02 2.600000000000e+01 5.512447376984e+01
     vertex -1.001010837965e+02 2.350000000000e+01 5.512447376984e+01
     vertex -1.003376023565e+02 2.600000000000e+01 5.503164707543e+01
   endloop
 endfacet
 facet normal 2.225209339563e-01 -9.053898091222e-16 -9.749279121818e-01
   outer loop
     vertex -1.001010837965e+02 2.600000000000e+01 5.512447376984e+01
     vertex -9.985337185250e+01 2.350000000000e+01 5.518101240458e+01
     vertex -1.001010837965e+02 2.350000000000e+01 5.512447376984e+01
   endloop
 endfacet
 facet normal 2.225209339564e-01 3.071230238075e-15 -9.749279121818e-01
   outer loop
     vertex -9.985337185250e+01 2.600000000000e+01 5.518101240458e+01
     vertex -9.985337185250e+01 2.350000000000e+01 5.518101240458e+01
     vertex -1.001010837965e+02 2.600000000000e+01 5.512447376984e+01
   endloop
 endfacet
 facet normal 7.473009358649e-02 -4.679504968649e-15 -9.972037971812e-01
   outer loop
     vertex -9.960000000000e+01 2.600000000000e+01 5.520000000000e+01
     vertex -9.985337185250e+01 2.350000000000e+01 5.518101240458e+01
     vertex -9.985337185250e+01 2.600000000000e+01 5.518101240458e+01
   endloop
 endfacet
 facet normal 7.473009358644e-02 0.000000000000e+00 -9.972037971812e-01
   outer loop
     vertex -9.960000000000e+01 2.600000000000e+01 5.520000000000e+01
     vertex -9.960000000000e+01 2.350000000000e+01 5.520000000000e+01
     vertex -9.985337185250e+01 2.350000000000e+01 5.518101240458e+01
   endloop
 endfacet
 facet normal -1.000000000000e+00 0.000000000000e+00 -0.000000000000e+00
   outer loop
     vertex 5.325000000000e+01 2.600000000000e+01 3.200000000000e+01
     vertex 5.325000000000e+01 2.600000000000e+01 -1.200000000000e+01
     vertex 5.325000000000e+01 2.350000000000e+01 -1.200000000000e+01
   endloop
 endfacet
 facet normal -1.000000000000e+00 0.000000000000e+00 0.000000000000e+00
   outer loop
     vertex 5.325000000000e+01 2.350000000000e+01 3.200000000000e+01
     vertex 5.325000000000e+01 2.600000000000e+01 3.200000000000e+01
     vertex 5.325000000000e+01 2.350000000000e+01 -1.200000000000e+01
   endloop
 endfacet
 facet normal 0.000000000000e+00 0.000000000000e+00 1.000000000000e+00
   outer loop
     vertex 5.325000000000e+01 2.600000000000e+01 -1.200000000000e+01
     vertex 5.075000000000e+01 2.600000000000e+01 -1.200000000000e+01
     vertex 5.075000000000e+01 2.350000000000e+01 -1.200000000000e+01
   endloop
 endfacet
 facet normal 0.000000000000e+00 0.000000000000e+00 1.000000000000e+00
   outer loop
     vertex 5.325000000000e+01 2.600000000000e+01 -1.200000000000e+01
     vertex 5.075000000000e+01 2.350000000000e+01 -1.200000000000e+01
     vertex 5.325000000000e+01 2.350000000000e+01 -1.200000000000e+01
   endloop
 endfacet
 facet normal 1.000000000000e+00 0.000000000000e+00 0.000000000000e+00
   outer loop
     vertex 5.075000000000e+01 2.600000000000e+01 3.200000000000e+01
     vertex 5.075000000000e+01 2.350000000000e+01 -1.200000000000e+01
     vertex 5.075000000000e+01 2.600000000000e+01 -1.200000000000e+01
   endloop
 endfacet
 facet normal 1.000000000000e+00 -0.000000000000e+00 0.000000000000e+00
   outer loop
     vertex 5.075000000000e+01 2.350000000000e+01 3.200000000000e+01
     vertex 5.075000000000e+01 2.350000000000e+01 -1.200000000000e+01
     vertex 5.075000000000e+01 2.600000000000e+01 3.200000000000e+01
   endloop
 endfacet
 facet normal -0.000000000000e+00 0.000000000000e+00 -1.000000000000e+00
   outer loop
     vertex 5.325000000000e+01 2.600000000000e+01 3.200000000000e+01
     vertex 5.075000000000e+01 2.350000000000e+01 3.200000000000e+01
     vertex 5.075000000000e+01 2.600000000000e+01 3.200000000000e+01
   endloop
 endfacet
 facet normal 0.000000000000e+00 -0.000000000000e+00 -1.000000000000e+00
   outer loop
     vertex 5.325000000000e+01 2.600000000000e+01 3.200000000000e+01
     vertex 5.325000000000e+01 2.350000000000e+01 3.200000000000e+01
     vertex 5.075000000000e+01 2.350000000000e+01 3.200000000000e+01
   endloop
 endfacet
 facet normal -1.000000000000e+00 0.000000000000e+00 -0.000000000000e+00
   outer loop
     vertex 4.825000000000e+01 2.600000000000e+01 3.200000000000e+01
     vertex 4.825000000000e+01 2.600000000000e+01 -1.200000000000e+01
     vertex 4.825000000000e+01 2.350000000000e+01 -1.200000000000e+01
   endloop
 endfacet
 facet normal -1.000000000000e+00 0.000000000000e+00 0.000000000000e+00
   outer loop
     vertex 4.825000000000e+01 2.350000000000e+01 3.200000000000e+01
     vertex 4.825000000000e+01 2.600000000000e+01 3.200000000000e+01
     vertex 4.825000000000e+01 2.350000000000e+01 -1.200000000000e+01
   endloop
 endfacet
 facet normal 0.000000000000e+00 0.000000000000e+00 1.000000000000e+00
   outer loop
     vertex 4.825000000000e+01 2.600000000000e+01 -1.200000000000e+01
     vertex 4.575000000000e+01 2.600000000000e+01 -1.200000000000e+01
     vertex 4.575000000000e+01 2.350000000000e+01 -1.200000000000e+01
   endloop
 endfacet
 facet normal 0.000000000000e+00 0.000000000000e+00 1.000000000000e+00
   outer loop
     vertex 4.825000000000e+01 2.600000000000e+01 -1.200000000000e+01
     vertex 4.575000000000e+01 2.350000000000e+01 -1.200000000000e+01
     vertex 4.825000000000e+01 2.350000000000e+01 -1.200000000000e+01
   endloop
 endfacet
 facet normal 1.000000000000e+00 0.000000000000e+00 0.000000000000e+00
   outer loop
     vertex 4.575000000000e+01 2.600000000000e+01 3.200000000000e+01
     vertex 4.575000000000e+01 2.350000000000e+01 -1.200000000000e+01
     vertex 4.575000000000e+01 2.600000000000e+01 -1.200000000000e+01
   endloop
 endfacet
 facet normal 1.000000000000e+00 -0.000000000000e+00 0.000000000000e+00
   outer loop
     vertex 4.575000000000e+01 2.350000000000e+01 3.200000000000e+01
     vertex 4.575000000000e+01 2.350000000000e+01 -1.200000000000e+01
     vertex 4.575000000000e+01 2.600000000000e+01 3.200000000000e+01
   endloop
 endfacet
 facet normal -0.000000000000e+00 0.000000000000e+00 -1.000000000000e+00
   outer loop
     vertex 4.825000000000e+01 2.600000000000e+01 3.200000000000e+01
     vertex 4.575000000000e+01 2.350000000000e+01 3.200000000000e+01
     vertex 4.575000000000e+01 2.600000000000e+01 3.200000000000e+01
   endloop
 endfacet
 facet normal 0.000000000000e+00 -0.000000000000e+00 -1.000000000000e+00
   outer loop
     vertex 4.825000000000e+01 2.600000000000e+01 3.200000000000e+01
     vertex 4.825000000000e+01 2.350000000000e+01 3.200000000000e+01
     vertex 4.575000000000e+01 2.350000000000e+01 3.200000000000e+01
   endloop
 endfacet
 facet normal -1.000000000000e+00 0.000000000000e+00 -0.000000000000e+00
   outer loop
     vertex 4.325000000000e+01 2.600000000000e+01 3.200000000000e+01
     vertex 4.325000000000e+01 2.600000000000e+01 -1.200000000000e+01
     vertex 4.325000000000e+01 2.350000000000e+01 -1.200000000000e+01
   endloop
 endfacet
 facet normal -1.000000000000e+00 0.000000000000e+00 0.000000000000e+00
   outer loop
     vertex 4.325000000000e+01 2.350000000000e+01 3.200000000000e+01
     vertex 4.325000000000e+01 2.600000000000e+01 3.200000000000e+01
     vertex 4.325000000000e+01 2.350000000000e+01 -1.200000000000e+01
   endloop
 endfacet
 facet normal 0.000000000000e+00 0.000000000000e+00 1.000000000000e+00
   outer loop
     vertex 4.325000000000e+01 2.600000000000e+01 -1.200000000000e+01
     vertex 4.075000000000e+01 2.600000000000e+01 -1.200000000000e+01
     vertex 4.075000000000e+01 2.350000000000e+01 -1.200000000000e+01
   endloop
 endfacet
 facet normal 0.000000000000e+00 0.000000000000e+00 1.000000000000e+00
   outer loop
     vertex 4.325000000000e+01 2.600000000000e+01 -1.200000000000e+01
     vertex 4.075000000000e+01 2.350000000000e+01 -1.200000000000e+01
     vertex 4.325000000000e+01 2.350000000000e+01 -1.200000000000e+01
   endloop
 endfacet
 facet normal 1.000000000000e+00 0.000000000000e+00 0.000000000000e+00
   outer loop
     vertex 4.075000000000e+01 2.600000000000e+01 3.200000000000e+01
     vertex 4.075000000000e+01 2.350000000000e+01 -1.200000000000e+01
     vertex 4.075000000000e+01 2.600000000000e+01 -1.200000000000e+01
   endloop
 endfacet
 facet normal 1.000000000000e+00 -0.000000000000e+00 0.000000000000e+00
   outer loop
     vertex 4.075000000000e+01 2.350000000000e+01 3.200000000000e+01
     vertex 4.075000000000e+01 2.350000000000e+01 -1.200000000000e+01
     vertex 4.075000000000e+01 2.600000000000e+01 3.200000000000e+01
   endloop
 endfacet
 facet normal -0.000000000000e+00 0.000000000000e+00 -1.000000000000e+00
   outer loop
     vertex 4.325000000000e+01 2.600000000000e+01 3.200000000000e+01
     vertex 4.075000000000e+01 2.350000000000e+01 3.200000000000e+01
     vertex 4.075000000000e+01 2.600000000000e+01 3.200000000000e+01
   endloop
 endfacet
 facet normal 0.000000000000e+00 -0.000000000000e+00 -1.000000000000e+00
   outer loop
     vertex 4.325000000000e+01 2.600000000000e+01 3.200000000000e+01
     vertex 4.325000000000e+01 2.350000000000e+01 3.200000000000e+01
     vertex 4.075000000000e+01 2.350000000000e+01 3.200000000000e+01
   endloop
 endfacet
 facet normal -1.000000000000e+00 0.000000000000e+00 -0.000000000000e+00
   outer loop
     vertex 3.825000000000e+01 2.600000000000e+01 3.200000000000e+01
     vertex 3.825000000000e+01 2.600000000000e+01 -1.200000000000e+01
     vertex 3.825000000000e+01 2.350000000000e+01 -1.200000000000e+01
   endloop
 endfacet
 facet normal -1.000000000000e+00 0.000000000000e+00 0.000000000000e+00
   outer loop
     vertex 3.825000000000e+01 2.350000000000e+01 3.200000000000e+01
     vertex 3.825000000000e+01 2.600000000000e+01 3.200000000000e+01
     vertex 3.825000000000e+01 2.350000000000e+01 -1.200000000000e+01
   endloop
 endfacet
 facet normal 0.000000000000e+00 0.000000000000e+00 1.000000000000e+00
   outer loop
     vertex 3.825000000000e+01 2.600000000000e+01 -1.200000000000e+01
     vertex 3.575000000000e+01 2.600000000000e+01 -1.200000000000e+01
     vertex 3.575000000000e+01 2.350000000000e+01 -1.200000000000e+01
   endloop
 endfacet
 facet normal 0.000000000000e+00 0.000000000000e+00 1.000000000000e+00
   outer loop
     vertex 3.825000000000e+01 2.600000000000e+01 -1.200000000000e+01
     vertex 3.575000000000e+01 2.350000000000e+01 -1.200000000000e+01
     vertex 3.825000000000e+01 2.350000000000e+01 -1.200000000000e+01
   endloop
 endfacet
 facet normal 1.000000000000e+00 0.000000000000e+00 0.000000000000e+00
   outer loop
     vertex 3.575000000000e+01 2.600000000000e+01 3.200000000000e+01
     vertex 3.575000000000e+01 2.350000000000e+01 -1.200000000000e+01
     vertex 3.575000000000e+01 2.600000000000e+01 -1.200000000000e+01
   endloop
 endfacet
 facet normal 1.000000000000e+00 -0.000000000000e+00 0.000000000000e+00
   outer loop
     vertex 3.575000000000e+01 2.350000000000e+01 3.200000000000e+01
     vertex 3.575000000000e+01 2.350000000000e+01 -1.200000000000e+01
     vertex 3.575000000000e+01 2.600000000000e+01 3.200000000000e+01
   endloop
 endfacet
 facet normal -0.000000000000e+00 0.000000000000e+00 -1.000000000000e+00
   outer loop
     vertex 3.825000000000e+01 2.600000000000e+01 3.200000000000e+01
     vertex 3.575000000000e+01 2.350000000000e+01 3.200000000000e+01
     vertex 3.575000000000e+01 2.600000000000e+01 3.200000000000e+01
   endloop
 endfacet
 facet normal 0.000000000000e+00 -0.000000000000e+00 -1.000000000000e+00
   outer loop
     vertex 3.825000000000e+01 2.600000000000e+01 3.200000000000e+01
     vertex 3.825000000000e+01 2.350000000000e+01 3.200000000000e+01
     vertex 3.575000000000e+01 2.350000000000e+01 3.200000000000e+01
   endloop
 endfacet
 facet normal -1.000000000000e+00 0.000000000000e+00 -0.000000000000e+00
   outer loop
     vertex 3.325000000000e+01 2.600000000000e+01 3.200000000000e+01
     vertex 3.325000000000e+01 2.600000000000e+01 -1.200000000000e+01
     vertex 3.325000000000e+01 2.350000000000e+01 -1.200000000000e+01
   endloop
 endfacet
 facet normal -1.000000000000e+00 0.000000000000e+00 0.000000000000e+00
   outer loop
     vertex 3.325000000000e+01 2.350000000000e+01 3.200000000000e+01
     vertex 3.325000000000e+01 2.600000000000e+01 3.200000000000e+01
     vertex 3.325000000000e+01 2.350000000000e+01 -1.200000000000e+01
   endloop
 endfacet
 facet normal 0.000000000000e+00 0.000000000000e+00 1.000000000000e+00
   outer loop
     vertex 3.325000000000e+01 2.600000000000e+01 -1.200000000000e+01
     vertex 3.075000000000e+01 2.600000000000e+01 -1.200000000000e+01
     vertex 3.075000000000e+01 2.350000000000e+01 -1.200000000000e+01
   endloop
 endfacet
 facet normal 0.000000000000e+00 0.000000000000e+00 1.000000000000e+00
   outer loop
     vertex 3.325000000000e+01 2.600000000000e+01 -1.200000000000e+01
     vertex 3.075000000000e+01 2.350000000000e+01 -1.200000000000e+01
     vertex 3.325000000000e+01 2.350000000000e+01 -1.200000000000e+01
   endloop
 endfacet
 facet normal 1.000000000000e+00 0.000000000000e+00 0.000000000000e+00
   outer loop
     vertex 3.075000000000e+01 2.600000000000e+01 3.200000000000e+01
     vertex 3.075000000000e+01 2.350000000000e+01 -1.200000000000e+01
     vertex 3.075000000000e+01 2.600000000000e+01 -1.200000000000e+01
   endloop
 endfacet
 facet normal 1.000000000000e+00 -0.000000000000e+00 0.000000000000e+00
   outer loop
     vertex 3.075000000000e+01 2.350000000000e+01 3.200000000000e+01
     vertex 3.075000000000e+01 2.350000000000e+01 -1.200000000000e+01
     vertex 3.075000000000e+01 2.600000000000e+01 3.200000000000e+01
   endloop
 endfacet
 facet normal -0.000000000000e+00 0.000000000000e+00 -1.000000000000e+00
   outer loop
     vertex 3.325000000000e+01 2.600000000000e+01 3.200000000000e+01
     vertex 3.075000000000e+01 2.350000000000e+01 3.200000000000e+01
     vertex 3.075000000000e+01 2.600000000000e+01 3.200000000000e+01
   endloop
 endfacet
 facet normal 0.000000000000e+00 -0.000000000000e+00 -1.000000000000e+00
   outer loop
     vertex 3.325000000000e+01 2.600000000000e+01 3.200000000000e+01
     vertex 3.325000000000e+01 2.350000000000e+01 3.200000000000e+01
     vertex 3.075000000000e+01 2.350000000000e+01 3.200000000000e+01
   endloop
 endfacet
 facet normal -1.000000000000e+00 0.000000000000e+00 -0.000000000000e+00
   outer loop
     vertex 2.825000000000e+01 2.600000000000e+01 3.200000000000e+01
     vertex 2.825000000000e+01 2.600000000000e+01 -1.200000000000e+01
     vertex 2.825000000000e+01 2.350000000000e+01 -1.200000000000e+01
   endloop
 endfacet
 facet normal -1.000000000000e+00 0.000000000000e+00 0.000000000000e+00
   outer loop
     vertex 2.825000000000e+01 2.350000000000e+01 3.200000000000e+01
     vertex 2.825000000000e+01 2.600000000000e+01 3.200000000000e+01
     vertex 2.825000000000e+01 2.350000000000e+01 -1.200000000000e+01
   endloop
 endfacet
 facet normal 0.000000000000e+00 0.000000000000e+00 1.000000000000e+00
   outer loop
     vertex 2.825000000000e+01 2.600000000000e+01 -1.200000000000e+01
     vertex 2.575000000000e+01 2.600000000000e+01 -1.200000000000e+01
     vertex 2.575000000000e+01 2.350000000000e+01 -1.200000000000e+01
   endloop
 endfacet
 facet normal 0.000000000000e+00 0.000000000000e+00 1.000000000000e+00
   outer loop
     vertex 2.825000000000e+01 2.600000000000e+01 -1.200000000000e+01
     vertex 2.575000000000e+01 2.350000000000e+01 -1.200000000000e+01
     vertex 2.825000000000e+01 2.350000000000e+01 -1.200000000000e+01
   endloop
 endfacet
 facet normal 1.000000000000e+00 0.000000000000e+00 0.000000000000e+00
   outer loop
     vertex 2.575000000000e+01 2.600000000000e+01 3.200000000000e+01
     vertex 2.575000000000e+01 2.350000000000e+01 -1.200000000000e+01
     vertex 2.575000000000e+01 2.600000000000e+01 -1.200000000000e+01
   endloop
 endfacet
 facet normal 1.000000000000e+00 -0.000000000000e+00 0.000000000000e+00
   outer loop
     vertex 2.575000000000e+01 2.350000000000e+01 3.200000000000e+01
     vertex 2.575000000000e+01 2.350000000000e+01 -1.200000000000e+01
     vertex 2.575000000000e+01 2.600000000000e+01 3.200000000000e+01
   endloop
 endfacet
 facet normal -0.000000000000e+00 0.000000000000e+00 -1.000000000000e+00
   outer loop
     vertex 2.825000000000e+01 2.600000000000e+01 3.200000000000e+01
     vertex 2.575000000000e+01 2.350000000000e+01 3.200000000000e+01
     vertex 2.575000000000e+01 2.600000000000e+01 3.200000000000e+01
   endloop
 endfacet
 facet normal 0.000000000000e+00 -0.000000000000e+00 -1.000000000000e+00
   outer loop
     vertex 2.825000000000e+01 2.600000000000e+01 3.200000000000e+01
     vertex 2.825000000000e+01 2.350000000000e+01 3.200000000000e+01
     vertex 2.575000000000e+01 2.350000000000e+01 3.200000000000e+01
   endloop
 endfacet
 facet normal -7.473009358642e-02 0.000000000000e+00 -9.972037971812e-01
   outer loop
     vertex 6.496534509890e+01 2.600000000000e+01 -2.962513064099e+01
     vertex 6.463000000000e+01 1.100000000000e+01 -2.960000000000e+01
     vertex 6.463000000000e+01 2.600000000000e+01 -2.960000000000e+01
   endloop
 endfacet
 facet normal -7.473009358642e-02 -0.000000000000e+00 -9.972037971812e-01
   outer loop
     vertex 6.496534509890e+01 2.600000000000e+01 -2.962513064099e+01
     vertex 6.496534509890e+01 1.100000000000e+01 -2.962513064099e+01
     vertex 6.463000000000e+01 1.100000000000e+01 -2.960000000000e+01
   endloop
 endfacet
 facet normal -2.225209339563e-01 -0.000000000000e+00 -9.749279121818e-01
   outer loop
     vertex 6.529319914242e+01 2.600000000000e+01 -2.969996118698e+01
     vertex 6.529319914242e+01 1.100000000000e+01 -2.969996118698e+01
     vertex 6.496534509890e+01 1.100000000000e+01 -2.962513064099e+01
   endloop
 endfacet
 facet normal -2.225209339563e-01 0.000000000000e+00 -9.749279121818e-01
   outer loop
     vertex 6.529319914242e+01 2.600000000000e+01 -2.969996118698e+01
     vertex 6.496534509890e+01 1.100000000000e+01 -2.962513064099e+01
     vertex 6.496534509890e+01 2.600000000000e+01 -2.962513064099e+01
   endloop
 endfacet
 facet normal -3.653410243664e-01 -0.000000000000e+00 -9.308737486442e-01
   outer loop
     vertex 6.560623841301e+01 2.600000000000e+01 -2.982282004722e+01
     vertex 6.560623841301e+01 1.100000000000e+01 -2.982282004722e+01
     vertex 6.529319914242e+01 1.100000000000e+01 -2.969996118698e+01
   endloop
 endfacet
 facet normal -5.000000000000e-01 -0.000000000000e+00 -8.660254037844e-01
   outer loop
     vertex 6.560623841301e+01 2.600000000000e+01 -2.982282004722e+01
     vertex 6.589747013064e+01 1.100000000000e+01 -2.999096275779e+01
     vertex 6.560623841301e+01 1.100000000000e+01 -2.982282004722e+01
   endloop
 endfacet
 facet normal -3.653410243664e-01 0.000000000000e+00 -9.308737486442e-01
   outer loop
     vertex 6.560623841301e+01 2.600000000000e+01 -2.982282004722e+01
     vertex 6.529319914242e+01 1.100000000000e+01 -2.969996118698e+01
     vertex 6.529319914242e+01 2.600000000000e+01 -2.969996118698e+01
   endloop
 endfacet
 facet normal -5.000000000000e-01 -0.000000000000e+00 -8.660254037844e-01
   outer loop
     vertex 6.589747013064e+01 2.600000000000e+01 -2.999096275779e+01
     vertex 6.589747013064e+01 1.100000000000e+01 -2.999096275779e+01
     vertex 6.560623841301e+01 2.600000000000e+01 -2.982282004722e+01
   endloop
 endfacet
 facet normal -6.234898018587e-01 -0.000000000000e+00 -7.818314824680e-01
   outer loop
     vertex 6.589747013064e+01 2.600000000000e+01 -2.999096275779e+01
     vertex 6.616038865998e+01 1.100000000000e+01 -3.020063328838e+01
     vertex 6.589747013064e+01 1.100000000000e+01 -2.999096275779e+01
   endloop
 endfacet
 facet normal -6.234898018587e-01 -0.000000000000e+00 -7.818314824680e-01
   outer loop
     vertex 6.616038865998e+01 2.600000000000e+01 -3.020063328838e+01
     vertex 6.616038865998e+01 1.100000000000e+01 -3.020063328838e+01
     vertex 6.589747013064e+01 2.600000000000e+01 -2.999096275779e+01
   endloop
 endfacet
 facet normal -7.330518718298e-01 0.000000000000e+00 -6.801727377709e-01
   outer loop
     vertex 6.638912083555e+01 2.600000000000e+01 -3.044714794582e+01
     vertex 6.616038865998e+01 1.100000000000e+01 -3.020063328838e+01
     vertex 6.616038865998e+01 2.600000000000e+01 -3.020063328838e+01
   endloop
 endfacet
 facet normal -7.330518718298e-01 -0.000000000000e+00 -6.801727377709e-01
   outer loop
     vertex 6.638912083555e+01 2.600000000000e+01 -3.044714794582e+01
     vertex 6.638912083555e+01 1.100000000000e+01 -3.044714794582e+01
     vertex 6.616038865998e+01 1.100000000000e+01 -3.020063328838e+01
   endloop
 endfacet
 facet normal -8.262387743160e-01 0.000000000000e+00 -5.633200580636e-01
   outer loop
     vertex 6.657855715851e+01 2.600000000000e+01 -3.072500000000e+01
     vertex 6.638912083555e+01 1.100000000000e+01 -3.044714794582e+01
     vertex 6.638912083555e+01 2.600000000000e+01 -3.044714794582e+01
   endloop
 endfacet
 facet normal -8.262387743160e-01 -0.000000000000e+00 -5.633200580636e-01
   outer loop
     vertex 6.657855715851e+01 2.600000000000e+01 -3.072500000000e+01
     vertex 6.657855715851e+01 1.100000000000e+01 -3.072500000000e+01
     vertex 6.638912083555e+01 1.100000000000e+01 -3.044714794582e+01
   endloop
 endfacet
 facet normal -9.009688679024e-01 -0.000000000000e+00 -4.338837391176e-01
   outer loop
     vertex 6.657855715851e+01 2.600000000000e+01 -3.072500000000e+01
     vertex 6.672446593445e+01 1.100000000000e+01 -3.102798269518e+01
     vertex 6.657855715851e+01 1.100000000000e+01 -3.072500000000e+01
   endloop
 endfacet
 facet normal -9.009688679024e-01 -0.000000000000e+00 -4.338837391176e-01
   outer loop
     vertex 6.672446593445e+01 2.600000000000e+01 -3.102798269518e+01
     vertex 6.672446593445e+01 1.100000000000e+01 -3.102798269518e+01
     vertex 6.657855715851e+01 2.600000000000e+01 -3.072500000000e+01
   endloop
 endfacet
 facet normal -9.555728057861e-01 0.000000000000e+00 -2.947551744109e-01
   outer loop
     vertex 6.682358780241e+01 2.600000000000e+01 -3.134932789860e+01
     vertex 6.672446593445e+01 1.100000000000e+01 -3.102798269518e+01
     vertex 6.672446593445e+01 2.600000000000e+01 -3.102798269518e+01
   endloop
 endfacet
 facet normal -9.555728057861e-01 -0.000000000000e+00 -2.947551744109e-01
   outer loop
     vertex 6.682358780241e+01 2.600000000000e+01 -3.134932789860e+01
     vertex 6.682358780241e+01 1.100000000000e+01 -3.134932789860e+01
     vertex 6.672446593445e+01 1.100000000000e+01 -3.102798269518e+01
   endloop
 endfacet
 facet normal -9.888308262251e-01 0.000000000000e+00 -1.490422661762e-01
   outer loop
     vertex 6.687370854366e+01 2.600000000000e+01 -3.168185728943e+01
     vertex 6.682358780241e+01 1.100000000000e+01 -3.134932789860e+01
     vertex 6.682358780241e+01 2.600000000000e+01 -3.134932789860e+01
   endloop
 endfacet
 facet normal -9.888308262251e-01 -0.000000000000e+00 -1.490422661762e-01
   outer loop
     vertex 6.687370854366e+01 2.600000000000e+01 -3.168185728943e+01
     vertex 6.687370854366e+01 1.100000000000e+01 -3.168185728943e+01
     vertex 6.682358780241e+01 1.100000000000e+01 -3.134932789860e+01
   endloop
 endfacet
 facet normal -1.000000000000e+00 0.000000000000e+00 0.000000000000e+00
   outer loop
     vertex 6.687370854366e+01 2.600000000000e+01 -3.201814271057e+01
     vertex 6.687370854366e+01 1.100000000000e+01 -3.168185728943e+01
     vertex 6.687370854366e+01 2.600000000000e+01 -3.168185728943e+01
   endloop
 endfacet
 facet normal -1.000000000000e+00 0.000000000000e+00 0.000000000000e+00
   outer loop
     vertex 6.687370854366e+01 2.600000000000e+01 -3.201814271057e+01
     vertex 6.687370854366e+01 1.100000000000e+01 -3.201814271057e+01
     vertex 6.687370854366e+01 1.100000000000e+01 -3.168185728943e+01
   endloop
 endfacet
 facet normal -9.888308262251e-01 0.000000000000e+00 1.490422661762e-01
   outer loop
     vertex 6.682358780241e+01 2.600000000000e+01 -3.235067210140e+01
     vertex 6.687370854366e+01 1.100000000000e+01 -3.201814271057e+01
     vertex 6.687370854366e+01 2.600000000000e+01 -3.201814271057e+01
   endloop
 endfacet
 facet normal -9.888308262251e-01 0.000000000000e+00 1.490422661762e-01
   outer loop
     vertex 6.682358780241e+01 2.600000000000e+01 -3.235067210140e+01
     vertex 6.682358780241e+01 1.100000000000e+01 -3.235067210140e+01
     vertex 6.687370854366e+01 1.100000000000e+01 -3.201814271057e+01
   endloop
 endfacet
 facet normal -9.555728057861e-01 0.000000000000e+00 2.947551744109e-01
   outer loop
     vertex 6.682358780241e+01 2.600000000000e+01 -3.235067210140e+01
     vertex 6.672446593445e+01 1.100000000000e+01 -3.267201730482e+01
     vertex 6.682358780241e+01 1.100000000000e+01 -3.235067210140e+01
   endloop
 endfacet
 facet normal -9.555728057861e-01 0.000000000000e+00 2.947551744109e-01
   outer loop
     vertex 6.672446593445e+01 2.600000000000e+01 -3.267201730482e+01
     vertex 6.672446593445e+01 1.100000000000e+01 -3.267201730482e+01
     vertex 6.682358780241e+01 2.600000000000e+01 -3.235067210140e+01
   endloop
 endfacet
 facet normal -9.009688679024e-01 0.000000000000e+00 4.338837391176e-01
   outer loop
     vertex 6.657855715851e+01 2.600000000000e+01 -3.297500000000e+01
     vertex 6.672446593445e+01 1.100000000000e+01 -3.267201730482e+01
     vertex 6.672446593445e+01 2.600000000000e+01 -3.267201730482e+01
   endloop
 endfacet
 facet normal -9.009688679024e-01 0.000000000000e+00 4.338837391176e-01
   outer loop
     vertex 6.657855715851e+01 2.600000000000e+01 -3.297500000000e+01
     vertex 6.657855715851e+01 1.100000000000e+01 -3.297500000000e+01
     vertex 6.672446593445e+01 1.100000000000e+01 -3.267201730482e+01
   endloop
 endfacet
 facet normal -8.262387743160e-01 0.000000000000e+00 5.633200580636e-01
   outer loop
     vertex 6.638912083555e+01 2.600000000000e+01 -3.325285205418e+01
     vertex 6.657855715851e+01 1.100000000000e+01 -3.297500000000e+01
     vertex 6.657855715851e+01 2.600000000000e+01 -3.297500000000e+01
   endloop
 endfacet
 facet normal -8.262387743160e-01 0.000000000000e+00 5.633200580636e-01
   outer loop
     vertex 6.638912083555e+01 2.600000000000e+01 -3.325285205418e+01
     vertex 6.638912083555e+01 1.100000000000e+01 -3.325285205418e+01
     vertex 6.657855715851e+01 1.100000000000e+01 -3.297500000000e+01
   endloop
 endfacet
 facet normal -7.330518718298e-01 0.000000000000e+00 6.801727377709e-01
   outer loop
     vertex 6.616038865998e+01 2.600000000000e+01 -3.349936671162e+01
     vertex 6.638912083555e+01 1.100000000000e+01 -3.325285205418e+01
     vertex 6.638912083555e+01 2.600000000000e+01 -3.325285205418e+01
   endloop
 endfacet
 facet normal -7.330518718298e-01 0.000000000000e+00 6.801727377709e-01
   outer loop
     vertex 6.616038865998e+01 2.600000000000e+01 -3.349936671162e+01
     vertex 6.616038865998e+01 1.100000000000e+01 -3.349936671162e+01
     vertex 6.638912083555e+01 1.100000000000e+01 -3.325285205418e+01
   endloop
 endfacet
 facet normal -6.234898018587e-01 0.000000000000e+00 7.818314824680e-01
   outer loop
     vertex 6.589747013064e+01 2.600000000000e+01 -3.370903724221e+01
     vertex 6.589747013064e+01 1.100000000000e+01 -3.370903724221e+01
     vertex 6.616038865998e+01 1.100000000000e+01 -3.349936671162e+01
   endloop
 endfacet
 facet normal -6.234898018587e-01 0.000000000000e+00 7.818314824680e-01
   outer loop
     vertex 6.589747013064e+01 2.600000000000e+01 -3.370903724221e+01
     vertex 6.616038865998e+01 1.100000000000e+01 -3.349936671162e+01
     vertex 6.616038865998e+01 2.600000000000e+01 -3.349936671162e+01
   endloop
 endfacet
 facet normal -5.000000000000e-01 0.000000000000e+00 8.660254037844e-01
   outer loop
     vertex 6.560623841301e+01 2.600000000000e+01 -3.387717995278e+01
     vertex 6.560623841301e+01 1.100000000000e+01 -3.387717995278e+01
     vertex 6.589747013064e+01 1.100000000000e+01 -3.370903724221e+01
   endloop
 endfacet
 facet normal -5.000000000000e-01 0.000000000000e+00 8.660254037844e-01
   outer loop
     vertex 6.560623841301e+01 2.600000000000e+01 -3.387717995278e+01
     vertex 6.589747013064e+01 1.100000000000e+01 -3.370903724221e+01
     vertex 6.589747013064e+01 2.600000000000e+01 -3.370903724221e+01
   endloop
 endfacet
 facet normal -3.653410243664e-01 0.000000000000e+00 9.308737486442e-01
   outer loop
     vertex 6.529319914242e+01 2.600000000000e+01 -3.400003881302e+01
     vertex 6.529319914242e+01 1.100000000000e+01 -3.400003881302e+01
     vertex 6.560623841301e+01 1.100000000000e+01 -3.387717995278e+01
   endloop
 endfacet
 facet normal -3.653410243664e-01 0.000000000000e+00 9.308737486442e-01
   outer loop
     vertex 6.529319914242e+01 2.600000000000e+01 -3.400003881302e+01
     vertex 6.560623841301e+01 1.100000000000e+01 -3.387717995278e+01
     vertex 6.560623841301e+01 2.600000000000e+01 -3.387717995278e+01
   endloop
 endfacet
 facet normal -2.225209339563e-01 0.000000000000e+00 9.749279121818e-01
   outer loop
     vertex 6.496534509890e+01 2.600000000000e+01 -3.407486935901e+01
     vertex 6.496534509890e+01 1.100000000000e+01 -3.407486935901e+01
     vertex 6.529319914242e+01 1.100000000000e+01 -3.400003881302e+01
   endloop
 endfacet
 facet normal -2.225209339563e-01 0.000000000000e+00 9.749279121818e-01
   outer loop
     vertex 6.496534509890e+01 2.600000000000e+01 -3.407486935901e+01
     vertex 6.529319914242e+01 1.100000000000e+01 -3.400003881302e+01
     vertex 6.529319914242e+01 2.600000000000e+01 -3.400003881302e+01
   endloop
 endfacet
 facet normal -7.473009358642e-02 0.000000000000e+00 9.972037971812e-01
   outer loop
     vertex 6.463000000000e+01 2.600000000000e+01 -3.410000000000e+01
     vertex 6.463000000000e+01 1.100000000000e+01 -3.410000000000e+01
     vertex 6.496534509890e+01 1.100000000000e+01 -3.407486935901e+01
   endloop
 endfacet
 facet normal -7.473009358642e-02 0.000000000000e+00 9.972037971812e-01
   outer loop
     vertex 6.463000000000e+01 2.600000000000e+01 -3.410000000000e+01
     vertex 6.496534509890e+01 1.100000000000e+01 -3.407486935901e+01
     vertex 6.496534509890e+01 2.600000000000e+01 -3.407486935901e+01
   endloop
 endfacet
 facet normal 7.473009358642e-02 0.000000000000e+00 9.972037971812e-01
   outer loop
     vertex 6.429465490110e+01 2.600000000000e+01 -3.407486935901e+01
     vertex 6.429465490110e+01 1.100000000000e+01 -3.407486935901e+01
     vertex 6.463000000000e+01 1.100000000000e+01 -3.410000000000e+01
   endloop
 endfacet
 facet normal 7.473009358642e-02 0.000000000000e+00 9.972037971812e-01
   outer loop
     vertex 6.429465490110e+01 2.600000000000e+01 -3.407486935901e+01
     vertex 6.463000000000e+01 1.100000000000e+01 -3.410000000000e+01
     vertex 6.463000000000e+01 2.600000000000e+01 -3.410000000000e+01
   endloop
 endfacet
 facet normal 2.225209339563e-01 0.000000000000e+00 9.749279121818e-01
   outer loop
     vertex 6.396680085758e+01 2.600000000000e+01 -3.400003881302e+01
     vertex 6.396680085758e+01 1.100000000000e+01 -3.400003881302e+01
     vertex 6.429465490110e+01 1.100000000000e+01 -3.407486935901e+01
   endloop
 endfacet
 facet normal 2.225209339563e-01 0.000000000000e+00 9.749279121818e-01
   outer loop
     vertex 6.396680085758e+01 2.600000000000e+01 -3.400003881302e+01
     vertex 6.429465490110e+01 1.100000000000e+01 -3.407486935901e+01
     vertex 6.429465490110e+01 2.600000000000e+01 -3.407486935901e+01
   endloop
 endfacet
 facet normal 3.653410243664e-01 0.000000000000e+00 9.308737486442e-01
   outer loop
     vertex 6.365376158699e+01 2.600000000000e+01 -3.387717995278e+01
     vertex 6.365376158699e+01 1.100000000000e+01 -3.387717995278e+01
     vertex 6.396680085758e+01 1.100000000000e+01 -3.400003881302e+01
   endloop
 endfacet
 facet normal 5.000000000000e-01 0.000000000000e+00 8.660254037844e-01
   outer loop
     vertex 6.365376158699e+01 2.600000000000e+01 -3.387717995278e+01
     vertex 6.336252986936e+01 1.100000000000e+01 -3.370903724221e+01
     vertex 6.365376158699e+01 1.100000000000e+01 -3.387717995278e+01
   endloop
 endfacet
 facet normal 3.653410243664e-01 0.000000000000e+00 9.308737486442e-01
   outer loop
     vertex 6.365376158699e+01 2.600000000000e+01 -3.387717995278e+01
     vertex 6.396680085758e+01 1.100000000000e+01 -3.400003881302e+01
     vertex 6.396680085758e+01 2.600000000000e+01 -3.400003881302e+01
   endloop
 endfacet
 facet normal 5.000000000000e-01 0.000000000000e+00 8.660254037844e-01
   outer loop
     vertex 6.336252986936e+01 2.600000000000e+01 -3.370903724221e+01
     vertex 6.336252986936e+01 1.100000000000e+01 -3.370903724221e+01
     vertex 6.365376158699e+01 2.600000000000e+01 -3.387717995278e+01
   endloop
 endfacet
 facet normal 6.234898018587e-01 0.000000000000e+00 7.818314824680e-01
   outer loop
     vertex 6.309961134002e+01 2.600000000000e+01 -3.349936671162e+01
     vertex 6.309961134002e+01 1.100000000000e+01 -3.349936671162e+01
     vertex 6.336252986936e+01 1.100000000000e+01 -3.370903724221e+01
   endloop
 endfacet
 facet normal 6.234898018587e-01 0.000000000000e+00 7.818314824680e-01
   outer loop
     vertex 6.309961134002e+01 2.600000000000e+01 -3.349936671162e+01
     vertex 6.336252986936e+01 1.100000000000e+01 -3.370903724221e+01
     vertex 6.336252986936e+01 2.600000000000e+01 -3.370903724221e+01
   endloop
 endfacet
 facet normal 7.330518718298e-01 0.000000000000e+00 6.801727377709e-01
   outer loop
     vertex 6.287087916445e+01 2.600000000000e+01 -3.325285205418e+01
     vertex 6.287087916445e+01 1.100000000000e+01 -3.325285205418e+01
     vertex 6.309961134002e+01 1.100000000000e+01 -3.349936671162e+01
   endloop
 endfacet
 facet normal 7.330518718298e-01 0.000000000000e+00 6.801727377709e-01
   outer loop
     vertex 6.287087916445e+01 2.600000000000e+01 -3.325285205418e+01
     vertex 6.309961134002e+01 1.100000000000e+01 -3.349936671162e+01
     vertex 6.309961134002e+01 2.600000000000e+01 -3.349936671162e+01
   endloop
 endfacet
 facet normal 8.262387743160e-01 0.000000000000e+00 5.633200580636e-01
   outer loop
     vertex 6.268144284149e+01 2.600000000000e+01 -3.297500000000e+01
     vertex 6.268144284149e+01 1.100000000000e+01 -3.297500000000e+01
     vertex 6.287087916445e+01 1.100000000000e+01 -3.325285205418e+01
   endloop
 endfacet
 facet normal 9.009688679024e-01 0.000000000000e+00 4.338837391176e-01
   outer loop
     vertex 6.268144284149e+01 2.600000000000e+01 -3.297500000000e+01
     vertex 6.253553406555e+01 1.100000000000e+01 -3.267201730482e+01
     vertex 6.268144284149e+01 1.100000000000e+01 -3.297500000000e+01
   endloop
 endfacet
 facet normal 8.262387743160e-01 0.000000000000e+00 5.633200580636e-01
   outer loop
     vertex 6.268144284149e+01 2.600000000000e+01 -3.297500000000e+01
     vertex 6.287087916445e+01 1.100000000000e+01 -3.325285205418e+01
     vertex 6.287087916445e+01 2.600000000000e+01 -3.325285205418e+01
   endloop
 endfacet
 facet normal 9.009688679024e-01 0.000000000000e+00 4.338837391176e-01
   outer loop
     vertex 6.253553406555e+01 2.600000000000e+01 -3.267201730482e+01
     vertex 6.253553406555e+01 1.100000000000e+01 -3.267201730482e+01
     vertex 6.268144284149e+01 2.600000000000e+01 -3.297500000000e+01
   endloop
 endfacet
 facet normal 9.555728057861e-01 0.000000000000e+00 2.947551744109e-01
   outer loop
     vertex 6.243641219759e+01 2.600000000000e+01 -3.235067210140e+01
     vertex 6.253553406555e+01 1.100000000000e+01 -3.267201730482e+01
     vertex 6.253553406555e+01 2.600000000000e+01 -3.267201730482e+01
   endloop
 endfacet
 facet normal 9.555728057861e-01 0.000000000000e+00 2.947551744109e-01
   outer loop
     vertex 6.243641219759e+01 2.600000000000e+01 -3.235067210140e+01
     vertex 6.243641219759e+01 1.100000000000e+01 -3.235067210140e+01
     vertex 6.253553406555e+01 1.100000000000e+01 -3.267201730482e+01
   endloop
 endfacet
 facet normal 9.888308262251e-01 0.000000000000e+00 1.490422661762e-01
   outer loop
     vertex 6.238629145634e+01 2.600000000000e+01 -3.201814271057e+01
     vertex 6.243641219759e+01 1.100000000000e+01 -3.235067210140e+01
     vertex 6.243641219759e+01 2.600000000000e+01 -3.235067210140e+01
   endloop
 endfacet
 facet normal 9.888308262251e-01 0.000000000000e+00 1.490422661762e-01
   outer loop
     vertex 6.238629145634e+01 2.600000000000e+01 -3.201814271057e+01
     vertex 6.238629145634e+01 1.100000000000e+01 -3.201814271057e+01
     vertex 6.243641219759e+01 1.100000000000e+01 -3.235067210140e+01
   endloop
 endfacet
 facet normal 1.000000000000e+00 0.000000000000e+00 0.000000000000e+00
   outer loop
     vertex 6.238629145634e+01 2.600000000000e+01 -3.168185728943e+01
     vertex 6.238629145634e+01 1.100000000000e+01 -3.201814271057e+01
     vertex 6.238629145634e+01 2.600000000000e+01 -3.201814271057e+01
   endloop
 endfacet
 facet normal 1.000000000000e+00 0.000000000000e+00 0.000000000000e+00
   outer loop
     vertex 6.238629145634e+01 2.600000000000e+01 -3.168185728943e+01
     vertex 6.238629145634e+01 1.100000000000e+01 -3.168185728943e+01
     vertex 6.238629145634e+01 1.100000000000e+01 -3.201814271057e+01
   endloop
 endfacet
 facet normal 9.888308262251e-01 0.000000000000e+00 -1.490422661762e-01
   outer loop
     vertex 6.243641219759e+01 2.600000000000e+01 -3.134932789860e+01
     vertex 6.238629145634e+01 1.100000000000e+01 -3.168185728943e+01
     vertex 6.238629145634e+01 2.600000000000e+01 -3.168185728943e+01
   endloop
 endfacet
 facet normal 9.888308262251e-01 0.000000000000e+00 -1.490422661762e-01
   outer loop
     vertex 6.243641219759e+01 2.600000000000e+01 -3.134932789860e+01
     vertex 6.243641219759e+01 1.100000000000e+01 -3.134932789860e+01
     vertex 6.238629145634e+01 1.100000000000e+01 -3.168185728943e+01
   endloop
 endfacet
 facet normal 9.555728057861e-01 0.000000000000e+00 -2.947551744109e-01
   outer loop
     vertex 6.253553406555e+01 2.600000000000e+01 -3.102798269518e+01
     vertex 6.243641219759e+01 1.100000000000e+01 -3.134932789860e+01
     vertex 6.243641219759e+01 2.600000000000e+01 -3.134932789860e+01
   endloop
 endfacet
 facet normal 9.555728057861e-01 0.000000000000e+00 -2.947551744109e-01
   outer loop
     vertex 6.253553406555e+01 2.600000000000e+01 -3.102798269518e+01
     vertex 6.253553406555e+01 1.100000000000e+01 -3.102798269518e+01
     vertex 6.243641219759e+01 1.100000000000e+01 -3.134932789860e+01
   endloop
 endfacet
 facet normal 9.009688679024e-01 0.000000000000e+00 -4.338837391176e-01
   outer loop
     vertex 6.253553406555e+01 2.600000000000e+01 -3.102798269518e+01
     vertex 6.268144284149e+01 1.100000000000e+01 -3.072500000000e+01
     vertex 6.253553406555e+01 1.100000000000e+01 -3.102798269518e+01
   endloop
 endfacet
 facet normal 9.009688679024e-01 0.000000000000e+00 -4.338837391176e-01
   outer loop
     vertex 6.268144284149e+01 2.600000000000e+01 -3.072500000000e+01
     vertex 6.268144284149e+01 1.100000000000e+01 -3.072500000000e+01
     vertex 6.253553406555e+01 2.600000000000e+01 -3.102798269518e+01
   endloop
 endfacet
 facet normal 8.262387743160e-01 0.000000000000e+00 -5.633200580636e-01
   outer loop
     vertex 6.287087916445e+01 2.600000000000e+01 -3.044714794582e+01
     vertex 6.268144284149e+01 1.100000000000e+01 -3.072500000000e+01
     vertex 6.268144284149e+01 2.600000000000e+01 -3.072500000000e+01
   endloop
 endfacet
 facet normal 8.262387743160e-01 0.000000000000e+00 -5.633200580636e-01
   outer loop
     vertex 6.287087916445e+01 2.600000000000e+01 -3.044714794582e+01
     vertex 6.287087916445e+01 1.100000000000e+01 -3.044714794582e+01
     vertex 6.268144284149e+01 1.100000000000e+01 -3.072500000000e+01
   endloop
 endfacet
 facet normal 7.330518718298e-01 0.000000000000e+00 -6.801727377709e-01
   outer loop
     vertex 6.309961134002e+01 2.600000000000e+01 -3.020063328838e+01
     vertex 6.287087916445e+01 1.100000000000e+01 -3.044714794582e+01
     vertex 6.287087916445e+01 2.600000000000e+01 -3.044714794582e+01
   endloop
 endfacet
 facet normal 7.330518718298e-01 0.000000000000e+00 -6.801727377709e-01
   outer loop
     vertex 6.309961134002e+01 2.600000000000e+01 -3.020063328838e+01
     vertex 6.309961134002e+01 1.100000000000e+01 -3.020063328838e+01
     vertex 6.287087916445e+01 1.100000000000e+01 -3.044714794582e+01
   endloop
 endfacet
 facet normal 6.234898018587e-01 0.000000000000e+00 -7.818314824680e-01
   outer loop
     vertex 6.336252986936e+01 2.600000000000e+01 -2.999096275779e+01
     vertex 6.309961134002e+01 1.100000000000e+01 -3.020063328838e+01
     vertex 6.309961134002e+01 2.600000000000e+01 -3.020063328838e+01
   endloop
 endfacet
 facet normal 6.234898018587e-01 0.000000000000e+00 -7.818314824680e-01
   outer loop
     vertex 6.336252986936e+01 2.600000000000e+01 -2.999096275779e+01
     vertex 6.336252986936e+01 1.100000000000e+01 -2.999096275779e+01
     vertex 6.309961134002e+01 1.100000000000e+01 -3.020063328838e+01
   endloop
 endfacet
 facet normal 5.000000000000e-01 0.000000000000e+00 -8.660254037844e-01
   outer loop
     vertex 6.365376158699e+01 2.600000000000e+01 -2.982282004722e+01
     vertex 6.336252986936e+01 1.100000000000e+01 -2.999096275779e+01
     vertex 6.336252986936e+01 2.600000000000e+01 -2.999096275779e+01
   endloop
 endfacet
 facet normal 5.000000000000e-01 0.000000000000e+00 -8.660254037844e-01
   outer loop
     vertex 6.365376158699e+01 2.600000000000e+01 -2.982282004722e+01
     vertex 6.365376158699e+01 1.100000000000e+01 -2.982282004722e+01
     vertex 6.336252986936e+01 1.100000000000e+01 -2.999096275779e+01
   endloop
 endfacet
 facet normal 3.653410243664e-01 0.000000000000e+00 -9.308737486442e-01
   outer loop
     vertex 6.365376158699e+01 2.600000000000e+01 -2.982282004722e+01
     vertex 6.396680085758e+01 1.100000000000e+01 -2.969996118698e+01
     vertex 6.365376158699e+01 1.100000000000e+01 -2.982282004722e+01
   endloop
 endfacet
 facet normal 3.653410243664e-01 0.000000000000e+00 -9.308737486442e-01
   outer loop
     vertex 6.396680085758e+01 2.600000000000e+01 -2.969996118698e+01
     vertex 6.396680085758e+01 1.100000000000e+01 -2.969996118698e+01
     vertex 6.365376158699e+01 2.600000000000e+01 -2.982282004722e+01
   endloop
 endfacet
 facet normal 2.225209339563e-01 0.000000000000e+00 -9.749279121818e-01
   outer loop
     vertex 6.429465490110e+01 2.600000000000e+01 -2.962513064099e+01
     vertex 6.396680085758e+01 1.100000000000e+01 -2.969996118698e+01
     vertex 6.396680085758e+01 2.600000000000e+01 -2.969996118698e+01
   endloop
 endfacet
 facet normal 2.225209339563e-01 0.000000000000e+00 -9.749279121818e-01
   outer loop
     vertex 6.429465490110e+01 2.600000000000e+01 -2.962513064099e+01
     vertex 6.429465490110e+01 1.100000000000e+01 -2.962513064099e+01
     vertex 6.396680085758e+01 1.100000000000e+01 -2.969996118698e+01
   endloop
 endfacet
 facet normal 7.473009358642e-02 0.000000000000e+00 -9.972037971812e-01
   outer loop
     vertex 6.429465490110e+01 2.600000000000e+01 -2.962513064099e+01
     vertex 6.463000000000e+01 1.100000000000e+01 -2.960000000000e+01
     vertex 6.429465490110e+01 1.100000000000e+01 -2.962513064099e+01
   endloop
 endfacet
 facet normal 7.473009358642e-02 0.000000000000e+00 -9.972037971812e-01
   outer loop
     vertex 6.463000000000e+01 2.600000000000e+01 -2.960000000000e+01
     vertex 6.463000000000e+01 1.100000000000e+01 -2.960000000000e+01
     vertex 6.429465490110e+01 2.600000000000e+01 -2.962513064099e+01
   endloop
 endfacet
 facet normal 0.000000000000e+00 -1.000000000000e+00 0.000000000000e+00
   outer loop
     vertex 6.287087916445e+01 1.100000000000e+01 -3.325285205418e+01
     vertex 6.150267407013e+01 1.100000000000e+01 -3.434395920743e+01
     vertex 6.190930904892e+01 1.100000000000e+01 -3.478220748732e+01
   endloop
 endfacet
 facet normal 0.000000000000e+00 -1.000000000000e+00 -0.000000000000e+00
   outer loop
     vertex 6.287087916445e+01 1.100000000000e+01 -3.325285205418e+01
     vertex 6.190930904892e+01 1.100000000000e+01 -3.478220748732e+01
     vertex 6.309961134002e+01 1.100000000000e+01 -3.349936671162e+01
   endloop
 endfacet
 facet normal 0.000000000000e+00 -1.000000000000e+00 0.000000000000e+00
   outer loop
     vertex 6.336252986936e+01 1.100000000000e+01 -3.370903724221e+01
     vertex 6.190930904892e+01 1.100000000000e+01 -3.478220748732e+01
     vertex 6.237671976775e+01 1.100000000000e+01 -3.515495509726e+01
   endloop
 endfacet
 facet normal -0.000000000000e+00 -1.000000000000e+00 0.000000000000e+00
   outer loop
     vertex 6.336252986936e+01 1.100000000000e+01 -3.370903724221e+01
     vertex 6.309961134002e+01 1.100000000000e+01 -3.349936671162e+01
     vertex 6.190930904892e+01 1.100000000000e+01 -3.478220748732e+01
   endloop
 endfacet
 facet normal 0.000000000000e+00 -1.000000000000e+00 -0.000000000000e+00
   outer loop
     vertex 6.268144284149e+01 1.100000000000e+01 -3.297500000000e+01
     vertex 6.150267407013e+01 1.100000000000e+01 -3.434395920743e+01
     vertex 6.287087916445e+01 1.100000000000e+01 -3.325285205418e+01
   endloop
 endfacet
 facet normal 0.000000000000e+00 -1.000000000000e+00 0.000000000000e+00
   outer loop
     vertex 6.268144284149e+01 1.100000000000e+01 -3.297500000000e+01
     vertex 6.116589838486e+01 1.100000000000e+01 -3.385000000000e+01
     vertex 6.150267407013e+01 1.100000000000e+01 -3.434395920743e+01
   endloop
 endfacet
 facet normal -0.000000000000e+00 -1.000000000000e+00 0.000000000000e+00
   outer loop
     vertex 6.365376158699e+01 1.100000000000e+01 -3.387717995278e+01
     vertex 6.336252986936e+01 1.100000000000e+01 -3.370903724221e+01
     vertex 6.237671976775e+01 1.100000000000e+01 -3.515495509726e+01
   endloop
 endfacet
 facet normal 0.000000000000e+00 -1.000000000000e+00 0.000000000000e+00
   outer loop
     vertex 6.365376158699e+01 1.100000000000e+01 -3.387717995278e+01
     vertex 6.237671976775e+01 1.100000000000e+01 -3.515495509726e+01
     vertex 6.289446504353e+01 1.100000000000e+01 -3.545387547161e+01
   endloop
 endfacet
 facet normal 0.000000000000e+00 -1.000000000000e+00 -0.000000000000e+00
   outer loop
     vertex 6.253553406555e+01 1.100000000000e+01 -3.267201730482e+01
     vertex 6.116589838486e+01 1.100000000000e+01 -3.385000000000e+01
     vertex 6.268144284149e+01 1.100000000000e+01 -3.297500000000e+01
   endloop
 endfacet
 facet normal 0.000000000000e+00 -1.000000000000e+00 0.000000000000e+00
   outer loop
     vertex 6.253553406555e+01 1.100000000000e+01 -3.267201730482e+01
     vertex 6.090650500542e+01 1.100000000000e+01 -3.331136409747e+01
     vertex 6.116589838486e+01 1.100000000000e+01 -3.385000000000e+01
   endloop
 endfacet
 facet normal 0.000000000000e+00 -1.000000000000e+00 0.000000000000e+00
   outer loop
     vertex 6.253553406555e+01 1.100000000000e+01 -3.267201730482e+01
     vertex 6.073028835127e+01 1.100000000000e+01 -3.274008373583e+01
     vertex 6.090650500542e+01 1.100000000000e+01 -3.331136409747e+01
   endloop
 endfacet
 facet normal -0.000000000000e+00 -1.000000000000e+00 0.000000000000e+00
   outer loop
     vertex 6.396680085758e+01 1.100000000000e+01 -3.400003881302e+01
     vertex 6.365376158699e+01 1.100000000000e+01 -3.387717995278e+01
     vertex 6.289446504353e+01 1.100000000000e+01 -3.545387547161e+01
   endloop
 endfacet
 facet normal 0.000000000000e+00 -1.000000000000e+00 0.000000000000e+00
   outer loop
     vertex 6.396680085758e+01 1.100000000000e+01 -3.400003881302e+01
     vertex 6.289446504353e+01 1.100000000000e+01 -3.545387547161e+01
     vertex 6.345097930236e+01 1.100000000000e+01 -3.567229122314e+01
   endloop
 endfacet
 facet normal -0.000000000000e+00 -1.000000000000e+00 0.000000000000e+00
   outer loop
     vertex 6.243641219759e+01 1.100000000000e+01 -3.235067210140e+01
     vertex 6.064118481128e+01 1.100000000000e+01 -3.214892037435e+01
     vertex 6.073028835127e+01 1.100000000000e+01 -3.274008373583e+01
   endloop
 endfacet
 facet normal 0.000000000000e+00 -1.000000000000e+00 -0.000000000000e+00
   outer loop
     vertex 6.243641219759e+01 1.100000000000e+01 -3.235067210140e+01
     vertex 6.073028835127e+01 1.100000000000e+01 -3.274008373583e+01
     vertex 6.253553406555e+01 1.100000000000e+01 -3.267201730482e+01
   endloop
 endfacet
 facet normal 0.000000000000e+00 -1.000000000000e+00 0.000000000000e+00
   outer loop
     vertex 6.429465490110e+01 1.100000000000e+01 -3.407486935901e+01
     vertex 6.345097930236e+01 1.100000000000e+01 -3.567229122314e+01
     vertex 6.403383093530e+01 1.100000000000e+01 -3.580532330490e+01
   endloop
 endfacet
 facet normal -0.000000000000e+00 -1.000000000000e+00 0.000000000000e+00
   outer loop
     vertex 6.429465490110e+01 1.100000000000e+01 -3.407486935901e+01
     vertex 6.396680085758e+01 1.100000000000e+01 -3.400003881302e+01
     vertex 6.345097930236e+01 1.100000000000e+01 -3.567229122314e+01
   endloop
 endfacet
 facet normal 0.000000000000e+00 -1.000000000000e+00 -0.000000000000e+00
   outer loop
     vertex 6.238629145634e+01 1.100000000000e+01 -3.201814271057e+01
     vertex 6.064118481128e+01 1.100000000000e+01 -3.214892037435e+01
     vertex 6.243641219759e+01 1.100000000000e+01 -3.235067210140e+01
   endloop
 endfacet
 facet normal -0.000000000000e+00 -1.000000000000e+00 0.000000000000e+00
   outer loop
     vertex 6.463000000000e+01 1.100000000000e+01 -3.410000000000e+01
     vertex 6.429465490110e+01 1.100000000000e+01 -3.407486935901e+01
     vertex 6.403383093530e+01 1.100000000000e+01 -3.580532330490e+01
   endloop
 endfacet
 facet normal 0.000000000000e+00 -1.000000000000e+00 0.000000000000e+00
   outer loop
     vertex 6.463000000000e+01 1.100000000000e+01 -3.410000000000e+01
     vertex 6.463000000000e+01 1.100000000000e+01 -3.585000000000e+01
     vertex 6.522616906470e+01 1.100000000000e+01 -3.580532330490e+01
   endloop
 endfacet
 facet normal 0.000000000000e+00 -1.000000000000e+00 -0.000000000000e+00
   outer loop
     vertex 6.463000000000e+01 1.100000000000e+01 -3.410000000000e+01
     vertex 6.403383093530e+01 1.100000000000e+01 -3.580532330490e+01
     vertex 6.463000000000e+01 1.100000000000e+01 -3.585000000000e+01
   endloop
 endfacet
 facet normal 0.000000000000e+00 -1.000000000000e+00 -0.000000000000e+00
   outer loop
     vertex 6.238629145634e+01 1.100000000000e+01 -3.168185728943e+01
     vertex 6.064118481128e+01 1.100000000000e+01 -3.214892037435e+01
     vertex 6.238629145634e+01 1.100000000000e+01 -3.201814271057e+01
   endloop
 endfacet
 facet normal -0.000000000000e+00 -1.000000000000e+00 0.000000000000e+00
   outer loop
     vertex 6.238629145634e+01 1.100000000000e+01 -3.168185728943e+01
     vertex 6.064118481128e+01 1.100000000000e+01 -3.155107962565e+01
     vertex 6.064118481128e+01 1.100000000000e+01 -3.214892037435e+01
   endloop
 endfacet
 facet normal 0.000000000000e+00 -1.000000000000e+00 0.000000000000e+00
   outer loop
     vertex 6.238629145634e+01 1.100000000000e+01 -3.168185728943e+01
     vertex 6.073028835127e+01 1.100000000000e+01 -3.095991626417e+01
     vertex 6.064118481128e+01 1.100000000000e+01 -3.155107962565e+01
   endloop
 endfacet
 facet normal 0.000000000000e+00 -1.000000000000e+00 -0.000000000000e+00
   outer loop
     vertex 6.496534509890e+01 1.100000000000e+01 -3.407486935901e+01
     vertex 6.463000000000e+01 1.100000000000e+01 -3.410000000000e+01
     vertex 6.522616906470e+01 1.100000000000e+01 -3.580532330490e+01
   endloop
 endfacet
 facet normal 0.000000000000e+00 -1.000000000000e+00 0.000000000000e+00
   outer loop
     vertex 6.496534509890e+01 1.100000000000e+01 -3.407486935901e+01
     vertex 6.522616906470e+01 1.100000000000e+01 -3.580532330490e+01
     vertex 6.580902069764e+01 1.100000000000e+01 -3.567229122314e+01
   endloop
 endfacet
 facet normal -0.000000000000e+00 -1.000000000000e+00 0.000000000000e+00
   outer loop
     vertex 6.243641219759e+01 1.100000000000e+01 -3.134932789860e+01
     vertex 6.073028835127e+01 1.100000000000e+01 -3.095991626417e+01
     vertex 6.238629145634e+01 1.100000000000e+01 -3.168185728943e+01
   endloop
 endfacet
 facet normal 0.000000000000e+00 -1.000000000000e+00 -0.000000000000e+00
   outer loop
     vertex 6.529319914242e+01 1.100000000000e+01 -3.400003881302e+01
     vertex 6.496534509890e+01 1.100000000000e+01 -3.407486935901e+01
     vertex 6.580902069764e+01 1.100000000000e+01 -3.567229122314e+01
   endloop
 endfacet
 facet normal -0.000000000000e+00 -1.000000000000e+00 0.000000000000e+00
   outer loop
     vertex 6.253553406555e+01 1.100000000000e+01 -3.102798269518e+01
     vertex 6.073028835127e+01 1.100000000000e+01 -3.095991626417e+01
     vertex 6.243641219759e+01 1.100000000000e+01 -3.134932789860e+01
   endloop
 endfacet
 facet normal 0.000000000000e+00 -1.000000000000e+00 0.000000000000e+00
   outer loop
     vertex 6.253553406555e+01 1.100000000000e+01 -3.102798269518e+01
     vertex 6.090650500542e+01 1.100000000000e+01 -3.038863590253e+01
     vertex 6.073028835127e+01 1.100000000000e+01 -3.095991626417e+01
   endloop
 endfacet
 facet normal 0.000000000000e+00 -1.000000000000e+00 0.000000000000e+00
   outer loop
     vertex 6.560623841301e+01 1.100000000000e+01 -3.387717995278e+01
     vertex 6.580902069764e+01 1.100000000000e+01 -3.567229122314e+01
     vertex 6.636553495647e+01 1.100000000000e+01 -3.545387547161e+01
   endloop
 endfacet
 facet normal 0.000000000000e+00 -1.000000000000e+00 -0.000000000000e+00
   outer loop
     vertex 6.560623841301e+01 1.100000000000e+01 -3.387717995278e+01
     vertex 6.529319914242e+01 1.100000000000e+01 -3.400003881302e+01
     vertex 6.580902069764e+01 1.100000000000e+01 -3.567229122314e+01
   endloop
 endfacet
 facet normal 0.000000000000e+00 -1.000000000000e+00 0.000000000000e+00
   outer loop
     vertex 6.268144284149e+01 1.100000000000e+01 -3.072500000000e+01
     vertex 6.116589838486e+01 1.100000000000e+01 -2.985000000000e+01
     vertex 6.090650500542e+01 1.100000000000e+01 -3.038863590253e+01
   endloop
 endfacet
 facet normal -0.000000000000e+00 -1.000000000000e+00 0.000000000000e+00
   outer loop
     vertex 6.268144284149e+01 1.100000000000e+01 -3.072500000000e+01
     vertex 6.090650500542e+01 1.100000000000e+01 -3.038863590253e+01
     vertex 6.253553406555e+01 1.100000000000e+01 -3.102798269518e+01
   endloop
 endfacet
 facet normal 0.000000000000e+00 -1.000000000000e+00 0.000000000000e+00
   outer loop
     vertex 6.589747013064e+01 1.100000000000e+01 -3.370903724221e+01
     vertex 6.636553495647e+01 1.100000000000e+01 -3.545387547161e+01
     vertex 6.688328023225e+01 1.100000000000e+01 -3.515495509726e+01
   endloop
 endfacet
 facet normal 0.000000000000e+00 -1.000000000000e+00 -0.000000000000e+00
   outer loop
     vertex 6.589747013064e+01 1.100000000000e+01 -3.370903724221e+01
     vertex 6.560623841301e+01 1.100000000000e+01 -3.387717995278e+01
     vertex 6.636553495647e+01 1.100000000000e+01 -3.545387547161e+01
   endloop
 endfacet
 facet normal 0.000000000000e+00 -1.000000000000e+00 0.000000000000e+00
   outer loop
     vertex 6.287087916445e+01 1.100000000000e+01 -3.044714794582e+01
     vertex 6.150267407013e+01 1.100000000000e+01 -2.935604079257e+01
     vertex 6.116589838486e+01 1.100000000000e+01 -2.985000000000e+01
   endloop
 endfacet
 facet normal -0.000000000000e+00 -1.000000000000e+00 0.000000000000e+00
   outer loop
     vertex 6.287087916445e+01 1.100000000000e+01 -3.044714794582e+01
     vertex 6.116589838486e+01 1.100000000000e+01 -2.985000000000e+01
     vertex 6.268144284149e+01 1.100000000000e+01 -3.072500000000e+01
   endloop
 endfacet
 facet normal -0.000000000000e+00 -1.000000000000e+00 0.000000000000e+00
   outer loop
     vertex 6.735069095108e+01 1.100000000000e+01 -3.478220748732e+01
     vertex 6.589747013064e+01 1.100000000000e+01 -3.370903724221e+01
     vertex 6.688328023225e+01 1.100000000000e+01 -3.515495509726e+01
   endloop
 endfacet
 facet normal 0.000000000000e+00 -1.000000000000e+00 -0.000000000000e+00
   outer loop
     vertex 6.616038865998e+01 1.100000000000e+01 -3.349936671162e+01
     vertex 6.589747013064e+01 1.100000000000e+01 -3.370903724221e+01
     vertex 6.735069095108e+01 1.100000000000e+01 -3.478220748732e+01
   endloop
 endfacet
 facet normal -0.000000000000e+00 -1.000000000000e+00 0.000000000000e+00
   outer loop
     vertex 6.309961134002e+01 1.100000000000e+01 -3.020063328838e+01
     vertex 6.150267407013e+01 1.100000000000e+01 -2.935604079257e+01
     vertex 6.287087916445e+01 1.100000000000e+01 -3.044714794582e+01
   endloop
 endfacet
 facet normal 0.000000000000e+00 -1.000000000000e+00 -0.000000000000e+00
   outer loop
     vertex 6.190930904892e+01 1.100000000000e+01 -2.891779251268e+01
     vertex 6.150267407013e+01 1.100000000000e+01 -2.935604079257e+01
     vertex 6.309961134002e+01 1.100000000000e+01 -3.020063328838e+01
   endloop
 endfacet
 facet normal 0.000000000000e+00 -1.000000000000e+00 -0.000000000000e+00
   outer loop
     vertex 6.638912083555e+01 1.100000000000e+01 -3.325285205418e+01
     vertex 6.616038865998e+01 1.100000000000e+01 -3.349936671162e+01
     vertex 6.735069095108e+01 1.100000000000e+01 -3.478220748732e+01
   endloop
 endfacet
 facet normal -0.000000000000e+00 -1.000000000000e+00 0.000000000000e+00
   outer loop
     vertex 6.336252986936e+01 1.100000000000e+01 -2.999096275779e+01
     vertex 6.190930904892e+01 1.100000000000e+01 -2.891779251268e+01
     vertex 6.309961134002e+01 1.100000000000e+01 -3.020063328838e+01
   endloop
 endfacet
 facet normal -0.000000000000e+00 -1.000000000000e+00 0.000000000000e+00
   outer loop
     vertex 6.775732592987e+01 1.100000000000e+01 -3.434395920743e+01
     vertex 6.638912083555e+01 1.100000000000e+01 -3.325285205418e+01
     vertex 6.735069095108e+01 1.100000000000e+01 -3.478220748732e+01
   endloop
 endfacet
 facet normal 0.000000000000e+00 -1.000000000000e+00 -0.000000000000e+00
   outer loop
     vertex 6.237671976775e+01 1.100000000000e+01 -2.854504490274e+01
     vertex 6.190930904892e+01 1.100000000000e+01 -2.891779251268e+01
     vertex 6.336252986936e+01 1.100000000000e+01 -2.999096275779e+01
   endloop
 endfacet
 facet normal 0.000000000000e+00 -1.000000000000e+00 0.000000000000e+00
   outer loop
     vertex 6.809410161514e+01 1.100000000000e+01 -3.385000000000e+01
     vertex 6.657855715851e+01 1.100000000000e+01 -3.297500000000e+01
     vertex 6.638912083555e+01 1.100000000000e+01 -3.325285205418e+01
   endloop
 endfacet
 facet normal -0.000000000000e+00 -1.000000000000e+00 0.000000000000e+00
   outer loop
     vertex 6.809410161514e+01 1.100000000000e+01 -3.385000000000e+01
     vertex 6.638912083555e+01 1.100000000000e+01 -3.325285205418e+01
     vertex 6.775732592987e+01 1.100000000000e+01 -3.434395920743e+01
   endloop
 endfacet
 facet normal 0.000000000000e+00 -1.000000000000e+00 -0.000000000000e+00
   outer loop
     vertex 6.289446504353e+01 1.100000000000e+01 -2.824612452839e+01
     vertex 6.237671976775e+01 1.100000000000e+01 -2.854504490274e+01
     vertex 6.336252986936e+01 1.100000000000e+01 -2.999096275779e+01
   endloop
 endfacet
 facet normal 0.000000000000e+00 -1.000000000000e+00 0.000000000000e+00
   outer loop
     vertex 6.289446504353e+01 1.100000000000e+01 -2.824612452839e+01
     vertex 6.336252986936e+01 1.100000000000e+01 -2.999096275779e+01
     vertex 6.365376158699e+01 1.100000000000e+01 -2.982282004722e+01
   endloop
 endfacet
 facet normal 0.000000000000e+00 -1.000000000000e+00 0.000000000000e+00
   outer loop
     vertex 6.835349499458e+01 1.100000000000e+01 -3.331136409747e+01
     vertex 6.672446593445e+01 1.100000000000e+01 -3.267201730482e+01
     vertex 6.657855715851e+01 1.100000000000e+01 -3.297500000000e+01
   endloop
 endfacet
 facet normal -0.000000000000e+00 -1.000000000000e+00 0.000000000000e+00
   outer loop
     vertex 6.835349499458e+01 1.100000000000e+01 -3.331136409747e+01
     vertex 6.657855715851e+01 1.100000000000e+01 -3.297500000000e+01
     vertex 6.809410161514e+01 1.100000000000e+01 -3.385000000000e+01
   endloop
 endfacet
 facet normal 0.000000000000e+00 -1.000000000000e+00 0.000000000000e+00
   outer loop
     vertex 6.345097930236e+01 1.100000000000e+01 -2.802770877686e+01
     vertex 6.365376158699e+01 1.100000000000e+01 -2.982282004722e+01
     vertex 6.396680085758e+01 1.100000000000e+01 -2.969996118698e+01
   endloop
 endfacet
 facet normal 0.000000000000e+00 -1.000000000000e+00 0.000000000000e+00
   outer loop
     vertex 6.345097930236e+01 1.100000000000e+01 -2.802770877686e+01
     vertex 6.396680085758e+01 1.100000000000e+01 -2.969996118698e+01
     vertex 6.429465490110e+01 1.100000000000e+01 -2.962513064099e+01
   endloop
 endfacet
 facet normal 0.000000000000e+00 -1.000000000000e+00 -0.000000000000e+00
   outer loop
     vertex 6.345097930236e+01 1.100000000000e+01 -2.802770877686e+01
     vertex 6.289446504353e+01 1.100000000000e+01 -2.824612452839e+01
     vertex 6.365376158699e+01 1.100000000000e+01 -2.982282004722e+01
   endloop
 endfacet
 facet normal -0.000000000000e+00 -1.000000000000e+00 0.000000000000e+00
   outer loop
     vertex 6.852971164873e+01 1.100000000000e+01 -3.274008373583e+01
     vertex 6.672446593445e+01 1.100000000000e+01 -3.267201730482e+01
     vertex 6.835349499458e+01 1.100000000000e+01 -3.331136409747e+01
   endloop
 endfacet
 facet normal 0.000000000000e+00 -1.000000000000e+00 0.000000000000e+00
   outer loop
     vertex 6.852971164873e+01 1.100000000000e+01 -3.274008373583e+01
     vertex 6.682358780241e+01 1.100000000000e+01 -3.235067210140e+01
     vertex 6.672446593445e+01 1.100000000000e+01 -3.267201730482e+01
   endloop
 endfacet
 facet normal 0.000000000000e+00 -1.000000000000e+00 -0.000000000000e+00
   outer loop
     vertex 6.403383093530e+01 1.100000000000e+01 -2.789467669510e+01
     vertex 6.345097930236e+01 1.100000000000e+01 -2.802770877686e+01
     vertex 6.429465490110e+01 1.100000000000e+01 -2.962513064099e+01
   endloop
 endfacet
 facet normal 0.000000000000e+00 -1.000000000000e+00 0.000000000000e+00
   outer loop
     vertex 6.861881518872e+01 1.100000000000e+01 -3.214892037435e+01
     vertex 6.682358780241e+01 1.100000000000e+01 -3.235067210140e+01
     vertex 6.852971164873e+01 1.100000000000e+01 -3.274008373583e+01
   endloop
 endfacet
 facet normal 0.000000000000e+00 -1.000000000000e+00 0.000000000000e+00
   outer loop
     vertex 6.861881518872e+01 1.100000000000e+01 -3.214892037435e+01
     vertex 6.687370854366e+01 1.100000000000e+01 -3.168185728943e+01
     vertex 6.687370854366e+01 1.100000000000e+01 -3.201814271057e+01
   endloop
 endfacet
 facet normal -0.000000000000e+00 -1.000000000000e+00 0.000000000000e+00
   outer loop
     vertex 6.861881518872e+01 1.100000000000e+01 -3.214892037435e+01
     vertex 6.687370854366e+01 1.100000000000e+01 -3.201814271057e+01
     vertex 6.682358780241e+01 1.100000000000e+01 -3.235067210140e+01
   endloop
 endfacet
 facet normal 0.000000000000e+00 -1.000000000000e+00 -0.000000000000e+00
   outer loop
     vertex 6.463000000000e+01 1.100000000000e+01 -2.785000000000e+01
     vertex 6.429465490110e+01 1.100000000000e+01 -2.962513064099e+01
     vertex 6.463000000000e+01 1.100000000000e+01 -2.960000000000e+01
   endloop
 endfacet
 facet normal 0.000000000000e+00 -1.000000000000e+00 0.000000000000e+00
   outer loop
     vertex 6.463000000000e+01 1.100000000000e+01 -2.785000000000e+01
     vertex 6.403383093530e+01 1.100000000000e+01 -2.789467669510e+01
     vertex 6.429465490110e+01 1.100000000000e+01 -2.962513064099e+01
   endloop
 endfacet
 facet normal 0.000000000000e+00 -1.000000000000e+00 -0.000000000000e+00
   outer loop
     vertex 6.861881518872e+01 1.100000000000e+01 -3.155107962565e+01
     vertex 6.687370854366e+01 1.100000000000e+01 -3.168185728943e+01
     vertex 6.861881518872e+01 1.100000000000e+01 -3.214892037435e+01
   endloop
 endfacet
 facet normal -0.000000000000e+00 -1.000000000000e+00 0.000000000000e+00
   outer loop
     vertex 6.522616906470e+01 1.100000000000e+01 -2.789467669510e+01
     vertex 6.463000000000e+01 1.100000000000e+01 -2.785000000000e+01
     vertex 6.463000000000e+01 1.100000000000e+01 -2.960000000000e+01
   endloop
 endfacet
 facet normal 0.000000000000e+00 -1.000000000000e+00 0.000000000000e+00
   outer loop
     vertex 6.522616906470e+01 1.100000000000e+01 -2.789467669510e+01
     vertex 6.463000000000e+01 1.100000000000e+01 -2.960000000000e+01
     vertex 6.496534509890e+01 1.100000000000e+01 -2.962513064099e+01
   endloop
 endfacet
 facet normal 0.000000000000e+00 -1.000000000000e+00 -0.000000000000e+00
   outer loop
     vertex 6.522616906470e+01 1.100000000000e+01 -2.789467669510e+01
     vertex 6.496534509890e+01 1.100000000000e+01 -2.962513064099e+01
     vertex 6.529319914242e+01 1.100000000000e+01 -2.969996118698e+01
   endloop
 endfacet
 facet normal 0.000000000000e+00 -1.000000000000e+00 0.000000000000e+00
   outer loop
     vertex 6.852971164873e+01 1.100000000000e+01 -3.095991626417e+01
     vertex 6.682358780241e+01 1.100000000000e+01 -3.134932789860e+01
     vertex 6.687370854366e+01 1.100000000000e+01 -3.168185728943e+01
   endloop
 endfacet
 facet normal 0.000000000000e+00 -1.000000000000e+00 -0.000000000000e+00
   outer loop
     vertex 6.852971164873e+01 1.100000000000e+01 -3.095991626417e+01
     vertex 6.687370854366e+01 1.100000000000e+01 -3.168185728943e+01
     vertex 6.861881518872e+01 1.100000000000e+01 -3.155107962565e+01
   endloop
 endfacet
 facet normal -0.000000000000e+00 -1.000000000000e+00 0.000000000000e+00
   outer loop
     vertex 6.580902069764e+01 1.100000000000e+01 -2.802770877686e+01
     vertex 6.522616906470e+01 1.100000000000e+01 -2.789467669510e+01
     vertex 6.529319914242e+01 1.100000000000e+01 -2.969996118698e+01
   endloop
 endfacet
 facet normal 0.000000000000e+00 -1.000000000000e+00 -0.000000000000e+00
   outer loop
     vertex 6.835349499458e+01 1.100000000000e+01 -3.038863590253e+01
     vertex 6.682358780241e+01 1.100000000000e+01 -3.134932789860e+01
     vertex 6.852971164873e+01 1.100000000000e+01 -3.095991626417e+01
   endloop
 endfacet
 facet normal 0.000000000000e+00 -1.000000000000e+00 0.000000000000e+00
   outer loop
     vertex 6.835349499458e+01 1.100000000000e+01 -3.038863590253e+01
     vertex 6.672446593445e+01 1.100000000000e+01 -3.102798269518e+01
     vertex 6.682358780241e+01 1.100000000000e+01 -3.134932789860e+01
   endloop
 endfacet
 facet normal -0.000000000000e+00 -1.000000000000e+00 0.000000000000e+00
   outer loop
     vertex 6.636553495647e+01 1.100000000000e+01 -2.824612452839e+01
     vertex 6.580902069764e+01 1.100000000000e+01 -2.802770877686e+01
     vertex 6.529319914242e+01 1.100000000000e+01 -2.969996118698e+01
   endloop
 endfacet
 facet normal 0.000000000000e+00 -1.000000000000e+00 0.000000000000e+00
   outer loop
     vertex 6.636553495647e+01 1.100000000000e+01 -2.824612452839e+01
     vertex 6.529319914242e+01 1.100000000000e+01 -2.969996118698e+01
     vertex 6.560623841301e+01 1.100000000000e+01 -2.982282004722e+01
   endloop
 endfacet
 facet normal 0.000000000000e+00 -1.000000000000e+00 -0.000000000000e+00
   outer loop
     vertex 6.809410161514e+01 1.100000000000e+01 -2.985000000000e+01
     vertex 6.672446593445e+01 1.100000000000e+01 -3.102798269518e+01
     vertex 6.835349499458e+01 1.100000000000e+01 -3.038863590253e+01
   endloop
 endfacet
 facet normal 0.000000000000e+00 -1.000000000000e+00 0.000000000000e+00
   outer loop
     vertex 6.809410161514e+01 1.100000000000e+01 -2.985000000000e+01
     vertex 6.638912083555e+01 1.100000000000e+01 -3.044714794582e+01
     vertex 6.657855715851e+01 1.100000000000e+01 -3.072500000000e+01
   endloop
 endfacet
 facet normal 0.000000000000e+00 -1.000000000000e+00 0.000000000000e+00
   outer loop
     vertex 6.809410161514e+01 1.100000000000e+01 -2.985000000000e+01
     vertex 6.657855715851e+01 1.100000000000e+01 -3.072500000000e+01
     vertex 6.672446593445e+01 1.100000000000e+01 -3.102798269518e+01
   endloop
 endfacet
 facet normal -0.000000000000e+00 -1.000000000000e+00 0.000000000000e+00
   outer loop
     vertex 6.688328023225e+01 1.100000000000e+01 -2.854504490274e+01
     vertex 6.636553495647e+01 1.100000000000e+01 -2.824612452839e+01
     vertex 6.560623841301e+01 1.100000000000e+01 -2.982282004722e+01
   endloop
 endfacet
 facet normal 0.000000000000e+00 -1.000000000000e+00 0.000000000000e+00
   outer loop
     vertex 6.688328023225e+01 1.100000000000e+01 -2.854504490274e+01
     vertex 6.560623841301e+01 1.100000000000e+01 -2.982282004722e+01
     vertex 6.589747013064e+01 1.100000000000e+01 -2.999096275779e+01
   endloop
 endfacet
 facet normal 0.000000000000e+00 -1.000000000000e+00 -0.000000000000e+00
   outer loop
     vertex 6.775732592987e+01 1.100000000000e+01 -2.935604079257e+01
     vertex 6.638912083555e+01 1.100000000000e+01 -3.044714794582e+01
     vertex 6.809410161514e+01 1.100000000000e+01 -2.985000000000e+01
   endloop
 endfacet
 facet normal -0.000000000000e+00 -1.000000000000e+00 0.000000000000e+00
   outer loop
     vertex 6.735069095108e+01 1.100000000000e+01 -2.891779251268e+01
     vertex 6.688328023225e+01 1.100000000000e+01 -2.854504490274e+01
     vertex 6.589747013064e+01 1.100000000000e+01 -2.999096275779e+01
   endloop
 endfacet
 facet normal 0.000000000000e+00 -1.000000000000e+00 0.000000000000e+00
   outer loop
     vertex 6.735069095108e+01 1.100000000000e+01 -2.891779251268e+01
     vertex 6.589747013064e+01 1.100000000000e+01 -2.999096275779e+01
     vertex 6.616038865998e+01 1.100000000000e+01 -3.020063328838e+01
   endloop
 endfacet
 facet normal 0.000000000000e+00 -1.000000000000e+00 0.000000000000e+00
   outer loop
     vertex 6.735069095108e+01 1.100000000000e+01 -2.891779251268e+01
     vertex 6.616038865998e+01 1.100000000000e+01 -3.020063328838e+01
     vertex 6.638912083555e+01 1.100000000000e+01 -3.044714794582e+01
   endloop
 endfacet
 facet normal 0.000000000000e+00 -1.000000000000e+00 -0.000000000000e+00
   outer loop
     vertex 6.735069095108e+01 1.100000000000e+01 -2.891779251268e+01
     vertex 6.638912083555e+01 1.100000000000e+01 -3.044714794582e+01
     vertex 6.775732592987e+01 1.100000000000e+01 -2.935604079257e+01
   endloop
 endfacet
 facet normal 7.473009358642e-02 0.000000000000e+00 9.972037971812e-01
   outer loop
     vertex 6.522616906470e+01 2.350000000000e+01 -2.789467669510e+01
     vertex 6.463000000000e+01 2.350000000000e+01 -2.785000000000e+01
     vertex 6.463000000000e+01 1.100000000000e+01 -2.785000000000e+01
   endloop
 endfacet
 facet normal 7.473009358642e-02 0.000000000000e+00 9.972037971812e-01
   outer loop
     vertex 6.522616906470e+01 2.350000000000e+01 -2.789467669510e+01
     vertex 6.463000000000e+01 1.100000000000e+01 -2.785000000000e+01
     vertex 6.522616906470e+01 1.100000000000e+01 -2.789467669510e+01
   endloop
 endfacet
 facet normal 2.225209339563e-01 0.000000000000e+00 9.749279121818e-01
   outer loop
     vertex 6.580902069764e+01 2.350000000000e+01 -2.802770877686e+01
     vertex 6.522616906470e+01 1.100000000000e+01 -2.789467669510e+01
     vertex 6.580902069764e+01 1.100000000000e+01 -2.802770877686e+01
   endloop
 endfacet
 facet normal 2.225209339563e-01 0.000000000000e+00 9.749279121818e-01
   outer loop
     vertex 6.580902069764e+01 2.350000000000e+01 -2.802770877686e+01
     vertex 6.522616906470e+01 2.350000000000e+01 -2.789467669510e+01
     vertex 6.522616906470e+01 1.100000000000e+01 -2.789467669510e+01
   endloop
 endfacet
 facet normal 3.653410243664e-01 0.000000000000e+00 9.308737486442e-01
   outer loop
     vertex 6.636553495647e+01 2.350000000000e+01 -2.824612452839e+01
     vertex 6.580902069764e+01 1.100000000000e+01 -2.802770877686e+01
     vertex 6.636553495647e+01 1.100000000000e+01 -2.824612452839e+01
   endloop
 endfacet
 facet normal 5.000000000000e-01 0.000000000000e+00 8.660254037844e-01
   outer loop
     vertex 6.636553495647e+01 2.350000000000e+01 -2.824612452839e+01
     vertex 6.636553495647e+01 1.100000000000e+01 -2.824612452839e+01
     vertex 6.688328023225e+01 1.100000000000e+01 -2.854504490274e+01
   endloop
 endfacet
 facet normal 3.653410243664e-01 0.000000000000e+00 9.308737486442e-01
   outer loop
     vertex 6.636553495647e+01 2.350000000000e+01 -2.824612452839e+01
     vertex 6.580902069764e+01 2.350000000000e+01 -2.802770877686e+01
     vertex 6.580902069764e+01 1.100000000000e+01 -2.802770877686e+01
   endloop
 endfacet
 facet normal 5.000000000000e-01 0.000000000000e+00 8.660254037844e-01
   outer loop
     vertex 6.688328023225e+01 2.350000000000e+01 -2.854504490274e+01
     vertex 6.636553495647e+01 2.350000000000e+01 -2.824612452839e+01
     vertex 6.688328023225e+01 1.100000000000e+01 -2.854504490274e+01
   endloop
 endfacet
 facet normal 6.234898018587e-01 0.000000000000e+00 7.818314824680e-01
   outer loop
     vertex 6.735069095108e+01 2.350000000000e+01 -2.891779251268e+01
     vertex 6.688328023225e+01 2.350000000000e+01 -2.854504490274e+01
     vertex 6.688328023225e+01 1.100000000000e+01 -2.854504490274e+01
   endloop
 endfacet
 facet normal 6.234898018587e-01 0.000000000000e+00 7.818314824680e-01
   outer loop
     vertex 6.735069095108e+01 2.350000000000e+01 -2.891779251268e+01
     vertex 6.688328023225e+01 1.100000000000e+01 -2.854504490274e+01
     vertex 6.735069095108e+01 1.100000000000e+01 -2.891779251268e+01
   endloop
 endfacet
 facet normal 7.330518718298e-01 0.000000000000e+00 6.801727377709e-01
   outer loop
     vertex 6.775732592987e+01 2.350000000000e+01 -2.935604079257e+01
     vertex 6.735069095108e+01 2.350000000000e+01 -2.891779251268e+01
     vertex 6.735069095108e+01 1.100000000000e+01 -2.891779251268e+01
   endloop
 endfacet
 facet normal 7.330518718298e-01 0.000000000000e+00 6.801727377709e-01
   outer loop
     vertex 6.775732592987e+01 2.350000000000e+01 -2.935604079257e+01
     vertex 6.735069095108e+01 1.100000000000e+01 -2.891779251268e+01
     vertex 6.775732592987e+01 1.100000000000e+01 -2.935604079257e+01
   endloop
 endfacet
 facet normal 8.262387743160e-01 0.000000000000e+00 5.633200580636e-01
   outer loop
     vertex 6.775732592987e+01 2.350000000000e+01 -2.935604079257e+01
     vertex 6.775732592987e+01 1.100000000000e+01 -2.935604079257e+01
     vertex 6.809410161514e+01 1.100000000000e+01 -2.985000000000e+01
   endloop
 endfacet
 facet normal 8.262387743160e-01 0.000000000000e+00 5.633200580636e-01
   outer loop
     vertex 6.809410161514e+01 2.350000000000e+01 -2.985000000000e+01
     vertex 6.775732592987e+01 2.350000000000e+01 -2.935604079257e+01
     vertex 6.809410161514e+01 1.100000000000e+01 -2.985000000000e+01
   endloop
 endfacet
 facet normal 9.009688679024e-01 0.000000000000e+00 4.338837391176e-01
   outer loop
     vertex 6.809410161514e+01 2.350000000000e+01 -2.985000000000e+01
     vertex 6.809410161514e+01 1.100000000000e+01 -2.985000000000e+01
     vertex 6.835349499458e+01 1.100000000000e+01 -3.038863590253e+01
   endloop
 endfacet
 facet normal 9.009688679024e-01 0.000000000000e+00 4.338837391176e-01
   outer loop
     vertex 6.835349499458e+01 2.350000000000e+01 -3.038863590253e+01
     vertex 6.809410161514e+01 2.350000000000e+01 -2.985000000000e+01
     vertex 6.835349499458e+01 1.100000000000e+01 -3.038863590253e+01
   endloop
 endfacet
 facet normal 9.555728057861e-01 0.000000000000e+00 2.947551744109e-01
   outer loop
     vertex 6.852971164873e+01 2.350000000000e+01 -3.095991626417e+01
     vertex 6.835349499458e+01 2.350000000000e+01 -3.038863590253e+01
     vertex 6.835349499458e+01 1.100000000000e+01 -3.038863590253e+01
   endloop
 endfacet
 facet normal 9.555728057861e-01 0.000000000000e+00 2.947551744109e-01
   outer loop
     vertex 6.852971164873e+01 2.350000000000e+01 -3.095991626417e+01
     vertex 6.835349499458e+01 1.100000000000e+01 -3.038863590253e+01
     vertex 6.852971164873e+01 1.100000000000e+01 -3.095991626417e+01
   endloop
 endfacet
 facet normal 9.888308262251e-01 0.000000000000e+00 1.490422661762e-01
   outer loop
     vertex 6.861881518872e+01 2.350000000000e+01 -3.155107962565e+01
     vertex 6.852971164873e+01 2.350000000000e+01 -3.095991626417e+01
     vertex 6.852971164873e+01 1.100000000000e+01 -3.095991626417e+01
   endloop
 endfacet
 facet normal 9.888308262251e-01 0.000000000000e+00 1.490422661762e-01
   outer loop
     vertex 6.861881518872e+01 2.350000000000e+01 -3.155107962565e+01
     vertex 6.852971164873e+01 1.100000000000e+01 -3.095991626417e+01
     vertex 6.861881518872e+01 1.100000000000e+01 -3.155107962565e+01
   endloop
 endfacet
 facet normal 1.000000000000e+00 0.000000000000e+00 -0.000000000000e+00
   outer loop
     vertex 6.861881518872e+01 2.350000000000e+01 -3.214892037435e+01
     vertex 6.861881518872e+01 2.350000000000e+01 -3.155107962565e+01
     vertex 6.861881518872e+01 1.100000000000e+01 -3.155107962565e+01
   endloop
 endfacet
 facet normal 1.000000000000e+00 0.000000000000e+00 0.000000000000e+00
   outer loop
     vertex 6.861881518872e+01 2.350000000000e+01 -3.214892037435e+01
     vertex 6.861881518872e+01 1.100000000000e+01 -3.155107962565e+01
     vertex 6.861881518872e+01 1.100000000000e+01 -3.214892037435e+01
   endloop
 endfacet
 facet normal 9.888308262251e-01 0.000000000000e+00 -1.490422661762e-01
   outer loop
     vertex 6.852971164873e+01 2.350000000000e+01 -3.274008373583e+01
     vertex 6.861881518872e+01 2.350000000000e+01 -3.214892037435e+01
     vertex 6.861881518872e+01 1.100000000000e+01 -3.214892037435e+01
   endloop
 endfacet
 facet normal 9.888308262251e-01 0.000000000000e+00 -1.490422661762e-01
   outer loop
     vertex 6.852971164873e+01 2.350000000000e+01 -3.274008373583e+01
     vertex 6.861881518872e+01 1.100000000000e+01 -3.214892037435e+01
     vertex 6.852971164873e+01 1.100000000000e+01 -3.274008373583e+01
   endloop
 endfacet
 facet normal 9.555728057861e-01 0.000000000000e+00 -2.947551744109e-01
   outer loop
     vertex 6.835349499458e+01 2.350000000000e+01 -3.331136409747e+01
     vertex 6.852971164873e+01 2.350000000000e+01 -3.274008373583e+01
     vertex 6.852971164873e+01 1.100000000000e+01 -3.274008373583e+01
   endloop
 endfacet
 facet normal 9.555728057861e-01 0.000000000000e+00 -2.947551744109e-01
   outer loop
     vertex 6.835349499458e+01 2.350000000000e+01 -3.331136409747e+01
     vertex 6.852971164873e+01 1.100000000000e+01 -3.274008373583e+01
     vertex 6.835349499458e+01 1.100000000000e+01 -3.331136409747e+01
   endloop
 endfacet
 facet normal 9.009688679024e-01 0.000000000000e+00 -4.338837391176e-01
   outer loop
     vertex 6.809410161514e+01 2.350000000000e+01 -3.385000000000e+01
     vertex 6.835349499458e+01 2.350000000000e+01 -3.331136409747e+01
     vertex 6.835349499458e+01 1.100000000000e+01 -3.331136409747e+01
   endloop
 endfacet
 facet normal 9.009688679024e-01 0.000000000000e+00 -4.338837391176e-01
   outer loop
     vertex 6.809410161514e+01 2.350000000000e+01 -3.385000000000e+01
     vertex 6.835349499458e+01 1.100000000000e+01 -3.331136409747e+01
     vertex 6.809410161514e+01 1.100000000000e+01 -3.385000000000e+01
   endloop
 endfacet
 facet normal 8.262387743160e-01 0.000000000000e+00 -5.633200580636e-01
   outer loop
     vertex 6.775732592987e+01 2.350000000000e+01 -3.434395920743e+01
     vertex 6.809410161514e+01 2.350000000000e+01 -3.385000000000e+01
     vertex 6.809410161514e+01 1.100000000000e+01 -3.385000000000e+01
   endloop
 endfacet
 facet normal 8.262387743160e-01 0.000000000000e+00 -5.633200580636e-01
   outer loop
     vertex 6.775732592987e+01 2.350000000000e+01 -3.434395920743e+01
     vertex 6.809410161514e+01 1.100000000000e+01 -3.385000000000e+01
     vertex 6.775732592987e+01 1.100000000000e+01 -3.434395920743e+01
   endloop
 endfacet
 facet normal 7.330518718298e-01 0.000000000000e+00 -6.801727377709e-01
   outer loop
     vertex 6.735069095108e+01 2.350000000000e+01 -3.478220748732e+01
     vertex 6.775732592987e+01 2.350000000000e+01 -3.434395920743e+01
     vertex 6.775732592987e+01 1.100000000000e+01 -3.434395920743e+01
   endloop
 endfacet
 facet normal 7.330518718298e-01 0.000000000000e+00 -6.801727377709e-01
   outer loop
     vertex 6.735069095108e+01 2.350000000000e+01 -3.478220748732e+01
     vertex 6.775732592987e+01 1.100000000000e+01 -3.434395920743e+01
     vertex 6.735069095108e+01 1.100000000000e+01 -3.478220748732e+01
   endloop
 endfacet
 facet normal 6.234898018587e-01 0.000000000000e+00 -7.818314824680e-01
   outer loop
     vertex 6.688328023225e+01 2.350000000000e+01 -3.515495509726e+01
     vertex 6.735069095108e+01 1.100000000000e+01 -3.478220748732e+01
     vertex 6.688328023225e+01 1.100000000000e+01 -3.515495509726e+01
   endloop
 endfacet
 facet normal 6.234898018587e-01 0.000000000000e+00 -7.818314824680e-01
   outer loop
     vertex 6.688328023225e+01 2.350000000000e+01 -3.515495509726e+01
     vertex 6.735069095108e+01 2.350000000000e+01 -3.478220748732e+01
     vertex 6.735069095108e+01 1.100000000000e+01 -3.478220748732e+01
   endloop
 endfacet
 facet normal 5.000000000000e-01 0.000000000000e+00 -8.660254037844e-01
   outer loop
     vertex 6.636553495647e+01 2.350000000000e+01 -3.545387547161e+01
     vertex 6.688328023225e+01 1.100000000000e+01 -3.515495509726e+01
     vertex 6.636553495647e+01 1.100000000000e+01 -3.545387547161e+01
   endloop
 endfacet
 facet normal 5.000000000000e-01 0.000000000000e+00 -8.660254037844e-01
   outer loop
     vertex 6.636553495647e+01 2.350000000000e+01 -3.545387547161e+01
     vertex 6.688328023225e+01 2.350000000000e+01 -3.515495509726e+01
     vertex 6.688328023225e+01 1.100000000000e+01 -3.515495509726e+01
   endloop
 endfacet
 facet normal 3.653410243664e-01 0.000000000000e+00 -9.308737486442e-01
   outer loop
     vertex 6.580902069764e+01 2.350000000000e+01 -3.567229122314e+01
     vertex 6.636553495647e+01 1.100000000000e+01 -3.545387547161e+01
     vertex 6.580902069764e+01 1.100000000000e+01 -3.567229122314e+01
   endloop
 endfacet
 facet normal 3.653410243664e-01 0.000000000000e+00 -9.308737486442e-01
   outer loop
     vertex 6.580902069764e+01 2.350000000000e+01 -3.567229122314e+01
     vertex 6.636553495647e+01 2.350000000000e+01 -3.545387547161e+01
     vertex 6.636553495647e+01 1.100000000000e+01 -3.545387547161e+01
   endloop
 endfacet
 facet normal 2.225209339563e-01 0.000000000000e+00 -9.749279121818e-01
   outer loop
     vertex 6.522616906470e+01 2.350000000000e+01 -3.580532330490e+01
     vertex 6.580902069764e+01 1.100000000000e+01 -3.567229122314e+01
     vertex 6.522616906470e+01 1.100000000000e+01 -3.580532330490e+01
   endloop
 endfacet
 facet normal 2.225209339563e-01 0.000000000000e+00 -9.749279121818e-01
   outer loop
     vertex 6.522616906470e+01 2.350000000000e+01 -3.580532330490e+01
     vertex 6.580902069764e+01 2.350000000000e+01 -3.567229122314e+01
     vertex 6.580902069764e+01 1.100000000000e+01 -3.567229122314e+01
   endloop
 endfacet
 facet normal 7.473009358642e-02 0.000000000000e+00 -9.972037971812e-01
   outer loop
     vertex 6.463000000000e+01 2.350000000000e+01 -3.585000000000e+01
     vertex 6.522616906470e+01 1.100000000000e+01 -3.580532330490e+01
     vertex 6.463000000000e+01 1.100000000000e+01 -3.585000000000e+01
   endloop
 endfacet
 facet normal 7.473009358642e-02 0.000000000000e+00 -9.972037971812e-01
   outer loop
     vertex 6.463000000000e+01 2.350000000000e+01 -3.585000000000e+01
     vertex 6.522616906470e+01 2.350000000000e+01 -3.580532330490e+01
     vertex 6.522616906470e+01 1.100000000000e+01 -3.580532330490e+01
   endloop
 endfacet
 facet normal -7.473009358643e-02 -0.000000000000e+00 -9.972037971812e-01
   outer loop
     vertex 6.403383093530e+01 2.350000000000e+01 -3.580532330490e+01
     vertex 6.463000000000e+01 1.100000000000e+01 -3.585000000000e+01
     vertex 6.403383093530e+01 1.100000000000e+01 -3.580532330490e+01
   endloop
 endfacet
 facet normal -7.473009358643e-02 0.000000000000e+00 -9.972037971812e-01
   outer loop
     vertex 6.403383093530e+01 2.350000000000e+01 -3.580532330490e+01
     vertex 6.463000000000e+01 2.350000000000e+01 -3.585000000000e+01
     vertex 6.463000000000e+01 1.100000000000e+01 -3.585000000000e+01
   endloop
 endfacet
 facet normal -2.225209339563e-01 -0.000000000000e+00 -9.749279121818e-01
   outer loop
     vertex 6.345097930236e+01 2.350000000000e+01 -3.567229122314e+01
     vertex 6.403383093530e+01 1.100000000000e+01 -3.580532330490e+01
     vertex 6.345097930236e+01 1.100000000000e+01 -3.567229122314e+01
   endloop
 endfacet
 facet normal -3.653410243664e-01 -0.000000000000e+00 -9.308737486442e-01
   outer loop
     vertex 6.345097930236e+01 2.350000000000e+01 -3.567229122314e+01
     vertex 6.345097930236e+01 1.100000000000e+01 -3.567229122314e+01
     vertex 6.289446504353e+01 1.100000000000e+01 -3.545387547161e+01
   endloop
 endfacet
 facet normal -2.225209339563e-01 0.000000000000e+00 -9.749279121818e-01
   outer loop
     vertex 6.345097930236e+01 2.350000000000e+01 -3.567229122314e+01
     vertex 6.403383093530e+01 2.350000000000e+01 -3.580532330490e+01
     vertex 6.403383093530e+01 1.100000000000e+01 -3.580532330490e+01
   endloop
 endfacet
 facet normal -5.000000000000e-01 -0.000000000000e+00 -8.660254037844e-01
   outer loop
     vertex 6.289446504353e+01 2.350000000000e+01 -3.545387547161e+01
     vertex 6.289446504353e+01 1.100000000000e+01 -3.545387547161e+01
     vertex 6.237671976775e+01 1.100000000000e+01 -3.515495509726e+01
   endloop
 endfacet
 facet normal -3.653410243664e-01 -0.000000000000e+00 -9.308737486442e-01
   outer loop
     vertex 6.289446504353e+01 2.350000000000e+01 -3.545387547161e+01
     vertex 6.345097930236e+01 2.350000000000e+01 -3.567229122314e+01
     vertex 6.289446504353e+01 1.100000000000e+01 -3.545387547161e+01
   endloop
 endfacet
 facet normal -5.000000000000e-01 -0.000000000000e+00 -8.660254037844e-01
   outer loop
     vertex 6.237671976775e+01 2.350000000000e+01 -3.515495509726e+01
     vertex 6.289446504353e+01 2.350000000000e+01 -3.545387547161e+01
     vertex 6.237671976775e+01 1.100000000000e+01 -3.515495509726e+01
   endloop
 endfacet
 facet normal -6.234898018587e-01 -0.000000000000e+00 -7.818314824680e-01
   outer loop
     vertex 6.190930904892e+01 2.350000000000e+01 -3.478220748732e+01
     vertex 6.237671976775e+01 1.100000000000e+01 -3.515495509726e+01
     vertex 6.190930904892e+01 1.100000000000e+01 -3.478220748732e+01
   endloop
 endfacet
 facet normal -7.330518718298e-01 -0.000000000000e+00 -6.801727377709e-01
   outer loop
     vertex 6.190930904892e+01 2.350000000000e+01 -3.478220748732e+01
     vertex 6.190930904892e+01 1.100000000000e+01 -3.478220748732e+01
     vertex 6.150267407013e+01 1.100000000000e+01 -3.434395920743e+01
   endloop
 endfacet
 facet normal -6.234898018587e-01 0.000000000000e+00 -7.818314824680e-01
   outer loop
     vertex 6.190930904892e+01 2.350000000000e+01 -3.478220748732e+01
     vertex 6.237671976775e+01 2.350000000000e+01 -3.515495509726e+01
     vertex 6.237671976775e+01 1.100000000000e+01 -3.515495509726e+01
   endloop
 endfacet
 facet normal -7.330518718298e-01 -0.000000000000e+00 -6.801727377709e-01
   outer loop
     vertex 6.150267407013e+01 2.350000000000e+01 -3.434395920743e+01
     vertex 6.190930904892e+01 2.350000000000e+01 -3.478220748732e+01
     vertex 6.150267407013e+01 1.100000000000e+01 -3.434395920743e+01
   endloop
 endfacet
 facet normal -8.262387743160e-01 -0.000000000000e+00 -5.633200580636e-01
   outer loop
     vertex 6.116589838486e+01 2.350000000000e+01 -3.385000000000e+01
     vertex 6.150267407013e+01 1.100000000000e+01 -3.434395920743e+01
     vertex 6.116589838486e+01 1.100000000000e+01 -3.385000000000e+01
   endloop
 endfacet
 facet normal -8.262387743160e-01 0.000000000000e+00 -5.633200580636e-01
   outer loop
     vertex 6.116589838486e+01 2.350000000000e+01 -3.385000000000e+01
     vertex 6.150267407013e+01 2.350000000000e+01 -3.434395920743e+01
     vertex 6.150267407013e+01 1.100000000000e+01 -3.434395920743e+01
   endloop
 endfacet
 facet normal -9.009688679024e-01 0.000000000000e+00 -4.338837391176e-01
   outer loop
     vertex 6.090650500542e+01 2.350000000000e+01 -3.331136409747e+01
     vertex 6.116589838486e+01 2.350000000000e+01 -3.385000000000e+01
     vertex 6.116589838486e+01 1.100000000000e+01 -3.385000000000e+01
   endloop
 endfacet
 facet normal -9.009688679024e-01 -0.000000000000e+00 -4.338837391176e-01
   outer loop
     vertex 6.090650500542e+01 2.350000000000e+01 -3.331136409747e+01
     vertex 6.116589838486e+01 1.100000000000e+01 -3.385000000000e+01
     vertex 6.090650500542e+01 1.100000000000e+01 -3.331136409747e+01
   endloop
 endfacet
 facet normal -9.555728057861e-01 0.000000000000e+00 -2.947551744109e-01
   outer loop
     vertex 6.073028835127e+01 2.350000000000e+01 -3.274008373583e+01
     vertex 6.090650500542e+01 2.350000000000e+01 -3.331136409747e+01
     vertex 6.090650500542e+01 1.100000000000e+01 -3.331136409747e+01
   endloop
 endfacet
 facet normal -9.555728057861e-01 -0.000000000000e+00 -2.947551744109e-01
   outer loop
     vertex 6.073028835127e+01 2.350000000000e+01 -3.274008373583e+01
     vertex 6.090650500542e+01 1.100000000000e+01 -3.331136409747e+01
     vertex 6.073028835127e+01 1.100000000000e+01 -3.274008373583e+01
   endloop
 endfacet
 facet normal -9.888308262251e-01 -0.000000000000e+00 -1.490422661762e-01
   outer loop
     vertex 6.073028835127e+01 2.350000000000e+01 -3.274008373583e+01
     vertex 6.073028835127e+01 1.100000000000e+01 -3.274008373583e+01
     vertex 6.064118481128e+01 1.100000000000e+01 -3.214892037435e+01
   endloop
 endfacet
 facet normal -9.888308262251e-01 -0.000000000000e+00 -1.490422661762e-01
   outer loop
     vertex 6.064118481128e+01 2.350000000000e+01 -3.214892037435e+01
     vertex 6.073028835127e+01 2.350000000000e+01 -3.274008373583e+01
     vertex 6.064118481128e+01 1.100000000000e+01 -3.214892037435e+01
   endloop
 endfacet
 facet normal -1.000000000000e+00 0.000000000000e+00 -0.000000000000e+00
   outer loop
     vertex 6.064118481128e+01 2.350000000000e+01 -3.155107962565e+01
     vertex 6.064118481128e+01 2.350000000000e+01 -3.214892037435e+01
     vertex 6.064118481128e+01 1.100000000000e+01 -3.214892037435e+01
   endloop
 endfacet
 facet normal -1.000000000000e+00 -0.000000000000e+00 0.000000000000e+00
   outer loop
     vertex 6.064118481128e+01 2.350000000000e+01 -3.155107962565e+01
     vertex 6.064118481128e+01 1.100000000000e+01 -3.214892037435e+01
     vertex 6.064118481128e+01 1.100000000000e+01 -3.155107962565e+01
   endloop
 endfacet
 facet normal -9.888308262251e-01 0.000000000000e+00 1.490422661762e-01
   outer loop
     vertex 6.064118481128e+01 2.350000000000e+01 -3.155107962565e+01
     vertex 6.064118481128e+01 1.100000000000e+01 -3.155107962565e+01
     vertex 6.073028835127e+01 1.100000000000e+01 -3.095991626417e+01
   endloop
 endfacet
 facet normal -9.888308262251e-01 0.000000000000e+00 1.490422661762e-01
   outer loop
     vertex 6.073028835127e+01 2.350000000000e+01 -3.095991626417e+01
     vertex 6.064118481128e+01 2.350000000000e+01 -3.155107962565e+01
     vertex 6.073028835127e+01 1.100000000000e+01 -3.095991626417e+01
   endloop
 endfacet
 facet normal -9.555728057861e-01 0.000000000000e+00 2.947551744109e-01
   outer loop
     vertex 6.090650500542e+01 2.350000000000e+01 -3.038863590253e+01
     vertex 6.073028835127e+01 2.350000000000e+01 -3.095991626417e+01
     vertex 6.073028835127e+01 1.100000000000e+01 -3.095991626417e+01
   endloop
 endfacet
 facet normal -9.555728057861e-01 0.000000000000e+00 2.947551744109e-01
   outer loop
     vertex 6.090650500542e+01 2.350000000000e+01 -3.038863590253e+01
     vertex 6.073028835127e+01 1.100000000000e+01 -3.095991626417e+01
     vertex 6.090650500542e+01 1.100000000000e+01 -3.038863590253e+01
   endloop
 endfacet
 facet normal -9.009688679024e-01 0.000000000000e+00 4.338837391176e-01
   outer loop
     vertex 6.090650500542e+01 2.350000000000e+01 -3.038863590253e+01
     vertex 6.090650500542e+01 1.100000000000e+01 -3.038863590253e+01
     vertex 6.116589838486e+01 1.100000000000e+01 -2.985000000000e+01
   endloop
 endfacet
 facet normal -9.009688679024e-01 0.000000000000e+00 4.338837391176e-01
   outer loop
     vertex 6.116589838486e+01 2.350000000000e+01 -2.985000000000e+01
     vertex 6.090650500542e+01 2.350000000000e+01 -3.038863590253e+01
     vertex 6.116589838486e+01 1.100000000000e+01 -2.985000000000e+01
   endloop
 endfacet
 facet normal -8.262387743160e-01 0.000000000000e+00 5.633200580636e-01
   outer loop
     vertex 6.116589838486e+01 2.350000000000e+01 -2.985000000000e+01
     vertex 6.116589838486e+01 1.100000000000e+01 -2.985000000000e+01
     vertex 6.150267407013e+01 1.100000000000e+01 -2.935604079257e+01
   endloop
 endfacet
 facet normal -8.262387743160e-01 0.000000000000e+00 5.633200580636e-01
   outer loop
     vertex 6.150267407013e+01 2.350000000000e+01 -2.935604079257e+01
     vertex 6.116589838486e+01 2.350000000000e+01 -2.985000000000e+01
     vertex 6.150267407013e+01 1.100000000000e+01 -2.935604079257e+01
   endloop
 endfacet
 facet normal -7.330518718298e-01 0.000000000000e+00 6.801727377709e-01
   outer loop
     vertex 6.190930904892e+01 2.350000000000e+01 -2.891779251268e+01
     vertex 6.150267407013e+01 2.350000000000e+01 -2.935604079257e+01
     vertex 6.150267407013e+01 1.100000000000e+01 -2.935604079257e+01
   endloop
 endfacet
 facet normal -7.330518718298e-01 0.000000000000e+00 6.801727377709e-01
   outer loop
     vertex 6.190930904892e+01 2.350000000000e+01 -2.891779251268e+01
     vertex 6.150267407013e+01 1.100000000000e+01 -2.935604079257e+01
     vertex 6.190930904892e+01 1.100000000000e+01 -2.891779251268e+01
   endloop
 endfacet
 facet normal -6.234898018587e-01 0.000000000000e+00 7.818314824680e-01
   outer loop
     vertex 6.237671976775e+01 2.350000000000e+01 -2.854504490274e+01
     vertex 6.190930904892e+01 2.350000000000e+01 -2.891779251268e+01
     vertex 6.190930904892e+01 1.100000000000e+01 -2.891779251268e+01
   endloop
 endfacet
 facet normal -6.234898018587e-01 0.000000000000e+00 7.818314824680e-01
   outer loop
     vertex 6.237671976775e+01 2.350000000000e+01 -2.854504490274e+01
     vertex 6.190930904892e+01 1.100000000000e+01 -2.891779251268e+01
     vertex 6.237671976775e+01 1.100000000000e+01 -2.854504490274e+01
   endloop
 endfacet
 facet normal -5.000000000000e-01 0.000000000000e+00 8.660254037844e-01
   outer loop
     vertex 6.289446504353e+01 2.350000000000e+01 -2.824612452839e+01
     vertex 6.237671976775e+01 2.350000000000e+01 -2.854504490274e+01
     vertex 6.237671976775e+01 1.100000000000e+01 -2.854504490274e+01
   endloop
 endfacet
 facet normal -5.000000000000e-01 0.000000000000e+00 8.660254037844e-01
   outer loop
     vertex 6.289446504353e+01 2.350000000000e+01 -2.824612452839e+01
     vertex 6.237671976775e+01 1.100000000000e+01 -2.854504490274e+01
     vertex 6.289446504353e+01 1.100000000000e+01 -2.824612452839e+01
   endloop
 endfacet
 facet normal -3.653410243664e-01 0.000000000000e+00 9.308737486442e-01
   outer loop
     vertex 6.345097930236e+01 2.350000000000e+01 -2.802770877686e+01
     vertex 6.289446504353e+01 2.350000000000e+01 -2.824612452839e+01
     vertex 6.289446504353e+01 1.100000000000e+01 -2.824612452839e+01
   endloop
 endfacet
 facet normal -3.653410243664e-01 0.000000000000e+00 9.308737486442e-01
   outer loop
     vertex 6.345097930236e+01 2.350000000000e+01 -2.802770877686e+01
     vertex 6.289446504353e+01 1.100000000000e+01 -2.824612452839e+01
     vertex 6.345097930236e+01 1.100000000000e+01 -2.802770877686e+01
   endloop
 endfacet
 facet normal -2.225209339563e-01 0.000000000000e+00 9.749279121818e-01
   outer loop
     vertex 6.403383093530e+01 2.350000000000e+01 -2.789467669510e+01
     vertex 6.345097930236e+01 2.350000000000e+01 -2.802770877686e+01
     vertex 6.345097930236e+01 1.100000000000e+01 -2.802770877686e+01
   endloop
 endfacet
 facet normal -2.225209339563e-01 0.000000000000e+00 9.749279121818e-01
   outer loop
     vertex 6.403383093530e+01 2.350000000000e+01 -2.789467669510e+01
     vertex 6.345097930236e+01 1.100000000000e+01 -2.802770877686e+01
     vertex 6.403383093530e+01 1.100000000000e+01 -2.789467669510e+01
   endloop
 endfacet
 facet normal -7.473009358643e-02 0.000000000000e+00 9.972037971812e-01
   outer loop
     vertex 6.463000000000e+01 2.350000000000e+01 -2.785000000000e+01
     vertex 6.403383093530e+01 2.350000000000e+01 -2.789467669510e+01
     vertex 6.403383093530e+01 1.100000000000e+01 -2.789467669510e+01
   endloop
 endfacet
 facet normal -7.473009358643e-02 0.000000000000e+00 9.972037971812e-01
   outer loop
     vertex 6.463000000000e+01 2.350000000000e+01 -2.785000000000e+01
     vertex 6.403383093530e+01 1.100000000000e+01 -2.789467669510e+01
     vertex 6.463000000000e+01 1.100000000000e+01 -2.785000000000e+01
   endloop
 endfacet
 facet normal -1.000000000000e+00 0.000000000000e+00 -0.000000000000e+00
   outer loop
     vertex -2.575000000000e+01 2.600000000000e+01 3.200000000000e+01
     vertex -2.575000000000e+01 2.600000000000e+01 -1.200000000000e+01
     vertex -2.575000000000e+01 2.350000000000e+01 -1.200000000000e+01
   endloop
 endfacet
 facet normal -1.000000000000e+00 0.000000000000e+00 0.000000000000e+00
   outer loop
     vertex -2.575000000000e+01 2.350000000000e+01 3.200000000000e+01
     vertex -2.575000000000e+01 2.600000000000e+01 3.200000000000e+01
     vertex -2.575000000000e+01 2.350000000000e+01 -1.200000000000e+01
   endloop
 endfacet
 facet normal 0.000000000000e+00 0.000000000000e+00 1.000000000000e+00
   outer loop
     vertex -2.575000000000e+01 2.600000000000e+01 -1.200000000000e+01
     vertex -2.825000000000e+01 2.600000000000e+01 -1.200000000000e+01
     vertex -2.825000000000e+01 2.350000000000e+01 -1.200000000000e+01
   endloop
 endfacet
 facet normal 0.000000000000e+00 0.000000000000e+00 1.000000000000e+00
   outer loop
     vertex -2.575000000000e+01 2.600000000000e+01 -1.200000000000e+01
     vertex -2.825000000000e+01 2.350000000000e+01 -1.200000000000e+01
     vertex -2.575000000000e+01 2.350000000000e+01 -1.200000000000e+01
   endloop
 endfacet
 facet normal 1.000000000000e+00 0.000000000000e+00 0.000000000000e+00
   outer loop
     vertex -2.825000000000e+01 2.600000000000e+01 3.200000000000e+01
     vertex -2.825000000000e+01 2.350000000000e+01 -1.200000000000e+01
     vertex -2.825000000000e+01 2.600000000000e+01 -1.200000000000e+01
   endloop
 endfacet
 facet normal 1.000000000000e+00 -0.000000000000e+00 0.000000000000e+00
   outer loop
     vertex -2.825000000000e+01 2.350000000000e+01 3.200000000000e+01
     vertex -2.825000000000e+01 2.350000000000e+01 -1.200000000000e+01
     vertex -2.825000000000e+01 2.600000000000e+01 3.200000000000e+01
   endloop
 endfacet
 facet normal -0.000000000000e+00 0.000000000000e+00 -1.000000000000e+00
   outer loop
     vertex -2.575000000000e+01 2.600000000000e+01 3.200000000000e+01
     vertex -2.825000000000e+01 2.350000000000e+01 3.200000000000e+01
     vertex -2.825000000000e+01 2.600000000000e+01 3.200000000000e+01
   endloop
 endfacet
 facet normal 0.000000000000e+00 -0.000000000000e+00 -1.000000000000e+00
   outer loop
     vertex -2.575000000000e+01 2.600000000000e+01 3.200000000000e+01
     vertex -2.575000000000e+01 2.350000000000e+01 3.200000000000e+01
     vertex -2.825000000000e+01 2.350000000000e+01 3.200000000000e+01
   endloop
 endfacet
 facet normal -7.473009358642e-02 0.000000000000e+00 -9.972037971812e-01
   outer loop
     vertex -6.123465490110e+01 2.600000000000e+01 3.602486935901e+01
     vertex -6.157000000000e+01 1.100000000000e+01 3.605000000000e+01
     vertex -6.157000000000e+01 2.600000000000e+01 3.605000000000e+01
   endloop
 endfacet
 facet normal -7.473009358642e-02 -0.000000000000e+00 -9.972037971812e-01
   outer loop
     vertex -6.123465490110e+01 2.600000000000e+01 3.602486935901e+01
     vertex -6.123465490110e+01 1.100000000000e+01 3.602486935901e+01
     vertex -6.157000000000e+01 1.100000000000e+01 3.605000000000e+01
   endloop
 endfacet
 facet normal -2.225209339563e-01 -0.000000000000e+00 -9.749279121818e-01
   outer loop
     vertex -6.090680085758e+01 2.600000000000e+01 3.595003881302e+01
     vertex -6.090680085758e+01 1.100000000000e+01 3.595003881302e+01
     vertex -6.123465490110e+01 1.100000000000e+01 3.602486935901e+01
   endloop
 endfacet
 facet normal -2.225209339563e-01 0.000000000000e+00 -9.749279121818e-01
   outer loop
     vertex -6.090680085758e+01 2.600000000000e+01 3.595003881302e+01
     vertex -6.123465490110e+01 1.100000000000e+01 3.602486935901e+01
     vertex -6.123465490110e+01 2.600000000000e+01 3.602486935901e+01
   endloop
 endfacet
 facet normal -3.653410243664e-01 -0.000000000000e+00 -9.308737486442e-01
   outer loop
     vertex -6.059376158699e+01 2.600000000000e+01 3.582717995278e+01
     vertex -6.059376158699e+01 1.100000000000e+01 3.582717995278e+01
     vertex -6.090680085758e+01 1.100000000000e+01 3.595003881302e+01
   endloop
 endfacet
 facet normal -5.000000000000e-01 -0.000000000000e+00 -8.660254037844e-01
   outer loop
     vertex -6.059376158699e+01 2.600000000000e+01 3.582717995278e+01
     vertex -6.030252986936e+01 1.100000000000e+01 3.565903724221e+01
     vertex -6.059376158699e+01 1.100000000000e+01 3.582717995278e+01
   endloop
 endfacet
 facet normal -3.653410243664e-01 0.000000000000e+00 -9.308737486442e-01
   outer loop
     vertex -6.059376158699e+01 2.600000000000e+01 3.582717995278e+01
     vertex -6.090680085758e+01 1.100000000000e+01 3.595003881302e+01
     vertex -6.090680085758e+01 2.600000000000e+01 3.595003881302e+01
   endloop
 endfacet
 facet normal -5.000000000000e-01 -0.000000000000e+00 -8.660254037844e-01
   outer loop
     vertex -6.030252986936e+01 2.600000000000e+01 3.565903724221e+01
     vertex -6.030252986936e+01 1.100000000000e+01 3.565903724221e+01
     vertex -6.059376158699e+01 2.600000000000e+01 3.582717995278e+01
   endloop
 endfacet
 facet normal -6.234898018587e-01 -0.000000000000e+00 -7.818314824680e-01
   outer loop
     vertex -6.030252986936e+01 2.600000000000e+01 3.565903724221e+01
     vertex -6.003961134002e+01 1.100000000000e+01 3.544936671162e+01
     vertex -6.030252986936e+01 1.100000000000e+01 3.565903724221e+01
   endloop
 endfacet
 facet normal -6.234898018587e-01 -0.000000000000e+00 -7.818314824680e-01
   outer loop
     vertex -6.003961134002e+01 2.600000000000e+01 3.544936671162e+01
     vertex -6.003961134002e+01 1.100000000000e+01 3.544936671162e+01
     vertex -6.030252986936e+01 2.600000000000e+01 3.565903724221e+01
   endloop
 endfacet
 facet normal -7.330518718298e-01 0.000000000000e+00 -6.801727377709e-01
   outer loop
     vertex -5.981087916445e+01 2.600000000000e+01 3.520285205418e+01
     vertex -6.003961134002e+01 1.100000000000e+01 3.544936671162e+01
     vertex -6.003961134002e+01 2.600000000000e+01 3.544936671162e+01
   endloop
 endfacet
 facet normal -7.330518718298e-01 -0.000000000000e+00 -6.801727377709e-01
   outer loop
     vertex -5.981087916445e+01 2.600000000000e+01 3.520285205418e+01
     vertex -5.981087916445e+01 1.100000000000e+01 3.520285205418e+01
     vertex -6.003961134002e+01 1.100000000000e+01 3.544936671162e+01
   endloop
 endfacet
 facet normal -8.262387743160e-01 0.000000000000e+00 -5.633200580636e-01
   outer loop
     vertex -5.962144284149e+01 2.600000000000e+01 3.492500000000e+01
     vertex -5.981087916445e+01 1.100000000000e+01 3.520285205418e+01
     vertex -5.981087916445e+01 2.600000000000e+01 3.520285205418e+01
   endloop
 endfacet
 facet normal -8.262387743160e-01 -0.000000000000e+00 -5.633200580636e-01
   outer loop
     vertex -5.962144284149e+01 2.600000000000e+01 3.492500000000e+01
     vertex -5.962144284149e+01 1.100000000000e+01 3.492500000000e+01
     vertex -5.981087916445e+01 1.100000000000e+01 3.520285205418e+01
   endloop
 endfacet
 facet normal -9.009688679024e-01 -0.000000000000e+00 -4.338837391176e-01
   outer loop
     vertex -5.962144284149e+01 2.600000000000e+01 3.492500000000e+01
     vertex -5.947553406555e+01 1.100000000000e+01 3.462201730482e+01
     vertex -5.962144284149e+01 1.100000000000e+01 3.492500000000e+01
   endloop
 endfacet
 facet normal -9.009688679024e-01 -0.000000000000e+00 -4.338837391176e-01
   outer loop
     vertex -5.947553406555e+01 2.600000000000e+01 3.462201730482e+01
     vertex -5.947553406555e+01 1.100000000000e+01 3.462201730482e+01
     vertex -5.962144284149e+01 2.600000000000e+01 3.492500000000e+01
   endloop
 endfacet
 facet normal -9.555728057861e-01 0.000000000000e+00 -2.947551744109e-01
   outer loop
     vertex -5.937641219759e+01 2.600000000000e+01 3.430067210140e+01
     vertex -5.947553406555e+01 1.100000000000e+01 3.462201730482e+01
     vertex -5.947553406555e+01 2.600000000000e+01 3.462201730482e+01
   endloop
 endfacet
 facet normal -9.555728057861e-01 -0.000000000000e+00 -2.947551744109e-01
   outer loop
     vertex -5.937641219759e+01 2.600000000000e+01 3.430067210140e+01
     vertex -5.937641219759e+01 1.100000000000e+01 3.430067210140e+01
     vertex -5.947553406555e+01 1.100000000000e+01 3.462201730482e+01
   endloop
 endfacet
 facet normal -9.888308262251e-01 0.000000000000e+00 -1.490422661762e-01
   outer loop
     vertex -5.932629145634e+01 2.600000000000e+01 3.396814271057e+01
     vertex -5.937641219759e+01 1.100000000000e+01 3.430067210140e+01
     vertex -5.937641219759e+01 2.600000000000e+01 3.430067210140e+01
   endloop
 endfacet
 facet normal -9.888308262251e-01 -0.000000000000e+00 -1.490422661762e-01
   outer loop
     vertex -5.932629145634e+01 2.600000000000e+01 3.396814271057e+01
     vertex -5.932629145634e+01 1.100000000000e+01 3.396814271057e+01
     vertex -5.937641219759e+01 1.100000000000e+01 3.430067210140e+01
   endloop
 endfacet
 facet normal -1.000000000000e+00 0.000000000000e+00 0.000000000000e+00
   outer loop
     vertex -5.932629145634e+01 2.600000000000e+01 3.363185728943e+01
     vertex -5.932629145634e+01 1.100000000000e+01 3.396814271057e+01
     vertex -5.932629145634e+01 2.600000000000e+01 3.396814271057e+01
   endloop
 endfacet
 facet normal -1.000000000000e+00 0.000000000000e+00 0.000000000000e+00
   outer loop
     vertex -5.932629145634e+01 2.600000000000e+01 3.363185728943e+01
     vertex -5.932629145634e+01 1.100000000000e+01 3.363185728943e+01
     vertex -5.932629145634e+01 1.100000000000e+01 3.396814271057e+01
   endloop
 endfacet
 facet normal -9.888308262251e-01 0.000000000000e+00 1.490422661762e-01
   outer loop
     vertex -5.937641219759e+01 2.600000000000e+01 3.329932789860e+01
     vertex -5.932629145634e+01 1.100000000000e+01 3.363185728943e+01
     vertex -5.932629145634e+01 2.600000000000e+01 3.363185728943e+01
   endloop
 endfacet
 facet normal -9.888308262251e-01 0.000000000000e+00 1.490422661762e-01
   outer loop
     vertex -5.937641219759e+01 2.600000000000e+01 3.329932789860e+01
     vertex -5.937641219759e+01 1.100000000000e+01 3.329932789860e+01
     vertex -5.932629145634e+01 1.100000000000e+01 3.363185728943e+01
   endloop
 endfacet
 facet normal -9.555728057861e-01 0.000000000000e+00 2.947551744109e-01
   outer loop
     vertex -5.937641219759e+01 2.600000000000e+01 3.329932789860e+01
     vertex -5.947553406555e+01 1.100000000000e+01 3.297798269518e+01
     vertex -5.937641219759e+01 1.100000000000e+01 3.329932789860e+01
   endloop
 endfacet
 facet normal -9.555728057861e-01 0.000000000000e+00 2.947551744109e-01
   outer loop
     vertex -5.947553406555e+01 2.600000000000e+01 3.297798269518e+01
     vertex -5.947553406555e+01 1.100000000000e+01 3.297798269518e+01
     vertex -5.937641219759e+01 2.600000000000e+01 3.329932789860e+01
   endloop
 endfacet
 facet normal -9.009688679024e-01 0.000000000000e+00 4.338837391176e-01
   outer loop
     vertex -5.962144284149e+01 2.600000000000e+01 3.267500000000e+01
     vertex -5.947553406555e+01 1.100000000000e+01 3.297798269518e+01
     vertex -5.947553406555e+01 2.600000000000e+01 3.297798269518e+01
   endloop
 endfacet
 facet normal -9.009688679024e-01 0.000000000000e+00 4.338837391176e-01
   outer loop
     vertex -5.962144284149e+01 2.600000000000e+01 3.267500000000e+01
     vertex -5.962144284149e+01 1.100000000000e+01 3.267500000000e+01
     vertex -5.947553406555e+01 1.100000000000e+01 3.297798269518e+01
   endloop
 endfacet
 facet normal -8.262387743160e-01 0.000000000000e+00 5.633200580636e-01
   outer loop
     vertex -5.981087916445e+01 2.600000000000e+01 3.239714794582e+01
     vertex -5.962144284149e+01 1.100000000000e+01 3.267500000000e+01
     vertex -5.962144284149e+01 2.600000000000e+01 3.267500000000e+01
   endloop
 endfacet
 facet normal -8.262387743160e-01 0.000000000000e+00 5.633200580636e-01
   outer loop
     vertex -5.981087916445e+01 2.600000000000e+01 3.239714794582e+01
     vertex -5.981087916445e+01 1.100000000000e+01 3.239714794582e+01
     vertex -5.962144284149e+01 1.100000000000e+01 3.267500000000e+01
   endloop
 endfacet
 facet normal -7.330518718298e-01 0.000000000000e+00 6.801727377709e-01
   outer loop
     vertex -6.003961134002e+01 2.600000000000e+01 3.215063328838e+01
     vertex -5.981087916445e+01 1.100000000000e+01 3.239714794582e+01
     vertex -5.981087916445e+01 2.600000000000e+01 3.239714794582e+01
   endloop
 endfacet
 facet normal -7.330518718298e-01 0.000000000000e+00 6.801727377709e-01
   outer loop
     vertex -6.003961134002e+01 2.600000000000e+01 3.215063328838e+01
     vertex -6.003961134002e+01 1.100000000000e+01 3.215063328838e+01
     vertex -5.981087916445e+01 1.100000000000e+01 3.239714794582e+01
   endloop
 endfacet
 facet normal -6.234898018587e-01 0.000000000000e+00 7.818314824680e-01
   outer loop
     vertex -6.030252986936e+01 2.600000000000e+01 3.194096275779e+01
     vertex -6.030252986936e+01 1.100000000000e+01 3.194096275779e+01
     vertex -6.003961134002e+01 1.100000000000e+01 3.215063328838e+01
   endloop
 endfacet
 facet normal -6.234898018587e-01 0.000000000000e+00 7.818314824680e-01
   outer loop
     vertex -6.030252986936e+01 2.600000000000e+01 3.194096275779e+01
     vertex -6.003961134002e+01 1.100000000000e+01 3.215063328838e+01
     vertex -6.003961134002e+01 2.600000000000e+01 3.215063328838e+01
   endloop
 endfacet
 facet normal -5.000000000000e-01 0.000000000000e+00 8.660254037844e-01
   outer loop
     vertex -6.059376158699e+01 2.600000000000e+01 3.177282004722e+01
     vertex -6.059376158699e+01 1.100000000000e+01 3.177282004722e+01
     vertex -6.030252986936e+01 1.100000000000e+01 3.194096275779e+01
   endloop
 endfacet
 facet normal -5.000000000000e-01 0.000000000000e+00 8.660254037844e-01
   outer loop
     vertex -6.059376158699e+01 2.600000000000e+01 3.177282004722e+01
     vertex -6.030252986936e+01 1.100000000000e+01 3.194096275779e+01
     vertex -6.030252986936e+01 2.600000000000e+01 3.194096275779e+01
   endloop
 endfacet
 facet normal -3.653410243664e-01 0.000000000000e+00 9.308737486442e-01
   outer loop
     vertex -6.090680085758e+01 2.600000000000e+01 3.164996118698e+01
     vertex -6.090680085758e+01 1.100000000000e+01 3.164996118698e+01
     vertex -6.059376158699e+01 1.100000000000e+01 3.177282004722e+01
   endloop
 endfacet
 facet normal -3.653410243664e-01 0.000000000000e+00 9.308737486442e-01
   outer loop
     vertex -6.090680085758e+01 2.600000000000e+01 3.164996118698e+01
     vertex -6.059376158699e+01 1.100000000000e+01 3.177282004722e+01
     vertex -6.059376158699e+01 2.600000000000e+01 3.177282004722e+01
   endloop
 endfacet
 facet normal -2.225209339563e-01 0.000000000000e+00 9.749279121818e-01
   outer loop
     vertex -6.123465490110e+01 2.600000000000e+01 3.157513064099e+01
     vertex -6.123465490110e+01 1.100000000000e+01 3.157513064099e+01
     vertex -6.090680085758e+01 1.100000000000e+01 3.164996118698e+01
   endloop
 endfacet
 facet normal -2.225209339563e-01 0.000000000000e+00 9.749279121818e-01
   outer loop
     vertex -6.123465490110e+01 2.600000000000e+01 3.157513064099e+01
     vertex -6.090680085758e+01 1.100000000000e+01 3.164996118698e+01
     vertex -6.090680085758e+01 2.600000000000e+01 3.164996118698e+01
   endloop
 endfacet
 facet normal -7.473009358642e-02 0.000000000000e+00 9.972037971812e-01
   outer loop
     vertex -6.157000000000e+01 2.600000000000e+01 3.155000000000e+01
     vertex -6.157000000000e+01 1.100000000000e+01 3.155000000000e+01
     vertex -6.123465490110e+01 1.100000000000e+01 3.157513064099e+01
   endloop
 endfacet
 facet normal -7.473009358642e-02 0.000000000000e+00 9.972037971812e-01
   outer loop
     vertex -6.157000000000e+01 2.600000000000e+01 3.155000000000e+01
     vertex -6.123465490110e+01 1.100000000000e+01 3.157513064099e+01
     vertex -6.123465490110e+01 2.600000000000e+01 3.157513064099e+01
   endloop
 endfacet
 facet normal 7.473009358642e-02 0.000000000000e+00 9.972037971812e-01
   outer loop
     vertex -6.190534509890e+01 2.600000000000e+01 3.157513064099e+01
     vertex -6.190534509890e+01 1.100000000000e+01 3.157513064099e+01
     vertex -6.157000000000e+01 1.100000000000e+01 3.155000000000e+01
   endloop
 endfacet
 facet normal 7.473009358642e-02 0.000000000000e+00 9.972037971812e-01
   outer loop
     vertex -6.190534509890e+01 2.600000000000e+01 3.157513064099e+01
     vertex -6.157000000000e+01 1.100000000000e+01 3.155000000000e+01
     vertex -6.157000000000e+01 2.600000000000e+01 3.155000000000e+01
   endloop
 endfacet
 facet normal 2.225209339563e-01 0.000000000000e+00 9.749279121818e-01
   outer loop
     vertex -6.223319914242e+01 2.600000000000e+01 3.164996118698e+01
     vertex -6.223319914242e+01 1.100000000000e+01 3.164996118698e+01
     vertex -6.190534509890e+01 1.100000000000e+01 3.157513064099e+01
   endloop
 endfacet
 facet normal 2.225209339563e-01 0.000000000000e+00 9.749279121818e-01
   outer loop
     vertex -6.223319914242e+01 2.600000000000e+01 3.164996118698e+01
     vertex -6.190534509890e+01 1.100000000000e+01 3.157513064099e+01
     vertex -6.190534509890e+01 2.600000000000e+01 3.157513064099e+01
   endloop
 endfacet
 facet normal 3.653410243664e-01 0.000000000000e+00 9.308737486442e-01
   outer loop
     vertex -6.254623841301e+01 2.600000000000e+01 3.177282004722e+01
     vertex -6.254623841301e+01 1.100000000000e+01 3.177282004722e+01
     vertex -6.223319914242e+01 1.100000000000e+01 3.164996118698e+01
   endloop
 endfacet
 facet normal 5.000000000000e-01 0.000000000000e+00 8.660254037844e-01
   outer loop
     vertex -6.254623841301e+01 2.600000000000e+01 3.177282004722e+01
     vertex -6.283747013064e+01 1.100000000000e+01 3.194096275779e+01
     vertex -6.254623841301e+01 1.100000000000e+01 3.177282004722e+01
   endloop
 endfacet
 facet normal 3.653410243664e-01 0.000000000000e+00 9.308737486442e-01
   outer loop
     vertex -6.254623841301e+01 2.600000000000e+01 3.177282004722e+01
     vertex -6.223319914242e+01 1.100000000000e+01 3.164996118698e+01
     vertex -6.223319914242e+01 2.600000000000e+01 3.164996118698e+01
   endloop
 endfacet
 facet normal 5.000000000000e-01 0.000000000000e+00 8.660254037844e-01
   outer loop
     vertex -6.283747013064e+01 2.600000000000e+01 3.194096275779e+01
     vertex -6.283747013064e+01 1.100000000000e+01 3.194096275779e+01
     vertex -6.254623841301e+01 2.600000000000e+01 3.177282004722e+01
   endloop
 endfacet
 facet normal 6.234898018587e-01 0.000000000000e+00 7.818314824680e-01
   outer loop
     vertex -6.310038865998e+01 2.600000000000e+01 3.215063328838e+01
     vertex -6.310038865998e+01 1.100000000000e+01 3.215063328838e+01
     vertex -6.283747013064e+01 1.100000000000e+01 3.194096275779e+01
   endloop
 endfacet
 facet normal 6.234898018587e-01 0.000000000000e+00 7.818314824680e-01
   outer loop
     vertex -6.310038865998e+01 2.600000000000e+01 3.215063328838e+01
     vertex -6.283747013064e+01 1.100000000000e+01 3.194096275779e+01
     vertex -6.283747013064e+01 2.600000000000e+01 3.194096275779e+01
   endloop
 endfacet
 facet normal 7.330518718298e-01 0.000000000000e+00 6.801727377709e-01
   outer loop
     vertex -6.332912083555e+01 2.600000000000e+01 3.239714794582e+01
     vertex -6.332912083555e+01 1.100000000000e+01 3.239714794582e+01
     vertex -6.310038865998e+01 1.100000000000e+01 3.215063328838e+01
   endloop
 endfacet
 facet normal 7.330518718298e-01 0.000000000000e+00 6.801727377709e-01
   outer loop
     vertex -6.332912083555e+01 2.600000000000e+01 3.239714794582e+01
     vertex -6.310038865998e+01 1.100000000000e+01 3.215063328838e+01
     vertex -6.310038865998e+01 2.600000000000e+01 3.215063328838e+01
   endloop
 endfacet
 facet normal 8.262387743160e-01 0.000000000000e+00 5.633200580636e-01
   outer loop
     vertex -6.351855715851e+01 2.600000000000e+01 3.267500000000e+01
     vertex -6.351855715851e+01 1.100000000000e+01 3.267500000000e+01
     vertex -6.332912083555e+01 1.100000000000e+01 3.239714794582e+01
   endloop
 endfacet
 facet normal 9.009688679024e-01 0.000000000000e+00 4.338837391176e-01
   outer loop
     vertex -6.351855715851e+01 2.600000000000e+01 3.267500000000e+01
     vertex -6.366446593445e+01 1.100000000000e+01 3.297798269518e+01
     vertex -6.351855715851e+01 1.100000000000e+01 3.267500000000e+01
   endloop
 endfacet
 facet normal 8.262387743160e-01 0.000000000000e+00 5.633200580636e-01
   outer loop
     vertex -6.351855715851e+01 2.600000000000e+01 3.267500000000e+01
     vertex -6.332912083555e+01 1.100000000000e+01 3.239714794582e+01
     vertex -6.332912083555e+01 2.600000000000e+01 3.239714794582e+01
   endloop
 endfacet
 facet normal 9.009688679024e-01 0.000000000000e+00 4.338837391176e-01
   outer loop
     vertex -6.366446593445e+01 2.600000000000e+01 3.297798269518e+01
     vertex -6.366446593445e+01 1.100000000000e+01 3.297798269518e+01
     vertex -6.351855715851e+01 2.600000000000e+01 3.267500000000e+01
   endloop
 endfacet
 facet normal 9.555728057861e-01 0.000000000000e+00 2.947551744109e-01
   outer loop
     vertex -6.376358780241e+01 2.600000000000e+01 3.329932789860e+01
     vertex -6.366446593445e+01 1.100000000000e+01 3.297798269518e+01
     vertex -6.366446593445e+01 2.600000000000e+01 3.297798269518e+01
   endloop
 endfacet
 facet normal 9.555728057861e-01 0.000000000000e+00 2.947551744109e-01
   outer loop
     vertex -6.376358780241e+01 2.600000000000e+01 3.329932789860e+01
     vertex -6.376358780241e+01 1.100000000000e+01 3.329932789860e+01
     vertex -6.366446593445e+01 1.100000000000e+01 3.297798269518e+01
   endloop
 endfacet
 facet normal 9.888308262251e-01 0.000000000000e+00 1.490422661762e-01
   outer loop
     vertex -6.381370854366e+01 2.600000000000e+01 3.363185728943e+01
     vertex -6.376358780241e+01 1.100000000000e+01 3.329932789860e+01
     vertex -6.376358780241e+01 2.600000000000e+01 3.329932789860e+01
   endloop
 endfacet
 facet normal 9.888308262251e-01 0.000000000000e+00 1.490422661762e-01
   outer loop
     vertex -6.381370854366e+01 2.600000000000e+01 3.363185728943e+01
     vertex -6.381370854366e+01 1.100000000000e+01 3.363185728943e+01
     vertex -6.376358780241e+01 1.100000000000e+01 3.329932789860e+01
   endloop
 endfacet
 facet normal 1.000000000000e+00 0.000000000000e+00 0.000000000000e+00
   outer loop
     vertex -6.381370854366e+01 2.600000000000e+01 3.396814271057e+01
     vertex -6.381370854366e+01 1.100000000000e+01 3.363185728943e+01
     vertex -6.381370854366e+01 2.600000000000e+01 3.363185728943e+01
   endloop
 endfacet
 facet normal 1.000000000000e+00 0.000000000000e+00 0.000000000000e+00
   outer loop
     vertex -6.381370854366e+01 2.600000000000e+01 3.396814271057e+01
     vertex -6.381370854366e+01 1.100000000000e+01 3.396814271057e+01
     vertex -6.381370854366e+01 1.100000000000e+01 3.363185728943e+01
   endloop
 endfacet
 facet normal 9.888308262251e-01 0.000000000000e+00 -1.490422661762e-01
   outer loop
     vertex -6.376358780241e+01 2.600000000000e+01 3.430067210140e+01
     vertex -6.381370854366e+01 1.100000000000e+01 3.396814271057e+01
     vertex -6.381370854366e+01 2.600000000000e+01 3.396814271057e+01
   endloop
 endfacet
 facet normal 9.888308262251e-01 0.000000000000e+00 -1.490422661762e-01
   outer loop
     vertex -6.376358780241e+01 2.600000000000e+01 3.430067210140e+01
     vertex -6.376358780241e+01 1.100000000000e+01 3.430067210140e+01
     vertex -6.381370854366e+01 1.100000000000e+01 3.396814271057e+01
   endloop
 endfacet
 facet normal 9.555728057861e-01 0.000000000000e+00 -2.947551744109e-01
   outer loop
     vertex -6.366446593445e+01 2.600000000000e+01 3.462201730482e+01
     vertex -6.376358780241e+01 1.100000000000e+01 3.430067210140e+01
     vertex -6.376358780241e+01 2.600000000000e+01 3.430067210140e+01
   endloop
 endfacet
 facet normal 9.555728057861e-01 0.000000000000e+00 -2.947551744109e-01
   outer loop
     vertex -6.366446593445e+01 2.600000000000e+01 3.462201730482e+01
     vertex -6.366446593445e+01 1.100000000000e+01 3.462201730482e+01
     vertex -6.376358780241e+01 1.100000000000e+01 3.430067210140e+01
   endloop
 endfacet
 facet normal 9.009688679024e-01 0.000000000000e+00 -4.338837391176e-01
   outer loop
     vertex -6.366446593445e+01 2.600000000000e+01 3.462201730482e+01
     vertex -6.351855715851e+01 1.100000000000e+01 3.492500000000e+01
     vertex -6.366446593445e+01 1.100000000000e+01 3.462201730482e+01
   endloop
 endfacet
 facet normal 9.009688679024e-01 0.000000000000e+00 -4.338837391176e-01
   outer loop
     vertex -6.351855715851e+01 2.600000000000e+01 3.492500000000e+01
     vertex -6.351855715851e+01 1.100000000000e+01 3.492500000000e+01
     vertex -6.366446593445e+01 2.600000000000e+01 3.462201730482e+01
   endloop
 endfacet
 facet normal 8.262387743160e-01 0.000000000000e+00 -5.633200580636e-01
   outer loop
     vertex -6.332912083555e+01 2.600000000000e+01 3.520285205418e+01
     vertex -6.351855715851e+01 1.100000000000e+01 3.492500000000e+01
     vertex -6.351855715851e+01 2.600000000000e+01 3.492500000000e+01
   endloop
 endfacet
 facet normal 8.262387743160e-01 0.000000000000e+00 -5.633200580636e-01
   outer loop
     vertex -6.332912083555e+01 2.600000000000e+01 3.520285205418e+01
     vertex -6.332912083555e+01 1.100000000000e+01 3.520285205418e+01
     vertex -6.351855715851e+01 1.100000000000e+01 3.492500000000e+01
   endloop
 endfacet
 facet normal 7.330518718298e-01 0.000000000000e+00 -6.801727377709e-01
   outer loop
     vertex -6.310038865998e+01 2.600000000000e+01 3.544936671162e+01
     vertex -6.332912083555e+01 1.100000000000e+01 3.520285205418e+01
     vertex -6.332912083555e+01 2.600000000000e+01 3.520285205418e+01
   endloop
 endfacet
 facet normal 7.330518718298e-01 0.000000000000e+00 -6.801727377709e-01
   outer loop
     vertex -6.310038865998e+01 2.600000000000e+01 3.544936671162e+01
     vertex -6.310038865998e+01 1.100000000000e+01 3.544936671162e+01
     vertex -6.332912083555e+01 1.100000000000e+01 3.520285205418e+01
   endloop
 endfacet
 facet normal 6.234898018587e-01 0.000000000000e+00 -7.818314824680e-01
   outer loop
     vertex -6.283747013064e+01 2.600000000000e+01 3.565903724221e+01
     vertex -6.310038865998e+01 1.100000000000e+01 3.544936671162e+01
     vertex -6.310038865998e+01 2.600000000000e+01 3.544936671162e+01
   endloop
 endfacet
 facet normal 6.234898018587e-01 0.000000000000e+00 -7.818314824680e-01
   outer loop
     vertex -6.283747013064e+01 2.600000000000e+01 3.565903724221e+01
     vertex -6.283747013064e+01 1.100000000000e+01 3.565903724221e+01
     vertex -6.310038865998e+01 1.100000000000e+01 3.544936671162e+01
   endloop
 endfacet
 facet normal 5.000000000000e-01 0.000000000000e+00 -8.660254037844e-01
   outer loop
     vertex -6.254623841301e+01 2.600000000000e+01 3.582717995278e+01
     vertex -6.283747013064e+01 1.100000000000e+01 3.565903724221e+01
     vertex -6.283747013064e+01 2.600000000000e+01 3.565903724221e+01
   endloop
 endfacet
 facet normal 5.000000000000e-01 0.000000000000e+00 -8.660254037844e-01
   outer loop
     vertex -6.254623841301e+01 2.600000000000e+01 3.582717995278e+01
     vertex -6.254623841301e+01 1.100000000000e+01 3.582717995278e+01
     vertex -6.283747013064e+01 1.100000000000e+01 3.565903724221e+01
   endloop
 endfacet
 facet normal 3.653410243664e-01 0.000000000000e+00 -9.308737486442e-01
   outer loop
     vertex -6.254623841301e+01 2.600000000000e+01 3.582717995278e+01
     vertex -6.223319914242e+01 1.100000000000e+01 3.595003881302e+01
     vertex -6.254623841301e+01 1.100000000000e+01 3.582717995278e+01
   endloop
 endfacet
 facet normal 3.653410243664e-01 0.000000000000e+00 -9.308737486442e-01
   outer loop
     vertex -6.223319914242e+01 2.600000000000e+01 3.595003881302e+01
     vertex -6.223319914242e+01 1.100000000000e+01 3.595003881302e+01
     vertex -6.254623841301e+01 2.600000000000e+01 3.582717995278e+01
   endloop
 endfacet
 facet normal 2.225209339563e-01 0.000000000000e+00 -9.749279121818e-01
   outer loop
     vertex -6.190534509890e+01 2.600000000000e+01 3.602486935901e+01
     vertex -6.223319914242e+01 1.100000000000e+01 3.595003881302e+01
     vertex -6.223319914242e+01 2.600000000000e+01 3.595003881302e+01
   endloop
 endfacet
 facet normal 2.225209339563e-01 0.000000000000e+00 -9.749279121818e-01
   outer loop
     vertex -6.190534509890e+01 2.600000000000e+01 3.602486935901e+01
     vertex -6.190534509890e+01 1.100000000000e+01 3.602486935901e+01
     vertex -6.223319914242e+01 1.100000000000e+01 3.595003881302e+01
   endloop
 endfacet
 facet normal 7.473009358642e-02 0.000000000000e+00 -9.972037971812e-01
   outer loop
     vertex -6.190534509890e+01 2.600000000000e+01 3.602486935901e+01
     vertex -6.157000000000e+01 1.100000000000e+01 3.605000000000e+01
     vertex -6.190534509890e+01 1.100000000000e+01 3.602486935901e+01
   endloop
 endfacet
 facet normal 7.473009358642e-02 0.000000000000e+00 -9.972037971812e-01
   outer loop
     vertex -6.157000000000e+01 2.600000000000e+01 3.605000000000e+01
     vertex -6.157000000000e+01 1.100000000000e+01 3.605000000000e+01
     vertex -6.190534509890e+01 2.600000000000e+01 3.602486935901e+01
   endloop
 endfacet
 facet normal 0.000000000000e+00 -1.000000000000e+00 0.000000000000e+00
   outer loop
     vertex -6.332912083555e+01 1.100000000000e+01 3.239714794582e+01
     vertex -6.469732592987e+01 1.100000000000e+01 3.130604079257e+01
     vertex -6.429069095108e+01 1.100000000000e+01 3.086779251268e+01
   endloop
 endfacet
 facet normal 0.000000000000e+00 -1.000000000000e+00 -0.000000000000e+00
   outer loop
     vertex -6.332912083555e+01 1.100000000000e+01 3.239714794582e+01
     vertex -6.429069095108e+01 1.100000000000e+01 3.086779251268e+01
     vertex -6.310038865998e+01 1.100000000000e+01 3.215063328838e+01
   endloop
 endfacet
 facet normal 0.000000000000e+00 -1.000000000000e+00 0.000000000000e+00
   outer loop
     vertex -6.283747013064e+01 1.100000000000e+01 3.194096275779e+01
     vertex -6.429069095108e+01 1.100000000000e+01 3.086779251268e+01
     vertex -6.382328023225e+01 1.100000000000e+01 3.049504490274e+01
   endloop
 endfacet
 facet normal -0.000000000000e+00 -1.000000000000e+00 0.000000000000e+00
   outer loop
     vertex -6.283747013064e+01 1.100000000000e+01 3.194096275779e+01
     vertex -6.310038865998e+01 1.100000000000e+01 3.215063328838e+01
     vertex -6.429069095108e+01 1.100000000000e+01 3.086779251268e+01
   endloop
 endfacet
 facet normal 0.000000000000e+00 -1.000000000000e+00 -0.000000000000e+00
   outer loop
     vertex -6.351855715851e+01 1.100000000000e+01 3.267500000000e+01
     vertex -6.469732592987e+01 1.100000000000e+01 3.130604079257e+01
     vertex -6.332912083555e+01 1.100000000000e+01 3.239714794582e+01
   endloop
 endfacet
 facet normal 0.000000000000e+00 -1.000000000000e+00 0.000000000000e+00
   outer loop
     vertex -6.351855715851e+01 1.100000000000e+01 3.267500000000e+01
     vertex -6.503410161514e+01 1.100000000000e+01 3.180000000000e+01
     vertex -6.469732592987e+01 1.100000000000e+01 3.130604079257e+01
   endloop
 endfacet
 facet normal -0.000000000000e+00 -1.000000000000e+00 0.000000000000e+00
   outer loop
     vertex -6.254623841301e+01 1.100000000000e+01 3.177282004722e+01
     vertex -6.283747013064e+01 1.100000000000e+01 3.194096275779e+01
     vertex -6.382328023225e+01 1.100000000000e+01 3.049504490274e+01
   endloop
 endfacet
 facet normal 0.000000000000e+00 -1.000000000000e+00 0.000000000000e+00
   outer loop
     vertex -6.254623841301e+01 1.100000000000e+01 3.177282004722e+01
     vertex -6.382328023225e+01 1.100000000000e+01 3.049504490274e+01
     vertex -6.330553495647e+01 1.100000000000e+01 3.019612452839e+01
   endloop
 endfacet
 facet normal 0.000000000000e+00 -1.000000000000e+00 -0.000000000000e+00
   outer loop
     vertex -6.366446593445e+01 1.100000000000e+01 3.297798269518e+01
     vertex -6.503410161514e+01 1.100000000000e+01 3.180000000000e+01
     vertex -6.351855715851e+01 1.100000000000e+01 3.267500000000e+01
   endloop
 endfacet
 facet normal 0.000000000000e+00 -1.000000000000e+00 0.000000000000e+00
   outer loop
     vertex -6.366446593445e+01 1.100000000000e+01 3.297798269518e+01
     vertex -6.529349499458e+01 1.100000000000e+01 3.233863590253e+01
     vertex -6.503410161514e+01 1.100000000000e+01 3.180000000000e+01
   endloop
 endfacet
 facet normal 0.000000000000e+00 -1.000000000000e+00 0.000000000000e+00
   outer loop
     vertex -6.223319914242e+01 1.100000000000e+01 3.164996118698e+01
     vertex -6.330553495647e+01 1.100000000000e+01 3.019612452839e+01
     vertex -6.274902069764e+01 1.100000000000e+01 2.997770877686e+01
   endloop
 endfacet
 facet normal -0.000000000000e+00 -1.000000000000e+00 0.000000000000e+00
   outer loop
     vertex -6.223319914242e+01 1.100000000000e+01 3.164996118698e+01
     vertex -6.254623841301e+01 1.100000000000e+01 3.177282004722e+01
     vertex -6.330553495647e+01 1.100000000000e+01 3.019612452839e+01
   endloop
 endfacet
 facet normal 0.000000000000e+00 -1.000000000000e+00 0.000000000000e+00
   outer loop
     vertex -6.376358780241e+01 1.100000000000e+01 3.329932789860e+01
     vertex -6.546971164873e+01 1.100000000000e+01 3.290991626417e+01
     vertex -6.529349499458e+01 1.100000000000e+01 3.233863590253e+01
   endloop
 endfacet
 facet normal -0.000000000000e+00 -1.000000000000e+00 0.000000000000e+00
   outer loop
     vertex -6.376358780241e+01 1.100000000000e+01 3.329932789860e+01
     vertex -6.555881518872e+01 1.100000000000e+01 3.350107962565e+01
     vertex -6.546971164873e+01 1.100000000000e+01 3.290991626417e+01
   endloop
 endfacet
 facet normal 0.000000000000e+00 -1.000000000000e+00 -0.000000000000e+00
   outer loop
     vertex -6.376358780241e+01 1.100000000000e+01 3.329932789860e+01
     vertex -6.529349499458e+01 1.100000000000e+01 3.233863590253e+01
     vertex -6.366446593445e+01 1.100000000000e+01 3.297798269518e+01
   endloop
 endfacet
 facet normal 0.000000000000e+00 -1.000000000000e+00 0.000000000000e+00
   outer loop
     vertex -6.190534509890e+01 1.100000000000e+01 3.157513064099e+01
     vertex -6.274902069764e+01 1.100000000000e+01 2.997770877686e+01
     vertex -6.216616906470e+01 1.100000000000e+01 2.984467669510e+01
   endloop
 endfacet
 facet normal -0.000000000000e+00 -1.000000000000e+00 0.000000000000e+00
   outer loop
     vertex -6.190534509890e+01 1.100000000000e+01 3.157513064099e+01
     vertex -6.223319914242e+01 1.100000000000e+01 3.164996118698e+01
     vertex -6.274902069764e+01 1.100000000000e+01 2.997770877686e+01
   endloop
 endfacet
 facet normal 0.000000000000e+00 -1.000000000000e+00 -0.000000000000e+00
   outer loop
     vertex -6.381370854366e+01 1.100000000000e+01 3.363185728943e+01
     vertex -6.555881518872e+01 1.100000000000e+01 3.350107962565e+01
     vertex -6.376358780241e+01 1.100000000000e+01 3.329932789860e+01
   endloop
 endfacet
 facet normal -0.000000000000e+00 -1.000000000000e+00 0.000000000000e+00
   outer loop
     vertex -6.157000000000e+01 1.100000000000e+01 3.155000000000e+01
     vertex -6.190534509890e+01 1.100000000000e+01 3.157513064099e+01
     vertex -6.216616906470e+01 1.100000000000e+01 2.984467669510e+01
   endloop
 endfacet
 facet normal 0.000000000000e+00 -1.000000000000e+00 -0.000000000000e+00
   outer loop
     vertex -6.157000000000e+01 1.100000000000e+01 3.155000000000e+01
     vertex -6.216616906470e+01 1.100000000000e+01 2.984467669510e+01
     vertex -6.157000000000e+01 1.100000000000e+01 2.980000000000e+01
   endloop
 endfacet
 facet normal -0.000000000000e+00 -1.000000000000e+00 0.000000000000e+00
   outer loop
     vertex -6.381370854366e+01 1.100000000000e+01 3.396814271057e+01
     vertex -6.555881518872e+01 1.100000000000e+01 3.409892037435e+01
     vertex -6.555881518872e+01 1.100000000000e+01 3.350107962565e+01
   endloop
 endfacet
 facet normal 0.000000000000e+00 -1.000000000000e+00 -0.000000000000e+00
   outer loop
     vertex -6.381370854366e+01 1.100000000000e+01 3.396814271057e+01
     vertex -6.555881518872e+01 1.100000000000e+01 3.350107962565e+01
     vertex -6.381370854366e+01 1.100000000000e+01 3.363185728943e+01
   endloop
 endfacet
 facet normal 0.000000000000e+00 -1.000000000000e+00 -0.000000000000e+00
   outer loop
     vertex -6.123465490110e+01 1.100000000000e+01 3.157513064099e+01
     vertex -6.157000000000e+01 1.100000000000e+01 2.980000000000e+01
     vertex -6.097383093530e+01 1.100000000000e+01 2.984467669510e+01
   endloop
 endfacet
 facet normal 0.000000000000e+00 -1.000000000000e+00 0.000000000000e+00
   outer loop
     vertex -6.123465490110e+01 1.100000000000e+01 3.157513064099e+01
     vertex -6.157000000000e+01 1.100000000000e+01 3.155000000000e+01
     vertex -6.157000000000e+01 1.100000000000e+01 2.980000000000e+01
   endloop
 endfacet
 facet normal 0.000000000000e+00 -1.000000000000e+00 0.000000000000e+00
   outer loop
     vertex -6.376358780241e+01 1.100000000000e+01 3.430067210140e+01
     vertex -6.555881518872e+01 1.100000000000e+01 3.409892037435e+01
     vertex -6.381370854366e+01 1.100000000000e+01 3.396814271057e+01
   endloop
 endfacet
 facet normal -0.000000000000e+00 -1.000000000000e+00 0.000000000000e+00
   outer loop
     vertex -6.376358780241e+01 1.100000000000e+01 3.430067210140e+01
     vertex -6.546971164873e+01 1.100000000000e+01 3.469008373583e+01
     vertex -6.555881518872e+01 1.100000000000e+01 3.409892037435e+01
   endloop
 endfacet
 facet normal 0.000000000000e+00 -1.000000000000e+00 -0.000000000000e+00
   outer loop
     vertex -6.090680085758e+01 1.100000000000e+01 3.164996118698e+01
     vertex -6.097383093530e+01 1.100000000000e+01 2.984467669510e+01
     vertex -6.039097930236e+01 1.100000000000e+01 2.997770877686e+01
   endloop
 endfacet
 facet normal 0.000000000000e+00 -1.000000000000e+00 0.000000000000e+00
   outer loop
     vertex -6.090680085758e+01 1.100000000000e+01 3.164996118698e+01
     vertex -6.123465490110e+01 1.100000000000e+01 3.157513064099e+01
     vertex -6.097383093530e+01 1.100000000000e+01 2.984467669510e+01
   endloop
 endfacet
 facet normal -0.000000000000e+00 -1.000000000000e+00 0.000000000000e+00
   outer loop
     vertex -6.366446593445e+01 1.100000000000e+01 3.462201730482e+01
     vertex -6.546971164873e+01 1.100000000000e+01 3.469008373583e+01
     vertex -6.376358780241e+01 1.100000000000e+01 3.430067210140e+01
   endloop
 endfacet
 facet normal 0.000000000000e+00 -1.000000000000e+00 0.000000000000e+00
   outer loop
     vertex -6.366446593445e+01 1.100000000000e+01 3.462201730482e+01
     vertex -6.529349499458e+01 1.100000000000e+01 3.526136409747e+01
     vertex -6.546971164873e+01 1.100000000000e+01 3.469008373583e+01
   endloop
 endfacet
 facet normal 0.000000000000e+00 -1.000000000000e+00 0.000000000000e+00
   outer loop
     vertex -6.059376158699e+01 1.100000000000e+01 3.177282004722e+01
     vertex -6.039097930236e+01 1.100000000000e+01 2.997770877686e+01
     vertex -5.983446504353e+01 1.100000000000e+01 3.019612452839e+01
   endloop
 endfacet
 facet normal 0.000000000000e+00 -1.000000000000e+00 -0.000000000000e+00
   outer loop
     vertex -6.059376158699e+01 1.100000000000e+01 3.177282004722e+01
     vertex -6.090680085758e+01 1.100000000000e+01 3.164996118698e+01
     vertex -6.039097930236e+01 1.100000000000e+01 2.997770877686e+01
   endloop
 endfacet
 facet normal 0.000000000000e+00 -1.000000000000e+00 0.000000000000e+00
   outer loop
     vertex -6.351855715851e+01 1.100000000000e+01 3.492500000000e+01
     vertex -6.503410161514e+01 1.100000000000e+01 3.580000000000e+01
     vertex -6.529349499458e+01 1.100000000000e+01 3.526136409747e+01
   endloop
 endfacet
 facet normal -0.000000000000e+00 -1.000000000000e+00 0.000000000000e+00
   outer loop
     vertex -6.351855715851e+01 1.100000000000e+01 3.492500000000e+01
     vertex -6.529349499458e+01 1.100000000000e+01 3.526136409747e+01
     vertex -6.366446593445e+01 1.100000000000e+01 3.462201730482e+01
   endloop
 endfacet
 facet normal 0.000000000000e+00 -1.000000000000e+00 -0.000000000000e+00
   outer loop
     vertex -6.469732592987e+01 1.100000000000e+01 3.629395920743e+01
     vertex -6.503410161514e+01 1.100000000000e+01 3.580000000000e+01
     vertex -6.351855715851e+01 1.100000000000e+01 3.492500000000e+01
   endloop
 endfacet
 facet normal 0.000000000000e+00 -1.000000000000e+00 0.000000000000e+00
   outer loop
     vertex -6.030252986936e+01 1.100000000000e+01 3.194096275779e+01
     vertex -5.983446504353e+01 1.100000000000e+01 3.019612452839e+01
     vertex -5.931671976775e+01 1.100000000000e+01 3.049504490274e+01
   endloop
 endfacet
 facet normal 0.000000000000e+00 -1.000000000000e+00 -0.000000000000e+00
   outer loop
     vertex -6.030252986936e+01 1.100000000000e+01 3.194096275779e+01
     vertex -6.059376158699e+01 1.100000000000e+01 3.177282004722e+01
     vertex -5.983446504353e+01 1.100000000000e+01 3.019612452839e+01
   endloop
 endfacet
 facet normal -0.000000000000e+00 -1.000000000000e+00 0.000000000000e+00
   outer loop
     vertex -6.332912083555e+01 1.100000000000e+01 3.520285205418e+01
     vertex -6.469732592987e+01 1.100000000000e+01 3.629395920743e+01
     vertex -6.351855715851e+01 1.100000000000e+01 3.492500000000e+01
   endloop
 endfacet
 facet normal 0.000000000000e+00 -1.000000000000e+00 0.000000000000e+00
   outer loop
     vertex -6.003961134002e+01 1.100000000000e+01 3.215063328838e+01
     vertex -5.931671976775e+01 1.100000000000e+01 3.049504490274e+01
     vertex -5.884930904892e+01 1.100000000000e+01 3.086779251268e+01
   endloop
 endfacet
 facet normal 0.000000000000e+00 -1.000000000000e+00 -0.000000000000e+00
   outer loop
     vertex -6.003961134002e+01 1.100000000000e+01 3.215063328838e+01
     vertex -6.030252986936e+01 1.100000000000e+01 3.194096275779e+01
     vertex -5.931671976775e+01 1.100000000000e+01 3.049504490274e+01
   endloop
 endfacet
 facet normal -0.000000000000e+00 -1.000000000000e+00 0.000000000000e+00
   outer loop
     vertex -6.310038865998e+01 1.100000000000e+01 3.544936671162e+01
     vertex -6.469732592987e+01 1.100000000000e+01 3.629395920743e+01
     vertex -6.332912083555e+01 1.100000000000e+01 3.520285205418e+01
   endloop
 endfacet
 facet normal 0.000000000000e+00 -1.000000000000e+00 -0.000000000000e+00
   outer loop
     vertex -6.429069095108e+01 1.100000000000e+01 3.673220748732e+01
     vertex -6.469732592987e+01 1.100000000000e+01 3.629395920743e+01
     vertex -6.310038865998e+01 1.100000000000e+01 3.544936671162e+01
   endloop
 endfacet
 facet normal -0.000000000000e+00 -1.000000000000e+00 0.000000000000e+00
   outer loop
     vertex -5.844267407013e+01 1.100000000000e+01 3.130604079257e+01
     vertex -6.003961134002e+01 1.100000000000e+01 3.215063328838e+01
     vertex -5.884930904892e+01 1.100000000000e+01 3.086779251268e+01
   endloop
 endfacet
 facet normal 0.000000000000e+00 -1.000000000000e+00 0.000000000000e+00
   outer loop
     vertex -5.844267407013e+01 1.100000000000e+01 3.130604079257e+01
     vertex -5.981087916445e+01 1.100000000000e+01 3.239714794582e+01
     vertex -6.003961134002e+01 1.100000000000e+01 3.215063328838e+01
   endloop
 endfacet
 facet normal 0.000000000000e+00 -1.000000000000e+00 -0.000000000000e+00
   outer loop
     vertex -6.382328023225e+01 1.100000000000e+01 3.710495509726e+01
     vertex -6.429069095108e+01 1.100000000000e+01 3.673220748732e+01
     vertex -6.310038865998e+01 1.100000000000e+01 3.544936671162e+01
   endloop
 endfacet
 facet normal 0.000000000000e+00 -1.000000000000e+00 0.000000000000e+00
   outer loop
     vertex -6.382328023225e+01 1.100000000000e+01 3.710495509726e+01
     vertex -6.310038865998e+01 1.100000000000e+01 3.544936671162e+01
     vertex -6.283747013064e+01 1.100000000000e+01 3.565903724221e+01
   endloop
 endfacet
 facet normal 0.000000000000e+00 -1.000000000000e+00 0.000000000000e+00
   outer loop
     vertex -5.810589838486e+01 1.100000000000e+01 3.180000000000e+01
     vertex -5.962144284149e+01 1.100000000000e+01 3.267500000000e+01
     vertex -5.981087916445e+01 1.100000000000e+01 3.239714794582e+01
   endloop
 endfacet
 facet normal -0.000000000000e+00 -1.000000000000e+00 0.000000000000e+00
   outer loop
     vertex -5.810589838486e+01 1.100000000000e+01 3.180000000000e+01
     vertex -5.981087916445e+01 1.100000000000e+01 3.239714794582e+01
     vertex -5.844267407013e+01 1.100000000000e+01 3.130604079257e+01
   endloop
 endfacet
 facet normal 0.000000000000e+00 -1.000000000000e+00 -0.000000000000e+00
   outer loop
     vertex -6.330553495647e+01 1.100000000000e+01 3.740387547161e+01
     vertex -6.382328023225e+01 1.100000000000e+01 3.710495509726e+01
     vertex -6.283747013064e+01 1.100000000000e+01 3.565903724221e+01
   endloop
 endfacet
 facet normal 0.000000000000e+00 -1.000000000000e+00 0.000000000000e+00
   outer loop
     vertex -6.330553495647e+01 1.100000000000e+01 3.740387547161e+01
     vertex -6.283747013064e+01 1.100000000000e+01 3.565903724221e+01
     vertex -6.254623841301e+01 1.100000000000e+01 3.582717995278e+01
   endloop
 endfacet
 facet normal 0.000000000000e+00 -1.000000000000e+00 0.000000000000e+00
   outer loop
     vertex -5.784650500542e+01 1.100000000000e+01 3.233863590253e+01
     vertex -5.947553406555e+01 1.100000000000e+01 3.297798269518e+01
     vertex -5.962144284149e+01 1.100000000000e+01 3.267500000000e+01
   endloop
 endfacet
 facet normal -0.000000000000e+00 -1.000000000000e+00 0.000000000000e+00
   outer loop
     vertex -5.784650500542e+01 1.100000000000e+01 3.233863590253e+01
     vertex -5.962144284149e+01 1.100000000000e+01 3.267500000000e+01
     vertex -5.810589838486e+01 1.100000000000e+01 3.180000000000e+01
   endloop
 endfacet
 facet normal 0.000000000000e+00 -1.000000000000e+00 0.000000000000e+00
   outer loop
     vertex -6.274902069764e+01 1.100000000000e+01 3.762229122314e+01
     vertex -6.254623841301e+01 1.100000000000e+01 3.582717995278e+01
     vertex -6.223319914242e+01 1.100000000000e+01 3.595003881302e+01
   endloop
 endfacet
 facet normal 0.000000000000e+00 -1.000000000000e+00 -0.000000000000e+00
   outer loop
     vertex -6.274902069764e+01 1.100000000000e+01 3.762229122314e+01
     vertex -6.330553495647e+01 1.100000000000e+01 3.740387547161e+01
     vertex -6.254623841301e+01 1.100000000000e+01 3.582717995278e+01
   endloop
 endfacet
 facet normal -0.000000000000e+00 -1.000000000000e+00 0.000000000000e+00
   outer loop
     vertex -5.767028835127e+01 1.100000000000e+01 3.290991626417e+01
     vertex -5.947553406555e+01 1.100000000000e+01 3.297798269518e+01
     vertex -5.784650500542e+01 1.100000000000e+01 3.233863590253e+01
   endloop
 endfacet
 facet normal 0.000000000000e+00 -1.000000000000e+00 0.000000000000e+00
   outer loop
     vertex -5.767028835127e+01 1.100000000000e+01 3.290991626417e+01
     vertex -5.937641219759e+01 1.100000000000e+01 3.329932789860e+01
     vertex -5.947553406555e+01 1.100000000000e+01 3.297798269518e+01
   endloop
 endfacet
 facet normal 0.000000000000e+00 -1.000000000000e+00 0.000000000000e+00
   outer loop
     vertex -6.216616906470e+01 1.100000000000e+01 3.775532330490e+01
     vertex -6.274902069764e+01 1.100000000000e+01 3.762229122314e+01
     vertex -6.223319914242e+01 1.100000000000e+01 3.595003881302e+01
   endloop
 endfacet
 facet normal 0.000000000000e+00 -1.000000000000e+00 -0.000000000000e+00
   outer loop
     vertex -6.216616906470e+01 1.100000000000e+01 3.775532330490e+01
     vertex -6.223319914242e+01 1.100000000000e+01 3.595003881302e+01
     vertex -6.190534509890e+01 1.100000000000e+01 3.602486935901e+01
   endloop
 endfacet
 facet normal 0.000000000000e+00 -1.000000000000e+00 0.000000000000e+00
   outer loop
     vertex -6.216616906470e+01 1.100000000000e+01 3.775532330490e+01
     vertex -6.190534509890e+01 1.100000000000e+01 3.602486935901e+01
     vertex -6.157000000000e+01 1.100000000000e+01 3.605000000000e+01
   endloop
 endfacet
 facet normal 0.000000000000e+00 -1.000000000000e+00 0.000000000000e+00
   outer loop
     vertex -5.758118481128e+01 1.100000000000e+01 3.350107962565e+01
     vertex -5.937641219759e+01 1.100000000000e+01 3.329932789860e+01
     vertex -5.767028835127e+01 1.100000000000e+01 3.290991626417e+01
   endloop
 endfacet
 facet normal -0.000000000000e+00 -1.000000000000e+00 0.000000000000e+00
   outer loop
     vertex -5.758118481128e+01 1.100000000000e+01 3.350107962565e+01
     vertex -5.932629145634e+01 1.100000000000e+01 3.363185728943e+01
     vertex -5.937641219759e+01 1.100000000000e+01 3.329932789860e+01
   endloop
 endfacet
 facet normal 0.000000000000e+00 -1.000000000000e+00 0.000000000000e+00
   outer loop
     vertex -6.157000000000e+01 1.100000000000e+01 3.780000000000e+01
     vertex -6.157000000000e+01 1.100000000000e+01 3.605000000000e+01
     vertex -6.123465490110e+01 1.100000000000e+01 3.602486935901e+01
   endloop
 endfacet
 facet normal 0.000000000000e+00 -1.000000000000e+00 -0.000000000000e+00
   outer loop
     vertex -6.157000000000e+01 1.100000000000e+01 3.780000000000e+01
     vertex -6.216616906470e+01 1.100000000000e+01 3.775532330490e+01
     vertex -6.157000000000e+01 1.100000000000e+01 3.605000000000e+01
   endloop
 endfacet
 facet normal 0.000000000000e+00 -1.000000000000e+00 -0.000000000000e+00
   outer loop
     vertex -5.758118481128e+01 1.100000000000e+01 3.409892037435e+01
     vertex -5.932629145634e+01 1.100000000000e+01 3.363185728943e+01
     vertex -5.758118481128e+01 1.100000000000e+01 3.350107962565e+01
   endloop
 endfacet
 facet normal 0.000000000000e+00 -1.000000000000e+00 0.000000000000e+00
   outer loop
     vertex -5.758118481128e+01 1.100000000000e+01 3.409892037435e+01
     vertex -5.932629145634e+01 1.100000000000e+01 3.396814271057e+01
     vertex -5.932629145634e+01 1.100000000000e+01 3.363185728943e+01
   endloop
 endfacet
 facet normal -0.000000000000e+00 -1.000000000000e+00 0.000000000000e+00
   outer loop
     vertex -6.097383093530e+01 1.100000000000e+01 3.775532330490e+01
     vertex -6.157000000000e+01 1.100000000000e+01 3.780000000000e+01
     vertex -6.123465490110e+01 1.100000000000e+01 3.602486935901e+01
   endloop
 endfacet
 facet normal 0.000000000000e+00 -1.000000000000e+00 -0.000000000000e+00
   outer loop
     vertex -5.767028835127e+01 1.100000000000e+01 3.469008373583e+01
     vertex -5.932629145634e+01 1.100000000000e+01 3.396814271057e+01
     vertex -5.758118481128e+01 1.100000000000e+01 3.409892037435e+01
   endloop
 endfacet
 facet normal 0.000000000000e+00 -1.000000000000e+00 0.000000000000e+00
   outer loop
     vertex -5.767028835127e+01 1.100000000000e+01 3.469008373583e+01
     vertex -5.937641219759e+01 1.100000000000e+01 3.430067210140e+01
     vertex -5.932629145634e+01 1.100000000000e+01 3.396814271057e+01
   endloop
 endfacet
 facet normal -0.000000000000e+00 -1.000000000000e+00 0.000000000000e+00
   outer loop
     vertex -6.039097930236e+01 1.100000000000e+01 3.762229122314e+01
     vertex -6.097383093530e+01 1.100000000000e+01 3.775532330490e+01
     vertex -6.123465490110e+01 1.100000000000e+01 3.602486935901e+01
   endloop
 endfacet
 facet normal 0.000000000000e+00 -1.000000000000e+00 0.000000000000e+00
   outer loop
     vertex -6.039097930236e+01 1.100000000000e+01 3.762229122314e+01
     vertex -6.123465490110e+01 1.100000000000e+01 3.602486935901e+01
     vertex -6.090680085758e+01 1.100000000000e+01 3.595003881302e+01
   endloop
 endfacet
 facet normal 0.000000000000e+00 -1.000000000000e+00 -0.000000000000e+00
   outer loop
     vertex -5.784650500542e+01 1.100000000000e+01 3.526136409747e+01
     vertex -5.937641219759e+01 1.100000000000e+01 3.430067210140e+01
     vertex -5.767028835127e+01 1.100000000000e+01 3.469008373583e+01
   endloop
 endfacet
 facet normal 0.000000000000e+00 -1.000000000000e+00 0.000000000000e+00
   outer loop
     vertex -5.784650500542e+01 1.100000000000e+01 3.526136409747e+01
     vertex -5.947553406555e+01 1.100000000000e+01 3.462201730482e+01
     vertex -5.937641219759e+01 1.100000000000e+01 3.430067210140e+01
   endloop
 endfacet
 facet normal 0.000000000000e+00 -1.000000000000e+00 0.000000000000e+00
   outer loop
     vertex -5.983446504353e+01 1.100000000000e+01 3.740387547161e+01
     vertex -6.090680085758e+01 1.100000000000e+01 3.595003881302e+01
     vertex -6.059376158699e+01 1.100000000000e+01 3.582717995278e+01
   endloop
 endfacet
 facet normal -0.000000000000e+00 -1.000000000000e+00 0.000000000000e+00
   outer loop
     vertex -5.983446504353e+01 1.100000000000e+01 3.740387547161e+01
     vertex -6.039097930236e+01 1.100000000000e+01 3.762229122314e+01
     vertex -6.090680085758e+01 1.100000000000e+01 3.595003881302e+01
   endloop
 endfacet
 facet normal 0.000000000000e+00 -1.000000000000e+00 -0.000000000000e+00
   outer loop
     vertex -5.810589838486e+01 1.100000000000e+01 3.580000000000e+01
     vertex -5.947553406555e+01 1.100000000000e+01 3.462201730482e+01
     vertex -5.784650500542e+01 1.100000000000e+01 3.526136409747e+01
   endloop
 endfacet
 facet normal 0.000000000000e+00 -1.000000000000e+00 0.000000000000e+00
   outer loop
     vertex -5.810589838486e+01 1.100000000000e+01 3.580000000000e+01
     vertex -5.962144284149e+01 1.100000000000e+01 3.492500000000e+01
     vertex -5.947553406555e+01 1.100000000000e+01 3.462201730482e+01
   endloop
 endfacet
 facet normal -0.000000000000e+00 -1.000000000000e+00 0.000000000000e+00
   outer loop
     vertex -5.931671976775e+01 1.100000000000e+01 3.710495509726e+01
     vertex -5.983446504353e+01 1.100000000000e+01 3.740387547161e+01
     vertex -6.059376158699e+01 1.100000000000e+01 3.582717995278e+01
   endloop
 endfacet
 facet normal 0.000000000000e+00 -1.000000000000e+00 0.000000000000e+00
   outer loop
     vertex -5.931671976775e+01 1.100000000000e+01 3.710495509726e+01
     vertex -6.059376158699e+01 1.100000000000e+01 3.582717995278e+01
     vertex -6.030252986936e+01 1.100000000000e+01 3.565903724221e+01
   endloop
 endfacet
 facet normal 0.000000000000e+00 -1.000000000000e+00 0.000000000000e+00
   outer loop
     vertex -5.931671976775e+01 1.100000000000e+01 3.710495509726e+01
     vertex -6.030252986936e+01 1.100000000000e+01 3.565903724221e+01
     vertex -6.003961134002e+01 1.100000000000e+01 3.544936671162e+01
   endloop
 endfacet
 facet normal 0.000000000000e+00 -1.000000000000e+00 -0.000000000000e+00
   outer loop
     vertex -5.844267407013e+01 1.100000000000e+01 3.629395920743e+01
     vertex -5.962144284149e+01 1.100000000000e+01 3.492500000000e+01
     vertex -5.810589838486e+01 1.100000000000e+01 3.580000000000e+01
   endloop
 endfacet
 facet normal 0.000000000000e+00 -1.000000000000e+00 0.000000000000e+00
   outer loop
     vertex -5.844267407013e+01 1.100000000000e+01 3.629395920743e+01
     vertex -5.981087916445e+01 1.100000000000e+01 3.520285205418e+01
     vertex -5.962144284149e+01 1.100000000000e+01 3.492500000000e+01
   endloop
 endfacet
 facet normal 0.000000000000e+00 -1.000000000000e+00 0.000000000000e+00
   outer loop
     vertex -5.884930904892e+01 1.100000000000e+01 3.673220748732e+01
     vertex -6.003961134002e+01 1.100000000000e+01 3.544936671162e+01
     vertex -5.981087916445e+01 1.100000000000e+01 3.520285205418e+01
   endloop
 endfacet
 facet normal -0.000000000000e+00 -1.000000000000e+00 0.000000000000e+00
   outer loop
     vertex -5.884930904892e+01 1.100000000000e+01 3.673220748732e+01
     vertex -5.931671976775e+01 1.100000000000e+01 3.710495509726e+01
     vertex -6.003961134002e+01 1.100000000000e+01 3.544936671162e+01
   endloop
 endfacet
 facet normal 0.000000000000e+00 -1.000000000000e+00 -0.000000000000e+00
   outer loop
     vertex -5.884930904892e+01 1.100000000000e+01 3.673220748732e+01
     vertex -5.981087916445e+01 1.100000000000e+01 3.520285205418e+01
     vertex -5.844267407013e+01 1.100000000000e+01 3.629395920743e+01
   endloop
 endfacet
 facet normal 7.473009358642e-02 0.000000000000e+00 9.972037971812e-01
   outer loop
     vertex -6.097383093530e+01 2.350000000000e+01 3.775532330490e+01
     vertex -6.157000000000e+01 2.350000000000e+01 3.780000000000e+01
     vertex -6.157000000000e+01 1.100000000000e+01 3.780000000000e+01
   endloop
 endfacet
 facet normal 7.473009358642e-02 0.000000000000e+00 9.972037971812e-01
   outer loop
     vertex -6.097383093530e+01 2.350000000000e+01 3.775532330490e+01
     vertex -6.157000000000e+01 1.100000000000e+01 3.780000000000e+01
     vertex -6.097383093530e+01 1.100000000000e+01 3.775532330490e+01
   endloop
 endfacet
 facet normal 2.225209339563e-01 0.000000000000e+00 9.749279121818e-01
   outer loop
     vertex -6.039097930236e+01 2.350000000000e+01 3.762229122314e+01
     vertex -6.097383093530e+01 1.100000000000e+01 3.775532330490e+01
     vertex -6.039097930236e+01 1.100000000000e+01 3.762229122314e+01
   endloop
 endfacet
 facet normal 2.225209339563e-01 0.000000000000e+00 9.749279121818e-01
   outer loop
     vertex -6.039097930236e+01 2.350000000000e+01 3.762229122314e+01
     vertex -6.097383093530e+01 2.350000000000e+01 3.775532330490e+01
     vertex -6.097383093530e+01 1.100000000000e+01 3.775532330490e+01
   endloop
 endfacet
 facet normal 3.653410243664e-01 0.000000000000e+00 9.308737486442e-01
   outer loop
     vertex -5.983446504353e+01 2.350000000000e+01 3.740387547161e+01
     vertex -6.039097930236e+01 1.100000000000e+01 3.762229122314e+01
     vertex -5.983446504353e+01 1.100000000000e+01 3.740387547161e+01
   endloop
 endfacet
 facet normal 5.000000000000e-01 0.000000000000e+00 8.660254037844e-01
   outer loop
     vertex -5.983446504353e+01 2.350000000000e+01 3.740387547161e+01
     vertex -5.983446504353e+01 1.100000000000e+01 3.740387547161e+01
     vertex -5.931671976775e+01 1.100000000000e+01 3.710495509726e+01
   endloop
 endfacet
 facet normal 3.653410243664e-01 0.000000000000e+00 9.308737486442e-01
   outer loop
     vertex -5.983446504353e+01 2.350000000000e+01 3.740387547161e+01
     vertex -6.039097930236e+01 2.350000000000e+01 3.762229122314e+01
     vertex -6.039097930236e+01 1.100000000000e+01 3.762229122314e+01
   endloop
 endfacet
 facet normal 5.000000000000e-01 0.000000000000e+00 8.660254037844e-01
   outer loop
     vertex -5.931671976775e+01 2.350000000000e+01 3.710495509726e+01
     vertex -5.983446504353e+01 2.350000000000e+01 3.740387547161e+01
     vertex -5.931671976775e+01 1.100000000000e+01 3.710495509726e+01
   endloop
 endfacet
 facet normal 6.234898018587e-01 0.000000000000e+00 7.818314824680e-01
   outer loop
     vertex -5.884930904892e+01 2.350000000000e+01 3.673220748732e+01
     vertex -5.931671976775e+01 2.350000000000e+01 3.710495509726e+01
     vertex -5.931671976775e+01 1.100000000000e+01 3.710495509726e+01
   endloop
 endfacet
 facet normal 6.234898018587e-01 0.000000000000e+00 7.818314824680e-01
   outer loop
     vertex -5.884930904892e+01 2.350000000000e+01 3.673220748732e+01
     vertex -5.931671976775e+01 1.100000000000e+01 3.710495509726e+01
     vertex -5.884930904892e+01 1.100000000000e+01 3.673220748732e+01
   endloop
 endfacet
 facet normal 7.330518718298e-01 0.000000000000e+00 6.801727377709e-01
   outer loop
     vertex -5.844267407013e+01 2.350000000000e+01 3.629395920743e+01
     vertex -5.884930904892e+01 2.350000000000e+01 3.673220748732e+01
     vertex -5.884930904892e+01 1.100000000000e+01 3.673220748732e+01
   endloop
 endfacet
 facet normal 7.330518718298e-01 0.000000000000e+00 6.801727377709e-01
   outer loop
     vertex -5.844267407013e+01 2.350000000000e+01 3.629395920743e+01
     vertex -5.884930904892e+01 1.100000000000e+01 3.673220748732e+01
     vertex -5.844267407013e+01 1.100000000000e+01 3.629395920743e+01
   endloop
 endfacet
 facet normal 8.262387743160e-01 0.000000000000e+00 5.633200580636e-01
   outer loop
     vertex -5.844267407013e+01 2.350000000000e+01 3.629395920743e+01
     vertex -5.844267407013e+01 1.100000000000e+01 3.629395920743e+01
     vertex -5.810589838486e+01 1.100000000000e+01 3.580000000000e+01
   endloop
 endfacet
 facet normal 8.262387743160e-01 0.000000000000e+00 5.633200580636e-01
   outer loop
     vertex -5.810589838486e+01 2.350000000000e+01 3.580000000000e+01
     vertex -5.844267407013e+01 2.350000000000e+01 3.629395920743e+01
     vertex -5.810589838486e+01 1.100000000000e+01 3.580000000000e+01
   endloop
 endfacet
 facet normal 9.009688679024e-01 0.000000000000e+00 4.338837391176e-01
   outer loop
     vertex -5.810589838486e+01 2.350000000000e+01 3.580000000000e+01
     vertex -5.810589838486e+01 1.100000000000e+01 3.580000000000e+01
     vertex -5.784650500542e+01 1.100000000000e+01 3.526136409747e+01
   endloop
 endfacet
 facet normal 9.009688679024e-01 0.000000000000e+00 4.338837391176e-01
   outer loop
     vertex -5.784650500542e+01 2.350000000000e+01 3.526136409747e+01
     vertex -5.810589838486e+01 2.350000000000e+01 3.580000000000e+01
     vertex -5.784650500542e+01 1.100000000000e+01 3.526136409747e+01
   endloop
 endfacet
 facet normal 9.555728057861e-01 0.000000000000e+00 2.947551744109e-01
   outer loop
     vertex -5.767028835127e+01 2.350000000000e+01 3.469008373583e+01
     vertex -5.784650500542e+01 2.350000000000e+01 3.526136409747e+01
     vertex -5.784650500542e+01 1.100000000000e+01 3.526136409747e+01
   endloop
 endfacet
 facet normal 9.555728057861e-01 0.000000000000e+00 2.947551744109e-01
   outer loop
     vertex -5.767028835127e+01 2.350000000000e+01 3.469008373583e+01
     vertex -5.784650500542e+01 1.100000000000e+01 3.526136409747e+01
     vertex -5.767028835127e+01 1.100000000000e+01 3.469008373583e+01
   endloop
 endfacet
 facet normal 9.888308262251e-01 0.000000000000e+00 1.490422661762e-01
   outer loop
     vertex -5.758118481128e+01 2.350000000000e+01 3.409892037435e+01
     vertex -5.767028835127e+01 2.350000000000e+01 3.469008373583e+01
     vertex -5.767028835127e+01 1.100000000000e+01 3.469008373583e+01
   endloop
 endfacet
 facet normal 9.888308262251e-01 0.000000000000e+00 1.490422661762e-01
   outer loop
     vertex -5.758118481128e+01 2.350000000000e+01 3.409892037435e+01
     vertex -5.767028835127e+01 1.100000000000e+01 3.469008373583e+01
     vertex -5.758118481128e+01 1.100000000000e+01 3.409892037435e+01
   endloop
 endfacet
 facet normal 1.000000000000e+00 0.000000000000e+00 -0.000000000000e+00
   outer loop
     vertex -5.758118481128e+01 2.350000000000e+01 3.350107962565e+01
     vertex -5.758118481128e+01 2.350000000000e+01 3.409892037435e+01
     vertex -5.758118481128e+01 1.100000000000e+01 3.409892037435e+01
   endloop
 endfacet
 facet normal 1.000000000000e+00 0.000000000000e+00 0.000000000000e+00
   outer loop
     vertex -5.758118481128e+01 2.350000000000e+01 3.350107962565e+01
     vertex -5.758118481128e+01 1.100000000000e+01 3.409892037435e+01
     vertex -5.758118481128e+01 1.100000000000e+01 3.350107962565e+01
   endloop
 endfacet
 facet normal 9.888308262251e-01 0.000000000000e+00 -1.490422661762e-01
   outer loop
     vertex -5.767028835127e+01 2.350000000000e+01 3.290991626417e+01
     vertex -5.758118481128e+01 2.350000000000e+01 3.350107962565e+01
     vertex -5.758118481128e+01 1.100000000000e+01 3.350107962565e+01
   endloop
 endfacet
 facet normal 9.888308262251e-01 0.000000000000e+00 -1.490422661762e-01
   outer loop
     vertex -5.767028835127e+01 2.350000000000e+01 3.290991626417e+01
     vertex -5.758118481128e+01 1.100000000000e+01 3.350107962565e+01
     vertex -5.767028835127e+01 1.100000000000e+01 3.290991626417e+01
   endloop
 endfacet
 facet normal 9.555728057861e-01 0.000000000000e+00 -2.947551744109e-01
   outer loop
     vertex -5.784650500542e+01 2.350000000000e+01 3.233863590253e+01
     vertex -5.767028835127e+01 2.350000000000e+01 3.290991626417e+01
     vertex -5.767028835127e+01 1.100000000000e+01 3.290991626417e+01
   endloop
 endfacet
 facet normal 9.555728057861e-01 0.000000000000e+00 -2.947551744109e-01
   outer loop
     vertex -5.784650500542e+01 2.350000000000e+01 3.233863590253e+01
     vertex -5.767028835127e+01 1.100000000000e+01 3.290991626417e+01
     vertex -5.784650500542e+01 1.100000000000e+01 3.233863590253e+01
   endloop
 endfacet
 facet normal 9.009688679024e-01 0.000000000000e+00 -4.338837391176e-01
   outer loop
     vertex -5.810589838486e+01 2.350000000000e+01 3.180000000000e+01
     vertex -5.784650500542e+01 2.350000000000e+01 3.233863590253e+01
     vertex -5.784650500542e+01 1.100000000000e+01 3.233863590253e+01
   endloop
 endfacet
 facet normal 9.009688679024e-01 0.000000000000e+00 -4.338837391176e-01
   outer loop
     vertex -5.810589838486e+01 2.350000000000e+01 3.180000000000e+01
     vertex -5.784650500542e+01 1.100000000000e+01 3.233863590253e+01
     vertex -5.810589838486e+01 1.100000000000e+01 3.180000000000e+01
   endloop
 endfacet
 facet normal 8.262387743160e-01 0.000000000000e+00 -5.633200580636e-01
   outer loop
     vertex -5.844267407013e+01 2.350000000000e+01 3.130604079257e+01
     vertex -5.810589838486e+01 2.350000000000e+01 3.180000000000e+01
     vertex -5.810589838486e+01 1.100000000000e+01 3.180000000000e+01
   endloop
 endfacet
 facet normal 8.262387743160e-01 0.000000000000e+00 -5.633200580636e-01
   outer loop
     vertex -5.844267407013e+01 2.350000000000e+01 3.130604079257e+01
     vertex -5.810589838486e+01 1.100000000000e+01 3.180000000000e+01
     vertex -5.844267407013e+01 1.100000000000e+01 3.130604079257e+01
   endloop
 endfacet
 facet normal 7.330518718298e-01 0.000000000000e+00 -6.801727377709e-01
   outer loop
     vertex -5.884930904892e+01 2.350000000000e+01 3.086779251268e+01
     vertex -5.844267407013e+01 2.350000000000e+01 3.130604079257e+01
     vertex -5.844267407013e+01 1.100000000000e+01 3.130604079257e+01
   endloop
 endfacet
 facet normal 7.330518718298e-01 0.000000000000e+00 -6.801727377709e-01
   outer loop
     vertex -5.884930904892e+01 2.350000000000e+01 3.086779251268e+01
     vertex -5.844267407013e+01 1.100000000000e+01 3.130604079257e+01
     vertex -5.884930904892e+01 1.100000000000e+01 3.086779251268e+01
   endloop
 endfacet
 facet normal 6.234898018587e-01 0.000000000000e+00 -7.818314824680e-01
   outer loop
     vertex -5.931671976775e+01 2.350000000000e+01 3.049504490274e+01
     vertex -5.884930904892e+01 1.100000000000e+01 3.086779251268e+01
     vertex -5.931671976775e+01 1.100000000000e+01 3.049504490274e+01
   endloop
 endfacet
 facet normal 6.234898018587e-01 0.000000000000e+00 -7.818314824680e-01
   outer loop
     vertex -5.931671976775e+01 2.350000000000e+01 3.049504490274e+01
     vertex -5.884930904892e+01 2.350000000000e+01 3.086779251268e+01
     vertex -5.884930904892e+01 1.100000000000e+01 3.086779251268e+01
   endloop
 endfacet
 facet normal 5.000000000000e-01 0.000000000000e+00 -8.660254037844e-01
   outer loop
     vertex -5.983446504353e+01 2.350000000000e+01 3.019612452839e+01
     vertex -5.931671976775e+01 1.100000000000e+01 3.049504490274e+01
     vertex -5.983446504353e+01 1.100000000000e+01 3.019612452839e+01
   endloop
 endfacet
 facet normal 5.000000000000e-01 0.000000000000e+00 -8.660254037844e-01
   outer loop
     vertex -5.983446504353e+01 2.350000000000e+01 3.019612452839e+01
     vertex -5.931671976775e+01 2.350000000000e+01 3.049504490274e+01
     vertex -5.931671976775e+01 1.100000000000e+01 3.049504490274e+01
   endloop
 endfacet
 facet normal 3.653410243664e-01 0.000000000000e+00 -9.308737486442e-01
   outer loop
     vertex -6.039097930236e+01 2.350000000000e+01 2.997770877686e+01
     vertex -5.983446504353e+01 1.100000000000e+01 3.019612452839e+01
     vertex -6.039097930236e+01 1.100000000000e+01 2.997770877686e+01
   endloop
 endfacet
 facet normal 3.653410243664e-01 0.000000000000e+00 -9.308737486442e-01
   outer loop
     vertex -6.039097930236e+01 2.350000000000e+01 2.997770877686e+01
     vertex -5.983446504353e+01 2.350000000000e+01 3.019612452839e+01
     vertex -5.983446504353e+01 1.100000000000e+01 3.019612452839e+01
   endloop
 endfacet
 facet normal 2.225209339563e-01 0.000000000000e+00 -9.749279121818e-01
   outer loop
     vertex -6.097383093530e+01 2.350000000000e+01 2.984467669510e+01
     vertex -6.039097930236e+01 1.100000000000e+01 2.997770877686e+01
     vertex -6.097383093530e+01 1.100000000000e+01 2.984467669510e+01
   endloop
 endfacet
 facet normal 2.225209339563e-01 0.000000000000e+00 -9.749279121818e-01
   outer loop
     vertex -6.097383093530e+01 2.350000000000e+01 2.984467669510e+01
     vertex -6.039097930236e+01 2.350000000000e+01 2.997770877686e+01
     vertex -6.039097930236e+01 1.100000000000e+01 2.997770877686e+01
   endloop
 endfacet
 facet normal 7.473009358643e-02 0.000000000000e+00 -9.972037971812e-01
   outer loop
     vertex -6.157000000000e+01 2.350000000000e+01 2.980000000000e+01
     vertex -6.097383093530e+01 1.100000000000e+01 2.984467669510e+01
     vertex -6.157000000000e+01 1.100000000000e+01 2.980000000000e+01
   endloop
 endfacet
 facet normal 7.473009358643e-02 0.000000000000e+00 -9.972037971812e-01
   outer loop
     vertex -6.157000000000e+01 2.350000000000e+01 2.980000000000e+01
     vertex -6.097383093530e+01 2.350000000000e+01 2.984467669510e+01
     vertex -6.097383093530e+01 1.100000000000e+01 2.984467669510e+01
   endloop
 endfacet
 facet normal -7.473009358642e-02 -0.000000000000e+00 -9.972037971812e-01
   outer loop
     vertex -6.216616906470e+01 2.350000000000e+01 2.984467669510e+01
     vertex -6.157000000000e+01 1.100000000000e+01 2.980000000000e+01
     vertex -6.216616906470e+01 1.100000000000e+01 2.984467669510e+01
   endloop
 endfacet
 facet normal -7.473009358642e-02 0.000000000000e+00 -9.972037971812e-01
   outer loop
     vertex -6.216616906470e+01 2.350000000000e+01 2.984467669510e+01
     vertex -6.157000000000e+01 2.350000000000e+01 2.980000000000e+01
     vertex -6.157000000000e+01 1.100000000000e+01 2.980000000000e+01
   endloop
 endfacet
 facet normal -2.225209339563e-01 -0.000000000000e+00 -9.749279121818e-01
   outer loop
     vertex -6.274902069764e+01 2.350000000000e+01 2.997770877686e+01
     vertex -6.216616906470e+01 1.100000000000e+01 2.984467669510e+01
     vertex -6.274902069764e+01 1.100000000000e+01 2.997770877686e+01
   endloop
 endfacet
 facet normal -3.653410243664e-01 -0.000000000000e+00 -9.308737486442e-01
   outer loop
     vertex -6.274902069764e+01 2.350000000000e+01 2.997770877686e+01
     vertex -6.274902069764e+01 1.100000000000e+01 2.997770877686e+01
     vertex -6.330553495647e+01 1.100000000000e+01 3.019612452839e+01
   endloop
 endfacet
 facet normal -2.225209339563e-01 0.000000000000e+00 -9.749279121818e-01
   outer loop
     vertex -6.274902069764e+01 2.350000000000e+01 2.997770877686e+01
     vertex -6.216616906470e+01 2.350000000000e+01 2.984467669510e+01
     vertex -6.216616906470e+01 1.100000000000e+01 2.984467669510e+01
   endloop
 endfacet
 facet normal -5.000000000000e-01 -0.000000000000e+00 -8.660254037844e-01
   outer loop
     vertex -6.330553495647e+01 2.350000000000e+01 3.019612452839e+01
     vertex -6.330553495647e+01 1.100000000000e+01 3.019612452839e+01
     vertex -6.382328023225e+01 1.100000000000e+01 3.049504490274e+01
   endloop
 endfacet
 facet normal -3.653410243664e-01 -0.000000000000e+00 -9.308737486442e-01
   outer loop
     vertex -6.330553495647e+01 2.350000000000e+01 3.019612452839e+01
     vertex -6.274902069764e+01 2.350000000000e+01 2.997770877686e+01
     vertex -6.330553495647e+01 1.100000000000e+01 3.019612452839e+01
   endloop
 endfacet
 facet normal -5.000000000000e-01 -0.000000000000e+00 -8.660254037844e-01
   outer loop
     vertex -6.382328023225e+01 2.350000000000e+01 3.049504490274e+01
     vertex -6.330553495647e+01 2.350000000000e+01 3.019612452839e+01
     vertex -6.382328023225e+01 1.100000000000e+01 3.049504490274e+01
   endloop
 endfacet
 facet normal -6.234898018587e-01 -0.000000000000e+00 -7.818314824680e-01
   outer loop
     vertex -6.429069095108e+01 2.350000000000e+01 3.086779251268e+01
     vertex -6.382328023225e+01 1.100000000000e+01 3.049504490274e+01
     vertex -6.429069095108e+01 1.100000000000e+01 3.086779251268e+01
   endloop
 endfacet
 facet normal -7.330518718298e-01 -0.000000000000e+00 -6.801727377709e-01
   outer loop
     vertex -6.429069095108e+01 2.350000000000e+01 3.086779251268e+01
     vertex -6.429069095108e+01 1.100000000000e+01 3.086779251268e+01
     vertex -6.469732592987e+01 1.100000000000e+01 3.130604079257e+01
   endloop
 endfacet
 facet normal -6.234898018587e-01 0.000000000000e+00 -7.818314824680e-01
   outer loop
     vertex -6.429069095108e+01 2.350000000000e+01 3.086779251268e+01
     vertex -6.382328023225e+01 2.350000000000e+01 3.049504490274e+01
     vertex -6.382328023225e+01 1.100000000000e+01 3.049504490274e+01
   endloop
 endfacet
 facet normal -7.330518718298e-01 -0.000000000000e+00 -6.801727377709e-01
   outer loop
     vertex -6.469732592987e+01 2.350000000000e+01 3.130604079257e+01
     vertex -6.429069095108e+01 2.350000000000e+01 3.086779251268e+01
     vertex -6.469732592987e+01 1.100000000000e+01 3.130604079257e+01
   endloop
 endfacet
 facet normal -8.262387743160e-01 -0.000000000000e+00 -5.633200580636e-01
   outer loop
     vertex -6.503410161514e+01 2.350000000000e+01 3.180000000000e+01
     vertex -6.469732592987e+01 1.100000000000e+01 3.130604079257e+01
     vertex -6.503410161514e+01 1.100000000000e+01 3.180000000000e+01
   endloop
 endfacet
 facet normal -8.262387743160e-01 0.000000000000e+00 -5.633200580636e-01
   outer loop
     vertex -6.503410161514e+01 2.350000000000e+01 3.180000000000e+01
     vertex -6.469732592987e+01 2.350000000000e+01 3.130604079257e+01
     vertex -6.469732592987e+01 1.100000000000e+01 3.130604079257e+01
   endloop
 endfacet
 facet normal -9.009688679024e-01 0.000000000000e+00 -4.338837391176e-01
   outer loop
     vertex -6.529349499458e+01 2.350000000000e+01 3.233863590253e+01
     vertex -6.503410161514e+01 2.350000000000e+01 3.180000000000e+01
     vertex -6.503410161514e+01 1.100000000000e+01 3.180000000000e+01
   endloop
 endfacet
 facet normal -9.009688679024e-01 -0.000000000000e+00 -4.338837391176e-01
   outer loop
     vertex -6.529349499458e+01 2.350000000000e+01 3.233863590253e+01
     vertex -6.503410161514e+01 1.100000000000e+01 3.180000000000e+01
     vertex -6.529349499458e+01 1.100000000000e+01 3.233863590253e+01
   endloop
 endfacet
 facet normal -9.555728057861e-01 0.000000000000e+00 -2.947551744109e-01
   outer loop
     vertex -6.546971164873e+01 2.350000000000e+01 3.290991626417e+01
     vertex -6.529349499458e+01 2.350000000000e+01 3.233863590253e+01
     vertex -6.529349499458e+01 1.100000000000e+01 3.233863590253e+01
   endloop
 endfacet
 facet normal -9.555728057861e-01 -0.000000000000e+00 -2.947551744109e-01
   outer loop
     vertex -6.546971164873e+01 2.350000000000e+01 3.290991626417e+01
     vertex -6.529349499458e+01 1.100000000000e+01 3.233863590253e+01
     vertex -6.546971164873e+01 1.100000000000e+01 3.290991626417e+01
   endloop
 endfacet
 facet normal -9.888308262251e-01 -0.000000000000e+00 -1.490422661762e-01
   outer loop
     vertex -6.546971164873e+01 2.350000000000e+01 3.290991626417e+01
     vertex -6.546971164873e+01 1.100000000000e+01 3.290991626417e+01
     vertex -6.555881518872e+01 1.100000000000e+01 3.350107962565e+01
   endloop
 endfacet
 facet normal -9.888308262251e-01 -0.000000000000e+00 -1.490422661762e-01
   outer loop
     vertex -6.555881518872e+01 2.350000000000e+01 3.350107962565e+01
     vertex -6.546971164873e+01 2.350000000000e+01 3.290991626417e+01
     vertex -6.555881518872e+01 1.100000000000e+01 3.350107962565e+01
   endloop
 endfacet
 facet normal -1.000000000000e+00 0.000000000000e+00 -0.000000000000e+00
   outer loop
     vertex -6.555881518872e+01 2.350000000000e+01 3.409892037435e+01
     vertex -6.555881518872e+01 2.350000000000e+01 3.350107962565e+01
     vertex -6.555881518872e+01 1.100000000000e+01 3.350107962565e+01
   endloop
 endfacet
 facet normal -1.000000000000e+00 -0.000000000000e+00 0.000000000000e+00
   outer loop
     vertex -6.555881518872e+01 2.350000000000e+01 3.409892037435e+01
     vertex -6.555881518872e+01 1.100000000000e+01 3.350107962565e+01
     vertex -6.555881518872e+01 1.100000000000e+01 3.409892037435e+01
   endloop
 endfacet
 facet normal -9.888308262251e-01 0.000000000000e+00 1.490422661762e-01
   outer loop
     vertex -6.555881518872e+01 2.350000000000e+01 3.409892037435e+01
     vertex -6.555881518872e+01 1.100000000000e+01 3.409892037435e+01
     vertex -6.546971164873e+01 1.100000000000e+01 3.469008373583e+01
   endloop
 endfacet
 facet normal -9.888308262251e-01 0.000000000000e+00 1.490422661762e-01
   outer loop
     vertex -6.546971164873e+01 2.350000000000e+01 3.469008373583e+01
     vertex -6.555881518872e+01 2.350000000000e+01 3.409892037435e+01
     vertex -6.546971164873e+01 1.100000000000e+01 3.469008373583e+01
   endloop
 endfacet
 facet normal -9.555728057861e-01 0.000000000000e+00 2.947551744109e-01
   outer loop
     vertex -6.529349499458e+01 2.350000000000e+01 3.526136409747e+01
     vertex -6.546971164873e+01 2.350000000000e+01 3.469008373583e+01
     vertex -6.546971164873e+01 1.100000000000e+01 3.469008373583e+01
   endloop
 endfacet
 facet normal -9.555728057861e-01 0.000000000000e+00 2.947551744109e-01
   outer loop
     vertex -6.529349499458e+01 2.350000000000e+01 3.526136409747e+01
     vertex -6.546971164873e+01 1.100000000000e+01 3.469008373583e+01
     vertex -6.529349499458e+01 1.100000000000e+01 3.526136409747e+01
   endloop
 endfacet
 facet normal -9.009688679024e-01 0.000000000000e+00 4.338837391176e-01
   outer loop
     vertex -6.529349499458e+01 2.350000000000e+01 3.526136409747e+01
     vertex -6.529349499458e+01 1.100000000000e+01 3.526136409747e+01
     vertex -6.503410161514e+01 1.100000000000e+01 3.580000000000e+01
   endloop
 endfacet
 facet normal -9.009688679024e-01 0.000000000000e+00 4.338837391176e-01
   outer loop
     vertex -6.503410161514e+01 2.350000000000e+01 3.580000000000e+01
     vertex -6.529349499458e+01 2.350000000000e+01 3.526136409747e+01
     vertex -6.503410161514e+01 1.100000000000e+01 3.580000000000e+01
   endloop
 endfacet
 facet normal -8.262387743160e-01 0.000000000000e+00 5.633200580636e-01
   outer loop
     vertex -6.503410161514e+01 2.350000000000e+01 3.580000000000e+01
     vertex -6.503410161514e+01 1.100000000000e+01 3.580000000000e+01
     vertex -6.469732592987e+01 1.100000000000e+01 3.629395920743e+01
   endloop
 endfacet
 facet normal -8.262387743160e-01 0.000000000000e+00 5.633200580636e-01
   outer loop
     vertex -6.469732592987e+01 2.350000000000e+01 3.629395920743e+01
     vertex -6.503410161514e+01 2.350000000000e+01 3.580000000000e+01
     vertex -6.469732592987e+01 1.100000000000e+01 3.629395920743e+01
   endloop
 endfacet
 facet normal -7.330518718298e-01 0.000000000000e+00 6.801727377709e-01
   outer loop
     vertex -6.429069095108e+01 2.350000000000e+01 3.673220748732e+01
     vertex -6.469732592987e+01 2.350000000000e+01 3.629395920743e+01
     vertex -6.469732592987e+01 1.100000000000e+01 3.629395920743e+01
   endloop
 endfacet
 facet normal -7.330518718298e-01 0.000000000000e+00 6.801727377709e-01
   outer loop
     vertex -6.429069095108e+01 2.350000000000e+01 3.673220748732e+01
     vertex -6.469732592987e+01 1.100000000000e+01 3.629395920743e+01
     vertex -6.429069095108e+01 1.100000000000e+01 3.673220748732e+01
   endloop
 endfacet
 facet normal -6.234898018587e-01 0.000000000000e+00 7.818314824680e-01
   outer loop
     vertex -6.382328023225e+01 2.350000000000e+01 3.710495509726e+01
     vertex -6.429069095108e+01 2.350000000000e+01 3.673220748732e+01
     vertex -6.429069095108e+01 1.100000000000e+01 3.673220748732e+01
   endloop
 endfacet
 facet normal -6.234898018587e-01 0.000000000000e+00 7.818314824680e-01
   outer loop
     vertex -6.382328023225e+01 2.350000000000e+01 3.710495509726e+01
     vertex -6.429069095108e+01 1.100000000000e+01 3.673220748732e+01
     vertex -6.382328023225e+01 1.100000000000e+01 3.710495509726e+01
   endloop
 endfacet
 facet normal -5.000000000000e-01 0.000000000000e+00 8.660254037844e-01
   outer loop
     vertex -6.330553495647e+01 2.350000000000e+01 3.740387547161e+01
     vertex -6.382328023225e+01 2.350000000000e+01 3.710495509726e+01
     vertex -6.382328023225e+01 1.100000000000e+01 3.710495509726e+01
   endloop
 endfacet
 facet normal -5.000000000000e-01 0.000000000000e+00 8.660254037844e-01
   outer loop
     vertex -6.330553495647e+01 2.350000000000e+01 3.740387547161e+01
     vertex -6.382328023225e+01 1.100000000000e+01 3.710495509726e+01
     vertex -6.330553495647e+01 1.100000000000e+01 3.740387547161e+01
   endloop
 endfacet
 facet normal -3.653410243664e-01 0.000000000000e+00 9.308737486442e-01
   outer loop
     vertex -6.274902069764e+01 2.350000000000e+01 3.762229122314e+01
     vertex -6.330553495647e+01 2.350000000000e+01 3.740387547161e+01
     vertex -6.330553495647e+01 1.100000000000e+01 3.740387547161e+01
   endloop
 endfacet
 facet normal -3.653410243664e-01 0.000000000000e+00 9.308737486442e-01
   outer loop
     vertex -6.274902069764e+01 2.350000000000e+01 3.762229122314e+01
     vertex -6.330553495647e+01 1.100000000000e+01 3.740387547161e+01
     vertex -6.274902069764e+01 1.100000000000e+01 3.762229122314e+01
   endloop
 endfacet
 facet normal -2.225209339563e-01 0.000000000000e+00 9.749279121818e-01
   outer loop
     vertex -6.216616906470e+01 2.350000000000e+01 3.775532330490e+01
     vertex -6.274902069764e+01 2.350000000000e+01 3.762229122314e+01
     vertex -6.274902069764e+01 1.100000000000e+01 3.762229122314e+01
   endloop
 endfacet
 facet normal -2.225209339563e-01 0.000000000000e+00 9.749279121818e-01
   outer loop
     vertex -6.216616906470e+01 2.350000000000e+01 3.775532330490e+01
     vertex -6.274902069764e+01 1.100000000000e+01 3.762229122314e+01
     vertex -6.216616906470e+01 1.100000000000e+01 3.775532330490e+01
   endloop
 endfacet
 facet normal -7.473009358643e-02 0.000000000000e+00 9.972037971812e-01
   outer loop
     vertex -6.157000000000e+01 2.350000000000e+01 3.780000000000e+01
     vertex -6.216616906470e+01 2.350000000000e+01 3.775532330490e+01
     vertex -6.216616906470e+01 1.100000000000e+01 3.775532330490e+01
   endloop
 endfacet
 facet normal -7.473009358643e-02 0.000000000000e+00 9.972037971812e-01
   outer loop
     vertex -6.157000000000e+01 2.350000000000e+01 3.780000000000e+01
     vertex -6.216616906470e+01 1.100000000000e+01 3.775532330490e+01
     vertex -6.157000000000e+01 1.100000000000e+01 3.780000000000e+01
   endloop
 endfacet
 facet normal -1.000000000000e+00 0.000000000000e+00 -0.000000000000e+00
   outer loop
     vertex -3.075000000000e+01 2.600000000000e+01 3.200000000000e+01
     vertex -3.075000000000e+01 2.600000000000e+01 -1.200000000000e+01
     vertex -3.075000000000e+01 2.350000000000e+01 -1.200000000000e+01
   endloop
 endfacet
 facet normal -1.000000000000e+00 0.000000000000e+00 0.000000000000e+00
   outer loop
     vertex -3.075000000000e+01 2.350000000000e+01 3.200000000000e+01
     vertex -3.075000000000e+01 2.600000000000e+01 3.200000000000e+01
     vertex -3.075000000000e+01 2.350000000000e+01 -1.200000000000e+01
   endloop
 endfacet
 facet normal 0.000000000000e+00 0.000000000000e+00 1.000000000000e+00
   outer loop
     vertex -3.075000000000e+01 2.600000000000e+01 -1.200000000000e+01
     vertex -3.325000000000e+01 2.600000000000e+01 -1.200000000000e+01
     vertex -3.325000000000e+01 2.350000000000e+01 -1.200000000000e+01
   endloop
 endfacet
 facet normal 0.000000000000e+00 0.000000000000e+00 1.000000000000e+00
   outer loop
     vertex -3.075000000000e+01 2.600000000000e+01 -1.200000000000e+01
     vertex -3.325000000000e+01 2.350000000000e+01 -1.200000000000e+01
     vertex -3.075000000000e+01 2.350000000000e+01 -1.200000000000e+01
   endloop
 endfacet
 facet normal 1.000000000000e+00 0.000000000000e+00 0.000000000000e+00
   outer loop
     vertex -3.325000000000e+01 2.600000000000e+01 3.200000000000e+01
     vertex -3.325000000000e+01 2.350000000000e+01 -1.200000000000e+01
     vertex -3.325000000000e+01 2.600000000000e+01 -1.200000000000e+01
   endloop
 endfacet
 facet normal 1.000000000000e+00 -0.000000000000e+00 0.000000000000e+00
   outer loop
     vertex -3.325000000000e+01 2.350000000000e+01 3.200000000000e+01
     vertex -3.325000000000e+01 2.350000000000e+01 -1.200000000000e+01
     vertex -3.325000000000e+01 2.600000000000e+01 3.200000000000e+01
   endloop
 endfacet
 facet normal -0.000000000000e+00 0.000000000000e+00 -1.000000000000e+00
   outer loop
     vertex -3.075000000000e+01 2.600000000000e+01 3.200000000000e+01
     vertex -3.325000000000e+01 2.350000000000e+01 3.200000000000e+01
     vertex -3.325000000000e+01 2.600000000000e+01 3.200000000000e+01
   endloop
 endfacet
 facet normal 0.000000000000e+00 -0.000000000000e+00 -1.000000000000e+00
   outer loop
     vertex -3.075000000000e+01 2.600000000000e+01 3.200000000000e+01
     vertex -3.075000000000e+01 2.350000000000e+01 3.200000000000e+01
     vertex -3.325000000000e+01 2.350000000000e+01 3.200000000000e+01
   endloop
 endfacet
 facet normal -1.000000000000e+00 0.000000000000e+00 -0.000000000000e+00
   outer loop
     vertex -3.575000000000e+01 2.600000000000e+01 3.200000000000e+01
     vertex -3.575000000000e+01 2.600000000000e+01 -1.200000000000e+01
     vertex -3.575000000000e+01 2.350000000000e+01 -1.200000000000e+01
   endloop
 endfacet
 facet normal -1.000000000000e+00 0.000000000000e+00 0.000000000000e+00
   outer loop
     vertex -3.575000000000e+01 2.350000000000e+01 3.200000000000e+01
     vertex -3.575000000000e+01 2.600000000000e+01 3.200000000000e+01
     vertex -3.575000000000e+01 2.350000000000e+01 -1.200000000000e+01
   endloop
 endfacet
 facet normal 0.000000000000e+00 0.000000000000e+00 1.000000000000e+00
   outer loop
     vertex -3.575000000000e+01 2.600000000000e+01 -1.200000000000e+01
     vertex -3.825000000000e+01 2.600000000000e+01 -1.200000000000e+01
     vertex -3.825000000000e+01 2.350000000000e+01 -1.200000000000e+01
   endloop
 endfacet
 facet normal 0.000000000000e+00 0.000000000000e+00 1.000000000000e+00
   outer loop
     vertex -3.575000000000e+01 2.600000000000e+01 -1.200000000000e+01
     vertex -3.825000000000e+01 2.350000000000e+01 -1.200000000000e+01
     vertex -3.575000000000e+01 2.350000000000e+01 -1.200000000000e+01
   endloop
 endfacet
 facet normal 1.000000000000e+00 0.000000000000e+00 0.000000000000e+00
   outer loop
     vertex -3.825000000000e+01 2.600000000000e+01 3.200000000000e+01
     vertex -3.825000000000e+01 2.350000000000e+01 -1.200000000000e+01
     vertex -3.825000000000e+01 2.600000000000e+01 -1.200000000000e+01
   endloop
 endfacet
 facet normal 1.000000000000e+00 -0.000000000000e+00 0.000000000000e+00
   outer loop
     vertex -3.825000000000e+01 2.350000000000e+01 3.200000000000e+01
     vertex -3.825000000000e+01 2.350000000000e+01 -1.200000000000e+01
     vertex -3.825000000000e+01 2.600000000000e+01 3.200000000000e+01
   endloop
 endfacet
 facet normal -0.000000000000e+00 0.000000000000e+00 -1.000000000000e+00
   outer loop
     vertex -3.575000000000e+01 2.600000000000e+01 3.200000000000e+01
     vertex -3.825000000000e+01 2.350000000000e+01 3.200000000000e+01
     vertex -3.825000000000e+01 2.600000000000e+01 3.200000000000e+01
   endloop
 endfacet
 facet normal 0.000000000000e+00 -0.000000000000e+00 -1.000000000000e+00
   outer loop
     vertex -3.575000000000e+01 2.600000000000e+01 3.200000000000e+01
     vertex -3.575000000000e+01 2.350000000000e+01 3.200000000000e+01
     vertex -3.825000000000e+01 2.350000000000e+01 3.200000000000e+01
   endloop
 endfacet
 facet normal -1.000000000000e+00 0.000000000000e+00 -0.000000000000e+00
   outer loop
     vertex -4.075000000000e+01 2.600000000000e+01 3.200000000000e+01
     vertex -4.075000000000e+01 2.600000000000e+01 -1.200000000000e+01
     vertex -4.075000000000e+01 2.350000000000e+01 -1.200000000000e+01
   endloop
 endfacet
 facet normal -1.000000000000e+00 0.000000000000e+00 0.000000000000e+00
   outer loop
     vertex -4.075000000000e+01 2.350000000000e+01 3.200000000000e+01
     vertex -4.075000000000e+01 2.600000000000e+01 3.200000000000e+01
     vertex -4.075000000000e+01 2.350000000000e+01 -1.200000000000e+01
   endloop
 endfacet
 facet normal 0.000000000000e+00 0.000000000000e+00 1.000000000000e+00
   outer loop
     vertex -4.075000000000e+01 2.600000000000e+01 -1.200000000000e+01
     vertex -4.325000000000e+01 2.600000000000e+01 -1.200000000000e+01
     vertex -4.325000000000e+01 2.350000000000e+01 -1.200000000000e+01
   endloop
 endfacet
 facet normal 0.000000000000e+00 0.000000000000e+00 1.000000000000e+00
   outer loop
     vertex -4.075000000000e+01 2.600000000000e+01 -1.200000000000e+01
     vertex -4.325000000000e+01 2.350000000000e+01 -1.200000000000e+01
     vertex -4.075000000000e+01 2.350000000000e+01 -1.200000000000e+01
   endloop
 endfacet
 facet normal 1.000000000000e+00 0.000000000000e+00 0.000000000000e+00
   outer loop
     vertex -4.325000000000e+01 2.600000000000e+01 3.200000000000e+01
     vertex -4.325000000000e+01 2.350000000000e+01 -1.200000000000e+01
     vertex -4.325000000000e+01 2.600000000000e+01 -1.200000000000e+01
   endloop
 endfacet
 facet normal 1.000000000000e+00 -0.000000000000e+00 0.000000000000e+00
   outer loop
     vertex -4.325000000000e+01 2.350000000000e+01 3.200000000000e+01
     vertex -4.325000000000e+01 2.350000000000e+01 -1.200000000000e+01
     vertex -4.325000000000e+01 2.600000000000e+01 3.200000000000e+01
   endloop
 endfacet
 facet normal -0.000000000000e+00 0.000000000000e+00 -1.000000000000e+00
   outer loop
     vertex -4.075000000000e+01 2.600000000000e+01 3.200000000000e+01
     vertex -4.325000000000e+01 2.350000000000e+01 3.200000000000e+01
     vertex -4.325000000000e+01 2.600000000000e+01 3.200000000000e+01
   endloop
 endfacet
 facet normal 0.000000000000e+00 -0.000000000000e+00 -1.000000000000e+00
   outer loop
     vertex -4.075000000000e+01 2.600000000000e+01 3.200000000000e+01
     vertex -4.075000000000e+01 2.350000000000e+01 3.200000000000e+01
     vertex -4.325000000000e+01 2.350000000000e+01 3.200000000000e+01
   endloop
 endfacet
 facet normal -1.000000000000e+00 0.000000000000e+00 -0.000000000000e+00
   outer loop
     vertex -4.575000000000e+01 2.600000000000e+01 3.200000000000e+01
     vertex -4.575000000000e+01 2.600000000000e+01 -1.200000000000e+01
     vertex -4.575000000000e+01 2.350000000000e+01 -1.200000000000e+01
   endloop
 endfacet
 facet normal -1.000000000000e+00 0.000000000000e+00 0.000000000000e+00
   outer loop
     vertex -4.575000000000e+01 2.350000000000e+01 3.200000000000e+01
     vertex -4.575000000000e+01 2.600000000000e+01 3.200000000000e+01
     vertex -4.575000000000e+01 2.350000000000e+01 -1.200000000000e+01
   endloop
 endfacet
 facet normal 0.000000000000e+00 0.000000000000e+00 1.000000000000e+00
   outer loop
     vertex -4.575000000000e+01 2.600000000000e+01 -1.200000000000e+01
     vertex -4.825000000000e+01 2.600000000000e+01 -1.200000000000e+01
     vertex -4.825000000000e+01 2.350000000000e+01 -1.200000000000e+01
   endloop
 endfacet
 facet normal 0.000000000000e+00 0.000000000000e+00 1.000000000000e+00
   outer loop
     vertex -4.575000000000e+01 2.600000000000e+01 -1.200000000000e+01
     vertex -4.825000000000e+01 2.350000000000e+01 -1.200000000000e+01
     vertex -4.575000000000e+01 2.350000000000e+01 -1.200000000000e+01
   endloop
 endfacet
 facet normal 1.000000000000e+00 0.000000000000e+00 0.000000000000e+00
   outer loop
     vertex -4.825000000000e+01 2.600000000000e+01 3.200000000000e+01
     vertex -4.825000000000e+01 2.350000000000e+01 -1.200000000000e+01
     vertex -4.825000000000e+01 2.600000000000e+01 -1.200000000000e+01
   endloop
 endfacet
 facet normal 1.000000000000e+00 -0.000000000000e+00 0.000000000000e+00
   outer loop
     vertex -4.825000000000e+01 2.350000000000e+01 3.200000000000e+01
     vertex -4.825000000000e+01 2.350000000000e+01 -1.200000000000e+01
     vertex -4.825000000000e+01 2.600000000000e+01 3.200000000000e+01
   endloop
 endfacet
 facet normal -0.000000000000e+00 0.000000000000e+00 -1.000000000000e+00
   outer loop
     vertex -4.575000000000e+01 2.600000000000e+01 3.200000000000e+01
     vertex -4.825000000000e+01 2.350000000000e+01 3.200000000000e+01
     vertex -4.825000000000e+01 2.600000000000e+01 3.200000000000e+01
   endloop
 endfacet
 facet normal 0.000000000000e+00 -0.000000000000e+00 -1.000000000000e+00
   outer loop
     vertex -4.575000000000e+01 2.600000000000e+01 3.200000000000e+01
     vertex -4.575000000000e+01 2.350000000000e+01 3.200000000000e+01
     vertex -4.825000000000e+01 2.350000000000e+01 3.200000000000e+01
   endloop
 endfacet
 facet normal -1.000000000000e+00 0.000000000000e+00 -0.000000000000e+00
   outer loop
     vertex -5.075000000000e+01 2.600000000000e+01 3.200000000000e+01
     vertex -5.075000000000e+01 2.600000000000e+01 -1.200000000000e+01
     vertex -5.075000000000e+01 2.350000000000e+01 -1.200000000000e+01
   endloop
 endfacet
 facet normal -1.000000000000e+00 0.000000000000e+00 0.000000000000e+00
   outer loop
     vertex -5.075000000000e+01 2.350000000000e+01 3.200000000000e+01
     vertex -5.075000000000e+01 2.600000000000e+01 3.200000000000e+01
     vertex -5.075000000000e+01 2.350000000000e+01 -1.200000000000e+01
   endloop
 endfacet
 facet normal 0.000000000000e+00 0.000000000000e+00 1.000000000000e+00
   outer loop
     vertex -5.075000000000e+01 2.600000000000e+01 -1.200000000000e+01
     vertex -5.325000000000e+01 2.600000000000e+01 -1.200000000000e+01
     vertex -5.325000000000e+01 2.350000000000e+01 -1.200000000000e+01
   endloop
 endfacet
 facet normal 0.000000000000e+00 0.000000000000e+00 1.000000000000e+00
   outer loop
     vertex -5.075000000000e+01 2.600000000000e+01 -1.200000000000e+01
     vertex -5.325000000000e+01 2.350000000000e+01 -1.200000000000e+01
     vertex -5.075000000000e+01 2.350000000000e+01 -1.200000000000e+01
   endloop
 endfacet
 facet normal 1.000000000000e+00 0.000000000000e+00 0.000000000000e+00
   outer loop
     vertex -5.325000000000e+01 2.600000000000e+01 3.200000000000e+01
     vertex -5.325000000000e+01 2.350000000000e+01 -1.200000000000e+01
     vertex -5.325000000000e+01 2.600000000000e+01 -1.200000000000e+01
   endloop
 endfacet
 facet normal 1.000000000000e+00 -0.000000000000e+00 0.000000000000e+00
   outer loop
     vertex -5.325000000000e+01 2.350000000000e+01 3.200000000000e+01
     vertex -5.325000000000e+01 2.350000000000e+01 -1.200000000000e+01
     vertex -5.325000000000e+01 2.600000000000e+01 3.200000000000e+01
   endloop
 endfacet
 facet normal -0.000000000000e+00 0.000000000000e+00 -1.000000000000e+00
   outer loop
     vertex -5.075000000000e+01 2.600000000000e+01 3.200000000000e+01
     vertex -5.325000000000e+01 2.350000000000e+01 3.200000000000e+01
     vertex -5.325000000000e+01 2.600000000000e+01 3.200000000000e+01
   endloop
 endfacet
 facet normal 0.000000000000e+00 -0.000000000000e+00 -1.000000000000e+00
   outer loop
     vertex -5.075000000000e+01 2.600000000000e+01 3.200000000000e+01
     vertex -5.075000000000e+01 2.350000000000e+01 3.200000000000e+01
     vertex -5.325000000000e+01 2.350000000000e+01 3.200000000000e+01
   endloop
 endfacet
 facet normal -7.473009358642e-02 0.000000000000e+00 -9.972037971812e-01
   outer loop
     vertex -6.123465490110e+01 2.600000000000e+01 -2.962513064099e+01
     vertex -6.157000000000e+01 1.100000000000e+01 -2.960000000000e+01
     vertex -6.157000000000e+01 2.600000000000e+01 -2.960000000000e+01
   endloop
 endfacet
 facet normal -7.473009358642e-02 -0.000000000000e+00 -9.972037971812e-01
   outer loop
     vertex -6.123465490110e+01 2.600000000000e+01 -2.962513064099e+01
     vertex -6.123465490110e+01 1.100000000000e+01 -2.962513064099e+01
     vertex -6.157000000000e+01 1.100000000000e+01 -2.960000000000e+01
   endloop
 endfacet
 facet normal -2.225209339563e-01 -0.000000000000e+00 -9.749279121818e-01
   outer loop
     vertex -6.090680085758e+01 2.600000000000e+01 -2.969996118698e+01
     vertex -6.090680085758e+01 1.100000000000e+01 -2.969996118698e+01
     vertex -6.123465490110e+01 1.100000000000e+01 -2.962513064099e+01
   endloop
 endfacet
 facet normal -2.225209339563e-01 0.000000000000e+00 -9.749279121818e-01
   outer loop
     vertex -6.090680085758e+01 2.600000000000e+01 -2.969996118698e+01
     vertex -6.123465490110e+01 1.100000000000e+01 -2.962513064099e+01
     vertex -6.123465490110e+01 2.600000000000e+01 -2.962513064099e+01
   endloop
 endfacet
 facet normal -3.653410243664e-01 -0.000000000000e+00 -9.308737486442e-01
   outer loop
     vertex -6.059376158699e+01 2.600000000000e+01 -2.982282004722e+01
     vertex -6.059376158699e+01 1.100000000000e+01 -2.982282004722e+01
     vertex -6.090680085758e+01 1.100000000000e+01 -2.969996118698e+01
   endloop
 endfacet
 facet normal -5.000000000000e-01 -0.000000000000e+00 -8.660254037844e-01
   outer loop
     vertex -6.059376158699e+01 2.600000000000e+01 -2.982282004722e+01
     vertex -6.030252986936e+01 1.100000000000e+01 -2.999096275779e+01
     vertex -6.059376158699e+01 1.100000000000e+01 -2.982282004722e+01
   endloop
 endfacet
 facet normal -3.653410243664e-01 0.000000000000e+00 -9.308737486442e-01
   outer loop
     vertex -6.059376158699e+01 2.600000000000e+01 -2.982282004722e+01
     vertex -6.090680085758e+01 1.100000000000e+01 -2.969996118698e+01
     vertex -6.090680085758e+01 2.600000000000e+01 -2.969996118698e+01
   endloop
 endfacet
 facet normal -5.000000000000e-01 -0.000000000000e+00 -8.660254037844e-01
   outer loop
     vertex -6.030252986936e+01 2.600000000000e+01 -2.999096275779e+01
     vertex -6.030252986936e+01 1.100000000000e+01 -2.999096275779e+01
     vertex -6.059376158699e+01 2.600000000000e+01 -2.982282004722e+01
   endloop
 endfacet
 facet normal -6.234898018587e-01 -0.000000000000e+00 -7.818314824680e-01
   outer loop
     vertex -6.030252986936e+01 2.600000000000e+01 -2.999096275779e+01
     vertex -6.003961134002e+01 1.100000000000e+01 -3.020063328838e+01
     vertex -6.030252986936e+01 1.100000000000e+01 -2.999096275779e+01
   endloop
 endfacet
 facet normal -6.234898018587e-01 -0.000000000000e+00 -7.818314824680e-01
   outer loop
     vertex -6.003961134002e+01 2.600000000000e+01 -3.020063328838e+01
     vertex -6.003961134002e+01 1.100000000000e+01 -3.020063328838e+01
     vertex -6.030252986936e+01 2.600000000000e+01 -2.999096275779e+01
   endloop
 endfacet
 facet normal -7.330518718298e-01 0.000000000000e+00 -6.801727377709e-01
   outer loop
     vertex -5.981087916445e+01 2.600000000000e+01 -3.044714794582e+01
     vertex -6.003961134002e+01 1.100000000000e+01 -3.020063328838e+01
     vertex -6.003961134002e+01 2.600000000000e+01 -3.020063328838e+01
   endloop
 endfacet
 facet normal -7.330518718298e-01 -0.000000000000e+00 -6.801727377709e-01
   outer loop
     vertex -5.981087916445e+01 2.600000000000e+01 -3.044714794582e+01
     vertex -5.981087916445e+01 1.100000000000e+01 -3.044714794582e+01
     vertex -6.003961134002e+01 1.100000000000e+01 -3.020063328838e+01
   endloop
 endfacet
 facet normal -8.262387743160e-01 0.000000000000e+00 -5.633200580636e-01
   outer loop
     vertex -5.962144284149e+01 2.600000000000e+01 -3.072500000000e+01
     vertex -5.981087916445e+01 1.100000000000e+01 -3.044714794582e+01
     vertex -5.981087916445e+01 2.600000000000e+01 -3.044714794582e+01
   endloop
 endfacet
 facet normal -8.262387743160e-01 -0.000000000000e+00 -5.633200580636e-01
   outer loop
     vertex -5.962144284149e+01 2.600000000000e+01 -3.072500000000e+01
     vertex -5.962144284149e+01 1.100000000000e+01 -3.072500000000e+01
     vertex -5.981087916445e+01 1.100000000000e+01 -3.044714794582e+01
   endloop
 endfacet
 facet normal -9.009688679024e-01 -0.000000000000e+00 -4.338837391176e-01
   outer loop
     vertex -5.962144284149e+01 2.600000000000e+01 -3.072500000000e+01
     vertex -5.947553406555e+01 1.100000000000e+01 -3.102798269518e+01
     vertex -5.962144284149e+01 1.100000000000e+01 -3.072500000000e+01
   endloop
 endfacet
 facet normal -9.009688679024e-01 -0.000000000000e+00 -4.338837391176e-01
   outer loop
     vertex -5.947553406555e+01 2.600000000000e+01 -3.102798269518e+01
     vertex -5.947553406555e+01 1.100000000000e+01 -3.102798269518e+01
     vertex -5.962144284149e+01 2.600000000000e+01 -3.072500000000e+01
   endloop
 endfacet
 facet normal -9.555728057861e-01 0.000000000000e+00 -2.947551744109e-01
   outer loop
     vertex -5.937641219759e+01 2.600000000000e+01 -3.134932789860e+01
     vertex -5.947553406555e+01 1.100000000000e+01 -3.102798269518e+01
     vertex -5.947553406555e+01 2.600000000000e+01 -3.102798269518e+01
   endloop
 endfacet
 facet normal -9.555728057861e-01 -0.000000000000e+00 -2.947551744109e-01
   outer loop
     vertex -5.937641219759e+01 2.600000000000e+01 -3.134932789860e+01
     vertex -5.937641219759e+01 1.100000000000e+01 -3.134932789860e+01
     vertex -5.947553406555e+01 1.100000000000e+01 -3.102798269518e+01
   endloop
 endfacet
 facet normal -9.888308262251e-01 0.000000000000e+00 -1.490422661762e-01
   outer loop
     vertex -5.932629145634e+01 2.600000000000e+01 -3.168185728943e+01
     vertex -5.937641219759e+01 1.100000000000e+01 -3.134932789860e+01
     vertex -5.937641219759e+01 2.600000000000e+01 -3.134932789860e+01
   endloop
 endfacet
 facet normal -9.888308262251e-01 -0.000000000000e+00 -1.490422661762e-01
   outer loop
     vertex -5.932629145634e+01 2.600000000000e+01 -3.168185728943e+01
     vertex -5.932629145634e+01 1.100000000000e+01 -3.168185728943e+01
     vertex -5.937641219759e+01 1.100000000000e+01 -3.134932789860e+01
   endloop
 endfacet
 facet normal -1.000000000000e+00 0.000000000000e+00 0.000000000000e+00
   outer loop
     vertex -5.932629145634e+01 2.600000000000e+01 -3.201814271057e+01
     vertex -5.932629145634e+01 1.100000000000e+01 -3.168185728943e+01
     vertex -5.932629145634e+01 2.600000000000e+01 -3.168185728943e+01
   endloop
 endfacet
 facet normal -1.000000000000e+00 0.000000000000e+00 0.000000000000e+00
   outer loop
     vertex -5.932629145634e+01 2.600000000000e+01 -3.201814271057e+01
     vertex -5.932629145634e+01 1.100000000000e+01 -3.201814271057e+01
     vertex -5.932629145634e+01 1.100000000000e+01 -3.168185728943e+01
   endloop
 endfacet
 facet normal -9.888308262251e-01 0.000000000000e+00 1.490422661762e-01
   outer loop
     vertex -5.937641219759e+01 2.600000000000e+01 -3.235067210140e+01
     vertex -5.932629145634e+01 1.100000000000e+01 -3.201814271057e+01
     vertex -5.932629145634e+01 2.600000000000e+01 -3.201814271057e+01
   endloop
 endfacet
 facet normal -9.888308262251e-01 0.000000000000e+00 1.490422661762e-01
   outer loop
     vertex -5.937641219759e+01 2.600000000000e+01 -3.235067210140e+01
     vertex -5.937641219759e+01 1.100000000000e+01 -3.235067210140e+01
     vertex -5.932629145634e+01 1.100000000000e+01 -3.201814271057e+01
   endloop
 endfacet
 facet normal -9.555728057861e-01 0.000000000000e+00 2.947551744109e-01
   outer loop
     vertex -5.937641219759e+01 2.600000000000e+01 -3.235067210140e+01
     vertex -5.947553406555e+01 1.100000000000e+01 -3.267201730482e+01
     vertex -5.937641219759e+01 1.100000000000e+01 -3.235067210140e+01
   endloop
 endfacet
 facet normal -9.555728057861e-01 0.000000000000e+00 2.947551744109e-01
   outer loop
     vertex -5.947553406555e+01 2.600000000000e+01 -3.267201730482e+01
     vertex -5.947553406555e+01 1.100000000000e+01 -3.267201730482e+01
     vertex -5.937641219759e+01 2.600000000000e+01 -3.235067210140e+01
   endloop
 endfacet
 facet normal -9.009688679024e-01 0.000000000000e+00 4.338837391176e-01
   outer loop
     vertex -5.962144284149e+01 2.600000000000e+01 -3.297500000000e+01
     vertex -5.947553406555e+01 1.100000000000e+01 -3.267201730482e+01
     vertex -5.947553406555e+01 2.600000000000e+01 -3.267201730482e+01
   endloop
 endfacet
 facet normal -9.009688679024e-01 0.000000000000e+00 4.338837391176e-01
   outer loop
     vertex -5.962144284149e+01 2.600000000000e+01 -3.297500000000e+01
     vertex -5.962144284149e+01 1.100000000000e+01 -3.297500000000e+01
     vertex -5.947553406555e+01 1.100000000000e+01 -3.267201730482e+01
   endloop
 endfacet
 facet normal -8.262387743160e-01 0.000000000000e+00 5.633200580636e-01
   outer loop
     vertex -5.981087916445e+01 2.600000000000e+01 -3.325285205418e+01
     vertex -5.962144284149e+01 1.100000000000e+01 -3.297500000000e+01
     vertex -5.962144284149e+01 2.600000000000e+01 -3.297500000000e+01
   endloop
 endfacet
 facet normal -8.262387743160e-01 0.000000000000e+00 5.633200580636e-01
   outer loop
     vertex -5.981087916445e+01 2.600000000000e+01 -3.325285205418e+01
     vertex -5.981087916445e+01 1.100000000000e+01 -3.325285205418e+01
     vertex -5.962144284149e+01 1.100000000000e+01 -3.297500000000e+01
   endloop
 endfacet
 facet normal -7.330518718298e-01 0.000000000000e+00 6.801727377709e-01
   outer loop
     vertex -6.003961134002e+01 2.600000000000e+01 -3.349936671162e+01
     vertex -5.981087916445e+01 1.100000000000e+01 -3.325285205418e+01
     vertex -5.981087916445e+01 2.600000000000e+01 -3.325285205418e+01
   endloop
 endfacet
 facet normal -7.330518718298e-01 0.000000000000e+00 6.801727377709e-01
   outer loop
     vertex -6.003961134002e+01 2.600000000000e+01 -3.349936671162e+01
     vertex -6.003961134002e+01 1.100000000000e+01 -3.349936671162e+01
     vertex -5.981087916445e+01 1.100000000000e+01 -3.325285205418e+01
   endloop
 endfacet
 facet normal -6.234898018587e-01 0.000000000000e+00 7.818314824680e-01
   outer loop
     vertex -6.030252986936e+01 2.600000000000e+01 -3.370903724221e+01
     vertex -6.030252986936e+01 1.100000000000e+01 -3.370903724221e+01
     vertex -6.003961134002e+01 1.100000000000e+01 -3.349936671162e+01
   endloop
 endfacet
 facet normal -6.234898018587e-01 0.000000000000e+00 7.818314824680e-01
   outer loop
     vertex -6.030252986936e+01 2.600000000000e+01 -3.370903724221e+01
     vertex -6.003961134002e+01 1.100000000000e+01 -3.349936671162e+01
     vertex -6.003961134002e+01 2.600000000000e+01 -3.349936671162e+01
   endloop
 endfacet
 facet normal -5.000000000000e-01 0.000000000000e+00 8.660254037844e-01
   outer loop
     vertex -6.059376158699e+01 2.600000000000e+01 -3.387717995278e+01
     vertex -6.059376158699e+01 1.100000000000e+01 -3.387717995278e+01
     vertex -6.030252986936e+01 1.100000000000e+01 -3.370903724221e+01
   endloop
 endfacet
 facet normal -5.000000000000e-01 0.000000000000e+00 8.660254037844e-01
   outer loop
     vertex -6.059376158699e+01 2.600000000000e+01 -3.387717995278e+01
     vertex -6.030252986936e+01 1.100000000000e+01 -3.370903724221e+01
     vertex -6.030252986936e+01 2.600000000000e+01 -3.370903724221e+01
   endloop
 endfacet
 facet normal -3.653410243664e-01 0.000000000000e+00 9.308737486442e-01
   outer loop
     vertex -6.090680085758e+01 2.600000000000e+01 -3.400003881302e+01
     vertex -6.090680085758e+01 1.100000000000e+01 -3.400003881302e+01
     vertex -6.059376158699e+01 1.100000000000e+01 -3.387717995278e+01
   endloop
 endfacet
 facet normal -3.653410243664e-01 0.000000000000e+00 9.308737486442e-01
   outer loop
     vertex -6.090680085758e+01 2.600000000000e+01 -3.400003881302e+01
     vertex -6.059376158699e+01 1.100000000000e+01 -3.387717995278e+01
     vertex -6.059376158699e+01 2.600000000000e+01 -3.387717995278e+01
   endloop
 endfacet
 facet normal -2.225209339563e-01 0.000000000000e+00 9.749279121818e-01
   outer loop
     vertex -6.123465490110e+01 2.600000000000e+01 -3.407486935901e+01
     vertex -6.123465490110e+01 1.100000000000e+01 -3.407486935901e+01
     vertex -6.090680085758e+01 1.100000000000e+01 -3.400003881302e+01
   endloop
 endfacet
 facet normal -2.225209339563e-01 0.000000000000e+00 9.749279121818e-01
   outer loop
     vertex -6.123465490110e+01 2.600000000000e+01 -3.407486935901e+01
     vertex -6.090680085758e+01 1.100000000000e+01 -3.400003881302e+01
     vertex -6.090680085758e+01 2.600000000000e+01 -3.400003881302e+01
   endloop
 endfacet
 facet normal -7.473009358642e-02 0.000000000000e+00 9.972037971812e-01
   outer loop
     vertex -6.157000000000e+01 2.600000000000e+01 -3.410000000000e+01
     vertex -6.157000000000e+01 1.100000000000e+01 -3.410000000000e+01
     vertex -6.123465490110e+01 1.100000000000e+01 -3.407486935901e+01
   endloop
 endfacet
 facet normal -7.473009358642e-02 0.000000000000e+00 9.972037971812e-01
   outer loop
     vertex -6.157000000000e+01 2.600000000000e+01 -3.410000000000e+01
     vertex -6.123465490110e+01 1.100000000000e+01 -3.407486935901e+01
     vertex -6.123465490110e+01 2.600000000000e+01 -3.407486935901e+01
   endloop
 endfacet
 facet normal 7.473009358642e-02 0.000000000000e+00 9.972037971812e-01
   outer loop
     vertex -6.190534509890e+01 2.600000000000e+01 -3.407486935901e+01
     vertex -6.190534509890e+01 1.100000000000e+01 -3.407486935901e+01
     vertex -6.157000000000e+01 1.100000000000e+01 -3.410000000000e+01
   endloop
 endfacet
 facet normal 7.473009358642e-02 0.000000000000e+00 9.972037971812e-01
   outer loop
     vertex -6.190534509890e+01 2.600000000000e+01 -3.407486935901e+01
     vertex -6.157000000000e+01 1.100000000000e+01 -3.410000000000e+01
     vertex -6.157000000000e+01 2.600000000000e+01 -3.410000000000e+01
   endloop
 endfacet
 facet normal 2.225209339563e-01 0.000000000000e+00 9.749279121818e-01
   outer loop
     vertex -6.223319914242e+01 2.600000000000e+01 -3.400003881302e+01
     vertex -6.223319914242e+01 1.100000000000e+01 -3.400003881302e+01
     vertex -6.190534509890e+01 1.100000000000e+01 -3.407486935901e+01
   endloop
 endfacet
 facet normal 2.225209339563e-01 0.000000000000e+00 9.749279121818e-01
   outer loop
     vertex -6.223319914242e+01 2.600000000000e+01 -3.400003881302e+01
     vertex -6.190534509890e+01 1.100000000000e+01 -3.407486935901e+01
     vertex -6.190534509890e+01 2.600000000000e+01 -3.407486935901e+01
   endloop
 endfacet
 facet normal 3.653410243664e-01 0.000000000000e+00 9.308737486442e-01
   outer loop
     vertex -6.254623841301e+01 2.600000000000e+01 -3.387717995278e+01
     vertex -6.254623841301e+01 1.100000000000e+01 -3.387717995278e+01
     vertex -6.223319914242e+01 1.100000000000e+01 -3.400003881302e+01
   endloop
 endfacet
 facet normal 5.000000000000e-01 0.000000000000e+00 8.660254037844e-01
   outer loop
     vertex -6.254623841301e+01 2.600000000000e+01 -3.387717995278e+01
     vertex -6.283747013064e+01 1.100000000000e+01 -3.370903724221e+01
     vertex -6.254623841301e+01 1.100000000000e+01 -3.387717995278e+01
   endloop
 endfacet
 facet normal 3.653410243664e-01 0.000000000000e+00 9.308737486442e-01
   outer loop
     vertex -6.254623841301e+01 2.600000000000e+01 -3.387717995278e+01
     vertex -6.223319914242e+01 1.100000000000e+01 -3.400003881302e+01
     vertex -6.223319914242e+01 2.600000000000e+01 -3.400003881302e+01
   endloop
 endfacet
 facet normal 5.000000000000e-01 0.000000000000e+00 8.660254037844e-01
   outer loop
     vertex -6.283747013064e+01 2.600000000000e+01 -3.370903724221e+01
     vertex -6.283747013064e+01 1.100000000000e+01 -3.370903724221e+01
     vertex -6.254623841301e+01 2.600000000000e+01 -3.387717995278e+01
   endloop
 endfacet
 facet normal 6.234898018587e-01 0.000000000000e+00 7.818314824680e-01
   outer loop
     vertex -6.310038865998e+01 2.600000000000e+01 -3.349936671162e+01
     vertex -6.310038865998e+01 1.100000000000e+01 -3.349936671162e+01
     vertex -6.283747013064e+01 1.100000000000e+01 -3.370903724221e+01
   endloop
 endfacet
 facet normal 6.234898018587e-01 0.000000000000e+00 7.818314824680e-01
   outer loop
     vertex -6.310038865998e+01 2.600000000000e+01 -3.349936671162e+01
     vertex -6.283747013064e+01 1.100000000000e+01 -3.370903724221e+01
     vertex -6.283747013064e+01 2.600000000000e+01 -3.370903724221e+01
   endloop
 endfacet
 facet normal 7.330518718298e-01 0.000000000000e+00 6.801727377709e-01
   outer loop
     vertex -6.332912083555e+01 2.600000000000e+01 -3.325285205418e+01
     vertex -6.332912083555e+01 1.100000000000e+01 -3.325285205418e+01
     vertex -6.310038865998e+01 1.100000000000e+01 -3.349936671162e+01
   endloop
 endfacet
 facet normal 7.330518718298e-01 0.000000000000e+00 6.801727377709e-01
   outer loop
     vertex -6.332912083555e+01 2.600000000000e+01 -3.325285205418e+01
     vertex -6.310038865998e+01 1.100000000000e+01 -3.349936671162e+01
     vertex -6.310038865998e+01 2.600000000000e+01 -3.349936671162e+01
   endloop
 endfacet
 facet normal 8.262387743160e-01 0.000000000000e+00 5.633200580636e-01
   outer loop
     vertex -6.351855715851e+01 2.600000000000e+01 -3.297500000000e+01
     vertex -6.351855715851e+01 1.100000000000e+01 -3.297500000000e+01
     vertex -6.332912083555e+01 1.100000000000e+01 -3.325285205418e+01
   endloop
 endfacet
 facet normal 9.009688679024e-01 0.000000000000e+00 4.338837391176e-01
   outer loop
     vertex -6.351855715851e+01 2.600000000000e+01 -3.297500000000e+01
     vertex -6.366446593445e+01 1.100000000000e+01 -3.267201730482e+01
     vertex -6.351855715851e+01 1.100000000000e+01 -3.297500000000e+01
   endloop
 endfacet
 facet normal 8.262387743160e-01 0.000000000000e+00 5.633200580636e-01
   outer loop
     vertex -6.351855715851e+01 2.600000000000e+01 -3.297500000000e+01
     vertex -6.332912083555e+01 1.100000000000e+01 -3.325285205418e+01
     vertex -6.332912083555e+01 2.600000000000e+01 -3.325285205418e+01
   endloop
 endfacet
 facet normal 9.009688679024e-01 0.000000000000e+00 4.338837391176e-01
   outer loop
     vertex -6.366446593445e+01 2.600000000000e+01 -3.267201730482e+01
     vertex -6.366446593445e+01 1.100000000000e+01 -3.267201730482e+01
     vertex -6.351855715851e+01 2.600000000000e+01 -3.297500000000e+01
   endloop
 endfacet
 facet normal 9.555728057861e-01 0.000000000000e+00 2.947551744109e-01
   outer loop
     vertex -6.376358780241e+01 2.600000000000e+01 -3.235067210140e+01
     vertex -6.366446593445e+01 1.100000000000e+01 -3.267201730482e+01
     vertex -6.366446593445e+01 2.600000000000e+01 -3.267201730482e+01
   endloop
 endfacet
 facet normal 9.555728057861e-01 0.000000000000e+00 2.947551744109e-01
   outer loop
     vertex -6.376358780241e+01 2.600000000000e+01 -3.235067210140e+01
     vertex -6.376358780241e+01 1.100000000000e+01 -3.235067210140e+01
     vertex -6.366446593445e+01 1.100000000000e+01 -3.267201730482e+01
   endloop
 endfacet
 facet normal 9.888308262251e-01 0.000000000000e+00 1.490422661762e-01
   outer loop
     vertex -6.381370854366e+01 2.600000000000e+01 -3.201814271057e+01
     vertex -6.376358780241e+01 1.100000000000e+01 -3.235067210140e+01
     vertex -6.376358780241e+01 2.600000000000e+01 -3.235067210140e+01
   endloop
 endfacet
 facet normal 9.888308262251e-01 0.000000000000e+00 1.490422661762e-01
   outer loop
     vertex -6.381370854366e+01 2.600000000000e+01 -3.201814271057e+01
     vertex -6.381370854366e+01 1.100000000000e+01 -3.201814271057e+01
     vertex -6.376358780241e+01 1.100000000000e+01 -3.235067210140e+01
   endloop
 endfacet
 facet normal 1.000000000000e+00 0.000000000000e+00 0.000000000000e+00
   outer loop
     vertex -6.381370854366e+01 2.600000000000e+01 -3.168185728943e+01
     vertex -6.381370854366e+01 1.100000000000e+01 -3.201814271057e+01
     vertex -6.381370854366e+01 2.600000000000e+01 -3.201814271057e+01
   endloop
 endfacet
 facet normal 1.000000000000e+00 0.000000000000e+00 0.000000000000e+00
   outer loop
     vertex -6.381370854366e+01 2.600000000000e+01 -3.168185728943e+01
     vertex -6.381370854366e+01 1.100000000000e+01 -3.168185728943e+01
     vertex -6.381370854366e+01 1.100000000000e+01 -3.201814271057e+01
   endloop
 endfacet
 facet normal 9.888308262251e-01 0.000000000000e+00 -1.490422661762e-01
   outer loop
     vertex -6.376358780241e+01 2.600000000000e+01 -3.134932789860e+01
     vertex -6.381370854366e+01 1.100000000000e+01 -3.168185728943e+01
     vertex -6.381370854366e+01 2.600000000000e+01 -3.168185728943e+01
   endloop
 endfacet
 facet normal 9.888308262251e-01 0.000000000000e+00 -1.490422661762e-01
   outer loop
     vertex -6.376358780241e+01 2.600000000000e+01 -3.134932789860e+01
     vertex -6.376358780241e+01 1.100000000000e+01 -3.134932789860e+01
     vertex -6.381370854366e+01 1.100000000000e+01 -3.168185728943e+01
   endloop
 endfacet
 facet normal 9.555728057861e-01 0.000000000000e+00 -2.947551744109e-01
   outer loop
     vertex -6.366446593445e+01 2.600000000000e+01 -3.102798269518e+01
     vertex -6.376358780241e+01 1.100000000000e+01 -3.134932789860e+01
     vertex -6.376358780241e+01 2.600000000000e+01 -3.134932789860e+01
   endloop
 endfacet
 facet normal 9.555728057861e-01 0.000000000000e+00 -2.947551744109e-01
   outer loop
     vertex -6.366446593445e+01 2.600000000000e+01 -3.102798269518e+01
     vertex -6.366446593445e+01 1.100000000000e+01 -3.102798269518e+01
     vertex -6.376358780241e+01 1.100000000000e+01 -3.134932789860e+01
   endloop
 endfacet
 facet normal 9.009688679024e-01 0.000000000000e+00 -4.338837391176e-01
   outer loop
     vertex -6.366446593445e+01 2.600000000000e+01 -3.102798269518e+01
     vertex -6.351855715851e+01 1.100000000000e+01 -3.072500000000e+01
     vertex -6.366446593445e+01 1.100000000000e+01 -3.102798269518e+01
   endloop
 endfacet
 facet normal 9.009688679024e-01 0.000000000000e+00 -4.338837391176e-01
   outer loop
     vertex -6.351855715851e+01 2.600000000000e+01 -3.072500000000e+01
     vertex -6.351855715851e+01 1.100000000000e+01 -3.072500000000e+01
     vertex -6.366446593445e+01 2.600000000000e+01 -3.102798269518e+01
   endloop
 endfacet
 facet normal 8.262387743160e-01 0.000000000000e+00 -5.633200580636e-01
   outer loop
     vertex -6.332912083555e+01 2.600000000000e+01 -3.044714794582e+01
     vertex -6.351855715851e+01 1.100000000000e+01 -3.072500000000e+01
     vertex -6.351855715851e+01 2.600000000000e+01 -3.072500000000e+01
   endloop
 endfacet
 facet normal 8.262387743160e-01 0.000000000000e+00 -5.633200580636e-01
   outer loop
     vertex -6.332912083555e+01 2.600000000000e+01 -3.044714794582e+01
     vertex -6.332912083555e+01 1.100000000000e+01 -3.044714794582e+01
     vertex -6.351855715851e+01 1.100000000000e+01 -3.072500000000e+01
   endloop
 endfacet
 facet normal 7.330518718298e-01 0.000000000000e+00 -6.801727377709e-01
   outer loop
     vertex -6.310038865998e+01 2.600000000000e+01 -3.020063328838e+01
     vertex -6.332912083555e+01 1.100000000000e+01 -3.044714794582e+01
     vertex -6.332912083555e+01 2.600000000000e+01 -3.044714794582e+01
   endloop
 endfacet
 facet normal 7.330518718298e-01 0.000000000000e+00 -6.801727377709e-01
   outer loop
     vertex -6.310038865998e+01 2.600000000000e+01 -3.020063328838e+01
     vertex -6.310038865998e+01 1.100000000000e+01 -3.020063328838e+01
     vertex -6.332912083555e+01 1.100000000000e+01 -3.044714794582e+01
   endloop
 endfacet
 facet normal 6.234898018587e-01 0.000000000000e+00 -7.818314824680e-01
   outer loop
     vertex -6.283747013064e+01 2.600000000000e+01 -2.999096275779e+01
     vertex -6.310038865998e+01 1.100000000000e+01 -3.020063328838e+01
     vertex -6.310038865998e+01 2.600000000000e+01 -3.020063328838e+01
   endloop
 endfacet
 facet normal 6.234898018587e-01 0.000000000000e+00 -7.818314824680e-01
   outer loop
     vertex -6.283747013064e+01 2.600000000000e+01 -2.999096275779e+01
     vertex -6.283747013064e+01 1.100000000000e+01 -2.999096275779e+01
     vertex -6.310038865998e+01 1.100000000000e+01 -3.020063328838e+01
   endloop
 endfacet
 facet normal 5.000000000000e-01 0.000000000000e+00 -8.660254037844e-01
   outer loop
     vertex -6.254623841301e+01 2.600000000000e+01 -2.982282004722e+01
     vertex -6.283747013064e+01 1.100000000000e+01 -2.999096275779e+01
     vertex -6.283747013064e+01 2.600000000000e+01 -2.999096275779e+01
   endloop
 endfacet
 facet normal 5.000000000000e-01 0.000000000000e+00 -8.660254037844e-01
   outer loop
     vertex -6.254623841301e+01 2.600000000000e+01 -2.982282004722e+01
     vertex -6.254623841301e+01 1.100000000000e+01 -2.982282004722e+01
     vertex -6.283747013064e+01 1.100000000000e+01 -2.999096275779e+01
   endloop
 endfacet
 facet normal 3.653410243664e-01 0.000000000000e+00 -9.308737486442e-01
   outer loop
     vertex -6.254623841301e+01 2.600000000000e+01 -2.982282004722e+01
     vertex -6.223319914242e+01 1.100000000000e+01 -2.969996118698e+01
     vertex -6.254623841301e+01 1.100000000000e+01 -2.982282004722e+01
   endloop
 endfacet
 facet normal 3.653410243664e-01 0.000000000000e+00 -9.308737486442e-01
   outer loop
     vertex -6.223319914242e+01 2.600000000000e+01 -2.969996118698e+01
     vertex -6.223319914242e+01 1.100000000000e+01 -2.969996118698e+01
     vertex -6.254623841301e+01 2.600000000000e+01 -2.982282004722e+01
   endloop
 endfacet
 facet normal 2.225209339563e-01 0.000000000000e+00 -9.749279121818e-01
   outer loop
     vertex -6.190534509890e+01 2.600000000000e+01 -2.962513064099e+01
     vertex -6.223319914242e+01 1.100000000000e+01 -2.969996118698e+01
     vertex -6.223319914242e+01 2.600000000000e+01 -2.969996118698e+01
   endloop
 endfacet
 facet normal 2.225209339563e-01 0.000000000000e+00 -9.749279121818e-01
   outer loop
     vertex -6.190534509890e+01 2.600000000000e+01 -2.962513064099e+01
     vertex -6.190534509890e+01 1.100000000000e+01 -2.962513064099e+01
     vertex -6.223319914242e+01 1.100000000000e+01 -2.969996118698e+01
   endloop
 endfacet
 facet normal 7.473009358642e-02 0.000000000000e+00 -9.972037971812e-01
   outer loop
     vertex -6.190534509890e+01 2.600000000000e+01 -2.962513064099e+01
     vertex -6.157000000000e+01 1.100000000000e+01 -2.960000000000e+01
     vertex -6.190534509890e+01 1.100000000000e+01 -2.962513064099e+01
   endloop
 endfacet
 facet normal 7.473009358642e-02 0.000000000000e+00 -9.972037971812e-01
   outer loop
     vertex -6.157000000000e+01 2.600000000000e+01 -2.960000000000e+01
     vertex -6.157000000000e+01 1.100000000000e+01 -2.960000000000e+01
     vertex -6.190534509890e+01 2.600000000000e+01 -2.962513064099e+01
   endloop
 endfacet
 facet normal 0.000000000000e+00 -1.000000000000e+00 0.000000000000e+00
   outer loop
     vertex -6.332912083555e+01 1.100000000000e+01 -3.325285205418e+01
     vertex -6.469732592987e+01 1.100000000000e+01 -3.434395920743e+01
     vertex -6.429069095108e+01 1.100000000000e+01 -3.478220748732e+01
   endloop
 endfacet
 facet normal 0.000000000000e+00 -1.000000000000e+00 -0.000000000000e+00
   outer loop
     vertex -6.332912083555e+01 1.100000000000e+01 -3.325285205418e+01
     vertex -6.429069095108e+01 1.100000000000e+01 -3.478220748732e+01
     vertex -6.310038865998e+01 1.100000000000e+01 -3.349936671162e+01
   endloop
 endfacet
 facet normal 0.000000000000e+00 -1.000000000000e+00 0.000000000000e+00
   outer loop
     vertex -6.283747013064e+01 1.100000000000e+01 -3.370903724221e+01
     vertex -6.429069095108e+01 1.100000000000e+01 -3.478220748732e+01
     vertex -6.382328023225e+01 1.100000000000e+01 -3.515495509726e+01
   endloop
 endfacet
 facet normal -0.000000000000e+00 -1.000000000000e+00 0.000000000000e+00
   outer loop
     vertex -6.283747013064e+01 1.100000000000e+01 -3.370903724221e+01
     vertex -6.310038865998e+01 1.100000000000e+01 -3.349936671162e+01
     vertex -6.429069095108e+01 1.100000000000e+01 -3.478220748732e+01
   endloop
 endfacet
 facet normal 0.000000000000e+00 -1.000000000000e+00 -0.000000000000e+00
   outer loop
     vertex -6.351855715851e+01 1.100000000000e+01 -3.297500000000e+01
     vertex -6.469732592987e+01 1.100000000000e+01 -3.434395920743e+01
     vertex -6.332912083555e+01 1.100000000000e+01 -3.325285205418e+01
   endloop
 endfacet
 facet normal 0.000000000000e+00 -1.000000000000e+00 0.000000000000e+00
   outer loop
     vertex -6.351855715851e+01 1.100000000000e+01 -3.297500000000e+01
     vertex -6.503410161514e+01 1.100000000000e+01 -3.385000000000e+01
     vertex -6.469732592987e+01 1.100000000000e+01 -3.434395920743e+01
   endloop
 endfacet
 facet normal -0.000000000000e+00 -1.000000000000e+00 0.000000000000e+00
   outer loop
     vertex -6.254623841301e+01 1.100000000000e+01 -3.387717995278e+01
     vertex -6.283747013064e+01 1.100000000000e+01 -3.370903724221e+01
     vertex -6.382328023225e+01 1.100000000000e+01 -3.515495509726e+01
   endloop
 endfacet
 facet normal 0.000000000000e+00 -1.000000000000e+00 0.000000000000e+00
   outer loop
     vertex -6.254623841301e+01 1.100000000000e+01 -3.387717995278e+01
     vertex -6.382328023225e+01 1.100000000000e+01 -3.515495509726e+01
     vertex -6.330553495647e+01 1.100000000000e+01 -3.545387547161e+01
   endloop
 endfacet
 facet normal 0.000000000000e+00 -1.000000000000e+00 -0.000000000000e+00
   outer loop
     vertex -6.366446593445e+01 1.100000000000e+01 -3.267201730482e+01
     vertex -6.503410161514e+01 1.100000000000e+01 -3.385000000000e+01
     vertex -6.351855715851e+01 1.100000000000e+01 -3.297500000000e+01
   endloop
 endfacet
 facet normal 0.000000000000e+00 -1.000000000000e+00 0.000000000000e+00
   outer loop
     vertex -6.366446593445e+01 1.100000000000e+01 -3.267201730482e+01
     vertex -6.529349499458e+01 1.100000000000e+01 -3.331136409747e+01
     vertex -6.503410161514e+01 1.100000000000e+01 -3.385000000000e+01
   endloop
 endfacet
 facet normal 0.000000000000e+00 -1.000000000000e+00 0.000000000000e+00
   outer loop
     vertex -6.223319914242e+01 1.100000000000e+01 -3.400003881302e+01
     vertex -6.330553495647e+01 1.100000000000e+01 -3.545387547161e+01
     vertex -6.274902069764e+01 1.100000000000e+01 -3.567229122314e+01
   endloop
 endfacet
 facet normal -0.000000000000e+00 -1.000000000000e+00 0.000000000000e+00
   outer loop
     vertex -6.223319914242e+01 1.100000000000e+01 -3.400003881302e+01
     vertex -6.254623841301e+01 1.100000000000e+01 -3.387717995278e+01
     vertex -6.330553495647e+01 1.100000000000e+01 -3.545387547161e+01
   endloop
 endfacet
 facet normal 0.000000000000e+00 -1.000000000000e+00 0.000000000000e+00
   outer loop
     vertex -6.376358780241e+01 1.100000000000e+01 -3.235067210140e+01
     vertex -6.546971164873e+01 1.100000000000e+01 -3.274008373583e+01
     vertex -6.529349499458e+01 1.100000000000e+01 -3.331136409747e+01
   endloop
 endfacet
 facet normal -0.000000000000e+00 -1.000000000000e+00 0.000000000000e+00
   outer loop
     vertex -6.376358780241e+01 1.100000000000e+01 -3.235067210140e+01
     vertex -6.555881518872e+01 1.100000000000e+01 -3.214892037435e+01
     vertex -6.546971164873e+01 1.100000000000e+01 -3.274008373583e+01
   endloop
 endfacet
 facet normal 0.000000000000e+00 -1.000000000000e+00 -0.000000000000e+00
   outer loop
     vertex -6.376358780241e+01 1.100000000000e+01 -3.235067210140e+01
     vertex -6.529349499458e+01 1.100000000000e+01 -3.331136409747e+01
     vertex -6.366446593445e+01 1.100000000000e+01 -3.267201730482e+01
   endloop
 endfacet
 facet normal 0.000000000000e+00 -1.000000000000e+00 0.000000000000e+00
   outer loop
     vertex -6.190534509890e+01 1.100000000000e+01 -3.407486935901e+01
     vertex -6.274902069764e+01 1.100000000000e+01 -3.567229122314e+01
     vertex -6.216616906470e+01 1.100000000000e+01 -3.580532330490e+01
   endloop
 endfacet
 facet normal -0.000000000000e+00 -1.000000000000e+00 0.000000000000e+00
   outer loop
     vertex -6.190534509890e+01 1.100000000000e+01 -3.407486935901e+01
     vertex -6.223319914242e+01 1.100000000000e+01 -3.400003881302e+01
     vertex -6.274902069764e+01 1.100000000000e+01 -3.567229122314e+01
   endloop
 endfacet
 facet normal 0.000000000000e+00 -1.000000000000e+00 -0.000000000000e+00
   outer loop
     vertex -6.381370854366e+01 1.100000000000e+01 -3.201814271057e+01
     vertex -6.555881518872e+01 1.100000000000e+01 -3.214892037435e+01
     vertex -6.376358780241e+01 1.100000000000e+01 -3.235067210140e+01
   endloop
 endfacet
 facet normal -0.000000000000e+00 -1.000000000000e+00 0.000000000000e+00
   outer loop
     vertex -6.157000000000e+01 1.100000000000e+01 -3.410000000000e+01
     vertex -6.190534509890e+01 1.100000000000e+01 -3.407486935901e+01
     vertex -6.216616906470e+01 1.100000000000e+01 -3.580532330490e+01
   endloop
 endfacet
 facet normal 0.000000000000e+00 -1.000000000000e+00 -0.000000000000e+00
   outer loop
     vertex -6.157000000000e+01 1.100000000000e+01 -3.410000000000e+01
     vertex -6.216616906470e+01 1.100000000000e+01 -3.580532330490e+01
     vertex -6.157000000000e+01 1.100000000000e+01 -3.585000000000e+01
   endloop
 endfacet
 facet normal -0.000000000000e+00 -1.000000000000e+00 0.000000000000e+00
   outer loop
     vertex -6.381370854366e+01 1.100000000000e+01 -3.168185728943e+01
     vertex -6.555881518872e+01 1.100000000000e+01 -3.155107962565e+01
     vertex -6.555881518872e+01 1.100000000000e+01 -3.214892037435e+01
   endloop
 endfacet
 facet normal 0.000000000000e+00 -1.000000000000e+00 -0.000000000000e+00
   outer loop
     vertex -6.381370854366e+01 1.100000000000e+01 -3.168185728943e+01
     vertex -6.555881518872e+01 1.100000000000e+01 -3.214892037435e+01
     vertex -6.381370854366e+01 1.100000000000e+01 -3.201814271057e+01
   endloop
 endfacet
 facet normal 0.000000000000e+00 -1.000000000000e+00 -0.000000000000e+00
   outer loop
     vertex -6.123465490110e+01 1.100000000000e+01 -3.407486935901e+01
     vertex -6.157000000000e+01 1.100000000000e+01 -3.585000000000e+01
     vertex -6.097383093530e+01 1.100000000000e+01 -3.580532330490e+01
   endloop
 endfacet
 facet normal 0.000000000000e+00 -1.000000000000e+00 0.000000000000e+00
   outer loop
     vertex -6.123465490110e+01 1.100000000000e+01 -3.407486935901e+01
     vertex -6.157000000000e+01 1.100000000000e+01 -3.410000000000e+01
     vertex -6.157000000000e+01 1.100000000000e+01 -3.585000000000e+01
   endloop
 endfacet
 facet normal 0.000000000000e+00 -1.000000000000e+00 0.000000000000e+00
   outer loop
     vertex -6.376358780241e+01 1.100000000000e+01 -3.134932789860e+01
     vertex -6.555881518872e+01 1.100000000000e+01 -3.155107962565e+01
     vertex -6.381370854366e+01 1.100000000000e+01 -3.168185728943e+01
   endloop
 endfacet
 facet normal -0.000000000000e+00 -1.000000000000e+00 0.000000000000e+00
   outer loop
     vertex -6.376358780241e+01 1.100000000000e+01 -3.134932789860e+01
     vertex -6.546971164873e+01 1.100000000000e+01 -3.095991626417e+01
     vertex -6.555881518872e+01 1.100000000000e+01 -3.155107962565e+01
   endloop
 endfacet
 facet normal 0.000000000000e+00 -1.000000000000e+00 -0.000000000000e+00
   outer loop
     vertex -6.090680085758e+01 1.100000000000e+01 -3.400003881302e+01
     vertex -6.097383093530e+01 1.100000000000e+01 -3.580532330490e+01
     vertex -6.039097930236e+01 1.100000000000e+01 -3.567229122314e+01
   endloop
 endfacet
 facet normal 0.000000000000e+00 -1.000000000000e+00 0.000000000000e+00
   outer loop
     vertex -6.090680085758e+01 1.100000000000e+01 -3.400003881302e+01
     vertex -6.123465490110e+01 1.100000000000e+01 -3.407486935901e+01
     vertex -6.097383093530e+01 1.100000000000e+01 -3.580532330490e+01
   endloop
 endfacet
 facet normal -0.000000000000e+00 -1.000000000000e+00 0.000000000000e+00
   outer loop
     vertex -6.366446593445e+01 1.100000000000e+01 -3.102798269518e+01
     vertex -6.546971164873e+01 1.100000000000e+01 -3.095991626417e+01
     vertex -6.376358780241e+01 1.100000000000e+01 -3.134932789860e+01
   endloop
 endfacet
 facet normal 0.000000000000e+00 -1.000000000000e+00 0.000000000000e+00
   outer loop
     vertex -6.366446593445e+01 1.100000000000e+01 -3.102798269518e+01
     vertex -6.529349499458e+01 1.100000000000e+01 -3.038863590253e+01
     vertex -6.546971164873e+01 1.100000000000e+01 -3.095991626417e+01
   endloop
 endfacet
 facet normal 0.000000000000e+00 -1.000000000000e+00 0.000000000000e+00
   outer loop
     vertex -6.059376158699e+01 1.100000000000e+01 -3.387717995278e+01
     vertex -6.039097930236e+01 1.100000000000e+01 -3.567229122314e+01
     vertex -5.983446504353e+01 1.100000000000e+01 -3.545387547161e+01
   endloop
 endfacet
 facet normal 0.000000000000e+00 -1.000000000000e+00 -0.000000000000e+00
   outer loop
     vertex -6.059376158699e+01 1.100000000000e+01 -3.387717995278e+01
     vertex -6.090680085758e+01 1.100000000000e+01 -3.400003881302e+01
     vertex -6.039097930236e+01 1.100000000000e+01 -3.567229122314e+01
   endloop
 endfacet
 facet normal 0.000000000000e+00 -1.000000000000e+00 0.000000000000e+00
   outer loop
     vertex -6.351855715851e+01 1.100000000000e+01 -3.072500000000e+01
     vertex -6.503410161514e+01 1.100000000000e+01 -2.985000000000e+01
     vertex -6.529349499458e+01 1.100000000000e+01 -3.038863590253e+01
   endloop
 endfacet
 facet normal -0.000000000000e+00 -1.000000000000e+00 0.000000000000e+00
   outer loop
     vertex -6.351855715851e+01 1.100000000000e+01 -3.072500000000e+01
     vertex -6.529349499458e+01 1.100000000000e+01 -3.038863590253e+01
     vertex -6.366446593445e+01 1.100000000000e+01 -3.102798269518e+01
   endloop
 endfacet
 facet normal 0.000000000000e+00 -1.000000000000e+00 -0.000000000000e+00
   outer loop
     vertex -6.469732592987e+01 1.100000000000e+01 -2.935604079257e+01
     vertex -6.503410161514e+01 1.100000000000e+01 -2.985000000000e+01
     vertex -6.351855715851e+01 1.100000000000e+01 -3.072500000000e+01
   endloop
 endfacet
 facet normal 0.000000000000e+00 -1.000000000000e+00 0.000000000000e+00
   outer loop
     vertex -6.030252986936e+01 1.100000000000e+01 -3.370903724221e+01
     vertex -5.983446504353e+01 1.100000000000e+01 -3.545387547161e+01
     vertex -5.931671976775e+01 1.100000000000e+01 -3.515495509726e+01
   endloop
 endfacet
 facet normal 0.000000000000e+00 -1.000000000000e+00 -0.000000000000e+00
   outer loop
     vertex -6.030252986936e+01 1.100000000000e+01 -3.370903724221e+01
     vertex -6.059376158699e+01 1.100000000000e+01 -3.387717995278e+01
     vertex -5.983446504353e+01 1.100000000000e+01 -3.545387547161e+01
   endloop
 endfacet
 facet normal -0.000000000000e+00 -1.000000000000e+00 0.000000000000e+00
   outer loop
     vertex -6.332912083555e+01 1.100000000000e+01 -3.044714794582e+01
     vertex -6.469732592987e+01 1.100000000000e+01 -2.935604079257e+01
     vertex -6.351855715851e+01 1.100000000000e+01 -3.072500000000e+01
   endloop
 endfacet
 facet normal 0.000000000000e+00 -1.000000000000e+00 0.000000000000e+00
   outer loop
     vertex -6.003961134002e+01 1.100000000000e+01 -3.349936671162e+01
     vertex -5.931671976775e+01 1.100000000000e+01 -3.515495509726e+01
     vertex -5.884930904892e+01 1.100000000000e+01 -3.478220748732e+01
   endloop
 endfacet
 facet normal 0.000000000000e+00 -1.000000000000e+00 -0.000000000000e+00
   outer loop
     vertex -6.003961134002e+01 1.100000000000e+01 -3.349936671162e+01
     vertex -6.030252986936e+01 1.100000000000e+01 -3.370903724221e+01
     vertex -5.931671976775e+01 1.100000000000e+01 -3.515495509726e+01
   endloop
 endfacet
 facet normal -0.000000000000e+00 -1.000000000000e+00 0.000000000000e+00
   outer loop
     vertex -6.310038865998e+01 1.100000000000e+01 -3.020063328838e+01
     vertex -6.469732592987e+01 1.100000000000e+01 -2.935604079257e+01
     vertex -6.332912083555e+01 1.100000000000e+01 -3.044714794582e+01
   endloop
 endfacet
 facet normal 0.000000000000e+00 -1.000000000000e+00 -0.000000000000e+00
   outer loop
     vertex -6.429069095108e+01 1.100000000000e+01 -2.891779251268e+01
     vertex -6.469732592987e+01 1.100000000000e+01 -2.935604079257e+01
     vertex -6.310038865998e+01 1.100000000000e+01 -3.020063328838e+01
   endloop
 endfacet
 facet normal -0.000000000000e+00 -1.000000000000e+00 0.000000000000e+00
   outer loop
     vertex -5.844267407013e+01 1.100000000000e+01 -3.434395920743e+01
     vertex -6.003961134002e+01 1.100000000000e+01 -3.349936671162e+01
     vertex -5.884930904892e+01 1.100000000000e+01 -3.478220748732e+01
   endloop
 endfacet
 facet normal 0.000000000000e+00 -1.000000000000e+00 0.000000000000e+00
   outer loop
     vertex -5.844267407013e+01 1.100000000000e+01 -3.434395920743e+01
     vertex -5.981087916445e+01 1.100000000000e+01 -3.325285205418e+01
     vertex -6.003961134002e+01 1.100000000000e+01 -3.349936671162e+01
   endloop
 endfacet
 facet normal 0.000000000000e+00 -1.000000000000e+00 -0.000000000000e+00
   outer loop
     vertex -6.382328023225e+01 1.100000000000e+01 -2.854504490274e+01
     vertex -6.429069095108e+01 1.100000000000e+01 -2.891779251268e+01
     vertex -6.310038865998e+01 1.100000000000e+01 -3.020063328838e+01
   endloop
 endfacet
 facet normal 0.000000000000e+00 -1.000000000000e+00 0.000000000000e+00
   outer loop
     vertex -6.382328023225e+01 1.100000000000e+01 -2.854504490274e+01
     vertex -6.310038865998e+01 1.100000000000e+01 -3.020063328838e+01
     vertex -6.283747013064e+01 1.100000000000e+01 -2.999096275779e+01
   endloop
 endfacet
 facet normal 0.000000000000e+00 -1.000000000000e+00 0.000000000000e+00
   outer loop
     vertex -5.810589838486e+01 1.100000000000e+01 -3.385000000000e+01
     vertex -5.962144284149e+01 1.100000000000e+01 -3.297500000000e+01
     vertex -5.981087916445e+01 1.100000000000e+01 -3.325285205418e+01
   endloop
 endfacet
 facet normal -0.000000000000e+00 -1.000000000000e+00 0.000000000000e+00
   outer loop
     vertex -5.810589838486e+01 1.100000000000e+01 -3.385000000000e+01
     vertex -5.981087916445e+01 1.100000000000e+01 -3.325285205418e+01
     vertex -5.844267407013e+01 1.100000000000e+01 -3.434395920743e+01
   endloop
 endfacet
 facet normal 0.000000000000e+00 -1.000000000000e+00 -0.000000000000e+00
   outer loop
     vertex -6.330553495647e+01 1.100000000000e+01 -2.824612452839e+01
     vertex -6.382328023225e+01 1.100000000000e+01 -2.854504490274e+01
     vertex -6.283747013064e+01 1.100000000000e+01 -2.999096275779e+01
   endloop
 endfacet
 facet normal 0.000000000000e+00 -1.000000000000e+00 0.000000000000e+00
   outer loop
     vertex -6.330553495647e+01 1.100000000000e+01 -2.824612452839e+01
     vertex -6.283747013064e+01 1.100000000000e+01 -2.999096275779e+01
     vertex -6.254623841301e+01 1.100000000000e+01 -2.982282004722e+01
   endloop
 endfacet
 facet normal 0.000000000000e+00 -1.000000000000e+00 0.000000000000e+00
   outer loop
     vertex -5.784650500542e+01 1.100000000000e+01 -3.331136409747e+01
     vertex -5.947553406555e+01 1.100000000000e+01 -3.267201730482e+01
     vertex -5.962144284149e+01 1.100000000000e+01 -3.297500000000e+01
   endloop
 endfacet
 facet normal -0.000000000000e+00 -1.000000000000e+00 0.000000000000e+00
   outer loop
     vertex -5.784650500542e+01 1.100000000000e+01 -3.331136409747e+01
     vertex -5.962144284149e+01 1.100000000000e+01 -3.297500000000e+01
     vertex -5.810589838486e+01 1.100000000000e+01 -3.385000000000e+01
   endloop
 endfacet
 facet normal 0.000000000000e+00 -1.000000000000e+00 0.000000000000e+00
   outer loop
     vertex -6.274902069764e+01 1.100000000000e+01 -2.802770877686e+01
     vertex -6.254623841301e+01 1.100000000000e+01 -2.982282004722e+01
     vertex -6.223319914242e+01 1.100000000000e+01 -2.969996118698e+01
   endloop
 endfacet
 facet normal 0.000000000000e+00 -1.000000000000e+00 -0.000000000000e+00
   outer loop
     vertex -6.274902069764e+01 1.100000000000e+01 -2.802770877686e+01
     vertex -6.330553495647e+01 1.100000000000e+01 -2.824612452839e+01
     vertex -6.254623841301e+01 1.100000000000e+01 -2.982282004722e+01
   endloop
 endfacet
 facet normal -0.000000000000e+00 -1.000000000000e+00 0.000000000000e+00
   outer loop
     vertex -5.767028835127e+01 1.100000000000e+01 -3.274008373583e+01
     vertex -5.947553406555e+01 1.100000000000e+01 -3.267201730482e+01
     vertex -5.784650500542e+01 1.100000000000e+01 -3.331136409747e+01
   endloop
 endfacet
 facet normal 0.000000000000e+00 -1.000000000000e+00 0.000000000000e+00
   outer loop
     vertex -5.767028835127e+01 1.100000000000e+01 -3.274008373583e+01
     vertex -5.937641219759e+01 1.100000000000e+01 -3.235067210140e+01
     vertex -5.947553406555e+01 1.100000000000e+01 -3.267201730482e+01
   endloop
 endfacet
 facet normal 0.000000000000e+00 -1.000000000000e+00 0.000000000000e+00
   outer loop
     vertex -6.216616906470e+01 1.100000000000e+01 -2.789467669510e+01
     vertex -6.274902069764e+01 1.100000000000e+01 -2.802770877686e+01
     vertex -6.223319914242e+01 1.100000000000e+01 -2.969996118698e+01
   endloop
 endfacet
 facet normal 0.000000000000e+00 -1.000000000000e+00 -0.000000000000e+00
   outer loop
     vertex -6.216616906470e+01 1.100000000000e+01 -2.789467669510e+01
     vertex -6.223319914242e+01 1.100000000000e+01 -2.969996118698e+01
     vertex -6.190534509890e+01 1.100000000000e+01 -2.962513064099e+01
   endloop
 endfacet
 facet normal 0.000000000000e+00 -1.000000000000e+00 0.000000000000e+00
   outer loop
     vertex -6.216616906470e+01 1.100000000000e+01 -2.789467669510e+01
     vertex -6.190534509890e+01 1.100000000000e+01 -2.962513064099e+01
     vertex -6.157000000000e+01 1.100000000000e+01 -2.960000000000e+01
   endloop
 endfacet
 facet normal 0.000000000000e+00 -1.000000000000e+00 0.000000000000e+00
   outer loop
     vertex -5.758118481128e+01 1.100000000000e+01 -3.214892037435e+01
     vertex -5.937641219759e+01 1.100000000000e+01 -3.235067210140e+01
     vertex -5.767028835127e+01 1.100000000000e+01 -3.274008373583e+01
   endloop
 endfacet
 facet normal -0.000000000000e+00 -1.000000000000e+00 0.000000000000e+00
   outer loop
     vertex -5.758118481128e+01 1.100000000000e+01 -3.214892037435e+01
     vertex -5.932629145634e+01 1.100000000000e+01 -3.201814271057e+01
     vertex -5.937641219759e+01 1.100000000000e+01 -3.235067210140e+01
   endloop
 endfacet
 facet normal 0.000000000000e+00 -1.000000000000e+00 0.000000000000e+00
   outer loop
     vertex -6.157000000000e+01 1.100000000000e+01 -2.785000000000e+01
     vertex -6.157000000000e+01 1.100000000000e+01 -2.960000000000e+01
     vertex -6.123465490110e+01 1.100000000000e+01 -2.962513064099e+01
   endloop
 endfacet
 facet normal 0.000000000000e+00 -1.000000000000e+00 -0.000000000000e+00
   outer loop
     vertex -6.157000000000e+01 1.100000000000e+01 -2.785000000000e+01
     vertex -6.216616906470e+01 1.100000000000e+01 -2.789467669510e+01
     vertex -6.157000000000e+01 1.100000000000e+01 -2.960000000000e+01
   endloop
 endfacet
 facet normal 0.000000000000e+00 -1.000000000000e+00 -0.000000000000e+00
   outer loop
     vertex -5.758118481128e+01 1.100000000000e+01 -3.155107962565e+01
     vertex -5.932629145634e+01 1.100000000000e+01 -3.201814271057e+01
     vertex -5.758118481128e+01 1.100000000000e+01 -3.214892037435e+01
   endloop
 endfacet
 facet normal 0.000000000000e+00 -1.000000000000e+00 0.000000000000e+00
   outer loop
     vertex -5.758118481128e+01 1.100000000000e+01 -3.155107962565e+01
     vertex -5.932629145634e+01 1.100000000000e+01 -3.168185728943e+01
     vertex -5.932629145634e+01 1.100000000000e+01 -3.201814271057e+01
   endloop
 endfacet
 facet normal -0.000000000000e+00 -1.000000000000e+00 0.000000000000e+00
   outer loop
     vertex -6.097383093530e+01 1.100000000000e+01 -2.789467669510e+01
     vertex -6.157000000000e+01 1.100000000000e+01 -2.785000000000e+01
     vertex -6.123465490110e+01 1.100000000000e+01 -2.962513064099e+01
   endloop
 endfacet
 facet normal 0.000000000000e+00 -1.000000000000e+00 -0.000000000000e+00
   outer loop
     vertex -5.767028835127e+01 1.100000000000e+01 -3.095991626417e+01
     vertex -5.932629145634e+01 1.100000000000e+01 -3.168185728943e+01
     vertex -5.758118481128e+01 1.100000000000e+01 -3.155107962565e+01
   endloop
 endfacet
 facet normal 0.000000000000e+00 -1.000000000000e+00 0.000000000000e+00
   outer loop
     vertex -5.767028835127e+01 1.100000000000e+01 -3.095991626417e+01
     vertex -5.937641219759e+01 1.100000000000e+01 -3.134932789860e+01
     vertex -5.932629145634e+01 1.100000000000e+01 -3.168185728943e+01
   endloop
 endfacet
 facet normal -0.000000000000e+00 -1.000000000000e+00 0.000000000000e+00
   outer loop
     vertex -6.039097930236e+01 1.100000000000e+01 -2.802770877686e+01
     vertex -6.097383093530e+01 1.100000000000e+01 -2.789467669510e+01
     vertex -6.123465490110e+01 1.100000000000e+01 -2.962513064099e+01
   endloop
 endfacet
 facet normal 0.000000000000e+00 -1.000000000000e+00 0.000000000000e+00
   outer loop
     vertex -6.039097930236e+01 1.100000000000e+01 -2.802770877686e+01
     vertex -6.123465490110e+01 1.100000000000e+01 -2.962513064099e+01
     vertex -6.090680085758e+01 1.100000000000e+01 -2.969996118698e+01
   endloop
 endfacet
 facet normal 0.000000000000e+00 -1.000000000000e+00 -0.000000000000e+00
   outer loop
     vertex -5.784650500542e+01 1.100000000000e+01 -3.038863590253e+01
     vertex -5.937641219759e+01 1.100000000000e+01 -3.134932789860e+01
     vertex -5.767028835127e+01 1.100000000000e+01 -3.095991626417e+01
   endloop
 endfacet
 facet normal 0.000000000000e+00 -1.000000000000e+00 0.000000000000e+00
   outer loop
     vertex -5.784650500542e+01 1.100000000000e+01 -3.038863590253e+01
     vertex -5.947553406555e+01 1.100000000000e+01 -3.102798269518e+01
     vertex -5.937641219759e+01 1.100000000000e+01 -3.134932789860e+01
   endloop
 endfacet
 facet normal 0.000000000000e+00 -1.000000000000e+00 0.000000000000e+00
   outer loop
     vertex -5.983446504353e+01 1.100000000000e+01 -2.824612452839e+01
     vertex -6.090680085758e+01 1.100000000000e+01 -2.969996118698e+01
     vertex -6.059376158699e+01 1.100000000000e+01 -2.982282004722e+01
   endloop
 endfacet
 facet normal -0.000000000000e+00 -1.000000000000e+00 0.000000000000e+00
   outer loop
     vertex -5.983446504353e+01 1.100000000000e+01 -2.824612452839e+01
     vertex -6.039097930236e+01 1.100000000000e+01 -2.802770877686e+01
     vertex -6.090680085758e+01 1.100000000000e+01 -2.969996118698e+01
   endloop
 endfacet
 facet normal 0.000000000000e+00 -1.000000000000e+00 -0.000000000000e+00
   outer loop
     vertex -5.810589838486e+01 1.100000000000e+01 -2.985000000000e+01
     vertex -5.947553406555e+01 1.100000000000e+01 -3.102798269518e+01
     vertex -5.784650500542e+01 1.100000000000e+01 -3.038863590253e+01
   endloop
 endfacet
 facet normal 0.000000000000e+00 -1.000000000000e+00 0.000000000000e+00
   outer loop
     vertex -5.810589838486e+01 1.100000000000e+01 -2.985000000000e+01
     vertex -5.962144284149e+01 1.100000000000e+01 -3.072500000000e+01
     vertex -5.947553406555e+01 1.100000000000e+01 -3.102798269518e+01
   endloop
 endfacet
 facet normal -0.000000000000e+00 -1.000000000000e+00 0.000000000000e+00
   outer loop
     vertex -5.931671976775e+01 1.100000000000e+01 -2.854504490274e+01
     vertex -5.983446504353e+01 1.100000000000e+01 -2.824612452839e+01
     vertex -6.059376158699e+01 1.100000000000e+01 -2.982282004722e+01
   endloop
 endfacet
 facet normal 0.000000000000e+00 -1.000000000000e+00 0.000000000000e+00
   outer loop
     vertex -5.931671976775e+01 1.100000000000e+01 -2.854504490274e+01
     vertex -6.059376158699e+01 1.100000000000e+01 -2.982282004722e+01
     vertex -6.030252986936e+01 1.100000000000e+01 -2.999096275779e+01
   endloop
 endfacet
 facet normal 0.000000000000e+00 -1.000000000000e+00 0.000000000000e+00
   outer loop
     vertex -5.931671976775e+01 1.100000000000e+01 -2.854504490274e+01
     vertex -6.030252986936e+01 1.100000000000e+01 -2.999096275779e+01
     vertex -6.003961134002e+01 1.100000000000e+01 -3.020063328838e+01
   endloop
 endfacet
 facet normal 0.000000000000e+00 -1.000000000000e+00 -0.000000000000e+00
   outer loop
     vertex -5.844267407013e+01 1.100000000000e+01 -2.935604079257e+01
     vertex -5.962144284149e+01 1.100000000000e+01 -3.072500000000e+01
     vertex -5.810589838486e+01 1.100000000000e+01 -2.985000000000e+01
   endloop
 endfacet
 facet normal 0.000000000000e+00 -1.000000000000e+00 0.000000000000e+00
   outer loop
     vertex -5.844267407013e+01 1.100000000000e+01 -2.935604079257e+01
     vertex -5.981087916445e+01 1.100000000000e+01 -3.044714794582e+01
     vertex -5.962144284149e+01 1.100000000000e+01 -3.072500000000e+01
   endloop
 endfacet
 facet normal 0.000000000000e+00 -1.000000000000e+00 0.000000000000e+00
   outer loop
     vertex -5.884930904892e+01 1.100000000000e+01 -2.891779251268e+01
     vertex -6.003961134002e+01 1.100000000000e+01 -3.020063328838e+01
     vertex -5.981087916445e+01 1.100000000000e+01 -3.044714794582e+01
   endloop
 endfacet
 facet normal -0.000000000000e+00 -1.000000000000e+00 0.000000000000e+00
   outer loop
     vertex -5.884930904892e+01 1.100000000000e+01 -2.891779251268e+01
     vertex -5.931671976775e+01 1.100000000000e+01 -2.854504490274e+01
     vertex -6.003961134002e+01 1.100000000000e+01 -3.020063328838e+01
   endloop
 endfacet
 facet normal 0.000000000000e+00 -1.000000000000e+00 -0.000000000000e+00
   outer loop
     vertex -5.884930904892e+01 1.100000000000e+01 -2.891779251268e+01
     vertex -5.981087916445e+01 1.100000000000e+01 -3.044714794582e+01
     vertex -5.844267407013e+01 1.100000000000e+01 -2.935604079257e+01
   endloop
 endfacet
 facet normal 7.473009358643e-02 0.000000000000e+00 9.972037971812e-01
   outer loop
     vertex -6.097383093530e+01 2.350000000000e+01 -2.789467669510e+01
     vertex -6.157000000000e+01 2.350000000000e+01 -2.785000000000e+01
     vertex -6.157000000000e+01 1.100000000000e+01 -2.785000000000e+01
   endloop
 endfacet
 facet normal 7.473009358643e-02 0.000000000000e+00 9.972037971812e-01
   outer loop
     vertex -6.097383093530e+01 2.350000000000e+01 -2.789467669510e+01
     vertex -6.157000000000e+01 1.100000000000e+01 -2.785000000000e+01
     vertex -6.097383093530e+01 1.100000000000e+01 -2.789467669510e+01
   endloop
 endfacet
 facet normal 2.225209339563e-01 0.000000000000e+00 9.749279121818e-01
   outer loop
     vertex -6.039097930236e+01 2.350000000000e+01 -2.802770877686e+01
     vertex -6.097383093530e+01 1.100000000000e+01 -2.789467669510e+01
     vertex -6.039097930236e+01 1.100000000000e+01 -2.802770877686e+01
   endloop
 endfacet
 facet normal 2.225209339563e-01 0.000000000000e+00 9.749279121818e-01
   outer loop
     vertex -6.039097930236e+01 2.350000000000e+01 -2.802770877686e+01
     vertex -6.097383093530e+01 2.350000000000e+01 -2.789467669510e+01
     vertex -6.097383093530e+01 1.100000000000e+01 -2.789467669510e+01
   endloop
 endfacet
 facet normal 3.653410243664e-01 0.000000000000e+00 9.308737486442e-01
   outer loop
     vertex -5.983446504353e+01 2.350000000000e+01 -2.824612452839e+01
     vertex -6.039097930236e+01 1.100000000000e+01 -2.802770877686e+01
     vertex -5.983446504353e+01 1.100000000000e+01 -2.824612452839e+01
   endloop
 endfacet
 facet normal 5.000000000000e-01 0.000000000000e+00 8.660254037844e-01
   outer loop
     vertex -5.983446504353e+01 2.350000000000e+01 -2.824612452839e+01
     vertex -5.983446504353e+01 1.100000000000e+01 -2.824612452839e+01
     vertex -5.931671976775e+01 1.100000000000e+01 -2.854504490274e+01
   endloop
 endfacet
 facet normal 3.653410243664e-01 0.000000000000e+00 9.308737486442e-01
   outer loop
     vertex -5.983446504353e+01 2.350000000000e+01 -2.824612452839e+01
     vertex -6.039097930236e+01 2.350000000000e+01 -2.802770877686e+01
     vertex -6.039097930236e+01 1.100000000000e+01 -2.802770877686e+01
   endloop
 endfacet
 facet normal 5.000000000000e-01 0.000000000000e+00 8.660254037844e-01
   outer loop
     vertex -5.931671976775e+01 2.350000000000e+01 -2.854504490274e+01
     vertex -5.983446504353e+01 2.350000000000e+01 -2.824612452839e+01
     vertex -5.931671976775e+01 1.100000000000e+01 -2.854504490274e+01
   endloop
 endfacet
 facet normal 6.234898018587e-01 0.000000000000e+00 7.818314824680e-01
   outer loop
     vertex -5.884930904892e+01 2.350000000000e+01 -2.891779251268e+01
     vertex -5.931671976775e+01 2.350000000000e+01 -2.854504490274e+01
     vertex -5.931671976775e+01 1.100000000000e+01 -2.854504490274e+01
   endloop
 endfacet
 facet normal 6.234898018587e-01 0.000000000000e+00 7.818314824680e-01
   outer loop
     vertex -5.884930904892e+01 2.350000000000e+01 -2.891779251268e+01
     vertex -5.931671976775e+01 1.100000000000e+01 -2.854504490274e+01
     vertex -5.884930904892e+01 1.100000000000e+01 -2.891779251268e+01
   endloop
 endfacet
 facet normal 7.330518718298e-01 0.000000000000e+00 6.801727377709e-01
   outer loop
     vertex -5.844267407013e+01 2.350000000000e+01 -2.935604079257e+01
     vertex -5.884930904892e+01 2.350000000000e+01 -2.891779251268e+01
     vertex -5.884930904892e+01 1.100000000000e+01 -2.891779251268e+01
   endloop
 endfacet
 facet normal 7.330518718298e-01 0.000000000000e+00 6.801727377709e-01
   outer loop
     vertex -5.844267407013e+01 2.350000000000e+01 -2.935604079257e+01
     vertex -5.884930904892e+01 1.100000000000e+01 -2.891779251268e+01
     vertex -5.844267407013e+01 1.100000000000e+01 -2.935604079257e+01
   endloop
 endfacet
 facet normal 8.262387743160e-01 0.000000000000e+00 5.633200580636e-01
   outer loop
     vertex -5.844267407013e+01 2.350000000000e+01 -2.935604079257e+01
     vertex -5.844267407013e+01 1.100000000000e+01 -2.935604079257e+01
     vertex -5.810589838486e+01 1.100000000000e+01 -2.985000000000e+01
   endloop
 endfacet
 facet normal 8.262387743160e-01 0.000000000000e+00 5.633200580636e-01
   outer loop
     vertex -5.810589838486e+01 2.350000000000e+01 -2.985000000000e+01
     vertex -5.844267407013e+01 2.350000000000e+01 -2.935604079257e+01
     vertex -5.810589838486e+01 1.100000000000e+01 -2.985000000000e+01
   endloop
 endfacet
 facet normal 9.009688679024e-01 0.000000000000e+00 4.338837391176e-01
   outer loop
     vertex -5.810589838486e+01 2.350000000000e+01 -2.985000000000e+01
     vertex -5.810589838486e+01 1.100000000000e+01 -2.985000000000e+01
     vertex -5.784650500542e+01 1.100000000000e+01 -3.038863590253e+01
   endloop
 endfacet
 facet normal 9.009688679024e-01 0.000000000000e+00 4.338837391176e-01
   outer loop
     vertex -5.784650500542e+01 2.350000000000e+01 -3.038863590253e+01
     vertex -5.810589838486e+01 2.350000000000e+01 -2.985000000000e+01
     vertex -5.784650500542e+01 1.100000000000e+01 -3.038863590253e+01
   endloop
 endfacet
 facet normal 9.555728057861e-01 0.000000000000e+00 2.947551744109e-01
   outer loop
     vertex -5.767028835127e+01 2.350000000000e+01 -3.095991626417e+01
     vertex -5.784650500542e+01 2.350000000000e+01 -3.038863590253e+01
     vertex -5.784650500542e+01 1.100000000000e+01 -3.038863590253e+01
   endloop
 endfacet
 facet normal 9.555728057861e-01 0.000000000000e+00 2.947551744109e-01
   outer loop
     vertex -5.767028835127e+01 2.350000000000e+01 -3.095991626417e+01
     vertex -5.784650500542e+01 1.100000000000e+01 -3.038863590253e+01
     vertex -5.767028835127e+01 1.100000000000e+01 -3.095991626417e+01
   endloop
 endfacet
 facet normal 9.888308262251e-01 0.000000000000e+00 1.490422661762e-01
   outer loop
     vertex -5.758118481128e+01 2.350000000000e+01 -3.155107962565e+01
     vertex -5.767028835127e+01 2.350000000000e+01 -3.095991626417e+01
     vertex -5.767028835127e+01 1.100000000000e+01 -3.095991626417e+01
   endloop
 endfacet
 facet normal 9.888308262251e-01 0.000000000000e+00 1.490422661762e-01
   outer loop
     vertex -5.758118481128e+01 2.350000000000e+01 -3.155107962565e+01
     vertex -5.767028835127e+01 1.100000000000e+01 -3.095991626417e+01
     vertex -5.758118481128e+01 1.100000000000e+01 -3.155107962565e+01
   endloop
 endfacet
 facet normal 1.000000000000e+00 0.000000000000e+00 -0.000000000000e+00
   outer loop
     vertex -5.758118481128e+01 2.350000000000e+01 -3.214892037435e+01
     vertex -5.758118481128e+01 2.350000000000e+01 -3.155107962565e+01
     vertex -5.758118481128e+01 1.100000000000e+01 -3.155107962565e+01
   endloop
 endfacet
 facet normal 1.000000000000e+00 0.000000000000e+00 0.000000000000e+00
   outer loop
     vertex -5.758118481128e+01 2.350000000000e+01 -3.214892037435e+01
     vertex -5.758118481128e+01 1.100000000000e+01 -3.155107962565e+01
     vertex -5.758118481128e+01 1.100000000000e+01 -3.214892037435e+01
   endloop
 endfacet
 facet normal 9.888308262251e-01 0.000000000000e+00 -1.490422661762e-01
   outer loop
     vertex -5.767028835127e+01 2.350000000000e+01 -3.274008373583e+01
     vertex -5.758118481128e+01 2.350000000000e+01 -3.214892037435e+01
     vertex -5.758118481128e+01 1.100000000000e+01 -3.214892037435e+01
   endloop
 endfacet
 facet normal 9.888308262251e-01 0.000000000000e+00 -1.490422661762e-01
   outer loop
     vertex -5.767028835127e+01 2.350000000000e+01 -3.274008373583e+01
     vertex -5.758118481128e+01 1.100000000000e+01 -3.214892037435e+01
     vertex -5.767028835127e+01 1.100000000000e+01 -3.274008373583e+01
   endloop
 endfacet
 facet normal 9.555728057861e-01 0.000000000000e+00 -2.947551744109e-01
   outer loop
     vertex -5.784650500542e+01 2.350000000000e+01 -3.331136409747e+01
     vertex -5.767028835127e+01 2.350000000000e+01 -3.274008373583e+01
     vertex -5.767028835127e+01 1.100000000000e+01 -3.274008373583e+01
   endloop
 endfacet
 facet normal 9.555728057861e-01 0.000000000000e+00 -2.947551744109e-01
   outer loop
     vertex -5.784650500542e+01 2.350000000000e+01 -3.331136409747e+01
     vertex -5.767028835127e+01 1.100000000000e+01 -3.274008373583e+01
     vertex -5.784650500542e+01 1.100000000000e+01 -3.331136409747e+01
   endloop
 endfacet
 facet normal 9.009688679024e-01 0.000000000000e+00 -4.338837391176e-01
   outer loop
     vertex -5.810589838486e+01 2.350000000000e+01 -3.385000000000e+01
     vertex -5.784650500542e+01 2.350000000000e+01 -3.331136409747e+01
     vertex -5.784650500542e+01 1.100000000000e+01 -3.331136409747e+01
   endloop
 endfacet
 facet normal 9.009688679024e-01 0.000000000000e+00 -4.338837391176e-01
   outer loop
     vertex -5.810589838486e+01 2.350000000000e+01 -3.385000000000e+01
     vertex -5.784650500542e+01 1.100000000000e+01 -3.331136409747e+01
     vertex -5.810589838486e+01 1.100000000000e+01 -3.385000000000e+01
   endloop
 endfacet
 facet normal 8.262387743160e-01 0.000000000000e+00 -5.633200580636e-01
   outer loop
     vertex -5.844267407013e+01 2.350000000000e+01 -3.434395920743e+01
     vertex -5.810589838486e+01 2.350000000000e+01 -3.385000000000e+01
     vertex -5.810589838486e+01 1.100000000000e+01 -3.385000000000e+01
   endloop
 endfacet
 facet normal 8.262387743160e-01 0.000000000000e+00 -5.633200580636e-01
   outer loop
     vertex -5.844267407013e+01 2.350000000000e+01 -3.434395920743e+01
     vertex -5.810589838486e+01 1.100000000000e+01 -3.385000000000e+01
     vertex -5.844267407013e+01 1.100000000000e+01 -3.434395920743e+01
   endloop
 endfacet
 facet normal 7.330518718298e-01 0.000000000000e+00 -6.801727377709e-01
   outer loop
     vertex -5.884930904892e+01 2.350000000000e+01 -3.478220748732e+01
     vertex -5.844267407013e+01 2.350000000000e+01 -3.434395920743e+01
     vertex -5.844267407013e+01 1.100000000000e+01 -3.434395920743e+01
   endloop
 endfacet
 facet normal 7.330518718298e-01 0.000000000000e+00 -6.801727377709e-01
   outer loop
     vertex -5.884930904892e+01 2.350000000000e+01 -3.478220748732e+01
     vertex -5.844267407013e+01 1.100000000000e+01 -3.434395920743e+01
     vertex -5.884930904892e+01 1.100000000000e+01 -3.478220748732e+01
   endloop
 endfacet
 facet normal 6.234898018587e-01 0.000000000000e+00 -7.818314824680e-01
   outer loop
     vertex -5.931671976775e+01 2.350000000000e+01 -3.515495509726e+01
     vertex -5.884930904892e+01 1.100000000000e+01 -3.478220748732e+01
     vertex -5.931671976775e+01 1.100000000000e+01 -3.515495509726e+01
   endloop
 endfacet
 facet normal 6.234898018587e-01 0.000000000000e+00 -7.818314824680e-01
   outer loop
     vertex -5.931671976775e+01 2.350000000000e+01 -3.515495509726e+01
     vertex -5.884930904892e+01 2.350000000000e+01 -3.478220748732e+01
     vertex -5.884930904892e+01 1.100000000000e+01 -3.478220748732e+01
   endloop
 endfacet
 facet normal 5.000000000000e-01 0.000000000000e+00 -8.660254037844e-01
   outer loop
     vertex -5.983446504353e+01 2.350000000000e+01 -3.545387547161e+01
     vertex -5.931671976775e+01 1.100000000000e+01 -3.515495509726e+01
     vertex -5.983446504353e+01 1.100000000000e+01 -3.545387547161e+01
   endloop
 endfacet
 facet normal 5.000000000000e-01 0.000000000000e+00 -8.660254037844e-01
   outer loop
     vertex -5.983446504353e+01 2.350000000000e+01 -3.545387547161e+01
     vertex -5.931671976775e+01 2.350000000000e+01 -3.515495509726e+01
     vertex -5.931671976775e+01 1.100000000000e+01 -3.515495509726e+01
   endloop
 endfacet
 facet normal 3.653410243664e-01 0.000000000000e+00 -9.308737486442e-01
   outer loop
     vertex -6.039097930236e+01 2.350000000000e+01 -3.567229122314e+01
     vertex -5.983446504353e+01 1.100000000000e+01 -3.545387547161e+01
     vertex -6.039097930236e+01 1.100000000000e+01 -3.567229122314e+01
   endloop
 endfacet
 facet normal 3.653410243664e-01 0.000000000000e+00 -9.308737486442e-01
   outer loop
     vertex -6.039097930236e+01 2.350000000000e+01 -3.567229122314e+01
     vertex -5.983446504353e+01 2.350000000000e+01 -3.545387547161e+01
     vertex -5.983446504353e+01 1.100000000000e+01 -3.545387547161e+01
   endloop
 endfacet
 facet normal 2.225209339563e-01 0.000000000000e+00 -9.749279121818e-01
   outer loop
     vertex -6.097383093530e+01 2.350000000000e+01 -3.580532330490e+01
     vertex -6.039097930236e+01 1.100000000000e+01 -3.567229122314e+01
     vertex -6.097383093530e+01 1.100000000000e+01 -3.580532330490e+01
   endloop
 endfacet
 facet normal 2.225209339563e-01 0.000000000000e+00 -9.749279121818e-01
   outer loop
     vertex -6.097383093530e+01 2.350000000000e+01 -3.580532330490e+01
     vertex -6.039097930236e+01 2.350000000000e+01 -3.567229122314e+01
     vertex -6.039097930236e+01 1.100000000000e+01 -3.567229122314e+01
   endloop
 endfacet
 facet normal 7.473009358642e-02 0.000000000000e+00 -9.972037971812e-01
   outer loop
     vertex -6.157000000000e+01 2.350000000000e+01 -3.585000000000e+01
     vertex -6.097383093530e+01 1.100000000000e+01 -3.580532330490e+01
     vertex -6.157000000000e+01 1.100000000000e+01 -3.585000000000e+01
   endloop
 endfacet
 facet normal 7.473009358642e-02 0.000000000000e+00 -9.972037971812e-01
   outer loop
     vertex -6.157000000000e+01 2.350000000000e+01 -3.585000000000e+01
     vertex -6.097383093530e+01 2.350000000000e+01 -3.580532330490e+01
     vertex -6.097383093530e+01 1.100000000000e+01 -3.580532330490e+01
   endloop
 endfacet
 facet normal -7.473009358643e-02 -0.000000000000e+00 -9.972037971812e-01
   outer loop
     vertex -6.216616906470e+01 2.350000000000e+01 -3.580532330490e+01
     vertex -6.157000000000e+01 1.100000000000e+01 -3.585000000000e+01
     vertex -6.216616906470e+01 1.100000000000e+01 -3.580532330490e+01
   endloop
 endfacet
 facet normal -7.473009358643e-02 0.000000000000e+00 -9.972037971812e-01
   outer loop
     vertex -6.216616906470e+01 2.350000000000e+01 -3.580532330490e+01
     vertex -6.157000000000e+01 2.350000000000e+01 -3.585000000000e+01
     vertex -6.157000000000e+01 1.100000000000e+01 -3.585000000000e+01
   endloop
 endfacet
 facet normal -2.225209339563e-01 -0.000000000000e+00 -9.749279121818e-01
   outer loop
     vertex -6.274902069764e+01 2.350000000000e+01 -3.567229122314e+01
     vertex -6.216616906470e+01 1.100000000000e+01 -3.580532330490e+01
     vertex -6.274902069764e+01 1.100000000000e+01 -3.567229122314e+01
   endloop
 endfacet
 facet normal -3.653410243664e-01 -0.000000000000e+00 -9.308737486442e-01
   outer loop
     vertex -6.274902069764e+01 2.350000000000e+01 -3.567229122314e+01
     vertex -6.274902069764e+01 1.100000000000e+01 -3.567229122314e+01
     vertex -6.330553495647e+01 1.100000000000e+01 -3.545387547161e+01
   endloop
 endfacet
 facet normal -2.225209339563e-01 0.000000000000e+00 -9.749279121818e-01
   outer loop
     vertex -6.274902069764e+01 2.350000000000e+01 -3.567229122314e+01
     vertex -6.216616906470e+01 2.350000000000e+01 -3.580532330490e+01
     vertex -6.216616906470e+01 1.100000000000e+01 -3.580532330490e+01
   endloop
 endfacet
 facet normal -5.000000000000e-01 -0.000000000000e+00 -8.660254037844e-01
   outer loop
     vertex -6.330553495647e+01 2.350000000000e+01 -3.545387547161e+01
     vertex -6.330553495647e+01 1.100000000000e+01 -3.545387547161e+01
     vertex -6.382328023225e+01 1.100000000000e+01 -3.515495509726e+01
   endloop
 endfacet
 facet normal -3.653410243664e-01 -0.000000000000e+00 -9.308737486442e-01
   outer loop
     vertex -6.330553495647e+01 2.350000000000e+01 -3.545387547161e+01
     vertex -6.274902069764e+01 2.350000000000e+01 -3.567229122314e+01
     vertex -6.330553495647e+01 1.100000000000e+01 -3.545387547161e+01
   endloop
 endfacet
 facet normal -5.000000000000e-01 -0.000000000000e+00 -8.660254037844e-01
   outer loop
     vertex -6.382328023225e+01 2.350000000000e+01 -3.515495509726e+01
     vertex -6.330553495647e+01 2.350000000000e+01 -3.545387547161e+01
     vertex -6.382328023225e+01 1.100000000000e+01 -3.515495509726e+01
   endloop
 endfacet
 facet normal -6.234898018587e-01 -0.000000000000e+00 -7.818314824680e-01
   outer loop
     vertex -6.429069095108e+01 2.350000000000e+01 -3.478220748732e+01
     vertex -6.382328023225e+01 1.100000000000e+01 -3.515495509726e+01
     vertex -6.429069095108e+01 1.100000000000e+01 -3.478220748732e+01
   endloop
 endfacet
 facet normal -7.330518718298e-01 -0.000000000000e+00 -6.801727377709e-01
   outer loop
     vertex -6.429069095108e+01 2.350000000000e+01 -3.478220748732e+01
     vertex -6.429069095108e+01 1.100000000000e+01 -3.478220748732e+01
     vertex -6.469732592987e+01 1.100000000000e+01 -3.434395920743e+01
   endloop
 endfacet
 facet normal -6.234898018587e-01 0.000000000000e+00 -7.818314824680e-01
   outer loop
     vertex -6.429069095108e+01 2.350000000000e+01 -3.478220748732e+01
     vertex -6.382328023225e+01 2.350000000000e+01 -3.515495509726e+01
     vertex -6.382328023225e+01 1.100000000000e+01 -3.515495509726e+01
   endloop
 endfacet
 facet normal -7.330518718298e-01 -0.000000000000e+00 -6.801727377709e-01
   outer loop
     vertex -6.469732592987e+01 2.350000000000e+01 -3.434395920743e+01
     vertex -6.429069095108e+01 2.350000000000e+01 -3.478220748732e+01
     vertex -6.469732592987e+01 1.100000000000e+01 -3.434395920743e+01
   endloop
 endfacet
 facet normal -8.262387743160e-01 -0.000000000000e+00 -5.633200580636e-01
   outer loop
     vertex -6.503410161514e+01 2.350000000000e+01 -3.385000000000e+01
     vertex -6.469732592987e+01 1.100000000000e+01 -3.434395920743e+01
     vertex -6.503410161514e+01 1.100000000000e+01 -3.385000000000e+01
   endloop
 endfacet
 facet normal -8.262387743160e-01 0.000000000000e+00 -5.633200580636e-01
   outer loop
     vertex -6.503410161514e+01 2.350000000000e+01 -3.385000000000e+01
     vertex -6.469732592987e+01 2.350000000000e+01 -3.434395920743e+01
     vertex -6.469732592987e+01 1.100000000000e+01 -3.434395920743e+01
   endloop
 endfacet
 facet normal -9.009688679024e-01 0.000000000000e+00 -4.338837391176e-01
   outer loop
     vertex -6.529349499458e+01 2.350000000000e+01 -3.331136409747e+01
     vertex -6.503410161514e+01 2.350000000000e+01 -3.385000000000e+01
     vertex -6.503410161514e+01 1.100000000000e+01 -3.385000000000e+01
   endloop
 endfacet
 facet normal -9.009688679024e-01 -0.000000000000e+00 -4.338837391176e-01
   outer loop
     vertex -6.529349499458e+01 2.350000000000e+01 -3.331136409747e+01
     vertex -6.503410161514e+01 1.100000000000e+01 -3.385000000000e+01
     vertex -6.529349499458e+01 1.100000000000e+01 -3.331136409747e+01
   endloop
 endfacet
 facet normal -9.555728057861e-01 0.000000000000e+00 -2.947551744109e-01
   outer loop
     vertex -6.546971164873e+01 2.350000000000e+01 -3.274008373583e+01
     vertex -6.529349499458e+01 2.350000000000e+01 -3.331136409747e+01
     vertex -6.529349499458e+01 1.100000000000e+01 -3.331136409747e+01
   endloop
 endfacet
 facet normal -9.555728057861e-01 -0.000000000000e+00 -2.947551744109e-01
   outer loop
     vertex -6.546971164873e+01 2.350000000000e+01 -3.274008373583e+01
     vertex -6.529349499458e+01 1.100000000000e+01 -3.331136409747e+01
     vertex -6.546971164873e+01 1.100000000000e+01 -3.274008373583e+01
   endloop
 endfacet
 facet normal -9.888308262251e-01 -0.000000000000e+00 -1.490422661762e-01
   outer loop
     vertex -6.546971164873e+01 2.350000000000e+01 -3.274008373583e+01
     vertex -6.546971164873e+01 1.100000000000e+01 -3.274008373583e+01
     vertex -6.555881518872e+01 1.100000000000e+01 -3.214892037435e+01
   endloop
 endfacet
 facet normal -9.888308262251e-01 -0.000000000000e+00 -1.490422661762e-01
   outer loop
     vertex -6.555881518872e+01 2.350000000000e+01 -3.214892037435e+01
     vertex -6.546971164873e+01 2.350000000000e+01 -3.274008373583e+01
     vertex -6.555881518872e+01 1.100000000000e+01 -3.214892037435e+01
   endloop
 endfacet
 facet normal -1.000000000000e+00 0.000000000000e+00 -0.000000000000e+00
   outer loop
     vertex -6.555881518872e+01 2.350000000000e+01 -3.155107962565e+01
     vertex -6.555881518872e+01 2.350000000000e+01 -3.214892037435e+01
     vertex -6.555881518872e+01 1.100000000000e+01 -3.214892037435e+01
   endloop
 endfacet
 facet normal -1.000000000000e+00 -0.000000000000e+00 0.000000000000e+00
   outer loop
     vertex -6.555881518872e+01 2.350000000000e+01 -3.155107962565e+01
     vertex -6.555881518872e+01 1.100000000000e+01 -3.214892037435e+01
     vertex -6.555881518872e+01 1.100000000000e+01 -3.155107962565e+01
   endloop
 endfacet
 facet normal -9.888308262251e-01 0.000000000000e+00 1.490422661762e-01
   outer loop
     vertex -6.555881518872e+01 2.350000000000e+01 -3.155107962565e+01
     vertex -6.555881518872e+01 1.100000000000e+01 -3.155107962565e+01
     vertex -6.546971164873e+01 1.100000000000e+01 -3.095991626417e+01
   endloop
 endfacet
 facet normal -9.888308262251e-01 0.000000000000e+00 1.490422661762e-01
   outer loop
     vertex -6.546971164873e+01 2.350000000000e+01 -3.095991626417e+01
     vertex -6.555881518872e+01 2.350000000000e+01 -3.155107962565e+01
     vertex -6.546971164873e+01 1.100000000000e+01 -3.095991626417e+01
   endloop
 endfacet
 facet normal -9.555728057861e-01 0.000000000000e+00 2.947551744109e-01
   outer loop
     vertex -6.529349499458e+01 2.350000000000e+01 -3.038863590253e+01
     vertex -6.546971164873e+01 2.350000000000e+01 -3.095991626417e+01
     vertex -6.546971164873e+01 1.100000000000e+01 -3.095991626417e+01
   endloop
 endfacet
 facet normal -9.555728057861e-01 0.000000000000e+00 2.947551744109e-01
   outer loop
     vertex -6.529349499458e+01 2.350000000000e+01 -3.038863590253e+01
     vertex -6.546971164873e+01 1.100000000000e+01 -3.095991626417e+01
     vertex -6.529349499458e+01 1.100000000000e+01 -3.038863590253e+01
   endloop
 endfacet
 facet normal -9.009688679024e-01 0.000000000000e+00 4.338837391176e-01
   outer loop
     vertex -6.529349499458e+01 2.350000000000e+01 -3.038863590253e+01
     vertex -6.529349499458e+01 1.100000000000e+01 -3.038863590253e+01
     vertex -6.503410161514e+01 1.100000000000e+01 -2.985000000000e+01
   endloop
 endfacet
 facet normal -9.009688679024e-01 0.000000000000e+00 4.338837391176e-01
   outer loop
     vertex -6.503410161514e+01 2.350000000000e+01 -2.985000000000e+01
     vertex -6.529349499458e+01 2.350000000000e+01 -3.038863590253e+01
     vertex -6.503410161514e+01 1.100000000000e+01 -2.985000000000e+01
   endloop
 endfacet
 facet normal -8.262387743160e-01 0.000000000000e+00 5.633200580636e-01
   outer loop
     vertex -6.503410161514e+01 2.350000000000e+01 -2.985000000000e+01
     vertex -6.503410161514e+01 1.100000000000e+01 -2.985000000000e+01
     vertex -6.469732592987e+01 1.100000000000e+01 -2.935604079257e+01
   endloop
 endfacet
 facet normal -8.262387743160e-01 0.000000000000e+00 5.633200580636e-01
   outer loop
     vertex -6.469732592987e+01 2.350000000000e+01 -2.935604079257e+01
     vertex -6.503410161514e+01 2.350000000000e+01 -2.985000000000e+01
     vertex -6.469732592987e+01 1.100000000000e+01 -2.935604079257e+01
   endloop
 endfacet
 facet normal -7.330518718298e-01 0.000000000000e+00 6.801727377709e-01
   outer loop
     vertex -6.429069095108e+01 2.350000000000e+01 -2.891779251268e+01
     vertex -6.469732592987e+01 2.350000000000e+01 -2.935604079257e+01
     vertex -6.469732592987e+01 1.100000000000e+01 -2.935604079257e+01
   endloop
 endfacet
 facet normal -7.330518718298e-01 0.000000000000e+00 6.801727377709e-01
   outer loop
     vertex -6.429069095108e+01 2.350000000000e+01 -2.891779251268e+01
     vertex -6.469732592987e+01 1.100000000000e+01 -2.935604079257e+01
     vertex -6.429069095108e+01 1.100000000000e+01 -2.891779251268e+01
   endloop
 endfacet
 facet normal -6.234898018587e-01 0.000000000000e+00 7.818314824680e-01
   outer loop
     vertex -6.382328023225e+01 2.350000000000e+01 -2.854504490274e+01
     vertex -6.429069095108e+01 2.350000000000e+01 -2.891779251268e+01
     vertex -6.429069095108e+01 1.100000000000e+01 -2.891779251268e+01
   endloop
 endfacet
 facet normal -6.234898018587e-01 0.000000000000e+00 7.818314824680e-01
   outer loop
     vertex -6.382328023225e+01 2.350000000000e+01 -2.854504490274e+01
     vertex -6.429069095108e+01 1.100000000000e+01 -2.891779251268e+01
     vertex -6.382328023225e+01 1.100000000000e+01 -2.854504490274e+01
   endloop
 endfacet
 facet normal -5.000000000000e-01 0.000000000000e+00 8.660254037844e-01
   outer loop
     vertex -6.330553495647e+01 2.350000000000e+01 -2.824612452839e+01
     vertex -6.382328023225e+01 2.350000000000e+01 -2.854504490274e+01
     vertex -6.382328023225e+01 1.100000000000e+01 -2.854504490274e+01
   endloop
 endfacet
 facet normal -5.000000000000e-01 0.000000000000e+00 8.660254037844e-01
   outer loop
     vertex -6.330553495647e+01 2.350000000000e+01 -2.824612452839e+01
     vertex -6.382328023225e+01 1.100000000000e+01 -2.854504490274e+01
     vertex -6.330553495647e+01 1.100000000000e+01 -2.824612452839e+01
   endloop
 endfacet
 facet normal -3.653410243664e-01 0.000000000000e+00 9.308737486442e-01
   outer loop
     vertex -6.274902069764e+01 2.350000000000e+01 -2.802770877686e+01
     vertex -6.330553495647e+01 2.350000000000e+01 -2.824612452839e+01
     vertex -6.330553495647e+01 1.100000000000e+01 -2.824612452839e+01
   endloop
 endfacet
 facet normal -3.653410243664e-01 0.000000000000e+00 9.308737486442e-01
   outer loop
     vertex -6.274902069764e+01 2.350000000000e+01 -2.802770877686e+01
     vertex -6.330553495647e+01 1.100000000000e+01 -2.824612452839e+01
     vertex -6.274902069764e+01 1.100000000000e+01 -2.802770877686e+01
   endloop
 endfacet
 facet normal -2.225209339563e-01 0.000000000000e+00 9.749279121818e-01
   outer loop
     vertex -6.216616906470e+01 2.350000000000e+01 -2.789467669510e+01
     vertex -6.274902069764e+01 2.350000000000e+01 -2.802770877686e+01
     vertex -6.274902069764e+01 1.100000000000e+01 -2.802770877686e+01
   endloop
 endfacet
 facet normal -2.225209339563e-01 0.000000000000e+00 9.749279121818e-01
   outer loop
     vertex -6.216616906470e+01 2.350000000000e+01 -2.789467669510e+01
     vertex -6.274902069764e+01 1.100000000000e+01 -2.802770877686e+01
     vertex -6.216616906470e+01 1.100000000000e+01 -2.789467669510e+01
   endloop
 endfacet
 facet normal -7.473009358642e-02 0.000000000000e+00 9.972037971812e-01
   outer loop
     vertex -6.157000000000e+01 2.350000000000e+01 -2.785000000000e+01
     vertex -6.216616906470e+01 2.350000000000e+01 -2.789467669510e+01
     vertex -6.216616906470e+01 1.100000000000e+01 -2.789467669510e+01
   endloop
 endfacet
 facet normal -7.473009358642e-02 0.000000000000e+00 9.972037971812e-01
   outer loop
     vertex -6.157000000000e+01 2.350000000000e+01 -2.785000000000e+01
     vertex -6.216616906470e+01 1.100000000000e+01 -2.789467669510e+01
     vertex -6.157000000000e+01 1.100000000000e+01 -2.785000000000e+01
   endloop
 endfacet
 facet normal -7.473009358642e-02 0.000000000000e+00 -9.972037971812e-01
   outer loop
     vertex 6.496534509890e+01 2.600000000000e+01 3.602486935901e+01
     vertex 6.463000000000e+01 1.100000000000e+01 3.605000000000e+01
     vertex 6.463000000000e+01 2.600000000000e+01 3.605000000000e+01
   endloop
 endfacet
 facet normal -7.473009358642e-02 -0.000000000000e+00 -9.972037971812e-01
   outer loop
     vertex 6.496534509890e+01 2.600000000000e+01 3.602486935901e+01
     vertex 6.496534509890e+01 1.100000000000e+01 3.602486935901e+01
     vertex 6.463000000000e+01 1.100000000000e+01 3.605000000000e+01
   endloop
 endfacet
 facet normal -2.225209339563e-01 -0.000000000000e+00 -9.749279121818e-01
   outer loop
     vertex 6.529319914242e+01 2.600000000000e+01 3.595003881302e+01
     vertex 6.529319914242e+01 1.100000000000e+01 3.595003881302e+01
     vertex 6.496534509890e+01 1.100000000000e+01 3.602486935901e+01
   endloop
 endfacet
 facet normal -2.225209339563e-01 0.000000000000e+00 -9.749279121818e-01
   outer loop
     vertex 6.529319914242e+01 2.600000000000e+01 3.595003881302e+01
     vertex 6.496534509890e+01 1.100000000000e+01 3.602486935901e+01
     vertex 6.496534509890e+01 2.600000000000e+01 3.602486935901e+01
   endloop
 endfacet
 facet normal -3.653410243664e-01 -0.000000000000e+00 -9.308737486442e-01
   outer loop
     vertex 6.560623841301e+01 2.600000000000e+01 3.582717995278e+01
     vertex 6.560623841301e+01 1.100000000000e+01 3.582717995278e+01
     vertex 6.529319914242e+01 1.100000000000e+01 3.595003881302e+01
   endloop
 endfacet
 facet normal -5.000000000000e-01 -0.000000000000e+00 -8.660254037844e-01
   outer loop
     vertex 6.560623841301e+01 2.600000000000e+01 3.582717995278e+01
     vertex 6.589747013064e+01 1.100000000000e+01 3.565903724221e+01
     vertex 6.560623841301e+01 1.100000000000e+01 3.582717995278e+01
   endloop
 endfacet
 facet normal -3.653410243664e-01 0.000000000000e+00 -9.308737486442e-01
   outer loop
     vertex 6.560623841301e+01 2.600000000000e+01 3.582717995278e+01
     vertex 6.529319914242e+01 1.100000000000e+01 3.595003881302e+01
     vertex 6.529319914242e+01 2.600000000000e+01 3.595003881302e+01
   endloop
 endfacet
 facet normal -5.000000000000e-01 -0.000000000000e+00 -8.660254037844e-01
   outer loop
     vertex 6.589747013064e+01 2.600000000000e+01 3.565903724221e+01
     vertex 6.589747013064e+01 1.100000000000e+01 3.565903724221e+01
     vertex 6.560623841301e+01 2.600000000000e+01 3.582717995278e+01
   endloop
 endfacet
 facet normal -6.234898018587e-01 -0.000000000000e+00 -7.818314824680e-01
   outer loop
     vertex 6.589747013064e+01 2.600000000000e+01 3.565903724221e+01
     vertex 6.616038865998e+01 1.100000000000e+01 3.544936671162e+01
     vertex 6.589747013064e+01 1.100000000000e+01 3.565903724221e+01
   endloop
 endfacet
 facet normal -6.234898018587e-01 -0.000000000000e+00 -7.818314824680e-01
   outer loop
     vertex 6.616038865998e+01 2.600000000000e+01 3.544936671162e+01
     vertex 6.616038865998e+01 1.100000000000e+01 3.544936671162e+01
     vertex 6.589747013064e+01 2.600000000000e+01 3.565903724221e+01
   endloop
 endfacet
 facet normal -7.330518718298e-01 0.000000000000e+00 -6.801727377709e-01
   outer loop
     vertex 6.638912083555e+01 2.600000000000e+01 3.520285205418e+01
     vertex 6.616038865998e+01 1.100000000000e+01 3.544936671162e+01
     vertex 6.616038865998e+01 2.600000000000e+01 3.544936671162e+01
   endloop
 endfacet
 facet normal -7.330518718298e-01 -0.000000000000e+00 -6.801727377709e-01
   outer loop
     vertex 6.638912083555e+01 2.600000000000e+01 3.520285205418e+01
     vertex 6.638912083555e+01 1.100000000000e+01 3.520285205418e+01
     vertex 6.616038865998e+01 1.100000000000e+01 3.544936671162e+01
   endloop
 endfacet
 facet normal -8.262387743160e-01 0.000000000000e+00 -5.633200580636e-01
   outer loop
     vertex 6.657855715851e+01 2.600000000000e+01 3.492500000000e+01
     vertex 6.638912083555e+01 1.100000000000e+01 3.520285205418e+01
     vertex 6.638912083555e+01 2.600000000000e+01 3.520285205418e+01
   endloop
 endfacet
 facet normal -8.262387743160e-01 -0.000000000000e+00 -5.633200580636e-01
   outer loop
     vertex 6.657855715851e+01 2.600000000000e+01 3.492500000000e+01
     vertex 6.657855715851e+01 1.100000000000e+01 3.492500000000e+01
     vertex 6.638912083555e+01 1.100000000000e+01 3.520285205418e+01
   endloop
 endfacet
 facet normal -9.009688679024e-01 -0.000000000000e+00 -4.338837391176e-01
   outer loop
     vertex 6.657855715851e+01 2.600000000000e+01 3.492500000000e+01
     vertex 6.672446593445e+01 1.100000000000e+01 3.462201730482e+01
     vertex 6.657855715851e+01 1.100000000000e+01 3.492500000000e+01
   endloop
 endfacet
 facet normal -9.009688679024e-01 -0.000000000000e+00 -4.338837391176e-01
   outer loop
     vertex 6.672446593445e+01 2.600000000000e+01 3.462201730482e+01
     vertex 6.672446593445e+01 1.100000000000e+01 3.462201730482e+01
     vertex 6.657855715851e+01 2.600000000000e+01 3.492500000000e+01
   endloop
 endfacet
 facet normal -9.555728057861e-01 0.000000000000e+00 -2.947551744109e-01
   outer loop
     vertex 6.682358780241e+01 2.600000000000e+01 3.430067210140e+01
     vertex 6.672446593445e+01 1.100000000000e+01 3.462201730482e+01
     vertex 6.672446593445e+01 2.600000000000e+01 3.462201730482e+01
   endloop
 endfacet
 facet normal -9.555728057861e-01 -0.000000000000e+00 -2.947551744109e-01
   outer loop
     vertex 6.682358780241e+01 2.600000000000e+01 3.430067210140e+01
     vertex 6.682358780241e+01 1.100000000000e+01 3.430067210140e+01
     vertex 6.672446593445e+01 1.100000000000e+01 3.462201730482e+01
   endloop
 endfacet
 facet normal -9.888308262251e-01 0.000000000000e+00 -1.490422661762e-01
   outer loop
     vertex 6.687370854366e+01 2.600000000000e+01 3.396814271057e+01
     vertex 6.682358780241e+01 1.100000000000e+01 3.430067210140e+01
     vertex 6.682358780241e+01 2.600000000000e+01 3.430067210140e+01
   endloop
 endfacet
 facet normal -9.888308262251e-01 -0.000000000000e+00 -1.490422661762e-01
   outer loop
     vertex 6.687370854366e+01 2.600000000000e+01 3.396814271057e+01
     vertex 6.687370854366e+01 1.100000000000e+01 3.396814271057e+01
     vertex 6.682358780241e+01 1.100000000000e+01 3.430067210140e+01
   endloop
 endfacet
 facet normal -1.000000000000e+00 0.000000000000e+00 0.000000000000e+00
   outer loop
     vertex 6.687370854366e+01 2.600000000000e+01 3.363185728943e+01
     vertex 6.687370854366e+01 1.100000000000e+01 3.396814271057e+01
     vertex 6.687370854366e+01 2.600000000000e+01 3.396814271057e+01
   endloop
 endfacet
 facet normal -1.000000000000e+00 0.000000000000e+00 0.000000000000e+00
   outer loop
     vertex 6.687370854366e+01 2.600000000000e+01 3.363185728943e+01
     vertex 6.687370854366e+01 1.100000000000e+01 3.363185728943e+01
     vertex 6.687370854366e+01 1.100000000000e+01 3.396814271057e+01
   endloop
 endfacet
 facet normal -9.888308262251e-01 0.000000000000e+00 1.490422661762e-01
   outer loop
     vertex 6.682358780241e+01 2.600000000000e+01 3.329932789860e+01
     vertex 6.687370854366e+01 1.100000000000e+01 3.363185728943e+01
     vertex 6.687370854366e+01 2.600000000000e+01 3.363185728943e+01
   endloop
 endfacet
 facet normal -9.888308262251e-01 0.000000000000e+00 1.490422661762e-01
   outer loop
     vertex 6.682358780241e+01 2.600000000000e+01 3.329932789860e+01
     vertex 6.682358780241e+01 1.100000000000e+01 3.329932789860e+01
     vertex 6.687370854366e+01 1.100000000000e+01 3.363185728943e+01
   endloop
 endfacet
 facet normal -9.555728057861e-01 0.000000000000e+00 2.947551744109e-01
   outer loop
     vertex 6.682358780241e+01 2.600000000000e+01 3.329932789860e+01
     vertex 6.672446593445e+01 1.100000000000e+01 3.297798269518e+01
     vertex 6.682358780241e+01 1.100000000000e+01 3.329932789860e+01
   endloop
 endfacet
 facet normal -9.555728057861e-01 0.000000000000e+00 2.947551744109e-01
   outer loop
     vertex 6.672446593445e+01 2.600000000000e+01 3.297798269518e+01
     vertex 6.672446593445e+01 1.100000000000e+01 3.297798269518e+01
     vertex 6.682358780241e+01 2.600000000000e+01 3.329932789860e+01
   endloop
 endfacet
 facet normal -9.009688679024e-01 0.000000000000e+00 4.338837391176e-01
   outer loop
     vertex 6.657855715851e+01 2.600000000000e+01 3.267500000000e+01
     vertex 6.672446593445e+01 1.100000000000e+01 3.297798269518e+01
     vertex 6.672446593445e+01 2.600000000000e+01 3.297798269518e+01
   endloop
 endfacet
 facet normal -9.009688679024e-01 0.000000000000e+00 4.338837391176e-01
   outer loop
     vertex 6.657855715851e+01 2.600000000000e+01 3.267500000000e+01
     vertex 6.657855715851e+01 1.100000000000e+01 3.267500000000e+01
     vertex 6.672446593445e+01 1.100000000000e+01 3.297798269518e+01
   endloop
 endfacet
 facet normal -8.262387743160e-01 0.000000000000e+00 5.633200580636e-01
   outer loop
     vertex 6.638912083555e+01 2.600000000000e+01 3.239714794582e+01
     vertex 6.657855715851e+01 1.100000000000e+01 3.267500000000e+01
     vertex 6.657855715851e+01 2.600000000000e+01 3.267500000000e+01
   endloop
 endfacet
 facet normal -8.262387743160e-01 0.000000000000e+00 5.633200580636e-01
   outer loop
     vertex 6.638912083555e+01 2.600000000000e+01 3.239714794582e+01
     vertex 6.638912083555e+01 1.100000000000e+01 3.239714794582e+01
     vertex 6.657855715851e+01 1.100000000000e+01 3.267500000000e+01
   endloop
 endfacet
 facet normal -7.330518718298e-01 0.000000000000e+00 6.801727377709e-01
   outer loop
     vertex 6.616038865998e+01 2.600000000000e+01 3.215063328838e+01
     vertex 6.638912083555e+01 1.100000000000e+01 3.239714794582e+01
     vertex 6.638912083555e+01 2.600000000000e+01 3.239714794582e+01
   endloop
 endfacet
 facet normal -7.330518718298e-01 0.000000000000e+00 6.801727377709e-01
   outer loop
     vertex 6.616038865998e+01 2.600000000000e+01 3.215063328838e+01
     vertex 6.616038865998e+01 1.100000000000e+01 3.215063328838e+01
     vertex 6.638912083555e+01 1.100000000000e+01 3.239714794582e+01
   endloop
 endfacet
 facet normal -6.234898018587e-01 0.000000000000e+00 7.818314824680e-01
   outer loop
     vertex 6.589747013064e+01 2.600000000000e+01 3.194096275779e+01
     vertex 6.589747013064e+01 1.100000000000e+01 3.194096275779e+01
     vertex 6.616038865998e+01 1.100000000000e+01 3.215063328838e+01
   endloop
 endfacet
 facet normal -6.234898018587e-01 0.000000000000e+00 7.818314824680e-01
   outer loop
     vertex 6.589747013064e+01 2.600000000000e+01 3.194096275779e+01
     vertex 6.616038865998e+01 1.100000000000e+01 3.215063328838e+01
     vertex 6.616038865998e+01 2.600000000000e+01 3.215063328838e+01
   endloop
 endfacet
 facet normal -5.000000000000e-01 0.000000000000e+00 8.660254037844e-01
   outer loop
     vertex 6.560623841301e+01 2.600000000000e+01 3.177282004722e+01
     vertex 6.560623841301e+01 1.100000000000e+01 3.177282004722e+01
     vertex 6.589747013064e+01 1.100000000000e+01 3.194096275779e+01
   endloop
 endfacet
 facet normal -5.000000000000e-01 0.000000000000e+00 8.660254037844e-01
   outer loop
     vertex 6.560623841301e+01 2.600000000000e+01 3.177282004722e+01
     vertex 6.589747013064e+01 1.100000000000e+01 3.194096275779e+01
     vertex 6.589747013064e+01 2.600000000000e+01 3.194096275779e+01
   endloop
 endfacet
 facet normal -3.653410243664e-01 0.000000000000e+00 9.308737486442e-01
   outer loop
     vertex 6.529319914242e+01 2.600000000000e+01 3.164996118698e+01
     vertex 6.529319914242e+01 1.100000000000e+01 3.164996118698e+01
     vertex 6.560623841301e+01 1.100000000000e+01 3.177282004722e+01
   endloop
 endfacet
 facet normal -3.653410243664e-01 0.000000000000e+00 9.308737486442e-01
   outer loop
     vertex 6.529319914242e+01 2.600000000000e+01 3.164996118698e+01
     vertex 6.560623841301e+01 1.100000000000e+01 3.177282004722e+01
     vertex 6.560623841301e+01 2.600000000000e+01 3.177282004722e+01
   endloop
 endfacet
 facet normal -2.225209339563e-01 0.000000000000e+00 9.749279121818e-01
   outer loop
     vertex 6.496534509890e+01 2.600000000000e+01 3.157513064099e+01
     vertex 6.496534509890e+01 1.100000000000e+01 3.157513064099e+01
     vertex 6.529319914242e+01 1.100000000000e+01 3.164996118698e+01
   endloop
 endfacet
 facet normal -2.225209339563e-01 0.000000000000e+00 9.749279121818e-01
   outer loop
     vertex 6.496534509890e+01 2.600000000000e+01 3.157513064099e+01
     vertex 6.529319914242e+01 1.100000000000e+01 3.164996118698e+01
     vertex 6.529319914242e+01 2.600000000000e+01 3.164996118698e+01
   endloop
 endfacet
 facet normal -7.473009358642e-02 0.000000000000e+00 9.972037971812e-01
   outer loop
     vertex 6.463000000000e+01 2.600000000000e+01 3.155000000000e+01
     vertex 6.463000000000e+01 1.100000000000e+01 3.155000000000e+01
     vertex 6.496534509890e+01 1.100000000000e+01 3.157513064099e+01
   endloop
 endfacet
 facet normal -7.473009358642e-02 0.000000000000e+00 9.972037971812e-01
   outer loop
     vertex 6.463000000000e+01 2.600000000000e+01 3.155000000000e+01
     vertex 6.496534509890e+01 1.100000000000e+01 3.157513064099e+01
     vertex 6.496534509890e+01 2.600000000000e+01 3.157513064099e+01
   endloop
 endfacet
 facet normal 7.473009358642e-02 0.000000000000e+00 9.972037971812e-01
   outer loop
     vertex 6.429465490110e+01 2.600000000000e+01 3.157513064099e+01
     vertex 6.429465490110e+01 1.100000000000e+01 3.157513064099e+01
     vertex 6.463000000000e+01 1.100000000000e+01 3.155000000000e+01
   endloop
 endfacet
 facet normal 7.473009358642e-02 0.000000000000e+00 9.972037971812e-01
   outer loop
     vertex 6.429465490110e+01 2.600000000000e+01 3.157513064099e+01
     vertex 6.463000000000e+01 1.100000000000e+01 3.155000000000e+01
     vertex 6.463000000000e+01 2.600000000000e+01 3.155000000000e+01
   endloop
 endfacet
 facet normal 2.225209339563e-01 0.000000000000e+00 9.749279121818e-01
   outer loop
     vertex 6.396680085758e+01 2.600000000000e+01 3.164996118698e+01
     vertex 6.396680085758e+01 1.100000000000e+01 3.164996118698e+01
     vertex 6.429465490110e+01 1.100000000000e+01 3.157513064099e+01
   endloop
 endfacet
 facet normal 2.225209339563e-01 0.000000000000e+00 9.749279121818e-01
   outer loop
     vertex 6.396680085758e+01 2.600000000000e+01 3.164996118698e+01
     vertex 6.429465490110e+01 1.100000000000e+01 3.157513064099e+01
     vertex 6.429465490110e+01 2.600000000000e+01 3.157513064099e+01
   endloop
 endfacet
 facet normal 3.653410243664e-01 0.000000000000e+00 9.308737486442e-01
   outer loop
     vertex 6.365376158699e+01 2.600000000000e+01 3.177282004722e+01
     vertex 6.365376158699e+01 1.100000000000e+01 3.177282004722e+01
     vertex 6.396680085758e+01 1.100000000000e+01 3.164996118698e+01
   endloop
 endfacet
 facet normal 5.000000000000e-01 0.000000000000e+00 8.660254037844e-01
   outer loop
     vertex 6.365376158699e+01 2.600000000000e+01 3.177282004722e+01
     vertex 6.336252986936e+01 1.100000000000e+01 3.194096275779e+01
     vertex 6.365376158699e+01 1.100000000000e+01 3.177282004722e+01
   endloop
 endfacet
 facet normal 3.653410243664e-01 0.000000000000e+00 9.308737486442e-01
   outer loop
     vertex 6.365376158699e+01 2.600000000000e+01 3.177282004722e+01
     vertex 6.396680085758e+01 1.100000000000e+01 3.164996118698e+01
     vertex 6.396680085758e+01 2.600000000000e+01 3.164996118698e+01
   endloop
 endfacet
 facet normal 5.000000000000e-01 0.000000000000e+00 8.660254037844e-01
   outer loop
     vertex 6.336252986936e+01 2.600000000000e+01 3.194096275779e+01
     vertex 6.336252986936e+01 1.100000000000e+01 3.194096275779e+01
     vertex 6.365376158699e+01 2.600000000000e+01 3.177282004722e+01
   endloop
 endfacet
 facet normal 6.234898018587e-01 0.000000000000e+00 7.818314824680e-01
   outer loop
     vertex 6.309961134002e+01 2.600000000000e+01 3.215063328838e+01
     vertex 6.309961134002e+01 1.100000000000e+01 3.215063328838e+01
     vertex 6.336252986936e+01 1.100000000000e+01 3.194096275779e+01
   endloop
 endfacet
 facet normal 6.234898018587e-01 0.000000000000e+00 7.818314824680e-01
   outer loop
     vertex 6.309961134002e+01 2.600000000000e+01 3.215063328838e+01
     vertex 6.336252986936e+01 1.100000000000e+01 3.194096275779e+01
     vertex 6.336252986936e+01 2.600000000000e+01 3.194096275779e+01
   endloop
 endfacet
 facet normal 7.330518718298e-01 0.000000000000e+00 6.801727377709e-01
   outer loop
     vertex 6.287087916445e+01 2.600000000000e+01 3.239714794582e+01
     vertex 6.287087916445e+01 1.100000000000e+01 3.239714794582e+01
     vertex 6.309961134002e+01 1.100000000000e+01 3.215063328838e+01
   endloop
 endfacet
 facet normal 7.330518718298e-01 0.000000000000e+00 6.801727377709e-01
   outer loop
     vertex 6.287087916445e+01 2.600000000000e+01 3.239714794582e+01
     vertex 6.309961134002e+01 1.100000000000e+01 3.215063328838e+01
     vertex 6.309961134002e+01 2.600000000000e+01 3.215063328838e+01
   endloop
 endfacet
 facet normal 8.262387743160e-01 0.000000000000e+00 5.633200580636e-01
   outer loop
     vertex 6.268144284149e+01 2.600000000000e+01 3.267500000000e+01
     vertex 6.268144284149e+01 1.100000000000e+01 3.267500000000e+01
     vertex 6.287087916445e+01 1.100000000000e+01 3.239714794582e+01
   endloop
 endfacet
 facet normal 9.009688679024e-01 0.000000000000e+00 4.338837391176e-01
   outer loop
     vertex 6.268144284149e+01 2.600000000000e+01 3.267500000000e+01
     vertex 6.253553406555e+01 1.100000000000e+01 3.297798269518e+01
     vertex 6.268144284149e+01 1.100000000000e+01 3.267500000000e+01
   endloop
 endfacet
 facet normal 8.262387743160e-01 0.000000000000e+00 5.633200580636e-01
   outer loop
     vertex 6.268144284149e+01 2.600000000000e+01 3.267500000000e+01
     vertex 6.287087916445e+01 1.100000000000e+01 3.239714794582e+01
     vertex 6.287087916445e+01 2.600000000000e+01 3.239714794582e+01
   endloop
 endfacet
 facet normal 9.009688679024e-01 0.000000000000e+00 4.338837391176e-01
   outer loop
     vertex 6.253553406555e+01 2.600000000000e+01 3.297798269518e+01
     vertex 6.253553406555e+01 1.100000000000e+01 3.297798269518e+01
     vertex 6.268144284149e+01 2.600000000000e+01 3.267500000000e+01
   endloop
 endfacet
 facet normal 9.555728057861e-01 0.000000000000e+00 2.947551744109e-01
   outer loop
     vertex 6.243641219759e+01 2.600000000000e+01 3.329932789860e+01
     vertex 6.253553406555e+01 1.100000000000e+01 3.297798269518e+01
     vertex 6.253553406555e+01 2.600000000000e+01 3.297798269518e+01
   endloop
 endfacet
 facet normal 9.555728057861e-01 0.000000000000e+00 2.947551744109e-01
   outer loop
     vertex 6.243641219759e+01 2.600000000000e+01 3.329932789860e+01
     vertex 6.243641219759e+01 1.100000000000e+01 3.329932789860e+01
     vertex 6.253553406555e+01 1.100000000000e+01 3.297798269518e+01
   endloop
 endfacet
 facet normal 9.888308262251e-01 0.000000000000e+00 1.490422661762e-01
   outer loop
     vertex 6.238629145634e+01 2.600000000000e+01 3.363185728943e+01
     vertex 6.243641219759e+01 1.100000000000e+01 3.329932789860e+01
     vertex 6.243641219759e+01 2.600000000000e+01 3.329932789860e+01
   endloop
 endfacet
 facet normal 9.888308262251e-01 0.000000000000e+00 1.490422661762e-01
   outer loop
     vertex 6.238629145634e+01 2.600000000000e+01 3.363185728943e+01
     vertex 6.238629145634e+01 1.100000000000e+01 3.363185728943e+01
     vertex 6.243641219759e+01 1.100000000000e+01 3.329932789860e+01
   endloop
 endfacet
 facet normal 1.000000000000e+00 0.000000000000e+00 0.000000000000e+00
   outer loop
     vertex 6.238629145634e+01 2.600000000000e+01 3.396814271057e+01
     vertex 6.238629145634e+01 1.100000000000e+01 3.363185728943e+01
     vertex 6.238629145634e+01 2.600000000000e+01 3.363185728943e+01
   endloop
 endfacet
 facet normal 1.000000000000e+00 0.000000000000e+00 0.000000000000e+00
   outer loop
     vertex 6.238629145634e+01 2.600000000000e+01 3.396814271057e+01
     vertex 6.238629145634e+01 1.100000000000e+01 3.396814271057e+01
     vertex 6.238629145634e+01 1.100000000000e+01 3.363185728943e+01
   endloop
 endfacet
 facet normal 9.888308262251e-01 0.000000000000e+00 -1.490422661762e-01
   outer loop
     vertex 6.243641219759e+01 2.600000000000e+01 3.430067210140e+01
     vertex 6.238629145634e+01 1.100000000000e+01 3.396814271057e+01
     vertex 6.238629145634e+01 2.600000000000e+01 3.396814271057e+01
   endloop
 endfacet
 facet normal 9.888308262251e-01 0.000000000000e+00 -1.490422661762e-01
   outer loop
     vertex 6.243641219759e+01 2.600000000000e+01 3.430067210140e+01
     vertex 6.243641219759e+01 1.100000000000e+01 3.430067210140e+01
     vertex 6.238629145634e+01 1.100000000000e+01 3.396814271057e+01
   endloop
 endfacet
 facet normal 9.555728057861e-01 0.000000000000e+00 -2.947551744109e-01
   outer loop
     vertex 6.253553406555e+01 2.600000000000e+01 3.462201730482e+01
     vertex 6.243641219759e+01 1.100000000000e+01 3.430067210140e+01
     vertex 6.243641219759e+01 2.600000000000e+01 3.430067210140e+01
   endloop
 endfacet
 facet normal 9.555728057861e-01 0.000000000000e+00 -2.947551744109e-01
   outer loop
     vertex 6.253553406555e+01 2.600000000000e+01 3.462201730482e+01
     vertex 6.253553406555e+01 1.100000000000e+01 3.462201730482e+01
     vertex 6.243641219759e+01 1.100000000000e+01 3.430067210140e+01
   endloop
 endfacet
 facet normal 9.009688679024e-01 0.000000000000e+00 -4.338837391176e-01
   outer loop
     vertex 6.253553406555e+01 2.600000000000e+01 3.462201730482e+01
     vertex 6.268144284149e+01 1.100000000000e+01 3.492500000000e+01
     vertex 6.253553406555e+01 1.100000000000e+01 3.462201730482e+01
   endloop
 endfacet
 facet normal 9.009688679024e-01 0.000000000000e+00 -4.338837391176e-01
   outer loop
     vertex 6.268144284149e+01 2.600000000000e+01 3.492500000000e+01
     vertex 6.268144284149e+01 1.100000000000e+01 3.492500000000e+01
     vertex 6.253553406555e+01 2.600000000000e+01 3.462201730482e+01
   endloop
 endfacet
 facet normal 8.262387743160e-01 0.000000000000e+00 -5.633200580636e-01
   outer loop
     vertex 6.287087916445e+01 2.600000000000e+01 3.520285205418e+01
     vertex 6.268144284149e+01 1.100000000000e+01 3.492500000000e+01
     vertex 6.268144284149e+01 2.600000000000e+01 3.492500000000e+01
   endloop
 endfacet
 facet normal 8.262387743160e-01 0.000000000000e+00 -5.633200580636e-01
   outer loop
     vertex 6.287087916445e+01 2.600000000000e+01 3.520285205418e+01
     vertex 6.287087916445e+01 1.100000000000e+01 3.520285205418e+01
     vertex 6.268144284149e+01 1.100000000000e+01 3.492500000000e+01
   endloop
 endfacet
 facet normal 7.330518718298e-01 0.000000000000e+00 -6.801727377709e-01
   outer loop
     vertex 6.309961134002e+01 2.600000000000e+01 3.544936671162e+01
     vertex 6.287087916445e+01 1.100000000000e+01 3.520285205418e+01
     vertex 6.287087916445e+01 2.600000000000e+01 3.520285205418e+01
   endloop
 endfacet
 facet normal 7.330518718298e-01 0.000000000000e+00 -6.801727377709e-01
   outer loop
     vertex 6.309961134002e+01 2.600000000000e+01 3.544936671162e+01
     vertex 6.309961134002e+01 1.100000000000e+01 3.544936671162e+01
     vertex 6.287087916445e+01 1.100000000000e+01 3.520285205418e+01
   endloop
 endfacet
 facet normal 6.234898018587e-01 0.000000000000e+00 -7.818314824680e-01
   outer loop
     vertex 6.336252986936e+01 2.600000000000e+01 3.565903724221e+01
     vertex 6.309961134002e+01 1.100000000000e+01 3.544936671162e+01
     vertex 6.309961134002e+01 2.600000000000e+01 3.544936671162e+01
   endloop
 endfacet
 facet normal 6.234898018587e-01 0.000000000000e+00 -7.818314824680e-01
   outer loop
     vertex 6.336252986936e+01 2.600000000000e+01 3.565903724221e+01
     vertex 6.336252986936e+01 1.100000000000e+01 3.565903724221e+01
     vertex 6.309961134002e+01 1.100000000000e+01 3.544936671162e+01
   endloop
 endfacet
 facet normal 5.000000000000e-01 0.000000000000e+00 -8.660254037844e-01
   outer loop
     vertex 6.365376158699e+01 2.600000000000e+01 3.582717995278e+01
     vertex 6.336252986936e+01 1.100000000000e+01 3.565903724221e+01
     vertex 6.336252986936e+01 2.600000000000e+01 3.565903724221e+01
   endloop
 endfacet
 facet normal 5.000000000000e-01 0.000000000000e+00 -8.660254037844e-01
   outer loop
     vertex 6.365376158699e+01 2.600000000000e+01 3.582717995278e+01
     vertex 6.365376158699e+01 1.100000000000e+01 3.582717995278e+01
     vertex 6.336252986936e+01 1.100000000000e+01 3.565903724221e+01
   endloop
 endfacet
 facet normal 3.653410243664e-01 0.000000000000e+00 -9.308737486442e-01
   outer loop
     vertex 6.365376158699e+01 2.600000000000e+01 3.582717995278e+01
     vertex 6.396680085758e+01 1.100000000000e+01 3.595003881302e+01
     vertex 6.365376158699e+01 1.100000000000e+01 3.582717995278e+01
   endloop
 endfacet
 facet normal 3.653410243664e-01 0.000000000000e+00 -9.308737486442e-01
   outer loop
     vertex 6.396680085758e+01 2.600000000000e+01 3.595003881302e+01
     vertex 6.396680085758e+01 1.100000000000e+01 3.595003881302e+01
     vertex 6.365376158699e+01 2.600000000000e+01 3.582717995278e+01
   endloop
 endfacet
 facet normal 2.225209339563e-01 0.000000000000e+00 -9.749279121818e-01
   outer loop
     vertex 6.429465490110e+01 2.600000000000e+01 3.602486935901e+01
     vertex 6.396680085758e+01 1.100000000000e+01 3.595003881302e+01
     vertex 6.396680085758e+01 2.600000000000e+01 3.595003881302e+01
   endloop
 endfacet
 facet normal 2.225209339563e-01 0.000000000000e+00 -9.749279121818e-01
   outer loop
     vertex 6.429465490110e+01 2.600000000000e+01 3.602486935901e+01
     vertex 6.429465490110e+01 1.100000000000e+01 3.602486935901e+01
     vertex 6.396680085758e+01 1.100000000000e+01 3.595003881302e+01
   endloop
 endfacet
 facet normal 7.473009358642e-02 0.000000000000e+00 -9.972037971812e-01
   outer loop
     vertex 6.429465490110e+01 2.600000000000e+01 3.602486935901e+01
     vertex 6.463000000000e+01 1.100000000000e+01 3.605000000000e+01
     vertex 6.429465490110e+01 1.100000000000e+01 3.602486935901e+01
   endloop
 endfacet
 facet normal 7.473009358642e-02 0.000000000000e+00 -9.972037971812e-01
   outer loop
     vertex 6.463000000000e+01 2.600000000000e+01 3.605000000000e+01
     vertex 6.463000000000e+01 1.100000000000e+01 3.605000000000e+01
     vertex 6.429465490110e+01 2.600000000000e+01 3.602486935901e+01
   endloop
 endfacet
 facet normal 0.000000000000e+00 -1.000000000000e+00 0.000000000000e+00
   outer loop
     vertex 6.287087916445e+01 1.100000000000e+01 3.239714794582e+01
     vertex 6.150267407013e+01 1.100000000000e+01 3.130604079257e+01
     vertex 6.190930904892e+01 1.100000000000e+01 3.086779251268e+01
   endloop
 endfacet
 facet normal 0.000000000000e+00 -1.000000000000e+00 -0.000000000000e+00
   outer loop
     vertex 6.287087916445e+01 1.100000000000e+01 3.239714794582e+01
     vertex 6.190930904892e+01 1.100000000000e+01 3.086779251268e+01
     vertex 6.309961134002e+01 1.100000000000e+01 3.215063328838e+01
   endloop
 endfacet
 facet normal 0.000000000000e+00 -1.000000000000e+00 0.000000000000e+00
   outer loop
     vertex 6.336252986936e+01 1.100000000000e+01 3.194096275779e+01
     vertex 6.190930904892e+01 1.100000000000e+01 3.086779251268e+01
     vertex 6.237671976775e+01 1.100000000000e+01 3.049504490274e+01
   endloop
 endfacet
 facet normal -0.000000000000e+00 -1.000000000000e+00 0.000000000000e+00
   outer loop
     vertex 6.336252986936e+01 1.100000000000e+01 3.194096275779e+01
     vertex 6.309961134002e+01 1.100000000000e+01 3.215063328838e+01
     vertex 6.190930904892e+01 1.100000000000e+01 3.086779251268e+01
   endloop
 endfacet
 facet normal 0.000000000000e+00 -1.000000000000e+00 -0.000000000000e+00
   outer loop
     vertex 6.268144284149e+01 1.100000000000e+01 3.267500000000e+01
     vertex 6.150267407013e+01 1.100000000000e+01 3.130604079257e+01
     vertex 6.287087916445e+01 1.100000000000e+01 3.239714794582e+01
   endloop
 endfacet
 facet normal 0.000000000000e+00 -1.000000000000e+00 0.000000000000e+00
   outer loop
     vertex 6.268144284149e+01 1.100000000000e+01 3.267500000000e+01
     vertex 6.116589838486e+01 1.100000000000e+01 3.180000000000e+01
     vertex 6.150267407013e+01 1.100000000000e+01 3.130604079257e+01
   endloop
 endfacet
 facet normal -0.000000000000e+00 -1.000000000000e+00 0.000000000000e+00
   outer loop
     vertex 6.365376158699e+01 1.100000000000e+01 3.177282004722e+01
     vertex 6.336252986936e+01 1.100000000000e+01 3.194096275779e+01
     vertex 6.237671976775e+01 1.100000000000e+01 3.049504490274e+01
   endloop
 endfacet
 facet normal 0.000000000000e+00 -1.000000000000e+00 0.000000000000e+00
   outer loop
     vertex 6.365376158699e+01 1.100000000000e+01 3.177282004722e+01
     vertex 6.237671976775e+01 1.100000000000e+01 3.049504490274e+01
     vertex 6.289446504353e+01 1.100000000000e+01 3.019612452839e+01
   endloop
 endfacet
 facet normal 0.000000000000e+00 -1.000000000000e+00 -0.000000000000e+00
   outer loop
     vertex 6.253553406555e+01 1.100000000000e+01 3.297798269518e+01
     vertex 6.116589838486e+01 1.100000000000e+01 3.180000000000e+01
     vertex 6.268144284149e+01 1.100000000000e+01 3.267500000000e+01
   endloop
 endfacet
 facet normal 0.000000000000e+00 -1.000000000000e+00 0.000000000000e+00
   outer loop
     vertex 6.253553406555e+01 1.100000000000e+01 3.297798269518e+01
     vertex 6.090650500542e+01 1.100000000000e+01 3.233863590253e+01
     vertex 6.116589838486e+01 1.100000000000e+01 3.180000000000e+01
   endloop
 endfacet
 facet normal 0.000000000000e+00 -1.000000000000e+00 0.000000000000e+00
   outer loop
     vertex 6.253553406555e+01 1.100000000000e+01 3.297798269518e+01
     vertex 6.073028835127e+01 1.100000000000e+01 3.290991626417e+01
     vertex 6.090650500542e+01 1.100000000000e+01 3.233863590253e+01
   endloop
 endfacet
 facet normal -0.000000000000e+00 -1.000000000000e+00 0.000000000000e+00
   outer loop
     vertex 6.396680085758e+01 1.100000000000e+01 3.164996118698e+01
     vertex 6.365376158699e+01 1.100000000000e+01 3.177282004722e+01
     vertex 6.289446504353e+01 1.100000000000e+01 3.019612452839e+01
   endloop
 endfacet
 facet normal 0.000000000000e+00 -1.000000000000e+00 0.000000000000e+00
   outer loop
     vertex 6.396680085758e+01 1.100000000000e+01 3.164996118698e+01
     vertex 6.289446504353e+01 1.100000000000e+01 3.019612452839e+01
     vertex 6.345097930236e+01 1.100000000000e+01 2.997770877686e+01
   endloop
 endfacet
 facet normal -0.000000000000e+00 -1.000000000000e+00 0.000000000000e+00
   outer loop
     vertex 6.243641219759e+01 1.100000000000e+01 3.329932789860e+01
     vertex 6.064118481128e+01 1.100000000000e+01 3.350107962565e+01
     vertex 6.073028835127e+01 1.100000000000e+01 3.290991626417e+01
   endloop
 endfacet
 facet normal 0.000000000000e+00 -1.000000000000e+00 -0.000000000000e+00
   outer loop
     vertex 6.243641219759e+01 1.100000000000e+01 3.329932789860e+01
     vertex 6.073028835127e+01 1.100000000000e+01 3.290991626417e+01
     vertex 6.253553406555e+01 1.100000000000e+01 3.297798269518e+01
   endloop
 endfacet
 facet normal 0.000000000000e+00 -1.000000000000e+00 0.000000000000e+00
   outer loop
     vertex 6.429465490110e+01 1.100000000000e+01 3.157513064099e+01
     vertex 6.345097930236e+01 1.100000000000e+01 2.997770877686e+01
     vertex 6.403383093530e+01 1.100000000000e+01 2.984467669510e+01
   endloop
 endfacet
 facet normal -0.000000000000e+00 -1.000000000000e+00 0.000000000000e+00
   outer loop
     vertex 6.429465490110e+01 1.100000000000e+01 3.157513064099e+01
     vertex 6.396680085758e+01 1.100000000000e+01 3.164996118698e+01
     vertex 6.345097930236e+01 1.100000000000e+01 2.997770877686e+01
   endloop
 endfacet
 facet normal 0.000000000000e+00 -1.000000000000e+00 -0.000000000000e+00
   outer loop
     vertex 6.238629145634e+01 1.100000000000e+01 3.363185728943e+01
     vertex 6.064118481128e+01 1.100000000000e+01 3.350107962565e+01
     vertex 6.243641219759e+01 1.100000000000e+01 3.329932789860e+01
   endloop
 endfacet
 facet normal -0.000000000000e+00 -1.000000000000e+00 0.000000000000e+00
   outer loop
     vertex 6.463000000000e+01 1.100000000000e+01 3.155000000000e+01
     vertex 6.429465490110e+01 1.100000000000e+01 3.157513064099e+01
     vertex 6.403383093530e+01 1.100000000000e+01 2.984467669510e+01
   endloop
 endfacet
 facet normal 0.000000000000e+00 -1.000000000000e+00 0.000000000000e+00
   outer loop
     vertex 6.463000000000e+01 1.100000000000e+01 3.155000000000e+01
     vertex 6.463000000000e+01 1.100000000000e+01 2.980000000000e+01
     vertex 6.522616906470e+01 1.100000000000e+01 2.984467669510e+01
   endloop
 endfacet
 facet normal 0.000000000000e+00 -1.000000000000e+00 -0.000000000000e+00
   outer loop
     vertex 6.463000000000e+01 1.100000000000e+01 3.155000000000e+01
     vertex 6.403383093530e+01 1.100000000000e+01 2.984467669510e+01
     vertex 6.463000000000e+01 1.100000000000e+01 2.980000000000e+01
   endloop
 endfacet
 facet normal 0.000000000000e+00 -1.000000000000e+00 -0.000000000000e+00
   outer loop
     vertex 6.238629145634e+01 1.100000000000e+01 3.396814271057e+01
     vertex 6.064118481128e+01 1.100000000000e+01 3.350107962565e+01
     vertex 6.238629145634e+01 1.100000000000e+01 3.363185728943e+01
   endloop
 endfacet
 facet normal -0.000000000000e+00 -1.000000000000e+00 0.000000000000e+00
   outer loop
     vertex 6.238629145634e+01 1.100000000000e+01 3.396814271057e+01
     vertex 6.064118481128e+01 1.100000000000e+01 3.409892037435e+01
     vertex 6.064118481128e+01 1.100000000000e+01 3.350107962565e+01
   endloop
 endfacet
 facet normal 0.000000000000e+00 -1.000000000000e+00 0.000000000000e+00
   outer loop
     vertex 6.238629145634e+01 1.100000000000e+01 3.396814271057e+01
     vertex 6.073028835127e+01 1.100000000000e+01 3.469008373583e+01
     vertex 6.064118481128e+01 1.100000000000e+01 3.409892037435e+01
   endloop
 endfacet
 facet normal 0.000000000000e+00 -1.000000000000e+00 -0.000000000000e+00
   outer loop
     vertex 6.496534509890e+01 1.100000000000e+01 3.157513064099e+01
     vertex 6.463000000000e+01 1.100000000000e+01 3.155000000000e+01
     vertex 6.522616906470e+01 1.100000000000e+01 2.984467669510e+01
   endloop
 endfacet
 facet normal 0.000000000000e+00 -1.000000000000e+00 0.000000000000e+00
   outer loop
     vertex 6.496534509890e+01 1.100000000000e+01 3.157513064099e+01
     vertex 6.522616906470e+01 1.100000000000e+01 2.984467669510e+01
     vertex 6.580902069764e+01 1.100000000000e+01 2.997770877686e+01
   endloop
 endfacet
 facet normal -0.000000000000e+00 -1.000000000000e+00 0.000000000000e+00
   outer loop
     vertex 6.243641219759e+01 1.100000000000e+01 3.430067210140e+01
     vertex 6.073028835127e+01 1.100000000000e+01 3.469008373583e+01
     vertex 6.238629145634e+01 1.100000000000e+01 3.396814271057e+01
   endloop
 endfacet
 facet normal 0.000000000000e+00 -1.000000000000e+00 -0.000000000000e+00
   outer loop
     vertex 6.529319914242e+01 1.100000000000e+01 3.164996118698e+01
     vertex 6.496534509890e+01 1.100000000000e+01 3.157513064099e+01
     vertex 6.580902069764e+01 1.100000000000e+01 2.997770877686e+01
   endloop
 endfacet
 facet normal -0.000000000000e+00 -1.000000000000e+00 0.000000000000e+00
   outer loop
     vertex 6.253553406555e+01 1.100000000000e+01 3.462201730482e+01
     vertex 6.073028835127e+01 1.100000000000e+01 3.469008373583e+01
     vertex 6.243641219759e+01 1.100000000000e+01 3.430067210140e+01
   endloop
 endfacet
 facet normal 0.000000000000e+00 -1.000000000000e+00 0.000000000000e+00
   outer loop
     vertex 6.253553406555e+01 1.100000000000e+01 3.462201730482e+01
     vertex 6.090650500542e+01 1.100000000000e+01 3.526136409747e+01
     vertex 6.073028835127e+01 1.100000000000e+01 3.469008373583e+01
   endloop
 endfacet
 facet normal 0.000000000000e+00 -1.000000000000e+00 0.000000000000e+00
   outer loop
     vertex 6.560623841301e+01 1.100000000000e+01 3.177282004722e+01
     vertex 6.580902069764e+01 1.100000000000e+01 2.997770877686e+01
     vertex 6.636553495647e+01 1.100000000000e+01 3.019612452839e+01
   endloop
 endfacet
 facet normal 0.000000000000e+00 -1.000000000000e+00 -0.000000000000e+00
   outer loop
     vertex 6.560623841301e+01 1.100000000000e+01 3.177282004722e+01
     vertex 6.529319914242e+01 1.100000000000e+01 3.164996118698e+01
     vertex 6.580902069764e+01 1.100000000000e+01 2.997770877686e+01
   endloop
 endfacet
 facet normal 0.000000000000e+00 -1.000000000000e+00 0.000000000000e+00
   outer loop
     vertex 6.268144284149e+01 1.100000000000e+01 3.492500000000e+01
     vertex 6.116589838486e+01 1.100000000000e+01 3.580000000000e+01
     vertex 6.090650500542e+01 1.100000000000e+01 3.526136409747e+01
   endloop
 endfacet
 facet normal -0.000000000000e+00 -1.000000000000e+00 0.000000000000e+00
   outer loop
     vertex 6.268144284149e+01 1.100000000000e+01 3.492500000000e+01
     vertex 6.090650500542e+01 1.100000000000e+01 3.526136409747e+01
     vertex 6.253553406555e+01 1.100000000000e+01 3.462201730482e+01
   endloop
 endfacet
 facet normal 0.000000000000e+00 -1.000000000000e+00 0.000000000000e+00
   outer loop
     vertex 6.589747013064e+01 1.100000000000e+01 3.194096275779e+01
     vertex 6.636553495647e+01 1.100000000000e+01 3.019612452839e+01
     vertex 6.688328023225e+01 1.100000000000e+01 3.049504490274e+01
   endloop
 endfacet
 facet normal 0.000000000000e+00 -1.000000000000e+00 -0.000000000000e+00
   outer loop
     vertex 6.589747013064e+01 1.100000000000e+01 3.194096275779e+01
     vertex 6.560623841301e+01 1.100000000000e+01 3.177282004722e+01
     vertex 6.636553495647e+01 1.100000000000e+01 3.019612452839e+01
   endloop
 endfacet
 facet normal 0.000000000000e+00 -1.000000000000e+00 0.000000000000e+00
   outer loop
     vertex 6.287087916445e+01 1.100000000000e+01 3.520285205418e+01
     vertex 6.150267407013e+01 1.100000000000e+01 3.629395920743e+01
     vertex 6.116589838486e+01 1.100000000000e+01 3.580000000000e+01
   endloop
 endfacet
 facet normal -0.000000000000e+00 -1.000000000000e+00 0.000000000000e+00
   outer loop
     vertex 6.287087916445e+01 1.100000000000e+01 3.520285205418e+01
     vertex 6.116589838486e+01 1.100000000000e+01 3.580000000000e+01
     vertex 6.268144284149e+01 1.100000000000e+01 3.492500000000e+01
   endloop
 endfacet
 facet normal -0.000000000000e+00 -1.000000000000e+00 0.000000000000e+00
   outer loop
     vertex 6.735069095108e+01 1.100000000000e+01 3.086779251268e+01
     vertex 6.589747013064e+01 1.100000000000e+01 3.194096275779e+01
     vertex 6.688328023225e+01 1.100000000000e+01 3.049504490274e+01
   endloop
 endfacet
 facet normal 0.000000000000e+00 -1.000000000000e+00 -0.000000000000e+00
   outer loop
     vertex 6.616038865998e+01 1.100000000000e+01 3.215063328838e+01
     vertex 6.589747013064e+01 1.100000000000e+01 3.194096275779e+01
     vertex 6.735069095108e+01 1.100000000000e+01 3.086779251268e+01
   endloop
 endfacet
 facet normal -0.000000000000e+00 -1.000000000000e+00 0.000000000000e+00
   outer loop
     vertex 6.309961134002e+01 1.100000000000e+01 3.544936671162e+01
     vertex 6.150267407013e+01 1.100000000000e+01 3.629395920743e+01
     vertex 6.287087916445e+01 1.100000000000e+01 3.520285205418e+01
   endloop
 endfacet
 facet normal 0.000000000000e+00 -1.000000000000e+00 -0.000000000000e+00
   outer loop
     vertex 6.190930904892e+01 1.100000000000e+01 3.673220748732e+01
     vertex 6.150267407013e+01 1.100000000000e+01 3.629395920743e+01
     vertex 6.309961134002e+01 1.100000000000e+01 3.544936671162e+01
   endloop
 endfacet
 facet normal 0.000000000000e+00 -1.000000000000e+00 -0.000000000000e+00
   outer loop
     vertex 6.638912083555e+01 1.100000000000e+01 3.239714794582e+01
     vertex 6.616038865998e+01 1.100000000000e+01 3.215063328838e+01
     vertex 6.735069095108e+01 1.100000000000e+01 3.086779251268e+01
   endloop
 endfacet
 facet normal -0.000000000000e+00 -1.000000000000e+00 0.000000000000e+00
   outer loop
     vertex 6.336252986936e+01 1.100000000000e+01 3.565903724221e+01
     vertex 6.190930904892e+01 1.100000000000e+01 3.673220748732e+01
     vertex 6.309961134002e+01 1.100000000000e+01 3.544936671162e+01
   endloop
 endfacet
 facet normal -0.000000000000e+00 -1.000000000000e+00 0.000000000000e+00
   outer loop
     vertex 6.775732592987e+01 1.100000000000e+01 3.130604079257e+01
     vertex 6.638912083555e+01 1.100000000000e+01 3.239714794582e+01
     vertex 6.735069095108e+01 1.100000000000e+01 3.086779251268e+01
   endloop
 endfacet
 facet normal 0.000000000000e+00 -1.000000000000e+00 -0.000000000000e+00
   outer loop
     vertex 6.237671976775e+01 1.100000000000e+01 3.710495509726e+01
     vertex 6.190930904892e+01 1.100000000000e+01 3.673220748732e+01
     vertex 6.336252986936e+01 1.100000000000e+01 3.565903724221e+01
   endloop
 endfacet
 facet normal 0.000000000000e+00 -1.000000000000e+00 0.000000000000e+00
   outer loop
     vertex 6.809410161514e+01 1.100000000000e+01 3.180000000000e+01
     vertex 6.657855715851e+01 1.100000000000e+01 3.267500000000e+01
     vertex 6.638912083555e+01 1.100000000000e+01 3.239714794582e+01
   endloop
 endfacet
 facet normal -0.000000000000e+00 -1.000000000000e+00 0.000000000000e+00
   outer loop
     vertex 6.809410161514e+01 1.100000000000e+01 3.180000000000e+01
     vertex 6.638912083555e+01 1.100000000000e+01 3.239714794582e+01
     vertex 6.775732592987e+01 1.100000000000e+01 3.130604079257e+01
   endloop
 endfacet
 facet normal 0.000000000000e+00 -1.000000000000e+00 -0.000000000000e+00
   outer loop
     vertex 6.289446504353e+01 1.100000000000e+01 3.740387547161e+01
     vertex 6.237671976775e+01 1.100000000000e+01 3.710495509726e+01
     vertex 6.336252986936e+01 1.100000000000e+01 3.565903724221e+01
   endloop
 endfacet
 facet normal 0.000000000000e+00 -1.000000000000e+00 0.000000000000e+00
   outer loop
     vertex 6.289446504353e+01 1.100000000000e+01 3.740387547161e+01
     vertex 6.336252986936e+01 1.100000000000e+01 3.565903724221e+01
     vertex 6.365376158699e+01 1.100000000000e+01 3.582717995278e+01
   endloop
 endfacet
 facet normal 0.000000000000e+00 -1.000000000000e+00 0.000000000000e+00
   outer loop
     vertex 6.835349499458e+01 1.100000000000e+01 3.233863590253e+01
     vertex 6.672446593445e+01 1.100000000000e+01 3.297798269518e+01
     vertex 6.657855715851e+01 1.100000000000e+01 3.267500000000e+01
   endloop
 endfacet
 facet normal -0.000000000000e+00 -1.000000000000e+00 0.000000000000e+00
   outer loop
     vertex 6.835349499458e+01 1.100000000000e+01 3.233863590253e+01
     vertex 6.657855715851e+01 1.100000000000e+01 3.267500000000e+01
     vertex 6.809410161514e+01 1.100000000000e+01 3.180000000000e+01
   endloop
 endfacet
 facet normal 0.000000000000e+00 -1.000000000000e+00 0.000000000000e+00
   outer loop
     vertex 6.345097930236e+01 1.100000000000e+01 3.762229122314e+01
     vertex 6.365376158699e+01 1.100000000000e+01 3.582717995278e+01
     vertex 6.396680085758e+01 1.100000000000e+01 3.595003881302e+01
   endloop
 endfacet
 facet normal 0.000000000000e+00 -1.000000000000e+00 0.000000000000e+00
   outer loop
     vertex 6.345097930236e+01 1.100000000000e+01 3.762229122314e+01
     vertex 6.396680085758e+01 1.100000000000e+01 3.595003881302e+01
     vertex 6.429465490110e+01 1.100000000000e+01 3.602486935901e+01
   endloop
 endfacet
 facet normal 0.000000000000e+00 -1.000000000000e+00 -0.000000000000e+00
   outer loop
     vertex 6.345097930236e+01 1.100000000000e+01 3.762229122314e+01
     vertex 6.289446504353e+01 1.100000000000e+01 3.740387547161e+01
     vertex 6.365376158699e+01 1.100000000000e+01 3.582717995278e+01
   endloop
 endfacet
 facet normal -0.000000000000e+00 -1.000000000000e+00 0.000000000000e+00
   outer loop
     vertex 6.852971164873e+01 1.100000000000e+01 3.290991626417e+01
     vertex 6.672446593445e+01 1.100000000000e+01 3.297798269518e+01
     vertex 6.835349499458e+01 1.100000000000e+01 3.233863590253e+01
   endloop
 endfacet
 facet normal 0.000000000000e+00 -1.000000000000e+00 0.000000000000e+00
   outer loop
     vertex 6.852971164873e+01 1.100000000000e+01 3.290991626417e+01
     vertex 6.682358780241e+01 1.100000000000e+01 3.329932789860e+01
     vertex 6.672446593445e+01 1.100000000000e+01 3.297798269518e+01
   endloop
 endfacet
 facet normal 0.000000000000e+00 -1.000000000000e+00 -0.000000000000e+00
   outer loop
     vertex 6.403383093530e+01 1.100000000000e+01 3.775532330490e+01
     vertex 6.345097930236e+01 1.100000000000e+01 3.762229122314e+01
     vertex 6.429465490110e+01 1.100000000000e+01 3.602486935901e+01
   endloop
 endfacet
 facet normal 0.000000000000e+00 -1.000000000000e+00 0.000000000000e+00
   outer loop
     vertex 6.861881518872e+01 1.100000000000e+01 3.350107962565e+01
     vertex 6.682358780241e+01 1.100000000000e+01 3.329932789860e+01
     vertex 6.852971164873e+01 1.100000000000e+01 3.290991626417e+01
   endloop
 endfacet
 facet normal 0.000000000000e+00 -1.000000000000e+00 0.000000000000e+00
   outer loop
     vertex 6.861881518872e+01 1.100000000000e+01 3.350107962565e+01
     vertex 6.687370854366e+01 1.100000000000e+01 3.396814271057e+01
     vertex 6.687370854366e+01 1.100000000000e+01 3.363185728943e+01
   endloop
 endfacet
 facet normal -0.000000000000e+00 -1.000000000000e+00 0.000000000000e+00
   outer loop
     vertex 6.861881518872e+01 1.100000000000e+01 3.350107962565e+01
     vertex 6.687370854366e+01 1.100000000000e+01 3.363185728943e+01
     vertex 6.682358780241e+01 1.100000000000e+01 3.329932789860e+01
   endloop
 endfacet
 facet normal 0.000000000000e+00 -1.000000000000e+00 -0.000000000000e+00
   outer loop
     vertex 6.463000000000e+01 1.100000000000e+01 3.780000000000e+01
     vertex 6.429465490110e+01 1.100000000000e+01 3.602486935901e+01
     vertex 6.463000000000e+01 1.100000000000e+01 3.605000000000e+01
   endloop
 endfacet
 facet normal 0.000000000000e+00 -1.000000000000e+00 0.000000000000e+00
   outer loop
     vertex 6.463000000000e+01 1.100000000000e+01 3.780000000000e+01
     vertex 6.403383093530e+01 1.100000000000e+01 3.775532330490e+01
     vertex 6.429465490110e+01 1.100000000000e+01 3.602486935901e+01
   endloop
 endfacet
 facet normal 0.000000000000e+00 -1.000000000000e+00 -0.000000000000e+00
   outer loop
     vertex 6.861881518872e+01 1.100000000000e+01 3.409892037435e+01
     vertex 6.687370854366e+01 1.100000000000e+01 3.396814271057e+01
     vertex 6.861881518872e+01 1.100000000000e+01 3.350107962565e+01
   endloop
 endfacet
 facet normal -0.000000000000e+00 -1.000000000000e+00 0.000000000000e+00
   outer loop
     vertex 6.522616906470e+01 1.100000000000e+01 3.775532330490e+01
     vertex 6.463000000000e+01 1.100000000000e+01 3.780000000000e+01
     vertex 6.463000000000e+01 1.100000000000e+01 3.605000000000e+01
   endloop
 endfacet
 facet normal 0.000000000000e+00 -1.000000000000e+00 0.000000000000e+00
   outer loop
     vertex 6.522616906470e+01 1.100000000000e+01 3.775532330490e+01
     vertex 6.463000000000e+01 1.100000000000e+01 3.605000000000e+01
     vertex 6.496534509890e+01 1.100000000000e+01 3.602486935901e+01
   endloop
 endfacet
 facet normal 0.000000000000e+00 -1.000000000000e+00 -0.000000000000e+00
   outer loop
     vertex 6.522616906470e+01 1.100000000000e+01 3.775532330490e+01
     vertex 6.496534509890e+01 1.100000000000e+01 3.602486935901e+01
     vertex 6.529319914242e+01 1.100000000000e+01 3.595003881302e+01
   endloop
 endfacet
 facet normal 0.000000000000e+00 -1.000000000000e+00 0.000000000000e+00
   outer loop
     vertex 6.852971164873e+01 1.100000000000e+01 3.469008373583e+01
     vertex 6.682358780241e+01 1.100000000000e+01 3.430067210140e+01
     vertex 6.687370854366e+01 1.100000000000e+01 3.396814271057e+01
   endloop
 endfacet
 facet normal 0.000000000000e+00 -1.000000000000e+00 -0.000000000000e+00
   outer loop
     vertex 6.852971164873e+01 1.100000000000e+01 3.469008373583e+01
     vertex 6.687370854366e+01 1.100000000000e+01 3.396814271057e+01
     vertex 6.861881518872e+01 1.100000000000e+01 3.409892037435e+01
   endloop
 endfacet
 facet normal -0.000000000000e+00 -1.000000000000e+00 0.000000000000e+00
   outer loop
     vertex 6.580902069764e+01 1.100000000000e+01 3.762229122314e+01
     vertex 6.522616906470e+01 1.100000000000e+01 3.775532330490e+01
     vertex 6.529319914242e+01 1.100000000000e+01 3.595003881302e+01
   endloop
 endfacet
 facet normal 0.000000000000e+00 -1.000000000000e+00 -0.000000000000e+00
   outer loop
     vertex 6.835349499458e+01 1.100000000000e+01 3.526136409747e+01
     vertex 6.682358780241e+01 1.100000000000e+01 3.430067210140e+01
     vertex 6.852971164873e+01 1.100000000000e+01 3.469008373583e+01
   endloop
 endfacet
 facet normal 0.000000000000e+00 -1.000000000000e+00 0.000000000000e+00
   outer loop
     vertex 6.835349499458e+01 1.100000000000e+01 3.526136409747e+01
     vertex 6.672446593445e+01 1.100000000000e+01 3.462201730482e+01
     vertex 6.682358780241e+01 1.100000000000e+01 3.430067210140e+01
   endloop
 endfacet
 facet normal -0.000000000000e+00 -1.000000000000e+00 0.000000000000e+00
   outer loop
     vertex 6.636553495647e+01 1.100000000000e+01 3.740387547161e+01
     vertex 6.580902069764e+01 1.100000000000e+01 3.762229122314e+01
     vertex 6.529319914242e+01 1.100000000000e+01 3.595003881302e+01
   endloop
 endfacet
 facet normal 0.000000000000e+00 -1.000000000000e+00 0.000000000000e+00
   outer loop
     vertex 6.636553495647e+01 1.100000000000e+01 3.740387547161e+01
     vertex 6.529319914242e+01 1.100000000000e+01 3.595003881302e+01
     vertex 6.560623841301e+01 1.100000000000e+01 3.582717995278e+01
   endloop
 endfacet
 facet normal 0.000000000000e+00 -1.000000000000e+00 -0.000000000000e+00
   outer loop
     vertex 6.809410161514e+01 1.100000000000e+01 3.580000000000e+01
     vertex 6.672446593445e+01 1.100000000000e+01 3.462201730482e+01
     vertex 6.835349499458e+01 1.100000000000e+01 3.526136409747e+01
   endloop
 endfacet
 facet normal 0.000000000000e+00 -1.000000000000e+00 0.000000000000e+00
   outer loop
     vertex 6.809410161514e+01 1.100000000000e+01 3.580000000000e+01
     vertex 6.638912083555e+01 1.100000000000e+01 3.520285205418e+01
     vertex 6.657855715851e+01 1.100000000000e+01 3.492500000000e+01
   endloop
 endfacet
 facet normal 0.000000000000e+00 -1.000000000000e+00 0.000000000000e+00
   outer loop
     vertex 6.809410161514e+01 1.100000000000e+01 3.580000000000e+01
     vertex 6.657855715851e+01 1.100000000000e+01 3.492500000000e+01
     vertex 6.672446593445e+01 1.100000000000e+01 3.462201730482e+01
   endloop
 endfacet
 facet normal -0.000000000000e+00 -1.000000000000e+00 0.000000000000e+00
   outer loop
     vertex 6.688328023225e+01 1.100000000000e+01 3.710495509726e+01
     vertex 6.636553495647e+01 1.100000000000e+01 3.740387547161e+01
     vertex 6.560623841301e+01 1.100000000000e+01 3.582717995278e+01
   endloop
 endfacet
 facet normal 0.000000000000e+00 -1.000000000000e+00 0.000000000000e+00
   outer loop
     vertex 6.688328023225e+01 1.100000000000e+01 3.710495509726e+01
     vertex 6.560623841301e+01 1.100000000000e+01 3.582717995278e+01
     vertex 6.589747013064e+01 1.100000000000e+01 3.565903724221e+01
   endloop
 endfacet
 facet normal 0.000000000000e+00 -1.000000000000e+00 -0.000000000000e+00
   outer loop
     vertex 6.775732592987e+01 1.100000000000e+01 3.629395920743e+01
     vertex 6.638912083555e+01 1.100000000000e+01 3.520285205418e+01
     vertex 6.809410161514e+01 1.100000000000e+01 3.580000000000e+01
   endloop
 endfacet
 facet normal -0.000000000000e+00 -1.000000000000e+00 0.000000000000e+00
   outer loop
     vertex 6.735069095108e+01 1.100000000000e+01 3.673220748732e+01
     vertex 6.688328023225e+01 1.100000000000e+01 3.710495509726e+01
     vertex 6.589747013064e+01 1.100000000000e+01 3.565903724221e+01
   endloop
 endfacet
 facet normal 0.000000000000e+00 -1.000000000000e+00 0.000000000000e+00
   outer loop
     vertex 6.735069095108e+01 1.100000000000e+01 3.673220748732e+01
     vertex 6.589747013064e+01 1.100000000000e+01 3.565903724221e+01
     vertex 6.616038865998e+01 1.100000000000e+01 3.544936671162e+01
   endloop
 endfacet
 facet normal 0.000000000000e+00 -1.000000000000e+00 0.000000000000e+00
   outer loop
     vertex 6.735069095108e+01 1.100000000000e+01 3.673220748732e+01
     vertex 6.616038865998e+01 1.100000000000e+01 3.544936671162e+01
     vertex 6.638912083555e+01 1.100000000000e+01 3.520285205418e+01
   endloop
 endfacet
 facet normal 0.000000000000e+00 -1.000000000000e+00 -0.000000000000e+00
   outer loop
     vertex 6.735069095108e+01 1.100000000000e+01 3.673220748732e+01
     vertex 6.638912083555e+01 1.100000000000e+01 3.520285205418e+01
     vertex 6.775732592987e+01 1.100000000000e+01 3.629395920743e+01
   endloop
 endfacet
 facet normal 7.473009358642e-02 0.000000000000e+00 9.972037971812e-01
   outer loop
     vertex 6.522616906470e+01 2.350000000000e+01 3.775532330490e+01
     vertex 6.463000000000e+01 2.350000000000e+01 3.780000000000e+01
     vertex 6.463000000000e+01 1.100000000000e+01 3.780000000000e+01
   endloop
 endfacet
 facet normal 7.473009358642e-02 0.000000000000e+00 9.972037971812e-01
   outer loop
     vertex 6.522616906470e+01 2.350000000000e+01 3.775532330490e+01
     vertex 6.463000000000e+01 1.100000000000e+01 3.780000000000e+01
     vertex 6.522616906470e+01 1.100000000000e+01 3.775532330490e+01
   endloop
 endfacet
 facet normal 2.225209339563e-01 0.000000000000e+00 9.749279121818e-01
   outer loop
     vertex 6.580902069764e+01 2.350000000000e+01 3.762229122314e+01
     vertex 6.522616906470e+01 1.100000000000e+01 3.775532330490e+01
     vertex 6.580902069764e+01 1.100000000000e+01 3.762229122314e+01
   endloop
 endfacet
 facet normal 2.225209339563e-01 0.000000000000e+00 9.749279121818e-01
   outer loop
     vertex 6.580902069764e+01 2.350000000000e+01 3.762229122314e+01
     vertex 6.522616906470e+01 2.350000000000e+01 3.775532330490e+01
     vertex 6.522616906470e+01 1.100000000000e+01 3.775532330490e+01
   endloop
 endfacet
 facet normal 3.653410243664e-01 0.000000000000e+00 9.308737486442e-01
   outer loop
     vertex 6.636553495647e+01 2.350000000000e+01 3.740387547161e+01
     vertex 6.580902069764e+01 1.100000000000e+01 3.762229122314e+01
     vertex 6.636553495647e+01 1.100000000000e+01 3.740387547161e+01
   endloop
 endfacet
 facet normal 5.000000000000e-01 0.000000000000e+00 8.660254037844e-01
   outer loop
     vertex 6.636553495647e+01 2.350000000000e+01 3.740387547161e+01
     vertex 6.636553495647e+01 1.100000000000e+01 3.740387547161e+01
     vertex 6.688328023225e+01 1.100000000000e+01 3.710495509726e+01
   endloop
 endfacet
 facet normal 3.653410243664e-01 0.000000000000e+00 9.308737486442e-01
   outer loop
     vertex 6.636553495647e+01 2.350000000000e+01 3.740387547161e+01
     vertex 6.580902069764e+01 2.350000000000e+01 3.762229122314e+01
     vertex 6.580902069764e+01 1.100000000000e+01 3.762229122314e+01
   endloop
 endfacet
 facet normal 5.000000000000e-01 0.000000000000e+00 8.660254037844e-01
   outer loop
     vertex 6.688328023225e+01 2.350000000000e+01 3.710495509726e+01
     vertex 6.636553495647e+01 2.350000000000e+01 3.740387547161e+01
     vertex 6.688328023225e+01 1.100000000000e+01 3.710495509726e+01
   endloop
 endfacet
 facet normal 6.234898018587e-01 0.000000000000e+00 7.818314824680e-01
   outer loop
     vertex 6.735069095108e+01 2.350000000000e+01 3.673220748732e+01
     vertex 6.688328023225e+01 2.350000000000e+01 3.710495509726e+01
     vertex 6.688328023225e+01 1.100000000000e+01 3.710495509726e+01
   endloop
 endfacet
 facet normal 6.234898018587e-01 0.000000000000e+00 7.818314824680e-01
   outer loop
     vertex 6.735069095108e+01 2.350000000000e+01 3.673220748732e+01
     vertex 6.688328023225e+01 1.100000000000e+01 3.710495509726e+01
     vertex 6.735069095108e+01 1.100000000000e+01 3.673220748732e+01
   endloop
 endfacet
 facet normal 7.330518718298e-01 0.000000000000e+00 6.801727377709e-01
   outer loop
     vertex 6.775732592987e+01 2.350000000000e+01 3.629395920743e+01
     vertex 6.735069095108e+01 2.350000000000e+01 3.673220748732e+01
     vertex 6.735069095108e+01 1.100000000000e+01 3.673220748732e+01
   endloop
 endfacet
 facet normal 7.330518718298e-01 0.000000000000e+00 6.801727377709e-01
   outer loop
     vertex 6.775732592987e+01 2.350000000000e+01 3.629395920743e+01
     vertex 6.735069095108e+01 1.100000000000e+01 3.673220748732e+01
     vertex 6.775732592987e+01 1.100000000000e+01 3.629395920743e+01
   endloop
 endfacet
 facet normal 8.262387743160e-01 0.000000000000e+00 5.633200580636e-01
   outer loop
     vertex 6.775732592987e+01 2.350000000000e+01 3.629395920743e+01
     vertex 6.775732592987e+01 1.100000000000e+01 3.629395920743e+01
     vertex 6.809410161514e+01 1.100000000000e+01 3.580000000000e+01
   endloop
 endfacet
 facet normal 8.262387743160e-01 0.000000000000e+00 5.633200580636e-01
   outer loop
     vertex 6.809410161514e+01 2.350000000000e+01 3.580000000000e+01
     vertex 6.775732592987e+01 2.350000000000e+01 3.629395920743e+01
     vertex 6.809410161514e+01 1.100000000000e+01 3.580000000000e+01
   endloop
 endfacet
 facet normal 9.009688679024e-01 0.000000000000e+00 4.338837391176e-01
   outer loop
     vertex 6.809410161514e+01 2.350000000000e+01 3.580000000000e+01
     vertex 6.809410161514e+01 1.100000000000e+01 3.580000000000e+01
     vertex 6.835349499458e+01 1.100000000000e+01 3.526136409747e+01
   endloop
 endfacet
 facet normal 9.009688679024e-01 0.000000000000e+00 4.338837391176e-01
   outer loop
     vertex 6.835349499458e+01 2.350000000000e+01 3.526136409747e+01
     vertex 6.809410161514e+01 2.350000000000e+01 3.580000000000e+01
     vertex 6.835349499458e+01 1.100000000000e+01 3.526136409747e+01
   endloop
 endfacet
 facet normal 9.555728057861e-01 0.000000000000e+00 2.947551744109e-01
   outer loop
     vertex 6.852971164873e+01 2.350000000000e+01 3.469008373583e+01
     vertex 6.835349499458e+01 2.350000000000e+01 3.526136409747e+01
     vertex 6.835349499458e+01 1.100000000000e+01 3.526136409747e+01
   endloop
 endfacet
 facet normal 9.555728057861e-01 0.000000000000e+00 2.947551744109e-01
   outer loop
     vertex 6.852971164873e+01 2.350000000000e+01 3.469008373583e+01
     vertex 6.835349499458e+01 1.100000000000e+01 3.526136409747e+01
     vertex 6.852971164873e+01 1.100000000000e+01 3.469008373583e+01
   endloop
 endfacet
 facet normal 9.888308262251e-01 0.000000000000e+00 1.490422661762e-01
   outer loop
     vertex 6.861881518872e+01 2.350000000000e+01 3.409892037435e+01
     vertex 6.852971164873e+01 2.350000000000e+01 3.469008373583e+01
     vertex 6.852971164873e+01 1.100000000000e+01 3.469008373583e+01
   endloop
 endfacet
 facet normal 9.888308262251e-01 0.000000000000e+00 1.490422661762e-01
   outer loop
     vertex 6.861881518872e+01 2.350000000000e+01 3.409892037435e+01
     vertex 6.852971164873e+01 1.100000000000e+01 3.469008373583e+01
     vertex 6.861881518872e+01 1.100000000000e+01 3.409892037435e+01
   endloop
 endfacet
 facet normal 1.000000000000e+00 0.000000000000e+00 -0.000000000000e+00
   outer loop
     vertex 6.861881518872e+01 2.350000000000e+01 3.350107962565e+01
     vertex 6.861881518872e+01 2.350000000000e+01 3.409892037435e+01
     vertex 6.861881518872e+01 1.100000000000e+01 3.409892037435e+01
   endloop
 endfacet
 facet normal 1.000000000000e+00 0.000000000000e+00 0.000000000000e+00
   outer loop
     vertex 6.861881518872e+01 2.350000000000e+01 3.350107962565e+01
     vertex 6.861881518872e+01 1.100000000000e+01 3.409892037435e+01
     vertex 6.861881518872e+01 1.100000000000e+01 3.350107962565e+01
   endloop
 endfacet
 facet normal 9.888308262251e-01 0.000000000000e+00 -1.490422661762e-01
   outer loop
     vertex 6.852971164873e+01 2.350000000000e+01 3.290991626417e+01
     vertex 6.861881518872e+01 2.350000000000e+01 3.350107962565e+01
     vertex 6.861881518872e+01 1.100000000000e+01 3.350107962565e+01
   endloop
 endfacet
 facet normal 9.888308262251e-01 0.000000000000e+00 -1.490422661762e-01
   outer loop
     vertex 6.852971164873e+01 2.350000000000e+01 3.290991626417e+01
     vertex 6.861881518872e+01 1.100000000000e+01 3.350107962565e+01
     vertex 6.852971164873e+01 1.100000000000e+01 3.290991626417e+01
   endloop
 endfacet
 facet normal 9.555728057861e-01 0.000000000000e+00 -2.947551744109e-01
   outer loop
     vertex 6.835349499458e+01 2.350000000000e+01 3.233863590253e+01
     vertex 6.852971164873e+01 2.350000000000e+01 3.290991626417e+01
     vertex 6.852971164873e+01 1.100000000000e+01 3.290991626417e+01
   endloop
 endfacet
 facet normal 9.555728057861e-01 0.000000000000e+00 -2.947551744109e-01
   outer loop
     vertex 6.835349499458e+01 2.350000000000e+01 3.233863590253e+01
     vertex 6.852971164873e+01 1.100000000000e+01 3.290991626417e+01
     vertex 6.835349499458e+01 1.100000000000e+01 3.233863590253e+01
   endloop
 endfacet
 facet normal 9.009688679024e-01 0.000000000000e+00 -4.338837391176e-01
   outer loop
     vertex 6.809410161514e+01 2.350000000000e+01 3.180000000000e+01
     vertex 6.835349499458e+01 2.350000000000e+01 3.233863590253e+01
     vertex 6.835349499458e+01 1.100000000000e+01 3.233863590253e+01
   endloop
 endfacet
 facet normal 9.009688679024e-01 0.000000000000e+00 -4.338837391176e-01
   outer loop
     vertex 6.809410161514e+01 2.350000000000e+01 3.180000000000e+01
     vertex 6.835349499458e+01 1.100000000000e+01 3.233863590253e+01
     vertex 6.809410161514e+01 1.100000000000e+01 3.180000000000e+01
   endloop
 endfacet
 facet normal 8.262387743160e-01 0.000000000000e+00 -5.633200580636e-01
   outer loop
     vertex 6.775732592987e+01 2.350000000000e+01 3.130604079257e+01
     vertex 6.809410161514e+01 2.350000000000e+01 3.180000000000e+01
     vertex 6.809410161514e+01 1.100000000000e+01 3.180000000000e+01
   endloop
 endfacet
 facet normal 8.262387743160e-01 0.000000000000e+00 -5.633200580636e-01
   outer loop
     vertex 6.775732592987e+01 2.350000000000e+01 3.130604079257e+01
     vertex 6.809410161514e+01 1.100000000000e+01 3.180000000000e+01
     vertex 6.775732592987e+01 1.100000000000e+01 3.130604079257e+01
   endloop
 endfacet
 facet normal 7.330518718298e-01 0.000000000000e+00 -6.801727377709e-01
   outer loop
     vertex 6.735069095108e+01 2.350000000000e+01 3.086779251268e+01
     vertex 6.775732592987e+01 2.350000000000e+01 3.130604079257e+01
     vertex 6.775732592987e+01 1.100000000000e+01 3.130604079257e+01
   endloop
 endfacet
 facet normal 7.330518718298e-01 0.000000000000e+00 -6.801727377709e-01
   outer loop
     vertex 6.735069095108e+01 2.350000000000e+01 3.086779251268e+01
     vertex 6.775732592987e+01 1.100000000000e+01 3.130604079257e+01
     vertex 6.735069095108e+01 1.100000000000e+01 3.086779251268e+01
   endloop
 endfacet
 facet normal 6.234898018587e-01 0.000000000000e+00 -7.818314824680e-01
   outer loop
     vertex 6.688328023225e+01 2.350000000000e+01 3.049504490274e+01
     vertex 6.735069095108e+01 1.100000000000e+01 3.086779251268e+01
     vertex 6.688328023225e+01 1.100000000000e+01 3.049504490274e+01
   endloop
 endfacet
 facet normal 6.234898018587e-01 0.000000000000e+00 -7.818314824680e-01
   outer loop
     vertex 6.688328023225e+01 2.350000000000e+01 3.049504490274e+01
     vertex 6.735069095108e+01 2.350000000000e+01 3.086779251268e+01
     vertex 6.735069095108e+01 1.100000000000e+01 3.086779251268e+01
   endloop
 endfacet
 facet normal 5.000000000000e-01 0.000000000000e+00 -8.660254037844e-01
   outer loop
     vertex 6.636553495647e+01 2.350000000000e+01 3.019612452839e+01
     vertex 6.688328023225e+01 1.100000000000e+01 3.049504490274e+01
     vertex 6.636553495647e+01 1.100000000000e+01 3.019612452839e+01
   endloop
 endfacet
 facet normal 5.000000000000e-01 0.000000000000e+00 -8.660254037844e-01
   outer loop
     vertex 6.636553495647e+01 2.350000000000e+01 3.019612452839e+01
     vertex 6.688328023225e+01 2.350000000000e+01 3.049504490274e+01
     vertex 6.688328023225e+01 1.100000000000e+01 3.049504490274e+01
   endloop
 endfacet
 facet normal 3.653410243664e-01 0.000000000000e+00 -9.308737486442e-01
   outer loop
     vertex 6.580902069764e+01 2.350000000000e+01 2.997770877686e+01
     vertex 6.636553495647e+01 1.100000000000e+01 3.019612452839e+01
     vertex 6.580902069764e+01 1.100000000000e+01 2.997770877686e+01
   endloop
 endfacet
 facet normal 3.653410243664e-01 0.000000000000e+00 -9.308737486442e-01
   outer loop
     vertex 6.580902069764e+01 2.350000000000e+01 2.997770877686e+01
     vertex 6.636553495647e+01 2.350000000000e+01 3.019612452839e+01
     vertex 6.636553495647e+01 1.100000000000e+01 3.019612452839e+01
   endloop
 endfacet
 facet normal 2.225209339563e-01 0.000000000000e+00 -9.749279121818e-01
   outer loop
     vertex 6.522616906470e+01 2.350000000000e+01 2.984467669510e+01
     vertex 6.580902069764e+01 1.100000000000e+01 2.997770877686e+01
     vertex 6.522616906470e+01 1.100000000000e+01 2.984467669510e+01
   endloop
 endfacet
 facet normal 2.225209339563e-01 0.000000000000e+00 -9.749279121818e-01
   outer loop
     vertex 6.522616906470e+01 2.350000000000e+01 2.984467669510e+01
     vertex 6.580902069764e+01 2.350000000000e+01 2.997770877686e+01
     vertex 6.580902069764e+01 1.100000000000e+01 2.997770877686e+01
   endloop
 endfacet
 facet normal 7.473009358643e-02 0.000000000000e+00 -9.972037971812e-01
   outer loop
     vertex 6.463000000000e+01 2.350000000000e+01 2.980000000000e+01
     vertex 6.522616906470e+01 1.100000000000e+01 2.984467669510e+01
     vertex 6.463000000000e+01 1.100000000000e+01 2.980000000000e+01
   endloop
 endfacet
 facet normal 7.473009358643e-02 0.000000000000e+00 -9.972037971812e-01
   outer loop
     vertex 6.463000000000e+01 2.350000000000e+01 2.980000000000e+01
     vertex 6.522616906470e+01 2.350000000000e+01 2.984467669510e+01
     vertex 6.522616906470e+01 1.100000000000e+01 2.984467669510e+01
   endloop
 endfacet
 facet normal -7.473009358643e-02 -0.000000000000e+00 -9.972037971812e-01
   outer loop
     vertex 6.403383093530e+01 2.350000000000e+01 2.984467669510e+01
     vertex 6.463000000000e+01 1.100000000000e+01 2.980000000000e+01
     vertex 6.403383093530e+01 1.100000000000e+01 2.984467669510e+01
   endloop
 endfacet
 facet normal -7.473009358643e-02 0.000000000000e+00 -9.972037971812e-01
   outer loop
     vertex 6.403383093530e+01 2.350000000000e+01 2.984467669510e+01
     vertex 6.463000000000e+01 2.350000000000e+01 2.980000000000e+01
     vertex 6.463000000000e+01 1.100000000000e+01 2.980000000000e+01
   endloop
 endfacet
 facet normal -2.225209339563e-01 -0.000000000000e+00 -9.749279121818e-01
   outer loop
     vertex 6.345097930236e+01 2.350000000000e+01 2.997770877686e+01
     vertex 6.403383093530e+01 1.100000000000e+01 2.984467669510e+01
     vertex 6.345097930236e+01 1.100000000000e+01 2.997770877686e+01
   endloop
 endfacet
 facet normal -3.653410243664e-01 -0.000000000000e+00 -9.308737486442e-01
   outer loop
     vertex 6.345097930236e+01 2.350000000000e+01 2.997770877686e+01
     vertex 6.345097930236e+01 1.100000000000e+01 2.997770877686e+01
     vertex 6.289446504353e+01 1.100000000000e+01 3.019612452839e+01
   endloop
 endfacet
 facet normal -2.225209339563e-01 0.000000000000e+00 -9.749279121818e-01
   outer loop
     vertex 6.345097930236e+01 2.350000000000e+01 2.997770877686e+01
     vertex 6.403383093530e+01 2.350000000000e+01 2.984467669510e+01
     vertex 6.403383093530e+01 1.100000000000e+01 2.984467669510e+01
   endloop
 endfacet
 facet normal -5.000000000000e-01 -0.000000000000e+00 -8.660254037844e-01
   outer loop
     vertex 6.289446504353e+01 2.350000000000e+01 3.019612452839e+01
     vertex 6.289446504353e+01 1.100000000000e+01 3.019612452839e+01
     vertex 6.237671976775e+01 1.100000000000e+01 3.049504490274e+01
   endloop
 endfacet
 facet normal -3.653410243664e-01 -0.000000000000e+00 -9.308737486442e-01
   outer loop
     vertex 6.289446504353e+01 2.350000000000e+01 3.019612452839e+01
     vertex 6.345097930236e+01 2.350000000000e+01 2.997770877686e+01
     vertex 6.289446504353e+01 1.100000000000e+01 3.019612452839e+01
   endloop
 endfacet
 facet normal -5.000000000000e-01 -0.000000000000e+00 -8.660254037844e-01
   outer loop
     vertex 6.237671976775e+01 2.350000000000e+01 3.049504490274e+01
     vertex 6.289446504353e+01 2.350000000000e+01 3.019612452839e+01
     vertex 6.237671976775e+01 1.100000000000e+01 3.049504490274e+01
   endloop
 endfacet
 facet normal -6.234898018587e-01 -0.000000000000e+00 -7.818314824680e-01
   outer loop
     vertex 6.190930904892e+01 2.350000000000e+01 3.086779251268e+01
     vertex 6.237671976775e+01 1.100000000000e+01 3.049504490274e+01
     vertex 6.190930904892e+01 1.100000000000e+01 3.086779251268e+01
   endloop
 endfacet
 facet normal -7.330518718298e-01 -0.000000000000e+00 -6.801727377709e-01
   outer loop
     vertex 6.190930904892e+01 2.350000000000e+01 3.086779251268e+01
     vertex 6.190930904892e+01 1.100000000000e+01 3.086779251268e+01
     vertex 6.150267407013e+01 1.100000000000e+01 3.130604079257e+01
   endloop
 endfacet
 facet normal -6.234898018587e-01 0.000000000000e+00 -7.818314824680e-01
   outer loop
     vertex 6.190930904892e+01 2.350000000000e+01 3.086779251268e+01
     vertex 6.237671976775e+01 2.350000000000e+01 3.049504490274e+01
     vertex 6.237671976775e+01 1.100000000000e+01 3.049504490274e+01
   endloop
 endfacet
 facet normal -7.330518718298e-01 -0.000000000000e+00 -6.801727377709e-01
   outer loop
     vertex 6.150267407013e+01 2.350000000000e+01 3.130604079257e+01
     vertex 6.190930904892e+01 2.350000000000e+01 3.086779251268e+01
     vertex 6.150267407013e+01 1.100000000000e+01 3.130604079257e+01
   endloop
 endfacet
 facet normal -8.262387743160e-01 -0.000000000000e+00 -5.633200580636e-01
   outer loop
     vertex 6.116589838486e+01 2.350000000000e+01 3.180000000000e+01
     vertex 6.150267407013e+01 1.100000000000e+01 3.130604079257e+01
     vertex 6.116589838486e+01 1.100000000000e+01 3.180000000000e+01
   endloop
 endfacet
 facet normal -8.262387743160e-01 0.000000000000e+00 -5.633200580636e-01
   outer loop
     vertex 6.116589838486e+01 2.350000000000e+01 3.180000000000e+01
     vertex 6.150267407013e+01 2.350000000000e+01 3.130604079257e+01
     vertex 6.150267407013e+01 1.100000000000e+01 3.130604079257e+01
   endloop
 endfacet
 facet normal -9.009688679024e-01 0.000000000000e+00 -4.338837391176e-01
   outer loop
     vertex 6.090650500542e+01 2.350000000000e+01 3.233863590253e+01
     vertex 6.116589838486e+01 2.350000000000e+01 3.180000000000e+01
     vertex 6.116589838486e+01 1.100000000000e+01 3.180000000000e+01
   endloop
 endfacet
 facet normal -9.009688679024e-01 -0.000000000000e+00 -4.338837391176e-01
   outer loop
     vertex 6.090650500542e+01 2.350000000000e+01 3.233863590253e+01
     vertex 6.116589838486e+01 1.100000000000e+01 3.180000000000e+01
     vertex 6.090650500542e+01 1.100000000000e+01 3.233863590253e+01
   endloop
 endfacet
 facet normal -9.555728057861e-01 0.000000000000e+00 -2.947551744109e-01
   outer loop
     vertex 6.073028835127e+01 2.350000000000e+01 3.290991626417e+01
     vertex 6.090650500542e+01 2.350000000000e+01 3.233863590253e+01
     vertex 6.090650500542e+01 1.100000000000e+01 3.233863590253e+01
   endloop
 endfacet
 facet normal -9.555728057861e-01 -0.000000000000e+00 -2.947551744109e-01
   outer loop
     vertex 6.073028835127e+01 2.350000000000e+01 3.290991626417e+01
     vertex 6.090650500542e+01 1.100000000000e+01 3.233863590253e+01
     vertex 6.073028835127e+01 1.100000000000e+01 3.290991626417e+01
   endloop
 endfacet
 facet normal -9.888308262251e-01 -0.000000000000e+00 -1.490422661762e-01
   outer loop
     vertex 6.073028835127e+01 2.350000000000e+01 3.290991626417e+01
     vertex 6.073028835127e+01 1.100000000000e+01 3.290991626417e+01
     vertex 6.064118481128e+01 1.100000000000e+01 3.350107962565e+01
   endloop
 endfacet
 facet normal -9.888308262251e-01 -0.000000000000e+00 -1.490422661762e-01
   outer loop
     vertex 6.064118481128e+01 2.350000000000e+01 3.350107962565e+01
     vertex 6.073028835127e+01 2.350000000000e+01 3.290991626417e+01
     vertex 6.064118481128e+01 1.100000000000e+01 3.350107962565e+01
   endloop
 endfacet
 facet normal -1.000000000000e+00 0.000000000000e+00 -0.000000000000e+00
   outer loop
     vertex 6.064118481128e+01 2.350000000000e+01 3.409892037435e+01
     vertex 6.064118481128e+01 2.350000000000e+01 3.350107962565e+01
     vertex 6.064118481128e+01 1.100000000000e+01 3.350107962565e+01
   endloop
 endfacet
 facet normal -1.000000000000e+00 -0.000000000000e+00 0.000000000000e+00
   outer loop
     vertex 6.064118481128e+01 2.350000000000e+01 3.409892037435e+01
     vertex 6.064118481128e+01 1.100000000000e+01 3.350107962565e+01
     vertex 6.064118481128e+01 1.100000000000e+01 3.409892037435e+01
   endloop
 endfacet
 facet normal -9.888308262251e-01 0.000000000000e+00 1.490422661762e-01
   outer loop
     vertex 6.064118481128e+01 2.350000000000e+01 3.409892037435e+01
     vertex 6.064118481128e+01 1.100000000000e+01 3.409892037435e+01
     vertex 6.073028835127e+01 1.100000000000e+01 3.469008373583e+01
   endloop
 endfacet
 facet normal -9.888308262251e-01 0.000000000000e+00 1.490422661762e-01
   outer loop
     vertex 6.073028835127e+01 2.350000000000e+01 3.469008373583e+01
     vertex 6.064118481128e+01 2.350000000000e+01 3.409892037435e+01
     vertex 6.073028835127e+01 1.100000000000e+01 3.469008373583e+01
   endloop
 endfacet
 facet normal -9.555728057861e-01 0.000000000000e+00 2.947551744109e-01
   outer loop
     vertex 6.090650500542e+01 2.350000000000e+01 3.526136409747e+01
     vertex 6.073028835127e+01 2.350000000000e+01 3.469008373583e+01
     vertex 6.073028835127e+01 1.100000000000e+01 3.469008373583e+01
   endloop
 endfacet
 facet normal -9.555728057861e-01 0.000000000000e+00 2.947551744109e-01
   outer loop
     vertex 6.090650500542e+01 2.350000000000e+01 3.526136409747e+01
     vertex 6.073028835127e+01 1.100000000000e+01 3.469008373583e+01
     vertex 6.090650500542e+01 1.100000000000e+01 3.526136409747e+01
   endloop
 endfacet
 facet normal -9.009688679024e-01 0.000000000000e+00 4.338837391176e-01
   outer loop
     vertex 6.090650500542e+01 2.350000000000e+01 3.526136409747e+01
     vertex 6.090650500542e+01 1.100000000000e+01 3.526136409747e+01
     vertex 6.116589838486e+01 1.100000000000e+01 3.580000000000e+01
   endloop
 endfacet
 facet normal -9.009688679024e-01 0.000000000000e+00 4.338837391176e-01
   outer loop
     vertex 6.116589838486e+01 2.350000000000e+01 3.580000000000e+01
     vertex 6.090650500542e+01 2.350000000000e+01 3.526136409747e+01
     vertex 6.116589838486e+01 1.100000000000e+01 3.580000000000e+01
   endloop
 endfacet
 facet normal -8.262387743160e-01 0.000000000000e+00 5.633200580636e-01
   outer loop
     vertex 6.116589838486e+01 2.350000000000e+01 3.580000000000e+01
     vertex 6.116589838486e+01 1.100000000000e+01 3.580000000000e+01
     vertex 6.150267407013e+01 1.100000000000e+01 3.629395920743e+01
   endloop
 endfacet
 facet normal -8.262387743160e-01 0.000000000000e+00 5.633200580636e-01
   outer loop
     vertex 6.150267407013e+01 2.350000000000e+01 3.629395920743e+01
     vertex 6.116589838486e+01 2.350000000000e+01 3.580000000000e+01
     vertex 6.150267407013e+01 1.100000000000e+01 3.629395920743e+01
   endloop
 endfacet
 facet normal -7.330518718298e-01 0.000000000000e+00 6.801727377709e-01
   outer loop
     vertex 6.190930904892e+01 2.350000000000e+01 3.673220748732e+01
     vertex 6.150267407013e+01 2.350000000000e+01 3.629395920743e+01
     vertex 6.150267407013e+01 1.100000000000e+01 3.629395920743e+01
   endloop
 endfacet
 facet normal -7.330518718298e-01 0.000000000000e+00 6.801727377709e-01
   outer loop
     vertex 6.190930904892e+01 2.350000000000e+01 3.673220748732e+01
     vertex 6.150267407013e+01 1.100000000000e+01 3.629395920743e+01
     vertex 6.190930904892e+01 1.100000000000e+01 3.673220748732e+01
   endloop
 endfacet
 facet normal -6.234898018587e-01 0.000000000000e+00 7.818314824680e-01
   outer loop
     vertex 6.237671976775e+01 2.350000000000e+01 3.710495509726e+01
     vertex 6.190930904892e+01 2.350000000000e+01 3.673220748732e+01
     vertex 6.190930904892e+01 1.100000000000e+01 3.673220748732e+01
   endloop
 endfacet
 facet normal -6.234898018587e-01 0.000000000000e+00 7.818314824680e-01
   outer loop
     vertex 6.237671976775e+01 2.350000000000e+01 3.710495509726e+01
     vertex 6.190930904892e+01 1.100000000000e+01 3.673220748732e+01
     vertex 6.237671976775e+01 1.100000000000e+01 3.710495509726e+01
   endloop
 endfacet
 facet normal -5.000000000000e-01 0.000000000000e+00 8.660254037844e-01
   outer loop
     vertex 6.289446504353e+01 2.350000000000e+01 3.740387547161e+01
     vertex 6.237671976775e+01 2.350000000000e+01 3.710495509726e+01
     vertex 6.237671976775e+01 1.100000000000e+01 3.710495509726e+01
   endloop
 endfacet
 facet normal -5.000000000000e-01 0.000000000000e+00 8.660254037844e-01
   outer loop
     vertex 6.289446504353e+01 2.350000000000e+01 3.740387547161e+01
     vertex 6.237671976775e+01 1.100000000000e+01 3.710495509726e+01
     vertex 6.289446504353e+01 1.100000000000e+01 3.740387547161e+01
   endloop
 endfacet
 facet normal -3.653410243664e-01 0.000000000000e+00 9.308737486442e-01
   outer loop
     vertex 6.345097930236e+01 2.350000000000e+01 3.762229122314e+01
     vertex 6.289446504353e+01 2.350000000000e+01 3.740387547161e+01
     vertex 6.289446504353e+01 1.100000000000e+01 3.740387547161e+01
   endloop
 endfacet
 facet normal -3.653410243664e-01 0.000000000000e+00 9.308737486442e-01
   outer loop
     vertex 6.345097930236e+01 2.350000000000e+01 3.762229122314e+01
     vertex 6.289446504353e+01 1.100000000000e+01 3.740387547161e+01
     vertex 6.345097930236e+01 1.100000000000e+01 3.762229122314e+01
   endloop
 endfacet
 facet normal -2.225209339563e-01 0.000000000000e+00 9.749279121818e-01
   outer loop
     vertex 6.403383093530e+01 2.350000000000e+01 3.775532330490e+01
     vertex 6.345097930236e+01 2.350000000000e+01 3.762229122314e+01
     vertex 6.345097930236e+01 1.100000000000e+01 3.762229122314e+01
   endloop
 endfacet
 facet normal -2.225209339563e-01 0.000000000000e+00 9.749279121818e-01
   outer loop
     vertex 6.403383093530e+01 2.350000000000e+01 3.775532330490e+01
     vertex 6.345097930236e+01 1.100000000000e+01 3.762229122314e+01
     vertex 6.403383093530e+01 1.100000000000e+01 3.775532330490e+01
   endloop
 endfacet
 facet normal -7.473009358643e-02 0.000000000000e+00 9.972037971812e-01
   outer loop
     vertex 6.463000000000e+01 2.350000000000e+01 3.780000000000e+01
     vertex 6.403383093530e+01 2.350000000000e+01 3.775532330490e+01
     vertex 6.403383093530e+01 1.100000000000e+01 3.775532330490e+01
   endloop
 endfacet
 facet normal -7.473009358643e-02 0.000000000000e+00 9.972037971812e-01
   outer loop
     vertex 6.463000000000e+01 2.350000000000e+01 3.780000000000e+01
     vertex 6.403383093530e+01 1.100000000000e+01 3.775532330490e+01
     vertex 6.463000000000e+01 1.100000000000e+01 3.780000000000e+01
   endloop
 endfacet
 facet normal -1.000000000000e+00 0.000000000000e+00 -0.000000000000e+00
   outer loop
     vertex -1.048800000000e+02 2.600000000000e+01 -2.000000000000e+01
     vertex -1.048800000000e+02 2.600000000000e+01 -5.378000000000e+01
     vertex -1.048800000000e+02 2.350000000000e+01 -5.378000000000e+01
   endloop
 endfacet
 facet normal -1.000000000000e+00 0.000000000000e+00 0.000000000000e+00
   outer loop
     vertex -1.048800000000e+02 2.350000000000e+01 -2.000000000000e+01
     vertex -1.048800000000e+02 2.600000000000e+01 -2.000000000000e+01
     vertex -1.048800000000e+02 2.350000000000e+01 -5.378000000000e+01
   endloop
 endfacet
 facet normal -7.133918319923e-02 0.000000000000e+00 -9.974521146103e-01
   outer loop
     vertex -1.005915741914e+02 2.600000000000e+01 -5.872910720940e+01
     vertex -9.988000000000e+01 2.600000000000e+01 -5.878000000000e+01
     vertex -9.988000000000e+01 2.350000000000e+01 -5.878000000000e+01
   endloop
 endfacet
 facet normal -7.133918319923e-02 -0.000000000000e+00 -9.974521146103e-01
   outer loop
     vertex -1.005915741914e+02 2.600000000000e+01 -5.872910720940e+01
     vertex -9.988000000000e+01 2.350000000000e+01 -5.878000000000e+01
     vertex -1.005915741914e+02 2.350000000000e+01 -5.872910720940e+01
   endloop
 endfacet
 facet normal -2.125652895530e-01 -0.000000000000e+00 -9.771468659712e-01
   outer loop
     vertex -1.012886627842e+02 2.600000000000e+01 -5.857746486807e+01
     vertex -1.005915741914e+02 2.350000000000e+01 -5.872910720940e+01
     vertex -1.012886627842e+02 2.350000000000e+01 -5.857746486807e+01
   endloop
 endfacet
 facet normal -2.125652895530e-01 0.000000000000e+00 -9.771468659712e-01
   outer loop
     vertex -1.012886627842e+02 2.600000000000e+01 -5.857746486807e+01
     vertex -1.005915741914e+02 2.600000000000e+01 -5.872910720940e+01
     vertex -1.005915741914e+02 2.350000000000e+01 -5.872910720940e+01
   endloop
 endfacet
 facet normal -3.494641795991e-01 -0.000000000000e+00 -9.369497249998e-01
   outer loop
     vertex -1.019570750650e+02 2.600000000000e+01 -5.832815997677e+01
     vertex -1.012886627842e+02 2.350000000000e+01 -5.857746486807e+01
     vertex -1.019570750650e+02 2.350000000000e+01 -5.832815997677e+01
   endloop
 endfacet
 facet normal -4.792489867201e-01 -0.000000000000e+00 -8.776789895673e-01
   outer loop
     vertex -1.019570750650e+02 2.600000000000e+01 -5.832815997677e+01
     vertex -1.019570750650e+02 2.350000000000e+01 -5.832815997677e+01
     vertex -1.025832040873e+02 2.350000000000e+01 -5.798626766416e+01
   endloop
 endfacet
 facet normal -3.494641795991e-01 0.000000000000e+00 -9.369497249998e-01
   outer loop
     vertex -1.019570750650e+02 2.600000000000e+01 -5.832815997677e+01
     vertex -1.012886627842e+02 2.600000000000e+01 -5.857746486807e+01
     vertex -1.012886627842e+02 2.350000000000e+01 -5.857746486807e+01
   endloop
 endfacet
 facet normal -4.792489867201e-01 -0.000000000000e+00 -8.776789895673e-01
   outer loop
     vertex -1.025832040873e+02 2.600000000000e+01 -5.798626766416e+01
     vertex -1.019570750650e+02 2.600000000000e+01 -5.832815997677e+01
     vertex -1.025832040873e+02 2.350000000000e+01 -5.798626766416e+01
   endloop
 endfacet
 facet normal -5.992776665113e-01 -0.000000000000e+00 -8.005412409244e-01
   outer loop
     vertex -1.031543036697e+02 2.600000000000e+01 -5.755874787177e+01
     vertex -1.025832040873e+02 2.350000000000e+01 -5.798626766416e+01
     vertex -1.031543036697e+02 2.350000000000e+01 -5.755874787177e+01
   endloop
 endfacet
 facet normal -5.992776665113e-01 0.000000000000e+00 -8.005412409244e-01
   outer loop
     vertex -1.031543036697e+02 2.600000000000e+01 -5.755874787177e+01
     vertex -1.025832040873e+02 2.600000000000e+01 -5.798626766416e+01
     vertex -1.025832040873e+02 2.350000000000e+01 -5.798626766416e+01
   endloop
 endfacet
 facet normal -7.071067811865e-01 -0.000000000000e+00 -7.071067811865e-01
   outer loop
     vertex -1.036587478718e+02 2.600000000000e+01 -5.705430366973e+01
     vertex -1.031543036697e+02 2.350000000000e+01 -5.755874787177e+01
     vertex -1.036587478718e+02 2.350000000000e+01 -5.705430366973e+01
   endloop
 endfacet
 facet normal -7.071067811865e-01 0.000000000000e+00 -7.071067811865e-01
   outer loop
     vertex -1.036587478718e+02 2.600000000000e+01 -5.705430366973e+01
     vertex -1.031543036697e+02 2.600000000000e+01 -5.755874787177e+01
     vertex -1.031543036697e+02 2.350000000000e+01 -5.755874787177e+01
   endloop
 endfacet
 facet normal -8.005412409244e-01 -0.000000000000e+00 -5.992776665113e-01
   outer loop
     vertex -1.040862676642e+02 2.600000000000e+01 -5.648320408728e+01
     vertex -1.036587478718e+02 2.350000000000e+01 -5.705430366973e+01
     vertex -1.040862676642e+02 2.350000000000e+01 -5.648320408728e+01
   endloop
 endfacet
 facet normal -8.776789895672e-01 -0.000000000000e+00 -4.792489867201e-01
   outer loop
     vertex -1.040862676642e+02 2.600000000000e+01 -5.648320408728e+01
     vertex -1.040862676642e+02 2.350000000000e+01 -5.648320408728e+01
     vertex -1.044281599768e+02 2.350000000000e+01 -5.585707506501e+01
   endloop
 endfacet
 facet normal -8.005412409244e-01 0.000000000000e+00 -5.992776665113e-01
   outer loop
     vertex -1.040862676642e+02 2.600000000000e+01 -5.648320408728e+01
     vertex -1.036587478718e+02 2.600000000000e+01 -5.705430366973e+01
     vertex -1.036587478718e+02 2.350000000000e+01 -5.705430366973e+01
   endloop
 endfacet
 facet normal -8.776789895672e-01 -0.000000000000e+00 -4.792489867201e-01
   outer loop
     vertex -1.044281599768e+02 2.600000000000e+01 -5.585707506501e+01
     vertex -1.040862676642e+02 2.600000000000e+01 -5.648320408728e+01
     vertex -1.044281599768e+02 2.350000000000e+01 -5.585707506501e+01
   endloop
 endfacet
 facet normal -9.369497249998e-01 -0.000000000000e+00 -3.494641795991e-01
   outer loop
     vertex -1.046774648681e+02 2.600000000000e+01 -5.518866278421e+01
     vertex -1.044281599768e+02 2.350000000000e+01 -5.585707506501e+01
     vertex -1.046774648681e+02 2.350000000000e+01 -5.518866278421e+01
   endloop
 endfacet
 facet normal -9.369497249998e-01 0.000000000000e+00 -3.494641795991e-01
   outer loop
     vertex -1.046774648681e+02 2.600000000000e+01 -5.518866278421e+01
     vertex -1.044281599768e+02 2.600000000000e+01 -5.585707506501e+01
     vertex -1.044281599768e+02 2.350000000000e+01 -5.585707506501e+01
   endloop
 endfacet
 facet normal -9.771468659712e-01 -0.000000000000e+00 -2.125652895530e-01
   outer loop
     vertex -1.048291072094e+02 2.600000000000e+01 -5.449157419137e+01
     vertex -1.046774648681e+02 2.350000000000e+01 -5.518866278421e+01
     vertex -1.048291072094e+02 2.350000000000e+01 -5.449157419137e+01
   endloop
 endfacet
 facet normal -9.771468659712e-01 0.000000000000e+00 -2.125652895530e-01
   outer loop
     vertex -1.048291072094e+02 2.600000000000e+01 -5.449157419137e+01
     vertex -1.046774648681e+02 2.600000000000e+01 -5.518866278421e+01
     vertex -1.046774648681e+02 2.350000000000e+01 -5.518866278421e+01
   endloop
 endfacet
 facet normal -9.974521146103e-01 -0.000000000000e+00 -7.133918319924e-02
   outer loop
     vertex -1.048800000000e+02 2.600000000000e+01 -5.378000000000e+01
     vertex -1.048291072094e+02 2.350000000000e+01 -5.449157419137e+01
     vertex -1.048800000000e+02 2.350000000000e+01 -5.378000000000e+01
   endloop
 endfacet
 facet normal -9.974521146103e-01 0.000000000000e+00 -7.133918319924e-02
   outer loop
     vertex -1.048800000000e+02 2.600000000000e+01 -5.378000000000e+01
     vertex -1.048291072094e+02 2.600000000000e+01 -5.449157419137e+01
     vertex -1.048291072094e+02 2.350000000000e+01 -5.449157419137e+01
   endloop
 endfacet
 facet normal -0.000000000000e+00 0.000000000000e+00 -1.000000000000e+00
   outer loop
     vertex 9.988000000000e+01 2.600000000000e+01 -5.878000000000e+01
     vertex -9.988000000000e+01 2.350000000000e+01 -5.878000000000e+01
     vertex -9.988000000000e+01 2.600000000000e+01 -5.878000000000e+01
   endloop
 endfacet
 facet normal 0.000000000000e+00 -0.000000000000e+00 -1.000000000000e+00
   outer loop
     vertex 9.988000000000e+01 2.600000000000e+01 -5.878000000000e+01
     vertex 9.988000000000e+01 2.350000000000e+01 -5.878000000000e+01
     vertex -9.988000000000e+01 2.350000000000e+01 -5.878000000000e+01
   endloop
 endfacet
 facet normal 9.974521146103e-01 0.000000000000e+00 -7.133918319924e-02
   outer loop
     vertex 1.048291072094e+02 2.600000000000e+01 -5.449157419137e+01
     vertex 1.048800000000e+02 2.600000000000e+01 -5.378000000000e+01
     vertex 1.048800000000e+02 2.350000000000e+01 -5.378000000000e+01
   endloop
 endfacet
 facet normal 9.974521146103e-01 0.000000000000e+00 -7.133918319924e-02
   outer loop
     vertex 1.048291072094e+02 2.600000000000e+01 -5.449157419137e+01
     vertex 1.048800000000e+02 2.350000000000e+01 -5.378000000000e+01
     vertex 1.048291072094e+02 2.350000000000e+01 -5.449157419137e+01
   endloop
 endfacet
 facet normal 9.771468659712e-01 0.000000000000e+00 -2.125652895530e-01
   outer loop
     vertex 1.046774648681e+02 2.600000000000e+01 -5.518866278421e+01
     vertex 1.048291072094e+02 2.350000000000e+01 -5.449157419137e+01
     vertex 1.046774648681e+02 2.350000000000e+01 -5.518866278421e+01
   endloop
 endfacet
 facet normal 9.771468659712e-01 0.000000000000e+00 -2.125652895530e-01
   outer loop
     vertex 1.046774648681e+02 2.600000000000e+01 -5.518866278421e+01
     vertex 1.048291072094e+02 2.600000000000e+01 -5.449157419137e+01
     vertex 1.048291072094e+02 2.350000000000e+01 -5.449157419137e+01
   endloop
 endfacet
 facet normal 9.369497249998e-01 0.000000000000e+00 -3.494641795991e-01
   outer loop
     vertex 1.044281599768e+02 2.600000000000e+01 -5.585707506501e+01
     vertex 1.046774648681e+02 2.350000000000e+01 -5.518866278421e+01
     vertex 1.044281599768e+02 2.350000000000e+01 -5.585707506501e+01
   endloop
 endfacet
 facet normal 8.776789895673e-01 0.000000000000e+00 -4.792489867201e-01
   outer loop
     vertex 1.044281599768e+02 2.600000000000e+01 -5.585707506501e+01
     vertex 1.044281599768e+02 2.350000000000e+01 -5.585707506501e+01
     vertex 1.040862676642e+02 2.350000000000e+01 -5.648320408728e+01
   endloop
 endfacet
 facet normal 9.369497249998e-01 0.000000000000e+00 -3.494641795991e-01
   outer loop
     vertex 1.044281599768e+02 2.600000000000e+01 -5.585707506501e+01
     vertex 1.046774648681e+02 2.600000000000e+01 -5.518866278421e+01
     vertex 1.046774648681e+02 2.350000000000e+01 -5.518866278421e+01
   endloop
 endfacet
 facet normal 8.776789895673e-01 0.000000000000e+00 -4.792489867201e-01
   outer loop
     vertex 1.040862676642e+02 2.600000000000e+01 -5.648320408728e+01
     vertex 1.044281599768e+02 2.600000000000e+01 -5.585707506501e+01
     vertex 1.040862676642e+02 2.350000000000e+01 -5.648320408728e+01
   endloop
 endfacet
 facet normal 8.005412409244e-01 0.000000000000e+00 -5.992776665114e-01
   outer loop
     vertex 1.036587478718e+02 2.600000000000e+01 -5.705430366973e+01
     vertex 1.040862676642e+02 2.350000000000e+01 -5.648320408728e+01
     vertex 1.036587478718e+02 2.350000000000e+01 -5.705430366973e+01
   endloop
 endfacet
 facet normal 8.005412409244e-01 0.000000000000e+00 -5.992776665114e-01
   outer loop
     vertex 1.036587478718e+02 2.600000000000e+01 -5.705430366973e+01
     vertex 1.040862676642e+02 2.600000000000e+01 -5.648320408728e+01
     vertex 1.040862676642e+02 2.350000000000e+01 -5.648320408728e+01
   endloop
 endfacet
 facet normal 7.071067811865e-01 0.000000000000e+00 -7.071067811865e-01
   outer loop
     vertex 1.031543036697e+02 2.600000000000e+01 -5.755874787177e+01
     vertex 1.036587478718e+02 2.350000000000e+01 -5.705430366973e+01
     vertex 1.031543036697e+02 2.350000000000e+01 -5.755874787177e+01
   endloop
 endfacet
 facet normal 7.071067811865e-01 0.000000000000e+00 -7.071067811865e-01
   outer loop
     vertex 1.031543036697e+02 2.600000000000e+01 -5.755874787177e+01
     vertex 1.036587478718e+02 2.600000000000e+01 -5.705430366973e+01
     vertex 1.036587478718e+02 2.350000000000e+01 -5.705430366973e+01
   endloop
 endfacet
 facet normal 5.992776665114e-01 0.000000000000e+00 -8.005412409244e-01
   outer loop
     vertex 1.025832040873e+02 2.600000000000e+01 -5.798626766416e+01
     vertex 1.031543036697e+02 2.350000000000e+01 -5.755874787177e+01
     vertex 1.025832040873e+02 2.350000000000e+01 -5.798626766416e+01
   endloop
 endfacet
 facet normal 4.792489867201e-01 0.000000000000e+00 -8.776789895673e-01
   outer loop
     vertex 1.025832040873e+02 2.600000000000e+01 -5.798626766416e+01
     vertex 1.025832040873e+02 2.350000000000e+01 -5.798626766416e+01
     vertex 1.019570750650e+02 2.350000000000e+01 -5.832815997677e+01
   endloop
 endfacet
 facet normal 5.992776665114e-01 0.000000000000e+00 -8.005412409244e-01
   outer loop
     vertex 1.025832040873e+02 2.600000000000e+01 -5.798626766416e+01
     vertex 1.031543036697e+02 2.600000000000e+01 -5.755874787177e+01
     vertex 1.031543036697e+02 2.350000000000e+01 -5.755874787177e+01
   endloop
 endfacet
 facet normal 4.792489867201e-01 0.000000000000e+00 -8.776789895673e-01
   outer loop
     vertex 1.019570750650e+02 2.600000000000e+01 -5.832815997677e+01
     vertex 1.025832040873e+02 2.600000000000e+01 -5.798626766416e+01
     vertex 1.019570750650e+02 2.350000000000e+01 -5.832815997677e+01
   endloop
 endfacet
 facet normal 3.494641795991e-01 0.000000000000e+00 -9.369497249998e-01
   outer loop
     vertex 1.012886627842e+02 2.600000000000e+01 -5.857746486807e+01
     vertex 1.019570750650e+02 2.350000000000e+01 -5.832815997677e+01
     vertex 1.012886627842e+02 2.350000000000e+01 -5.857746486807e+01
   endloop
 endfacet
 facet normal 3.494641795991e-01 0.000000000000e+00 -9.369497249998e-01
   outer loop
     vertex 1.012886627842e+02 2.600000000000e+01 -5.857746486807e+01
     vertex 1.019570750650e+02 2.600000000000e+01 -5.832815997677e+01
     vertex 1.019570750650e+02 2.350000000000e+01 -5.832815997677e+01
   endloop
 endfacet
 facet normal 2.125652895530e-01 0.000000000000e+00 -9.771468659712e-01
   outer loop
     vertex 1.005915741914e+02 2.600000000000e+01 -5.872910720940e+01
     vertex 1.012886627842e+02 2.350000000000e+01 -5.857746486807e+01
     vertex 1.005915741914e+02 2.350000000000e+01 -5.872910720940e+01
   endloop
 endfacet
 facet normal 2.125652895530e-01 0.000000000000e+00 -9.771468659712e-01
   outer loop
     vertex 1.005915741914e+02 2.600000000000e+01 -5.872910720940e+01
     vertex 1.012886627842e+02 2.600000000000e+01 -5.857746486807e+01
     vertex 1.012886627842e+02 2.350000000000e+01 -5.857746486807e+01
   endloop
 endfacet
 facet normal 7.133918319923e-02 0.000000000000e+00 -9.974521146103e-01
   outer loop
     vertex 9.988000000000e+01 2.600000000000e+01 -5.878000000000e+01
     vertex 1.005915741914e+02 2.350000000000e+01 -5.872910720940e+01
     vertex 9.988000000000e+01 2.350000000000e+01 -5.878000000000e+01
   endloop
 endfacet
 facet normal 7.133918319923e-02 0.000000000000e+00 -9.974521146103e-01
   outer loop
     vertex 9.988000000000e+01 2.600000000000e+01 -5.878000000000e+01
     vertex 1.005915741914e+02 2.600000000000e+01 -5.872910720940e+01
     vertex 1.005915741914e+02 2.350000000000e+01 -5.872910720940e+01
   endloop
 endfacet
 facet normal 1.000000000000e+00 0.000000000000e+00 0.000000000000e+00
   outer loop
     vertex 1.048800000000e+02 2.600000000000e+01 5.378000000000e+01
     vertex 1.048800000000e+02 2.350000000000e+01 -5.378000000000e+01
     vertex 1.048800000000e+02 2.600000000000e+01 -5.378000000000e+01
   endloop
 endfacet
 facet normal 1.000000000000e+00 -0.000000000000e+00 0.000000000000e+00
   outer loop
     vertex 1.048800000000e+02 2.350000000000e+01 5.378000000000e+01
     vertex 1.048800000000e+02 2.350000000000e+01 -5.378000000000e+01
     vertex 1.048800000000e+02 2.600000000000e+01 5.378000000000e+01
   endloop
 endfacet
 facet normal 7.133918319923e-02 0.000000000000e+00 9.974521146103e-01
   outer loop
     vertex 1.005915741914e+02 2.600000000000e+01 5.872910720940e+01
     vertex 9.988000000000e+01 2.600000000000e+01 5.878000000000e+01
     vertex 9.988000000000e+01 2.350000000000e+01 5.878000000000e+01
   endloop
 endfacet
 facet normal 7.133918319923e-02 0.000000000000e+00 9.974521146103e-01
   outer loop
     vertex 1.005915741914e+02 2.600000000000e+01 5.872910720940e+01
     vertex 9.988000000000e+01 2.350000000000e+01 5.878000000000e+01
     vertex 1.005915741914e+02 2.350000000000e+01 5.872910720940e+01
   endloop
 endfacet
 facet normal 2.125652895530e-01 0.000000000000e+00 9.771468659712e-01
   outer loop
     vertex 1.012886627842e+02 2.600000000000e+01 5.857746486807e+01
     vertex 1.005915741914e+02 2.350000000000e+01 5.872910720940e+01
     vertex 1.012886627842e+02 2.350000000000e+01 5.857746486807e+01
   endloop
 endfacet
 facet normal 2.125652895530e-01 0.000000000000e+00 9.771468659712e-01
   outer loop
     vertex 1.012886627842e+02 2.600000000000e+01 5.857746486807e+01
     vertex 1.005915741914e+02 2.600000000000e+01 5.872910720940e+01
     vertex 1.005915741914e+02 2.350000000000e+01 5.872910720940e+01
   endloop
 endfacet
 facet normal 3.494641795991e-01 0.000000000000e+00 9.369497249998e-01
   outer loop
     vertex 1.019570750650e+02 2.600000000000e+01 5.832815997677e+01
     vertex 1.012886627842e+02 2.350000000000e+01 5.857746486807e+01
     vertex 1.019570750650e+02 2.350000000000e+01 5.832815997677e+01
   endloop
 endfacet
 facet normal 3.494641795991e-01 0.000000000000e+00 9.369497249998e-01
   outer loop
     vertex 1.019570750650e+02 2.600000000000e+01 5.832815997677e+01
     vertex 1.012886627842e+02 2.600000000000e+01 5.857746486807e+01
     vertex 1.012886627842e+02 2.350000000000e+01 5.857746486807e+01
   endloop
 endfacet
 facet normal 4.792489867201e-01 0.000000000000e+00 8.776789895672e-01
   outer loop
     vertex 1.025832040873e+02 2.600000000000e+01 5.798626766416e+01
     vertex 1.019570750650e+02 2.350000000000e+01 5.832815997677e+01
     vertex 1.025832040873e+02 2.350000000000e+01 5.798626766416e+01
   endloop
 endfacet
 facet normal 4.792489867201e-01 0.000000000000e+00 8.776789895672e-01
   outer loop
     vertex 1.025832040873e+02 2.600000000000e+01 5.798626766416e+01
     vertex 1.019570750650e+02 2.600000000000e+01 5.832815997677e+01
     vertex 1.019570750650e+02 2.350000000000e+01 5.832815997677e+01
   endloop
 endfacet
 facet normal 5.992776665113e-01 0.000000000000e+00 8.005412409244e-01
   outer loop
     vertex 1.031543036697e+02 2.600000000000e+01 5.755874787177e+01
     vertex 1.025832040873e+02 2.350000000000e+01 5.798626766416e+01
     vertex 1.031543036697e+02 2.350000000000e+01 5.755874787177e+01
   endloop
 endfacet
 facet normal 5.992776665113e-01 0.000000000000e+00 8.005412409244e-01
   outer loop
     vertex 1.031543036697e+02 2.600000000000e+01 5.755874787177e+01
     vertex 1.025832040873e+02 2.600000000000e+01 5.798626766416e+01
     vertex 1.025832040873e+02 2.350000000000e+01 5.798626766416e+01
   endloop
 endfacet
 facet normal 7.071067811866e-01 0.000000000000e+00 7.071067811865e-01
   outer loop
     vertex 1.036587478718e+02 2.600000000000e+01 5.705430366973e+01
     vertex 1.031543036697e+02 2.350000000000e+01 5.755874787177e+01
     vertex 1.036587478718e+02 2.350000000000e+01 5.705430366973e+01
   endloop
 endfacet
 facet normal 7.071067811866e-01 0.000000000000e+00 7.071067811865e-01
   outer loop
     vertex 1.036587478718e+02 2.600000000000e+01 5.705430366973e+01
     vertex 1.031543036697e+02 2.600000000000e+01 5.755874787177e+01
     vertex 1.031543036697e+02 2.350000000000e+01 5.755874787177e+01
   endloop
 endfacet
 facet normal 8.005412409244e-01 0.000000000000e+00 5.992776665114e-01
   outer loop
     vertex 1.040862676642e+02 2.600000000000e+01 5.648320408728e+01
     vertex 1.036587478718e+02 2.350000000000e+01 5.705430366973e+01
     vertex 1.040862676642e+02 2.350000000000e+01 5.648320408728e+01
   endloop
 endfacet
 facet normal 8.005412409244e-01 0.000000000000e+00 5.992776665114e-01
   outer loop
     vertex 1.040862676642e+02 2.600000000000e+01 5.648320408728e+01
     vertex 1.036587478718e+02 2.600000000000e+01 5.705430366973e+01
     vertex 1.036587478718e+02 2.350000000000e+01 5.705430366973e+01
   endloop
 endfacet
 facet normal 8.776789895673e-01 0.000000000000e+00 4.792489867201e-01
   outer loop
     vertex 1.044281599768e+02 2.600000000000e+01 5.585707506501e+01
     vertex 1.040862676642e+02 2.350000000000e+01 5.648320408728e+01
     vertex 1.044281599768e+02 2.350000000000e+01 5.585707506501e+01
   endloop
 endfacet
 facet normal 9.369497249998e-01 0.000000000000e+00 3.494641795991e-01
   outer loop
     vertex 1.044281599768e+02 2.600000000000e+01 5.585707506501e+01
     vertex 1.044281599768e+02 2.350000000000e+01 5.585707506501e+01
     vertex 1.046774648681e+02 2.350000000000e+01 5.518866278421e+01
   endloop
 endfacet
 facet normal 8.776789895673e-01 0.000000000000e+00 4.792489867201e-01
   outer loop
     vertex 1.044281599768e+02 2.600000000000e+01 5.585707506501e+01
     vertex 1.040862676642e+02 2.600000000000e+01 5.648320408728e+01
     vertex 1.040862676642e+02 2.350000000000e+01 5.648320408728e+01
   endloop
 endfacet
 facet normal 9.771468659712e-01 0.000000000000e+00 2.125652895530e-01
   outer loop
     vertex 1.046774648681e+02 2.600000000000e+01 5.518866278421e+01
     vertex 1.046774648681e+02 2.350000000000e+01 5.518866278421e+01
     vertex 1.048291072094e+02 2.350000000000e+01 5.449157419137e+01
   endloop
 endfacet
 facet normal 9.369497249998e-01 0.000000000000e+00 3.494641795991e-01
   outer loop
     vertex 1.046774648681e+02 2.600000000000e+01 5.518866278421e+01
     vertex 1.044281599768e+02 2.600000000000e+01 5.585707506501e+01
     vertex 1.046774648681e+02 2.350000000000e+01 5.518866278421e+01
   endloop
 endfacet
 facet normal 9.771468659712e-01 0.000000000000e+00 2.125652895530e-01
   outer loop
     vertex 1.048291072094e+02 2.600000000000e+01 5.449157419137e+01
     vertex 1.046774648681e+02 2.600000000000e+01 5.518866278421e+01
     vertex 1.048291072094e+02 2.350000000000e+01 5.449157419137e+01
   endloop
 endfacet
 facet normal 9.974521146103e-01 0.000000000000e+00 7.133918319924e-02
   outer loop
     vertex 1.048800000000e+02 2.600000000000e+01 5.378000000000e+01
     vertex 1.048291072094e+02 2.350000000000e+01 5.449157419137e+01
     vertex 1.048800000000e+02 2.350000000000e+01 5.378000000000e+01
   endloop
 endfacet
 facet normal 9.974521146103e-01 0.000000000000e+00 7.133918319924e-02
   outer loop
     vertex 1.048800000000e+02 2.600000000000e+01 5.378000000000e+01
     vertex 1.048291072094e+02 2.600000000000e+01 5.449157419137e+01
     vertex 1.048291072094e+02 2.350000000000e+01 5.449157419137e+01
   endloop
 endfacet
 facet normal 0.000000000000e+00 0.000000000000e+00 1.000000000000e+00
   outer loop
     vertex 9.988000000000e+01 2.600000000000e+01 5.878000000000e+01
     vertex -9.988000000000e+01 2.600000000000e+01 5.878000000000e+01
     vertex -9.988000000000e+01 2.350000000000e+01 5.878000000000e+01
   endloop
 endfacet
 facet normal 0.000000000000e+00 0.000000000000e+00 1.000000000000e+00
   outer loop
     vertex 9.988000000000e+01 2.600000000000e+01 5.878000000000e+01
     vertex -9.988000000000e+01 2.350000000000e+01 5.878000000000e+01
     vertex 9.988000000000e+01 2.350000000000e+01 5.878000000000e+01
   endloop
 endfacet
 facet normal -9.974521146103e-01 0.000000000000e+00 7.133918319924e-02
   outer loop
     vertex -1.048291072094e+02 2.600000000000e+01 5.449157419137e+01
     vertex -1.048800000000e+02 2.600000000000e+01 5.378000000000e+01
     vertex -1.048800000000e+02 2.350000000000e+01 5.378000000000e+01
   endloop
 endfacet
 facet normal -9.974521146103e-01 0.000000000000e+00 7.133918319924e-02
   outer loop
     vertex -1.048291072094e+02 2.600000000000e+01 5.449157419137e+01
     vertex -1.048800000000e+02 2.350000000000e+01 5.378000000000e+01
     vertex -1.048291072094e+02 2.350000000000e+01 5.449157419137e+01
   endloop
 endfacet
 facet normal -9.771468659712e-01 0.000000000000e+00 2.125652895530e-01
   outer loop
     vertex -1.046774648681e+02 2.600000000000e+01 5.518866278421e+01
     vertex -1.048291072094e+02 2.350000000000e+01 5.449157419137e+01
     vertex -1.046774648681e+02 2.350000000000e+01 5.518866278421e+01
   endloop
 endfacet
 facet normal -9.771468659712e-01 0.000000000000e+00 2.125652895530e-01
   outer loop
     vertex -1.046774648681e+02 2.600000000000e+01 5.518866278421e+01
     vertex -1.048291072094e+02 2.600000000000e+01 5.449157419137e+01
     vertex -1.048291072094e+02 2.350000000000e+01 5.449157419137e+01
   endloop
 endfacet
 facet normal -9.369497249998e-01 0.000000000000e+00 3.494641795991e-01
   outer loop
     vertex -1.044281599768e+02 2.600000000000e+01 5.585707506501e+01
     vertex -1.046774648681e+02 2.350000000000e+01 5.518866278421e+01
     vertex -1.044281599768e+02 2.350000000000e+01 5.585707506501e+01
   endloop
 endfacet
 facet normal -8.776789895673e-01 0.000000000000e+00 4.792489867201e-01
   outer loop
     vertex -1.044281599768e+02 2.600000000000e+01 5.585707506501e+01
     vertex -1.044281599768e+02 2.350000000000e+01 5.585707506501e+01
     vertex -1.040862676642e+02 2.350000000000e+01 5.648320408728e+01
   endloop
 endfacet
 facet normal -9.369497249998e-01 0.000000000000e+00 3.494641795991e-01
   outer loop
     vertex -1.044281599768e+02 2.600000000000e+01 5.585707506501e+01
     vertex -1.046774648681e+02 2.600000000000e+01 5.518866278421e+01
     vertex -1.046774648681e+02 2.350000000000e+01 5.518866278421e+01
   endloop
 endfacet
 facet normal -8.776789895673e-01 0.000000000000e+00 4.792489867201e-01
   outer loop
     vertex -1.040862676642e+02 2.600000000000e+01 5.648320408728e+01
     vertex -1.044281599768e+02 2.600000000000e+01 5.585707506501e+01
     vertex -1.040862676642e+02 2.350000000000e+01 5.648320408728e+01
   endloop
 endfacet
 facet normal -8.005412409244e-01 0.000000000000e+00 5.992776665114e-01
   outer loop
     vertex -1.036587478718e+02 2.600000000000e+01 5.705430366973e+01
     vertex -1.040862676642e+02 2.350000000000e+01 5.648320408728e+01
     vertex -1.036587478718e+02 2.350000000000e+01 5.705430366973e+01
   endloop
 endfacet
 facet normal -8.005412409244e-01 0.000000000000e+00 5.992776665114e-01
   outer loop
     vertex -1.036587478718e+02 2.600000000000e+01 5.705430366973e+01
     vertex -1.040862676642e+02 2.600000000000e+01 5.648320408728e+01
     vertex -1.040862676642e+02 2.350000000000e+01 5.648320408728e+01
   endloop
 endfacet
 facet normal -7.071067811865e-01 0.000000000000e+00 7.071067811865e-01
   outer loop
     vertex -1.031543036697e+02 2.600000000000e+01 5.755874787177e+01
     vertex -1.036587478718e+02 2.350000000000e+01 5.705430366973e+01
     vertex -1.031543036697e+02 2.350000000000e+01 5.755874787177e+01
   endloop
 endfacet
 facet normal -7.071067811865e-01 0.000000000000e+00 7.071067811865e-01
   outer loop
     vertex -1.031543036697e+02 2.600000000000e+01 5.755874787177e+01
     vertex -1.036587478718e+02 2.600000000000e+01 5.705430366973e+01
     vertex -1.036587478718e+02 2.350000000000e+01 5.705430366973e+01
   endloop
 endfacet
 facet normal -5.992776665114e-01 0.000000000000e+00 8.005412409244e-01
   outer loop
     vertex -1.025832040873e+02 2.600000000000e+01 5.798626766416e+01
     vertex -1.031543036697e+02 2.350000000000e+01 5.755874787177e+01
     vertex -1.025832040873e+02 2.350000000000e+01 5.798626766416e+01
   endloop
 endfacet
 facet normal -4.792489867201e-01 0.000000000000e+00 8.776789895673e-01
   outer loop
     vertex -1.025832040873e+02 2.600000000000e+01 5.798626766416e+01
     vertex -1.025832040873e+02 2.350000000000e+01 5.798626766416e+01
     vertex -1.019570750650e+02 2.350000000000e+01 5.832815997677e+01
   endloop
 endfacet
 facet normal -5.992776665114e-01 0.000000000000e+00 8.005412409244e-01
   outer loop
     vertex -1.025832040873e+02 2.600000000000e+01 5.798626766416e+01
     vertex -1.031543036697e+02 2.600000000000e+01 5.755874787177e+01
     vertex -1.031543036697e+02 2.350000000000e+01 5.755874787177e+01
   endloop
 endfacet
 facet normal -4.792489867201e-01 0.000000000000e+00 8.776789895673e-01
   outer loop
     vertex -1.019570750650e+02 2.600000000000e+01 5.832815997677e+01
     vertex -1.025832040873e+02 2.600000000000e+01 5.798626766416e+01
     vertex -1.019570750650e+02 2.350000000000e+01 5.832815997677e+01
   endloop
 endfacet
 facet normal -3.494641795991e-01 0.000000000000e+00 9.369497249998e-01
   outer loop
     vertex -1.012886627842e+02 2.600000000000e+01 5.857746486807e+01
     vertex -1.019570750650e+02 2.350000000000e+01 5.832815997677e+01
     vertex -1.012886627842e+02 2.350000000000e+01 5.857746486807e+01
   endloop
 endfacet
 facet normal -3.494641795991e-01 0.000000000000e+00 9.369497249998e-01
   outer loop
     vertex -1.012886627842e+02 2.600000000000e+01 5.857746486807e+01
     vertex -1.019570750650e+02 2.600000000000e+01 5.832815997677e+01
     vertex -1.019570750650e+02 2.350000000000e+01 5.832815997677e+01
   endloop
 endfacet
 facet normal -2.125652895530e-01 0.000000000000e+00 9.771468659712e-01
   outer loop
     vertex -1.005915741914e+02 2.600000000000e+01 5.872910720940e+01
     vertex -1.012886627842e+02 2.350000000000e+01 5.857746486807e+01
     vertex -1.005915741914e+02 2.350000000000e+01 5.872910720940e+01
   endloop
 endfacet
 facet normal -2.125652895530e-01 0.000000000000e+00 9.771468659712e-01
   outer loop
     vertex -1.005915741914e+02 2.600000000000e+01 5.872910720940e+01
     vertex -1.012886627842e+02 2.600000000000e+01 5.857746486807e+01
     vertex -1.012886627842e+02 2.350000000000e+01 5.857746486807e+01
   endloop
 endfacet
 facet normal -7.133918319923e-02 0.000000000000e+00 9.974521146103e-01
   outer loop
     vertex -9.988000000000e+01 2.600000000000e+01 5.878000000000e+01
     vertex -1.005915741914e+02 2.350000000000e+01 5.872910720940e+01
     vertex -9.988000000000e+01 2.350000000000e+01 5.878000000000e+01
   endloop
 endfacet
 facet normal -7.133918319923e-02 0.000000000000e+00 9.974521146103e-01
   outer loop
     vertex -9.988000000000e+01 2.600000000000e+01 5.878000000000e+01
     vertex -1.005915741914e+02 2.600000000000e+01 5.872910720940e+01
     vertex -1.005915741914e+02 2.350000000000e+01 5.872910720940e+01
   endloop
 endfacet
 facet normal -1.000000000000e+00 0.000000000000e+00 0.000000000000e+00
   outer loop
     vertex -1.048800000000e+02 2.350000000000e+01 5.378000000000e+01
     vertex -1.048800000000e+02 2.600000000000e+01 2.000000000000e+01
     vertex -1.048800000000e+02 2.350000000000e+01 2.000000000000e+01
   endloop
 endfacet
 facet normal -1.000000000000e+00 0.000000000000e+00 0.000000000000e+00
   outer loop
     vertex -1.048800000000e+02 2.350000000000e+01 5.378000000000e+01
     vertex -1.048800000000e+02 2.600000000000e+01 5.378000000000e+01
     vertex -1.048800000000e+02 2.600000000000e+01 2.000000000000e+01
   endloop
 endfacet
 facet normal -0.000000000000e+00 0.000000000000e+00 -1.000000000000e+00
   outer loop
     vertex -5.600000000000e+01 2.350000000000e+01 -2.200000000000e+01
     vertex -1.020800000000e+02 4.000000000000e+00 -2.200000000000e+01
     vertex -1.020800000000e+02 2.350000000000e+01 -2.200000000000e+01
   endloop
 endfacet
 facet normal 0.000000000000e+00 -0.000000000000e+00 -1.000000000000e+00
   outer loop
     vertex -5.600000000000e+01 2.350000000000e+01 -2.200000000000e+01
     vertex -5.600000000000e+01 4.000000000000e+00 -2.200000000000e+01
     vertex -1.020800000000e+02 4.000000000000e+00 -2.200000000000e+01
   endloop
 endfacet
 facet normal 0.000000000000e+00 0.000000000000e+00 1.000000000000e+00
   outer loop
     vertex -1.020800000000e+02 2.350000000000e+01 -2.000000000000e+01
     vertex -1.048800000000e+02 2.600000000000e+01 -2.000000000000e+01
     vertex -1.048800000000e+02 2.350000000000e+01 -2.000000000000e+01
   endloop
 endfacet
 facet normal 0.000000000000e+00 0.000000000000e+00 1.000000000000e+00
   outer loop
     vertex -5.800000000000e+01 1.440000000000e+01 -2.000000000000e+01
     vertex -1.020800000000e+02 2.350000000000e+01 -2.000000000000e+01
     vertex -1.020800000000e+02 5.400000000000e+00 -2.000000000000e+01
   endloop
 endfacet
 facet normal 0.000000000000e+00 0.000000000000e+00 1.000000000000e+00
   outer loop
     vertex -5.800000000000e+01 1.440000000000e+01 -2.000000000000e+01
     vertex -1.020800000000e+02 5.400000000000e+00 -2.000000000000e+01
     vertex -5.600000000000e+01 5.400000000000e+00 -2.000000000000e+01
   endloop
 endfacet
 facet normal 0.000000000000e+00 0.000000000000e+00 1.000000000000e+00
   outer loop
     vertex -5.600000000000e+01 1.440000000000e+01 -2.000000000000e+01
     vertex -5.800000000000e+01 1.440000000000e+01 -2.000000000000e+01
     vertex -5.600000000000e+01 5.400000000000e+00 -2.000000000000e+01
   endloop
 endfacet
 facet normal 0.000000000000e+00 0.000000000000e+00 1.000000000000e+00
   outer loop
     vertex -5.800000000000e+01 2.600000000000e+01 -2.000000000000e+01
     vertex -1.020800000000e+02 2.350000000000e+01 -2.000000000000e+01
     vertex -5.800000000000e+01 1.440000000000e+01 -2.000000000000e+01
   endloop
 endfacet
 facet normal 0.000000000000e+00 0.000000000000e+00 1.000000000000e+00
   outer loop
     vertex -5.800000000000e+01 2.600000000000e+01 -2.000000000000e+01
     vertex -1.048800000000e+02 2.600000000000e+01 -2.000000000000e+01
     vertex -1.020800000000e+02 2.350000000000e+01 -2.000000000000e+01
   endloop
 endfacet
 facet normal 0.000000000000e+00 1.000000000000e+00 0.000000000000e+00
   outer loop
     vertex -5.600000000000e+01 5.400000000000e+00 2.000000000000e+01
     vertex -1.020800000000e+02 5.400000000000e+00 -2.000000000000e+01
     vertex -1.020800000000e+02 5.400000000000e+00 2.000000000000e+01
   endloop
 endfacet
 facet normal 0.000000000000e+00 1.000000000000e+00 0.000000000000e+00
   outer loop
     vertex -5.600000000000e+01 5.400000000000e+00 2.000000000000e+01
     vertex -5.600000000000e+01 5.400000000000e+00 -2.000000000000e+01
     vertex -1.020800000000e+02 5.400000000000e+00 -2.000000000000e+01
   endloop
 endfacet
 facet normal 0.000000000000e+00 0.000000000000e+00 -1.000000000000e+00
   outer loop
     vertex -1.020800000000e+02 2.350000000000e+01 2.000000000000e+01
     vertex -1.048800000000e+02 2.350000000000e+01 2.000000000000e+01
     vertex -1.048800000000e+02 2.600000000000e+01 2.000000000000e+01
   endloop
 endfacet
 facet normal -0.000000000000e+00 0.000000000000e+00 -1.000000000000e+00
   outer loop
     vertex -5.800000000000e+01 1.440000000000e+01 2.000000000000e+01
     vertex -1.020800000000e+02 5.400000000000e+00 2.000000000000e+01
     vertex -1.020800000000e+02 2.350000000000e+01 2.000000000000e+01
   endloop
 endfacet
 facet normal 0.000000000000e+00 -0.000000000000e+00 -1.000000000000e+00
   outer loop
     vertex -5.800000000000e+01 1.440000000000e+01 2.000000000000e+01
     vertex -5.600000000000e+01 5.400000000000e+00 2.000000000000e+01
     vertex -1.020800000000e+02 5.400000000000e+00 2.000000000000e+01
   endloop
 endfacet
 facet normal -0.000000000000e+00 -0.000000000000e+00 -1.000000000000e+00
   outer loop
     vertex -5.600000000000e+01 1.440000000000e+01 2.000000000000e+01
     vertex -5.600000000000e+01 5.400000000000e+00 2.000000000000e+01
     vertex -5.800000000000e+01 1.440000000000e+01 2.000000000000e+01
   endloop
 endfacet
 facet normal 0.000000000000e+00 -0.000000000000e+00 -1.000000000000e+00
   outer loop
     vertex -5.800000000000e+01 2.600000000000e+01 2.000000000000e+01
     vertex -5.800000000000e+01 1.440000000000e+01 2.000000000000e+01
     vertex -1.020800000000e+02 2.350000000000e+01 2.000000000000e+01
   endloop
 endfacet
 facet normal -0.000000000000e+00 0.000000000000e+00 -1.000000000000e+00
   outer loop
     vertex -5.800000000000e+01 2.600000000000e+01 2.000000000000e+01
     vertex -1.020800000000e+02 2.350000000000e+01 2.000000000000e+01
     vertex -1.048800000000e+02 2.600000000000e+01 2.000000000000e+01
   endloop
 endfacet
 facet normal 0.000000000000e+00 -1.000000000000e+00 0.000000000000e+00
   outer loop
     vertex -1.007562936542e+02 2.350000000000e+01 -5.474618818211e+01
     vertex -1.036587478718e+02 2.350000000000e+01 -5.705430366973e+01
     vertex -1.031543036697e+02 2.350000000000e+01 -5.755874787177e+01
   endloop
 endfacet
 facet normal 0.000000000000e+00 -1.000000000000e+00 0.000000000000e+00
   outer loop
     vertex -1.009291135202e+02 2.350000000000e+01 -5.455993266316e+01
     vertex -1.040862676642e+02 2.350000000000e+01 -5.648320408728e+01
     vertex -1.036587478718e+02 2.350000000000e+01 -5.705430366973e+01
   endloop
 endfacet
 facet normal 0.000000000000e+00 -1.000000000000e+00 -0.000000000000e+00
   outer loop
     vertex -1.009291135202e+02 2.350000000000e+01 -5.455993266316e+01
     vertex -1.036587478718e+02 2.350000000000e+01 -5.705430366973e+01
     vertex -1.007562936542e+02 2.350000000000e+01 -5.474618818211e+01
   endloop
 endfacet
 facet normal 0.000000000000e+00 -1.000000000000e+00 0.000000000000e+00
   outer loop
     vertex -1.005576440987e+02 2.350000000000e+01 -5.490460591634e+01
     vertex -1.025832040873e+02 2.350000000000e+01 -5.798626766416e+01
     vertex -1.019570750650e+02 2.350000000000e+01 -5.832815997677e+01
   endloop
 endfacet
 facet normal 0.000000000000e+00 -1.000000000000e+00 0.000000000000e+00
   outer loop
     vertex -1.005576440987e+02 2.350000000000e+01 -5.490460591634e+01
     vertex -1.031543036697e+02 2.350000000000e+01 -5.755874787177e+01
     vertex -1.025832040873e+02 2.350000000000e+01 -5.798626766416e+01
   endloop
 endfacet
 facet normal -0.000000000000e+00 -1.000000000000e+00 0.000000000000e+00
   outer loop
     vertex -1.005576440987e+02 2.350000000000e+01 -5.490460591634e+01
     vertex -1.007562936542e+02 2.350000000000e+01 -5.474618818211e+01
     vertex -1.031543036697e+02 2.350000000000e+01 -5.755874787177e+01
   endloop
 endfacet
 facet normal 0.000000000000e+00 -1.000000000000e+00 0.000000000000e+00
   outer loop
     vertex -1.010722431864e+02 2.350000000000e+01 -5.435000000000e+01
     vertex -1.044281599768e+02 2.350000000000e+01 -5.585707506501e+01
     vertex -1.040862676642e+02 2.350000000000e+01 -5.648320408728e+01
   endloop
 endfacet
 facet normal 0.000000000000e+00 -1.000000000000e+00 -0.000000000000e+00
   outer loop
     vertex -1.010722431864e+02 2.350000000000e+01 -5.435000000000e+01
     vertex -1.040862676642e+02 2.350000000000e+01 -5.648320408728e+01
     vertex -1.009291135202e+02 2.350000000000e+01 -5.455993266316e+01
   endloop
 endfacet
 facet normal 0.000000000000e+00 -1.000000000000e+00 0.000000000000e+00
   outer loop
     vertex -1.003376023565e+02 2.350000000000e+01 -5.503164707543e+01
     vertex -1.019570750650e+02 2.350000000000e+01 -5.832815997677e+01
     vertex -1.012886627842e+02 2.350000000000e+01 -5.857746486807e+01
   endloop
 endfacet
 facet normal -0.000000000000e+00 -1.000000000000e+00 0.000000000000e+00
   outer loop
     vertex -1.003376023565e+02 2.350000000000e+01 -5.503164707543e+01
     vertex -1.005576440987e+02 2.350000000000e+01 -5.490460591634e+01
     vertex -1.019570750650e+02 2.350000000000e+01 -5.832815997677e+01
   endloop
 endfacet
 facet normal 0.000000000000e+00 -1.000000000000e+00 0.000000000000e+00
   outer loop
     vertex -1.011824853727e+02 2.350000000000e+01 -5.412107974142e+01
     vertex -1.046774648681e+02 2.350000000000e+01 -5.518866278421e+01
     vertex -1.044281599768e+02 2.350000000000e+01 -5.585707506501e+01
   endloop
 endfacet
 facet normal 0.000000000000e+00 -1.000000000000e+00 -0.000000000000e+00
   outer loop
     vertex -1.011824853727e+02 2.350000000000e+01 -5.412107974142e+01
     vertex -1.044281599768e+02 2.350000000000e+01 -5.585707506501e+01
     vertex -1.010722431864e+02 2.350000000000e+01 -5.435000000000e+01
   endloop
 endfacet
 facet normal 0.000000000000e+00 -1.000000000000e+00 0.000000000000e+00
   outer loop
     vertex -1.001010837965e+02 2.350000000000e+01 -5.512447376984e+01
     vertex -1.012886627842e+02 2.350000000000e+01 -5.857746486807e+01
     vertex -1.005915741914e+02 2.350000000000e+01 -5.872910720940e+01
   endloop
 endfacet
 facet normal -0.000000000000e+00 -1.000000000000e+00 0.000000000000e+00
   outer loop
     vertex -1.001010837965e+02 2.350000000000e+01 -5.512447376984e+01
     vertex -1.003376023565e+02 2.350000000000e+01 -5.503164707543e+01
     vertex -1.012886627842e+02 2.350000000000e+01 -5.857746486807e+01
   endloop
 endfacet
 facet normal 0.000000000000e+00 -1.000000000000e+00 0.000000000000e+00
   outer loop
     vertex -1.012573774507e+02 2.350000000000e+01 -5.387828558773e+01
     vertex -1.048291072094e+02 2.350000000000e+01 -5.449157419137e+01
     vertex -1.046774648681e+02 2.350000000000e+01 -5.518866278421e+01
   endloop
 endfacet
 facet normal 0.000000000000e+00 -1.000000000000e+00 -0.000000000000e+00
   outer loop
     vertex -1.012573774507e+02 2.350000000000e+01 -5.387828558773e+01
     vertex -1.046774648681e+02 2.350000000000e+01 -5.518866278421e+01
     vertex -1.011824853727e+02 2.350000000000e+01 -5.412107974142e+01
   endloop
 endfacet
 facet normal 0.000000000000e+00 -1.000000000000e+00 0.000000000000e+00
   outer loop
     vertex -9.985337185250e+01 2.350000000000e+01 -5.518101240458e+01
     vertex -1.005915741914e+02 2.350000000000e+01 -5.872910720940e+01
     vertex -9.988000000000e+01 2.350000000000e+01 -5.878000000000e+01
   endloop
 endfacet
 facet normal -0.000000000000e+00 -1.000000000000e+00 0.000000000000e+00
   outer loop
     vertex -9.985337185250e+01 2.350000000000e+01 -5.518101240458e+01
     vertex -1.001010837965e+02 2.350000000000e+01 -5.512447376984e+01
     vertex -1.005915741914e+02 2.350000000000e+01 -5.872910720940e+01
   endloop
 endfacet
 facet normal 0.000000000000e+00 -1.000000000000e+00 0.000000000000e+00
   outer loop
     vertex -1.012952464552e+02 2.350000000000e+01 -5.362704115910e+01
     vertex -1.048800000000e+02 2.350000000000e+01 -5.378000000000e+01
     vertex -1.048291072094e+02 2.350000000000e+01 -5.449157419137e+01
   endloop
 endfacet
 facet normal 0.000000000000e+00 -1.000000000000e+00 -0.000000000000e+00
   outer loop
     vertex -1.012952464552e+02 2.350000000000e+01 -5.362704115910e+01
     vertex -1.048291072094e+02 2.350000000000e+01 -5.449157419137e+01
     vertex -1.012573774507e+02 2.350000000000e+01 -5.387828558773e+01
   endloop
 endfacet
 facet normal -0.000000000000e+00 -1.000000000000e+00 0.000000000000e+00
   outer loop
     vertex -9.960000000000e+01 2.350000000000e+01 -5.520000000000e+01
     vertex -9.985337185250e+01 2.350000000000e+01 -5.518101240458e+01
     vertex -9.988000000000e+01 2.350000000000e+01 -5.878000000000e+01
   endloop
 endfacet
 facet normal 0.000000000000e+00 -1.000000000000e+00 -0.000000000000e+00
   outer loop
     vertex -1.012952464552e+02 2.350000000000e+01 -5.337295884090e+01
     vertex -1.048800000000e+02 2.350000000000e+01 -5.378000000000e+01
     vertex -1.012952464552e+02 2.350000000000e+01 -5.362704115910e+01
   endloop
 endfacet
 facet normal 0.000000000000e+00 -1.000000000000e+00 0.000000000000e+00
   outer loop
     vertex -9.934662814750e+01 2.350000000000e+01 -5.518101240458e+01
     vertex -9.960000000000e+01 2.350000000000e+01 -5.520000000000e+01
     vertex -9.988000000000e+01 2.350000000000e+01 -5.878000000000e+01
   endloop
 endfacet
 facet normal 0.000000000000e+00 -1.000000000000e+00 0.000000000000e+00
   outer loop
     vertex -1.012573774507e+02 2.350000000000e+01 -5.312171441227e+01
     vertex -1.048800000000e+02 2.350000000000e+01 -5.378000000000e+01
     vertex -1.012952464552e+02 2.350000000000e+01 -5.337295884090e+01
   endloop
 endfacet
 facet normal 0.000000000000e+00 -1.000000000000e+00 0.000000000000e+00
   outer loop
     vertex -9.909891620350e+01 2.350000000000e+01 -5.512447376984e+01
     vertex -9.934662814750e+01 2.350000000000e+01 -5.518101240458e+01
     vertex -9.988000000000e+01 2.350000000000e+01 -5.878000000000e+01
   endloop
 endfacet
 facet normal 0.000000000000e+00 -1.000000000000e+00 0.000000000000e+00
   outer loop
     vertex -1.011824853727e+02 2.350000000000e+01 -5.287892025858e+01
     vertex -1.048800000000e+02 2.350000000000e+01 -5.378000000000e+01
     vertex -1.012573774507e+02 2.350000000000e+01 -5.312171441227e+01
   endloop
 endfacet
 facet normal 0.000000000000e+00 -1.000000000000e+00 0.000000000000e+00
   outer loop
     vertex -9.886239764350e+01 2.350000000000e+01 -5.503164707543e+01
     vertex -9.909891620350e+01 2.350000000000e+01 -5.512447376984e+01
     vertex -9.988000000000e+01 2.350000000000e+01 -5.878000000000e+01
   endloop
 endfacet
 facet normal 0.000000000000e+00 -1.000000000000e+00 0.000000000000e+00
   outer loop
     vertex -1.010722431864e+02 2.350000000000e+01 -5.265000000000e+01
     vertex -1.048800000000e+02 2.350000000000e+01 -5.378000000000e+01
     vertex -1.011824853727e+02 2.350000000000e+01 -5.287892025858e+01
   endloop
 endfacet
 facet normal 0.000000000000e+00 -1.000000000000e+00 0.000000000000e+00
   outer loop
     vertex -9.864235590129e+01 2.350000000000e+01 -5.490460591634e+01
     vertex -9.886239764350e+01 2.350000000000e+01 -5.503164707543e+01
     vertex -9.988000000000e+01 2.350000000000e+01 -5.878000000000e+01
   endloop
 endfacet
 facet normal 0.000000000000e+00 -1.000000000000e+00 0.000000000000e+00
   outer loop
     vertex -1.009291135202e+02 2.350000000000e+01 -5.244006733684e+01
     vertex -1.048800000000e+02 2.350000000000e+01 -5.378000000000e+01
     vertex -1.010722431864e+02 2.350000000000e+01 -5.265000000000e+01
   endloop
 endfacet
 facet normal 0.000000000000e+00 -1.000000000000e+00 0.000000000000e+00
   outer loop
     vertex -9.844370634579e+01 2.350000000000e+01 -5.474618818211e+01
     vertex -9.864235590129e+01 2.350000000000e+01 -5.490460591634e+01
     vertex -9.988000000000e+01 2.350000000000e+01 -5.878000000000e+01
   endloop
 endfacet
 facet normal 0.000000000000e+00 -1.000000000000e+00 0.000000000000e+00
   outer loop
     vertex -1.007562936542e+02 2.350000000000e+01 -5.225381181789e+01
     vertex -1.048800000000e+02 2.350000000000e+01 -5.378000000000e+01
     vertex -1.009291135202e+02 2.350000000000e+01 -5.244006733684e+01
   endloop
 endfacet
 facet normal 0.000000000000e+00 -1.000000000000e+00 0.000000000000e+00
   outer loop
     vertex -9.827088647980e+01 2.350000000000e+01 -5.455993266316e+01
     vertex -9.844370634579e+01 2.350000000000e+01 -5.474618818211e+01
     vertex -9.988000000000e+01 2.350000000000e+01 -5.878000000000e+01
   endloop
 endfacet
 facet normal 0.000000000000e+00 -1.000000000000e+00 0.000000000000e+00
   outer loop
     vertex -1.005576440987e+02 2.350000000000e+01 -5.209539408366e+01
     vertex -1.048800000000e+02 2.350000000000e+01 -5.378000000000e+01
     vertex -1.007562936542e+02 2.350000000000e+01 -5.225381181789e+01
   endloop
 endfacet
 facet normal 0.000000000000e+00 -1.000000000000e+00 0.000000000000e+00
   outer loop
     vertex -9.812775681357e+01 2.350000000000e+01 -5.435000000000e+01
     vertex -9.827088647980e+01 2.350000000000e+01 -5.455993266316e+01
     vertex -9.988000000000e+01 2.350000000000e+01 -5.878000000000e+01
   endloop
 endfacet
 facet normal 0.000000000000e+00 -1.000000000000e+00 0.000000000000e+00
   outer loop
     vertex -1.003376023565e+02 2.350000000000e+01 -5.196835292457e+01
     vertex -1.048800000000e+02 2.350000000000e+01 -5.378000000000e+01
     vertex -1.005576440987e+02 2.350000000000e+01 -5.209539408366e+01
   endloop
 endfacet
 facet normal 0.000000000000e+00 -1.000000000000e+00 -0.000000000000e+00
   outer loop
     vertex -1.020800000000e+02 2.350000000000e+01 -2.200000000000e+01
     vertex -1.048800000000e+02 2.350000000000e+01 -5.378000000000e+01
     vertex -1.003376023565e+02 2.350000000000e+01 -5.196835292457e+01
   endloop
 endfacet
 facet normal 0.000000000000e+00 -1.000000000000e+00 0.000000000000e+00
   outer loop
     vertex -1.020800000000e+02 2.350000000000e+01 -2.200000000000e+01
     vertex -1.003376023565e+02 2.350000000000e+01 -5.196835292457e+01
     vertex -1.001010837965e+02 2.350000000000e+01 -5.187552623016e+01
   endloop
 endfacet
 facet normal 0.000000000000e+00 -1.000000000000e+00 0.000000000000e+00
   outer loop
     vertex -1.020800000000e+02 2.350000000000e+01 -2.200000000000e+01
     vertex -1.001010837965e+02 2.350000000000e+01 -5.187552623016e+01
     vertex -9.985337185250e+01 2.350000000000e+01 -5.181898759542e+01
   endloop
 endfacet
 facet normal 0.000000000000e+00 -1.000000000000e+00 0.000000000000e+00
   outer loop
     vertex -1.020800000000e+02 2.350000000000e+01 -2.200000000000e+01
     vertex -9.985337185250e+01 2.350000000000e+01 -5.181898759542e+01
     vertex -9.960000000000e+01 2.350000000000e+01 -5.180000000000e+01
   endloop
 endfacet
 facet normal -0.000000000000e+00 -1.000000000000e+00 0.000000000000e+00
   outer loop
     vertex -1.020800000000e+02 2.350000000000e+01 -2.200000000000e+01
     vertex -1.048800000000e+02 2.350000000000e+01 -2.000000000000e+01
     vertex -1.048800000000e+02 2.350000000000e+01 -5.378000000000e+01
   endloop
 endfacet
 facet normal 0.000000000000e+00 -1.000000000000e+00 0.000000000000e+00
   outer loop
     vertex -1.020800000000e+02 2.350000000000e+01 -2.200000000000e+01
     vertex -9.960000000000e+01 2.350000000000e+01 -5.180000000000e+01
     vertex -9.934662814750e+01 2.350000000000e+01 -5.181898759542e+01
   endloop
 endfacet
 facet normal 0.000000000000e+00 -1.000000000000e+00 0.000000000000e+00
   outer loop
     vertex -1.020800000000e+02 2.350000000000e+01 -2.200000000000e+01
     vertex -9.934662814750e+01 2.350000000000e+01 -5.181898759542e+01
     vertex -9.909891620350e+01 2.350000000000e+01 -5.187552623016e+01
   endloop
 endfacet
 facet normal 0.000000000000e+00 -1.000000000000e+00 0.000000000000e+00
   outer loop
     vertex -1.020800000000e+02 2.350000000000e+01 -2.200000000000e+01
     vertex -9.909891620350e+01 2.350000000000e+01 -5.187552623016e+01
     vertex -9.886239764350e+01 2.350000000000e+01 -5.196835292457e+01
   endloop
 endfacet
 facet normal 0.000000000000e+00 -1.000000000000e+00 0.000000000000e+00
   outer loop
     vertex -1.020800000000e+02 2.350000000000e+01 -2.200000000000e+01
     vertex -9.886239764350e+01 2.350000000000e+01 -5.196835292457e+01
     vertex -9.864235590129e+01 2.350000000000e+01 -5.209539408366e+01
   endloop
 endfacet
 facet normal -0.000000000000e+00 -1.000000000000e+00 -0.000000000000e+00
   outer loop
     vertex -1.020800000000e+02 2.350000000000e+01 -2.000000000000e+01
     vertex -1.048800000000e+02 2.350000000000e+01 -2.000000000000e+01
     vertex -1.020800000000e+02 2.350000000000e+01 -2.200000000000e+01
   endloop
 endfacet
 facet normal 0.000000000000e+00 -1.000000000000e+00 0.000000000000e+00
   outer loop
     vertex -6.429069095108e+01 2.350000000000e+01 -3.478220748732e+01
     vertex -9.794262254929e+01 2.350000000000e+01 -5.312171441227e+01
     vertex -9.790475354479e+01 2.350000000000e+01 -5.337295884090e+01
   endloop
 endfacet
 facet normal 0.000000000000e+00 -1.000000000000e+00 0.000000000000e+00
   outer loop
     vertex -6.469732592987e+01 2.350000000000e+01 -3.434395920743e+01
     vertex -9.801751462730e+01 2.350000000000e+01 -5.287892025858e+01
     vertex -9.794262254929e+01 2.350000000000e+01 -5.312171441227e+01
   endloop
 endfacet
 facet normal 0.000000000000e+00 -1.000000000000e+00 -0.000000000000e+00
   outer loop
     vertex -6.469732592987e+01 2.350000000000e+01 -3.434395920743e+01
     vertex -9.794262254929e+01 2.350000000000e+01 -5.312171441227e+01
     vertex -6.429069095108e+01 2.350000000000e+01 -3.478220748732e+01
   endloop
 endfacet
 facet normal 0.000000000000e+00 -1.000000000000e+00 0.000000000000e+00
   outer loop
     vertex -6.382328023225e+01 2.350000000000e+01 -3.515495509726e+01
     vertex -9.790475354479e+01 2.350000000000e+01 -5.337295884090e+01
     vertex -9.790475354479e+01 2.350000000000e+01 -5.362704115910e+01
   endloop
 endfacet
 facet normal -0.000000000000e+00 -1.000000000000e+00 0.000000000000e+00
   outer loop
     vertex -6.382328023225e+01 2.350000000000e+01 -3.515495509726e+01
     vertex -6.429069095108e+01 2.350000000000e+01 -3.478220748732e+01
     vertex -9.790475354479e+01 2.350000000000e+01 -5.337295884090e+01
   endloop
 endfacet
 facet normal 0.000000000000e+00 -1.000000000000e+00 0.000000000000e+00
   outer loop
     vertex -6.503410161514e+01 2.350000000000e+01 -3.385000000000e+01
     vertex -9.812775681357e+01 2.350000000000e+01 -5.265000000000e+01
     vertex -9.801751462730e+01 2.350000000000e+01 -5.287892025858e+01
   endloop
 endfacet
 facet normal 0.000000000000e+00 -1.000000000000e+00 -0.000000000000e+00
   outer loop
     vertex -6.503410161514e+01 2.350000000000e+01 -3.385000000000e+01
     vertex -9.801751462730e+01 2.350000000000e+01 -5.287892025858e+01
     vertex -6.469732592987e+01 2.350000000000e+01 -3.434395920743e+01
   endloop
 endfacet
 facet normal 0.000000000000e+00 -1.000000000000e+00 0.000000000000e+00
   outer loop
     vertex -6.330553495647e+01 2.350000000000e+01 -3.545387547161e+01
     vertex -9.790475354479e+01 2.350000000000e+01 -5.362704115910e+01
     vertex -9.794262254929e+01 2.350000000000e+01 -5.387828558773e+01
   endloop
 endfacet
 facet normal -0.000000000000e+00 -1.000000000000e+00 0.000000000000e+00
   outer loop
     vertex -6.330553495647e+01 2.350000000000e+01 -3.545387547161e+01
     vertex -6.382328023225e+01 2.350000000000e+01 -3.515495509726e+01
     vertex -9.790475354479e+01 2.350000000000e+01 -5.362704115910e+01
   endloop
 endfacet
 facet normal 0.000000000000e+00 -1.000000000000e+00 0.000000000000e+00
   outer loop
     vertex -6.529349499458e+01 2.350000000000e+01 -3.331136409747e+01
     vertex -9.844370634579e+01 2.350000000000e+01 -5.225381181789e+01
     vertex -9.827088647980e+01 2.350000000000e+01 -5.244006733684e+01
   endloop
 endfacet
 facet normal 0.000000000000e+00 -1.000000000000e+00 0.000000000000e+00
   outer loop
     vertex -6.529349499458e+01 2.350000000000e+01 -3.331136409747e+01
     vertex -9.827088647980e+01 2.350000000000e+01 -5.244006733684e+01
     vertex -9.812775681357e+01 2.350000000000e+01 -5.265000000000e+01
   endloop
 endfacet
 facet normal 0.000000000000e+00 -1.000000000000e+00 -0.000000000000e+00
   outer loop
     vertex -6.529349499458e+01 2.350000000000e+01 -3.331136409747e+01
     vertex -9.812775681357e+01 2.350000000000e+01 -5.265000000000e+01
     vertex -6.503410161514e+01 2.350000000000e+01 -3.385000000000e+01
   endloop
 endfacet
 facet normal 0.000000000000e+00 -1.000000000000e+00 0.000000000000e+00
   outer loop
     vertex -6.274902069764e+01 2.350000000000e+01 -3.567229122314e+01
     vertex -9.794262254929e+01 2.350000000000e+01 -5.387828558773e+01
     vertex -9.801751462730e+01 2.350000000000e+01 -5.412107974142e+01
   endloop
 endfacet
 facet normal -0.000000000000e+00 -1.000000000000e+00 0.000000000000e+00
   outer loop
     vertex -6.274902069764e+01 2.350000000000e+01 -3.567229122314e+01
     vertex -6.330553495647e+01 2.350000000000e+01 -3.545387547161e+01
     vertex -9.794262254929e+01 2.350000000000e+01 -5.387828558773e+01
   endloop
 endfacet
 facet normal 0.000000000000e+00 -1.000000000000e+00 -0.000000000000e+00
   outer loop
     vertex -6.546971164873e+01 2.350000000000e+01 -3.274008373583e+01
     vertex -9.844370634579e+01 2.350000000000e+01 -5.225381181789e+01
     vertex -6.529349499458e+01 2.350000000000e+01 -3.331136409747e+01
   endloop
 endfacet
 facet normal 0.000000000000e+00 -1.000000000000e+00 0.000000000000e+00
   outer loop
     vertex -6.546971164873e+01 2.350000000000e+01 -3.274008373583e+01
     vertex -9.864235590129e+01 2.350000000000e+01 -5.209539408366e+01
     vertex -9.844370634579e+01 2.350000000000e+01 -5.225381181789e+01
   endloop
 endfacet
 facet normal 0.000000000000e+00 -1.000000000000e+00 0.000000000000e+00
   outer loop
     vertex -6.216616906470e+01 2.350000000000e+01 -3.580532330490e+01
     vertex -9.801751462730e+01 2.350000000000e+01 -5.412107974142e+01
     vertex -9.812775681357e+01 2.350000000000e+01 -5.435000000000e+01
   endloop
 endfacet
 facet normal 0.000000000000e+00 -1.000000000000e+00 0.000000000000e+00
   outer loop
     vertex -6.216616906470e+01 2.350000000000e+01 -3.580532330490e+01
     vertex -9.812775681357e+01 2.350000000000e+01 -5.435000000000e+01
     vertex -9.988000000000e+01 2.350000000000e+01 -5.878000000000e+01
   endloop
 endfacet
 facet normal -0.000000000000e+00 -1.000000000000e+00 0.000000000000e+00
   outer loop
     vertex -6.216616906470e+01 2.350000000000e+01 -3.580532330490e+01
     vertex -6.274902069764e+01 2.350000000000e+01 -3.567229122314e+01
     vertex -9.801751462730e+01 2.350000000000e+01 -5.412107974142e+01
   endloop
 endfacet
 facet normal -0.000000000000e+00 -1.000000000000e+00 0.000000000000e+00
   outer loop
     vertex -6.555881518872e+01 2.350000000000e+01 -3.214892037435e+01
     vertex -1.020800000000e+02 2.350000000000e+01 -2.200000000000e+01
     vertex -9.864235590129e+01 2.350000000000e+01 -5.209539408366e+01
   endloop
 endfacet
 facet normal 0.000000000000e+00 -1.000000000000e+00 -0.000000000000e+00
   outer loop
     vertex -6.555881518872e+01 2.350000000000e+01 -3.214892037435e+01
     vertex -9.864235590129e+01 2.350000000000e+01 -5.209539408366e+01
     vertex -6.546971164873e+01 2.350000000000e+01 -3.274008373583e+01
   endloop
 endfacet
 facet normal -0.000000000000e+00 -1.000000000000e+00 0.000000000000e+00
   outer loop
     vertex -6.157000000000e+01 2.350000000000e+01 -3.585000000000e+01
     vertex -6.216616906470e+01 2.350000000000e+01 -3.580532330490e+01
     vertex -9.988000000000e+01 2.350000000000e+01 -5.878000000000e+01
   endloop
 endfacet
 facet normal -0.000000000000e+00 -1.000000000000e+00 -0.000000000000e+00
   outer loop
     vertex -6.555881518872e+01 2.350000000000e+01 -3.155107962565e+01
     vertex -1.020800000000e+02 2.350000000000e+01 -2.200000000000e+01
     vertex -6.555881518872e+01 2.350000000000e+01 -3.214892037435e+01
   endloop
 endfacet
 facet normal 0.000000000000e+00 -1.000000000000e+00 0.000000000000e+00
   outer loop
     vertex -6.097383093530e+01 2.350000000000e+01 -3.580532330490e+01
     vertex -6.157000000000e+01 2.350000000000e+01 -3.585000000000e+01
     vertex -9.988000000000e+01 2.350000000000e+01 -5.878000000000e+01
   endloop
 endfacet
 facet normal -0.000000000000e+00 -1.000000000000e+00 0.000000000000e+00
   outer loop
     vertex -6.546971164873e+01 2.350000000000e+01 -3.095991626417e+01
     vertex -1.020800000000e+02 2.350000000000e+01 -2.200000000000e+01
     vertex -6.555881518872e+01 2.350000000000e+01 -3.155107962565e+01
   endloop
 endfacet
 facet normal 0.000000000000e+00 -1.000000000000e+00 0.000000000000e+00
   outer loop
     vertex -6.039097930236e+01 2.350000000000e+01 -3.567229122314e+01
     vertex -6.097383093530e+01 2.350000000000e+01 -3.580532330490e+01
     vertex -9.988000000000e+01 2.350000000000e+01 -5.878000000000e+01
   endloop
 endfacet
 facet normal -0.000000000000e+00 -1.000000000000e+00 0.000000000000e+00
   outer loop
     vertex -6.529349499458e+01 2.350000000000e+01 -3.038863590253e+01
     vertex -1.020800000000e+02 2.350000000000e+01 -2.200000000000e+01
     vertex -6.546971164873e+01 2.350000000000e+01 -3.095991626417e+01
   endloop
 endfacet
 facet normal 0.000000000000e+00 -1.000000000000e+00 0.000000000000e+00
   outer loop
     vertex -5.983446504353e+01 2.350000000000e+01 -3.545387547161e+01
     vertex -6.039097930236e+01 2.350000000000e+01 -3.567229122314e+01
     vertex -9.988000000000e+01 2.350000000000e+01 -5.878000000000e+01
   endloop
 endfacet
 facet normal -0.000000000000e+00 -1.000000000000e+00 0.000000000000e+00
   outer loop
     vertex -6.503410161514e+01 2.350000000000e+01 -2.985000000000e+01
     vertex -1.020800000000e+02 2.350000000000e+01 -2.200000000000e+01
     vertex -6.529349499458e+01 2.350000000000e+01 -3.038863590253e+01
   endloop
 endfacet
 facet normal 0.000000000000e+00 -1.000000000000e+00 -0.000000000000e+00
   outer loop
     vertex -1.020800000000e+02 2.350000000000e+01 2.200000000000e+01
     vertex -1.048800000000e+02 2.350000000000e+01 2.000000000000e+01
     vertex -1.020800000000e+02 2.350000000000e+01 2.000000000000e+01
   endloop
 endfacet
 facet normal 0.000000000000e+00 -1.000000000000e+00 0.000000000000e+00
   outer loop
     vertex -5.600000000000e+01 2.350000000000e+01 -2.200000000000e+01
     vertex -6.039097930236e+01 2.350000000000e+01 -2.802770877686e+01
     vertex -5.983446504353e+01 2.350000000000e+01 -2.824612452839e+01
   endloop
 endfacet
 facet normal 0.000000000000e+00 -1.000000000000e+00 0.000000000000e+00
   outer loop
     vertex -5.600000000000e+01 2.350000000000e+01 -2.200000000000e+01
     vertex -5.983446504353e+01 2.350000000000e+01 -2.824612452839e+01
     vertex -5.931671976775e+01 2.350000000000e+01 -2.854504490274e+01
   endloop
 endfacet
 facet normal 0.000000000000e+00 -1.000000000000e+00 0.000000000000e+00
   outer loop
     vertex -5.600000000000e+01 2.350000000000e+01 -2.200000000000e+01
     vertex -5.931671976775e+01 2.350000000000e+01 -2.854504490274e+01
     vertex -5.884930904892e+01 2.350000000000e+01 -2.891779251268e+01
   endloop
 endfacet
 facet normal 0.000000000000e+00 -1.000000000000e+00 0.000000000000e+00
   outer loop
     vertex -5.600000000000e+01 2.350000000000e+01 -2.200000000000e+01
     vertex -5.884930904892e+01 2.350000000000e+01 -2.891779251268e+01
     vertex -5.844267407013e+01 2.350000000000e+01 -2.935604079257e+01
   endloop
 endfacet
 facet normal 0.000000000000e+00 -1.000000000000e+00 0.000000000000e+00
   outer loop
     vertex -5.600000000000e+01 2.350000000000e+01 -2.200000000000e+01
     vertex -5.844267407013e+01 2.350000000000e+01 -2.935604079257e+01
     vertex -5.810589838486e+01 2.350000000000e+01 -2.985000000000e+01
   endloop
 endfacet
 facet normal 0.000000000000e+00 -1.000000000000e+00 0.000000000000e+00
   outer loop
     vertex -5.600000000000e+01 2.350000000000e+01 -2.200000000000e+01
     vertex -5.810589838486e+01 2.350000000000e+01 -2.985000000000e+01
     vertex -5.784650500542e+01 2.350000000000e+01 -3.038863590253e+01
   endloop
 endfacet
 facet normal 0.000000000000e+00 -1.000000000000e+00 0.000000000000e+00
   outer loop
     vertex -5.600000000000e+01 2.350000000000e+01 -2.200000000000e+01
     vertex -5.784650500542e+01 2.350000000000e+01 -3.038863590253e+01
     vertex -5.767028835127e+01 2.350000000000e+01 -3.095991626417e+01
   endloop
 endfacet
 facet normal 0.000000000000e+00 -1.000000000000e+00 0.000000000000e+00
   outer loop
     vertex -5.600000000000e+01 2.350000000000e+01 -2.200000000000e+01
     vertex -5.767028835127e+01 2.350000000000e+01 -3.095991626417e+01
     vertex -5.758118481128e+01 2.350000000000e+01 -3.155107962565e+01
   endloop
 endfacet
 facet normal 0.000000000000e+00 -1.000000000000e+00 0.000000000000e+00
   outer loop
     vertex -5.600000000000e+01 2.350000000000e+01 -2.200000000000e+01
     vertex -6.330553495647e+01 2.350000000000e+01 -2.824612452839e+01
     vertex -6.274902069764e+01 2.350000000000e+01 -2.802770877686e+01
   endloop
 endfacet
 facet normal 0.000000000000e+00 -1.000000000000e+00 0.000000000000e+00
   outer loop
     vertex -5.600000000000e+01 2.350000000000e+01 -2.200000000000e+01
     vertex -6.274902069764e+01 2.350000000000e+01 -2.802770877686e+01
     vertex -6.216616906470e+01 2.350000000000e+01 -2.789467669510e+01
   endloop
 endfacet
 facet normal 0.000000000000e+00 -1.000000000000e+00 0.000000000000e+00
   outer loop
     vertex -5.600000000000e+01 2.350000000000e+01 -2.200000000000e+01
     vertex -6.216616906470e+01 2.350000000000e+01 -2.789467669510e+01
     vertex -6.157000000000e+01 2.350000000000e+01 -2.785000000000e+01
   endloop
 endfacet
 facet normal 0.000000000000e+00 -1.000000000000e+00 0.000000000000e+00
   outer loop
     vertex -5.600000000000e+01 2.350000000000e+01 -2.200000000000e+01
     vertex -6.157000000000e+01 2.350000000000e+01 -2.785000000000e+01
     vertex -6.097383093530e+01 2.350000000000e+01 -2.789467669510e+01
   endloop
 endfacet
 facet normal 0.000000000000e+00 -1.000000000000e+00 0.000000000000e+00
   outer loop
     vertex -5.600000000000e+01 2.350000000000e+01 -2.200000000000e+01
     vertex -6.097383093530e+01 2.350000000000e+01 -2.789467669510e+01
     vertex -6.039097930236e+01 2.350000000000e+01 -2.802770877686e+01
   endloop
 endfacet
 facet normal -0.000000000000e+00 -1.000000000000e+00 0.000000000000e+00
   outer loop
     vertex -5.075000000000e+01 2.350000000000e+01 -1.200000000000e+01
     vertex -5.325000000000e+01 2.350000000000e+01 -1.200000000000e+01
     vertex -5.600000000000e+01 2.350000000000e+01 -2.200000000000e+01
   endloop
 endfacet
 facet normal -0.000000000000e+00 -1.000000000000e+00 0.000000000000e+00
   outer loop
     vertex -4.825000000000e+01 2.350000000000e+01 -1.200000000000e+01
     vertex -5.075000000000e+01 2.350000000000e+01 -1.200000000000e+01
     vertex -5.600000000000e+01 2.350000000000e+01 -2.200000000000e+01
   endloop
 endfacet
 facet normal -0.000000000000e+00 -1.000000000000e+00 0.000000000000e+00
   outer loop
     vertex -4.575000000000e+01 2.350000000000e+01 -1.200000000000e+01
     vertex -4.825000000000e+01 2.350000000000e+01 -1.200000000000e+01
     vertex -5.600000000000e+01 2.350000000000e+01 -2.200000000000e+01
   endloop
 endfacet
 facet normal -0.000000000000e+00 -1.000000000000e+00 0.000000000000e+00
   outer loop
     vertex -4.325000000000e+01 2.350000000000e+01 -1.200000000000e+01
     vertex -4.575000000000e+01 2.350000000000e+01 -1.200000000000e+01
     vertex -5.600000000000e+01 2.350000000000e+01 -2.200000000000e+01
   endloop
 endfacet
 facet normal 0.000000000000e+00 -1.000000000000e+00 0.000000000000e+00
   outer loop
     vertex -4.075000000000e+01 2.350000000000e+01 -1.200000000000e+01
     vertex -5.600000000000e+01 2.350000000000e+01 -2.200000000000e+01
     vertex -5.758118481128e+01 2.350000000000e+01 -3.155107962565e+01
   endloop
 endfacet
 facet normal -0.000000000000e+00 -1.000000000000e+00 0.000000000000e+00
   outer loop
     vertex -4.075000000000e+01 2.350000000000e+01 -1.200000000000e+01
     vertex -4.325000000000e+01 2.350000000000e+01 -1.200000000000e+01
     vertex -5.600000000000e+01 2.350000000000e+01 -2.200000000000e+01
   endloop
 endfacet
 facet normal 0.000000000000e+00 -1.000000000000e+00 0.000000000000e+00
   outer loop
     vertex -1.048800000000e+02 2.350000000000e+01 5.378000000000e+01
     vertex -1.048800000000e+02 2.350000000000e+01 2.000000000000e+01
     vertex -1.020800000000e+02 2.350000000000e+01 2.200000000000e+01
   endloop
 endfacet
 facet normal 0.000000000000e+00 -1.000000000000e+00 0.000000000000e+00
   outer loop
     vertex -3.825000000000e+01 2.350000000000e+01 -1.200000000000e+01
     vertex -5.758118481128e+01 2.350000000000e+01 -3.155107962565e+01
     vertex -5.758118481128e+01 2.350000000000e+01 -3.214892037435e+01
   endloop
 endfacet
 facet normal -0.000000000000e+00 -1.000000000000e+00 0.000000000000e+00
   outer loop
     vertex -3.825000000000e+01 2.350000000000e+01 -1.200000000000e+01
     vertex -4.075000000000e+01 2.350000000000e+01 -1.200000000000e+01
     vertex -5.758118481128e+01 2.350000000000e+01 -3.155107962565e+01
   endloop
 endfacet
 facet normal -0.000000000000e+00 -1.000000000000e+00 -0.000000000000e+00
   outer loop
     vertex -1.009291135202e+02 2.350000000000e+01 5.244006733684e+01
     vertex -1.048800000000e+02 2.350000000000e+01 5.378000000000e+01
     vertex -1.007562936542e+02 2.350000000000e+01 5.225381181789e+01
   endloop
 endfacet
 facet normal 0.000000000000e+00 -1.000000000000e+00 0.000000000000e+00
   outer loop
     vertex -1.005576440987e+02 2.350000000000e+01 5.209539408366e+01
     vertex -1.007562936542e+02 2.350000000000e+01 5.225381181789e+01
     vertex -1.048800000000e+02 2.350000000000e+01 5.378000000000e+01
   endloop
 endfacet
 facet normal -0.000000000000e+00 -1.000000000000e+00 -0.000000000000e+00
   outer loop
     vertex -1.010722431864e+02 2.350000000000e+01 5.265000000000e+01
     vertex -1.048800000000e+02 2.350000000000e+01 5.378000000000e+01
     vertex -1.009291135202e+02 2.350000000000e+01 5.244006733684e+01
   endloop
 endfacet
 facet normal -0.000000000000e+00 -1.000000000000e+00 0.000000000000e+00
   outer loop
     vertex -1.003376023565e+02 2.350000000000e+01 5.196835292457e+01
     vertex -1.048800000000e+02 2.350000000000e+01 5.378000000000e+01
     vertex -1.020800000000e+02 2.350000000000e+01 2.200000000000e+01
   endloop
 endfacet
 facet normal 0.000000000000e+00 -1.000000000000e+00 0.000000000000e+00
   outer loop
     vertex -1.003376023565e+02 2.350000000000e+01 5.196835292457e+01
     vertex -1.005576440987e+02 2.350000000000e+01 5.209539408366e+01
     vertex -1.048800000000e+02 2.350000000000e+01 5.378000000000e+01
   endloop
 endfacet
 facet normal -0.000000000000e+00 -1.000000000000e+00 -0.000000000000e+00
   outer loop
     vertex -1.011824853727e+02 2.350000000000e+01 5.287892025858e+01
     vertex -1.048800000000e+02 2.350000000000e+01 5.378000000000e+01
     vertex -1.010722431864e+02 2.350000000000e+01 5.265000000000e+01
   endloop
 endfacet
 facet normal -0.000000000000e+00 -1.000000000000e+00 0.000000000000e+00
   outer loop
     vertex -1.001010837965e+02 2.350000000000e+01 5.187552623016e+01
     vertex -1.003376023565e+02 2.350000000000e+01 5.196835292457e+01
     vertex -1.020800000000e+02 2.350000000000e+01 2.200000000000e+01
   endloop
 endfacet
 facet normal -0.000000000000e+00 -1.000000000000e+00 -0.000000000000e+00
   outer loop
     vertex -1.012573774507e+02 2.350000000000e+01 5.312171441227e+01
     vertex -1.048800000000e+02 2.350000000000e+01 5.378000000000e+01
     vertex -1.011824853727e+02 2.350000000000e+01 5.287892025858e+01
   endloop
 endfacet
 facet normal -0.000000000000e+00 -1.000000000000e+00 0.000000000000e+00
   outer loop
     vertex -9.985337185250e+01 2.350000000000e+01 5.181898759542e+01
     vertex -1.001010837965e+02 2.350000000000e+01 5.187552623016e+01
     vertex -1.020800000000e+02 2.350000000000e+01 2.200000000000e+01
   endloop
 endfacet
 facet normal -0.000000000000e+00 -1.000000000000e+00 -0.000000000000e+00
   outer loop
     vertex -1.012952464552e+02 2.350000000000e+01 5.337295884090e+01
     vertex -1.048800000000e+02 2.350000000000e+01 5.378000000000e+01
     vertex -1.012573774507e+02 2.350000000000e+01 5.312171441227e+01
   endloop
 endfacet
 facet normal -0.000000000000e+00 -1.000000000000e+00 0.000000000000e+00
   outer loop
     vertex -9.960000000000e+01 2.350000000000e+01 5.180000000000e+01
     vertex -9.985337185250e+01 2.350000000000e+01 5.181898759542e+01
     vertex -1.020800000000e+02 2.350000000000e+01 2.200000000000e+01
   endloop
 endfacet
 facet normal -0.000000000000e+00 -1.000000000000e+00 0.000000000000e+00
   outer loop
     vertex -3.575000000000e+01 2.350000000000e+01 -1.200000000000e+01
     vertex -3.825000000000e+01 2.350000000000e+01 -1.200000000000e+01
     vertex -5.758118481128e+01 2.350000000000e+01 -3.214892037435e+01
   endloop
 endfacet
 facet normal 0.000000000000e+00 -1.000000000000e+00 0.000000000000e+00
   outer loop
     vertex -1.012952464552e+02 2.350000000000e+01 5.362704115910e+01
     vertex -1.048291072094e+02 2.350000000000e+01 5.449157419137e+01
     vertex -1.048800000000e+02 2.350000000000e+01 5.378000000000e+01
   endloop
 endfacet
 facet normal -0.000000000000e+00 -1.000000000000e+00 -0.000000000000e+00
   outer loop
     vertex -1.012952464552e+02 2.350000000000e+01 5.362704115910e+01
     vertex -1.048800000000e+02 2.350000000000e+01 5.378000000000e+01
     vertex -1.012952464552e+02 2.350000000000e+01 5.337295884090e+01
   endloop
 endfacet
 facet normal 0.000000000000e+00 -1.000000000000e+00 0.000000000000e+00
   outer loop
     vertex -9.934662814750e+01 2.350000000000e+01 5.181898759542e+01
     vertex -9.960000000000e+01 2.350000000000e+01 5.180000000000e+01
     vertex -1.020800000000e+02 2.350000000000e+01 2.200000000000e+01
   endloop
 endfacet
 facet normal 0.000000000000e+00 -1.000000000000e+00 0.000000000000e+00
   outer loop
     vertex -1.012573774507e+02 2.350000000000e+01 5.387828558773e+01
     vertex -1.046774648681e+02 2.350000000000e+01 5.518866278421e+01
     vertex -1.048291072094e+02 2.350000000000e+01 5.449157419137e+01
   endloop
 endfacet
 facet normal -0.000000000000e+00 -1.000000000000e+00 0.000000000000e+00
   outer loop
     vertex -1.012573774507e+02 2.350000000000e+01 5.387828558773e+01
     vertex -1.048291072094e+02 2.350000000000e+01 5.449157419137e+01
     vertex -1.012952464552e+02 2.350000000000e+01 5.362704115910e+01
   endloop
 endfacet
 facet normal 0.000000000000e+00 -1.000000000000e+00 0.000000000000e+00
   outer loop
     vertex -9.909891620350e+01 2.350000000000e+01 5.187552623016e+01
     vertex -9.934662814750e+01 2.350000000000e+01 5.181898759542e+01
     vertex -1.020800000000e+02 2.350000000000e+01 2.200000000000e+01
   endloop
 endfacet
 facet normal 0.000000000000e+00 -1.000000000000e+00 0.000000000000e+00
   outer loop
     vertex -1.011824853727e+02 2.350000000000e+01 5.412107974142e+01
     vertex -1.044281599768e+02 2.350000000000e+01 5.585707506501e+01
     vertex -1.046774648681e+02 2.350000000000e+01 5.518866278421e+01
   endloop
 endfacet
 facet normal -0.000000000000e+00 -1.000000000000e+00 0.000000000000e+00
   outer loop
     vertex -1.011824853727e+02 2.350000000000e+01 5.412107974142e+01
     vertex -1.046774648681e+02 2.350000000000e+01 5.518866278421e+01
     vertex -1.012573774507e+02 2.350000000000e+01 5.387828558773e+01
   endloop
 endfacet
 facet normal 0.000000000000e+00 -1.000000000000e+00 0.000000000000e+00
   outer loop
     vertex -9.886239764350e+01 2.350000000000e+01 5.196835292457e+01
     vertex -9.909891620350e+01 2.350000000000e+01 5.187552623016e+01
     vertex -1.020800000000e+02 2.350000000000e+01 2.200000000000e+01
   endloop
 endfacet
 facet normal -0.000000000000e+00 -1.000000000000e+00 0.000000000000e+00
   outer loop
     vertex -1.010722431864e+02 2.350000000000e+01 5.435000000000e+01
     vertex -1.044281599768e+02 2.350000000000e+01 5.585707506501e+01
     vertex -1.011824853727e+02 2.350000000000e+01 5.412107974142e+01
   endloop
 endfacet
 facet normal 0.000000000000e+00 -1.000000000000e+00 0.000000000000e+00
   outer loop
     vertex -1.010722431864e+02 2.350000000000e+01 5.435000000000e+01
     vertex -1.040862676642e+02 2.350000000000e+01 5.648320408728e+01
     vertex -1.044281599768e+02 2.350000000000e+01 5.585707506501e+01
   endloop
 endfacet
 facet normal 0.000000000000e+00 -1.000000000000e+00 0.000000000000e+00
   outer loop
     vertex -9.864235590129e+01 2.350000000000e+01 5.209539408366e+01
     vertex -9.886239764350e+01 2.350000000000e+01 5.196835292457e+01
     vertex -1.020800000000e+02 2.350000000000e+01 2.200000000000e+01
   endloop
 endfacet
 facet normal -0.000000000000e+00 -1.000000000000e+00 0.000000000000e+00
   outer loop
     vertex -1.009291135202e+02 2.350000000000e+01 5.455993266316e+01
     vertex -1.040862676642e+02 2.350000000000e+01 5.648320408728e+01
     vertex -1.010722431864e+02 2.350000000000e+01 5.435000000000e+01
   endloop
 endfacet
 facet normal 0.000000000000e+00 -1.000000000000e+00 0.000000000000e+00
   outer loop
     vertex -1.009291135202e+02 2.350000000000e+01 5.455993266316e+01
     vertex -1.036587478718e+02 2.350000000000e+01 5.705430366973e+01
     vertex -1.040862676642e+02 2.350000000000e+01 5.648320408728e+01
   endloop
 endfacet
 facet normal -0.000000000000e+00 -1.000000000000e+00 0.000000000000e+00
   outer loop
     vertex -1.007562936542e+02 2.350000000000e+01 5.474618818211e+01
     vertex -1.036587478718e+02 2.350000000000e+01 5.705430366973e+01
     vertex -1.009291135202e+02 2.350000000000e+01 5.455993266316e+01
   endloop
 endfacet
 facet normal 0.000000000000e+00 -1.000000000000e+00 0.000000000000e+00
   outer loop
     vertex -1.031543036697e+02 2.350000000000e+01 5.755874787177e+01
     vertex -1.007562936542e+02 2.350000000000e+01 5.474618818211e+01
     vertex -1.005576440987e+02 2.350000000000e+01 5.490460591634e+01
   endloop
 endfacet
 facet normal 0.000000000000e+00 -1.000000000000e+00 -0.000000000000e+00
   outer loop
     vertex -1.031543036697e+02 2.350000000000e+01 5.755874787177e+01
     vertex -1.036587478718e+02 2.350000000000e+01 5.705430366973e+01
     vertex -1.007562936542e+02 2.350000000000e+01 5.474618818211e+01
   endloop
 endfacet
 facet normal -0.000000000000e+00 -1.000000000000e+00 0.000000000000e+00
   outer loop
     vertex -3.325000000000e+01 2.350000000000e+01 -1.200000000000e+01
     vertex -3.575000000000e+01 2.350000000000e+01 -1.200000000000e+01
     vertex -5.758118481128e+01 2.350000000000e+01 -3.214892037435e+01
   endloop
 endfacet
 facet normal 0.000000000000e+00 -1.000000000000e+00 0.000000000000e+00
   outer loop
     vertex -3.325000000000e+01 2.350000000000e+01 -1.200000000000e+01
     vertex -5.758118481128e+01 2.350000000000e+01 -3.214892037435e+01
     vertex -5.767028835127e+01 2.350000000000e+01 -3.274008373583e+01
   endloop
 endfacet
 facet normal 0.000000000000e+00 -1.000000000000e+00 -0.000000000000e+00
   outer loop
     vertex -1.025832040873e+02 2.350000000000e+01 5.798626766416e+01
     vertex -1.031543036697e+02 2.350000000000e+01 5.755874787177e+01
     vertex -1.005576440987e+02 2.350000000000e+01 5.490460591634e+01
   endloop
 endfacet
 facet normal 0.000000000000e+00 -1.000000000000e+00 0.000000000000e+00
   outer loop
     vertex -1.019570750650e+02 2.350000000000e+01 5.832815997677e+01
     vertex -1.005576440987e+02 2.350000000000e+01 5.490460591634e+01
     vertex -1.003376023565e+02 2.350000000000e+01 5.503164707543e+01
   endloop
 endfacet
 facet normal 0.000000000000e+00 -1.000000000000e+00 -0.000000000000e+00
   outer loop
     vertex -1.019570750650e+02 2.350000000000e+01 5.832815997677e+01
     vertex -1.025832040873e+02 2.350000000000e+01 5.798626766416e+01
     vertex -1.005576440987e+02 2.350000000000e+01 5.490460591634e+01
   endloop
 endfacet
 facet normal -0.000000000000e+00 -1.000000000000e+00 0.000000000000e+00
   outer loop
     vertex -3.075000000000e+01 2.350000000000e+01 -1.200000000000e+01
     vertex -3.325000000000e+01 2.350000000000e+01 -1.200000000000e+01
     vertex -5.767028835127e+01 2.350000000000e+01 -3.274008373583e+01
   endloop
 endfacet
 facet normal 0.000000000000e+00 -1.000000000000e+00 0.000000000000e+00
   outer loop
     vertex -1.012886627842e+02 2.350000000000e+01 5.857746486807e+01
     vertex -1.003376023565e+02 2.350000000000e+01 5.503164707543e+01
     vertex -1.001010837965e+02 2.350000000000e+01 5.512447376984e+01
   endloop
 endfacet
 facet normal 0.000000000000e+00 -1.000000000000e+00 -0.000000000000e+00
   outer loop
     vertex -1.012886627842e+02 2.350000000000e+01 5.857746486807e+01
     vertex -1.019570750650e+02 2.350000000000e+01 5.832815997677e+01
     vertex -1.003376023565e+02 2.350000000000e+01 5.503164707543e+01
   endloop
 endfacet
 facet normal 0.000000000000e+00 -1.000000000000e+00 0.000000000000e+00
   outer loop
     vertex -1.005915741914e+02 2.350000000000e+01 5.872910720940e+01
     vertex -1.001010837965e+02 2.350000000000e+01 5.512447376984e+01
     vertex -9.985337185250e+01 2.350000000000e+01 5.518101240458e+01
   endloop
 endfacet
 facet normal 0.000000000000e+00 -1.000000000000e+00 -0.000000000000e+00
   outer loop
     vertex -1.005915741914e+02 2.350000000000e+01 5.872910720940e+01
     vertex -1.012886627842e+02 2.350000000000e+01 5.857746486807e+01
     vertex -1.001010837965e+02 2.350000000000e+01 5.512447376984e+01
   endloop
 endfacet
 facet normal 0.000000000000e+00 -1.000000000000e+00 0.000000000000e+00
   outer loop
     vertex -9.988000000000e+01 2.350000000000e+01 5.878000000000e+01
     vertex -9.985337185250e+01 2.350000000000e+01 5.518101240458e+01
     vertex -9.960000000000e+01 2.350000000000e+01 5.520000000000e+01
   endloop
 endfacet
 facet normal 0.000000000000e+00 -1.000000000000e+00 -0.000000000000e+00
   outer loop
     vertex -9.988000000000e+01 2.350000000000e+01 5.878000000000e+01
     vertex -1.005915741914e+02 2.350000000000e+01 5.872910720940e+01
     vertex -9.985337185250e+01 2.350000000000e+01 5.518101240458e+01
   endloop
 endfacet
 facet normal 0.000000000000e+00 -1.000000000000e+00 0.000000000000e+00
   outer loop
     vertex -9.988000000000e+01 2.350000000000e+01 5.878000000000e+01
     vertex -9.960000000000e+01 2.350000000000e+01 5.520000000000e+01
     vertex -9.934662814750e+01 2.350000000000e+01 5.518101240458e+01
   endloop
 endfacet
 facet normal 0.000000000000e+00 -1.000000000000e+00 0.000000000000e+00
   outer loop
     vertex -9.988000000000e+01 2.350000000000e+01 5.878000000000e+01
     vertex -9.934662814750e+01 2.350000000000e+01 5.518101240458e+01
     vertex -9.909891620350e+01 2.350000000000e+01 5.512447376984e+01
   endloop
 endfacet
 facet normal 0.000000000000e+00 -1.000000000000e+00 0.000000000000e+00
   outer loop
     vertex -9.988000000000e+01 2.350000000000e+01 5.878000000000e+01
     vertex -9.909891620350e+01 2.350000000000e+01 5.512447376984e+01
     vertex -9.886239764350e+01 2.350000000000e+01 5.503164707543e+01
   endloop
 endfacet
 facet normal 0.000000000000e+00 -1.000000000000e+00 0.000000000000e+00
   outer loop
     vertex -9.988000000000e+01 2.350000000000e+01 5.878000000000e+01
     vertex -9.886239764350e+01 2.350000000000e+01 5.503164707543e+01
     vertex -9.864235590129e+01 2.350000000000e+01 5.490460591634e+01
   endloop
 endfacet
 facet normal 0.000000000000e+00 -1.000000000000e+00 0.000000000000e+00
   outer loop
     vertex -9.988000000000e+01 2.350000000000e+01 5.878000000000e+01
     vertex -9.864235590129e+01 2.350000000000e+01 5.490460591634e+01
     vertex -9.844370634579e+01 2.350000000000e+01 5.474618818211e+01
   endloop
 endfacet
 facet normal 0.000000000000e+00 -1.000000000000e+00 0.000000000000e+00
   outer loop
     vertex -9.988000000000e+01 2.350000000000e+01 5.878000000000e+01
     vertex -9.844370634579e+01 2.350000000000e+01 5.474618818211e+01
     vertex -9.827088647980e+01 2.350000000000e+01 5.455993266316e+01
   endloop
 endfacet
 facet normal 0.000000000000e+00 -1.000000000000e+00 0.000000000000e+00
   outer loop
     vertex -9.988000000000e+01 2.350000000000e+01 5.878000000000e+01
     vertex -9.827088647980e+01 2.350000000000e+01 5.455993266316e+01
     vertex -9.812775681357e+01 2.350000000000e+01 5.435000000000e+01
   endloop
 endfacet
 facet normal 0.000000000000e+00 -1.000000000000e+00 0.000000000000e+00
   outer loop
     vertex -2.825000000000e+01 2.350000000000e+01 -1.200000000000e+01
     vertex -5.767028835127e+01 2.350000000000e+01 -3.274008373583e+01
     vertex -5.784650500542e+01 2.350000000000e+01 -3.331136409747e+01
   endloop
 endfacet
 facet normal -0.000000000000e+00 -1.000000000000e+00 0.000000000000e+00
   outer loop
     vertex -2.825000000000e+01 2.350000000000e+01 -1.200000000000e+01
     vertex -3.075000000000e+01 2.350000000000e+01 -1.200000000000e+01
     vertex -5.767028835127e+01 2.350000000000e+01 -3.274008373583e+01
   endloop
 endfacet
 facet normal 0.000000000000e+00 -1.000000000000e+00 0.000000000000e+00
   outer loop
     vertex -2.575000000000e+01 2.350000000000e+01 -1.200000000000e+01
     vertex -5.784650500542e+01 2.350000000000e+01 -3.331136409747e+01
     vertex -5.810589838486e+01 2.350000000000e+01 -3.385000000000e+01
   endloop
 endfacet
 facet normal 0.000000000000e+00 -1.000000000000e+00 0.000000000000e+00
   outer loop
     vertex -2.575000000000e+01 2.350000000000e+01 -1.200000000000e+01
     vertex -5.810589838486e+01 2.350000000000e+01 -3.385000000000e+01
     vertex -5.844267407013e+01 2.350000000000e+01 -3.434395920743e+01
   endloop
 endfacet
 facet normal -0.000000000000e+00 -1.000000000000e+00 0.000000000000e+00
   outer loop
     vertex -2.575000000000e+01 2.350000000000e+01 -1.200000000000e+01
     vertex -2.825000000000e+01 2.350000000000e+01 -1.200000000000e+01
     vertex -5.784650500542e+01 2.350000000000e+01 -3.331136409747e+01
   endloop
 endfacet
 facet normal -0.000000000000e+00 -1.000000000000e+00 -0.000000000000e+00
   outer loop
     vertex -6.330553495647e+01 2.350000000000e+01 3.019612452839e+01
     vertex -6.382328023225e+01 2.350000000000e+01 3.049504490274e+01
     vertex -5.600000000000e+01 2.350000000000e+01 2.200000000000e+01
   endloop
 endfacet
 facet normal 0.000000000000e+00 -1.000000000000e+00 -0.000000000000e+00
   outer loop
     vertex -6.529349499458e+01 2.350000000000e+01 3.233863590253e+01
     vertex -1.020800000000e+02 2.350000000000e+01 2.200000000000e+01
     vertex -6.503410161514e+01 2.350000000000e+01 3.180000000000e+01
   endloop
 endfacet
 facet normal -0.000000000000e+00 -1.000000000000e+00 -0.000000000000e+00
   outer loop
     vertex -6.274902069764e+01 2.350000000000e+01 2.997770877686e+01
     vertex -6.330553495647e+01 2.350000000000e+01 3.019612452839e+01
     vertex -5.600000000000e+01 2.350000000000e+01 2.200000000000e+01
   endloop
 endfacet
 facet normal 0.000000000000e+00 -1.000000000000e+00 -0.000000000000e+00
   outer loop
     vertex -6.546971164873e+01 2.350000000000e+01 3.290991626417e+01
     vertex -1.020800000000e+02 2.350000000000e+01 2.200000000000e+01
     vertex -6.529349499458e+01 2.350000000000e+01 3.233863590253e+01
   endloop
 endfacet
 facet normal -0.000000000000e+00 -1.000000000000e+00 -0.000000000000e+00
   outer loop
     vertex -6.216616906470e+01 2.350000000000e+01 2.984467669510e+01
     vertex -6.274902069764e+01 2.350000000000e+01 2.997770877686e+01
     vertex -5.600000000000e+01 2.350000000000e+01 2.200000000000e+01
   endloop
 endfacet
 facet normal 0.000000000000e+00 -1.000000000000e+00 -0.000000000000e+00
   outer loop
     vertex -6.555881518872e+01 2.350000000000e+01 3.350107962565e+01
     vertex -1.020800000000e+02 2.350000000000e+01 2.200000000000e+01
     vertex -6.546971164873e+01 2.350000000000e+01 3.290991626417e+01
   endloop
 endfacet
 facet normal -0.000000000000e+00 -1.000000000000e+00 -0.000000000000e+00
   outer loop
     vertex -6.157000000000e+01 2.350000000000e+01 2.980000000000e+01
     vertex -6.216616906470e+01 2.350000000000e+01 2.984467669510e+01
     vertex -5.600000000000e+01 2.350000000000e+01 2.200000000000e+01
   endloop
 endfacet
 facet normal 0.000000000000e+00 -1.000000000000e+00 -0.000000000000e+00
   outer loop
     vertex -6.555881518872e+01 2.350000000000e+01 3.409892037435e+01
     vertex -1.020800000000e+02 2.350000000000e+01 2.200000000000e+01
     vertex -6.555881518872e+01 2.350000000000e+01 3.350107962565e+01
   endloop
 endfacet
 facet normal -0.000000000000e+00 -1.000000000000e+00 0.000000000000e+00
   outer loop
     vertex -6.555881518872e+01 2.350000000000e+01 3.409892037435e+01
     vertex -9.864235590129e+01 2.350000000000e+01 5.209539408366e+01
     vertex -1.020800000000e+02 2.350000000000e+01 2.200000000000e+01
   endloop
 endfacet
 facet normal 0.000000000000e+00 -1.000000000000e+00 0.000000000000e+00
   outer loop
     vertex -6.555881518872e+01 2.350000000000e+01 3.409892037435e+01
     vertex -9.844370634579e+01 2.350000000000e+01 5.225381181789e+01
     vertex -9.864235590129e+01 2.350000000000e+01 5.209539408366e+01
   endloop
 endfacet
 facet normal 0.000000000000e+00 -1.000000000000e+00 -0.000000000000e+00
   outer loop
     vertex -6.097383093530e+01 2.350000000000e+01 2.984467669510e+01
     vertex -6.157000000000e+01 2.350000000000e+01 2.980000000000e+01
     vertex -5.600000000000e+01 2.350000000000e+01 2.200000000000e+01
   endloop
 endfacet
 facet normal -0.000000000000e+00 -1.000000000000e+00 0.000000000000e+00
   outer loop
     vertex -6.546971164873e+01 2.350000000000e+01 3.469008373583e+01
     vertex -9.844370634579e+01 2.350000000000e+01 5.225381181789e+01
     vertex -6.555881518872e+01 2.350000000000e+01 3.409892037435e+01
   endloop
 endfacet
 facet normal 0.000000000000e+00 -1.000000000000e+00 0.000000000000e+00
   outer loop
     vertex -6.546971164873e+01 2.350000000000e+01 3.469008373583e+01
     vertex -9.827088647980e+01 2.350000000000e+01 5.244006733684e+01
     vertex -9.844370634579e+01 2.350000000000e+01 5.225381181789e+01
   endloop
 endfacet
 facet normal 0.000000000000e+00 -1.000000000000e+00 -0.000000000000e+00
   outer loop
     vertex -6.039097930236e+01 2.350000000000e+01 2.997770877686e+01
     vertex -6.097383093530e+01 2.350000000000e+01 2.984467669510e+01
     vertex -5.600000000000e+01 2.350000000000e+01 2.200000000000e+01
   endloop
 endfacet
 facet normal -0.000000000000e+00 -1.000000000000e+00 0.000000000000e+00
   outer loop
     vertex -6.529349499458e+01 2.350000000000e+01 3.526136409747e+01
     vertex -9.827088647980e+01 2.350000000000e+01 5.244006733684e+01
     vertex -6.546971164873e+01 2.350000000000e+01 3.469008373583e+01
   endloop
 endfacet
 facet normal 0.000000000000e+00 -1.000000000000e+00 0.000000000000e+00
   outer loop
     vertex -6.529349499458e+01 2.350000000000e+01 3.526136409747e+01
     vertex -9.812775681357e+01 2.350000000000e+01 5.265000000000e+01
     vertex -9.827088647980e+01 2.350000000000e+01 5.244006733684e+01
   endloop
 endfacet
 facet normal 0.000000000000e+00 -1.000000000000e+00 -0.000000000000e+00
   outer loop
     vertex -5.983446504353e+01 2.350000000000e+01 3.019612452839e+01
     vertex -6.039097930236e+01 2.350000000000e+01 2.997770877686e+01
     vertex -5.600000000000e+01 2.350000000000e+01 2.200000000000e+01
   endloop
 endfacet
 facet normal -0.000000000000e+00 -1.000000000000e+00 0.000000000000e+00
   outer loop
     vertex -6.503410161514e+01 2.350000000000e+01 3.580000000000e+01
     vertex -9.812775681357e+01 2.350000000000e+01 5.265000000000e+01
     vertex -6.529349499458e+01 2.350000000000e+01 3.526136409747e+01
   endloop
 endfacet
 facet normal 0.000000000000e+00 -1.000000000000e+00 0.000000000000e+00
   outer loop
     vertex -6.503410161514e+01 2.350000000000e+01 3.580000000000e+01
     vertex -9.801751462730e+01 2.350000000000e+01 5.287892025858e+01
     vertex -9.812775681357e+01 2.350000000000e+01 5.265000000000e+01
   endloop
 endfacet
 facet normal 0.000000000000e+00 -1.000000000000e+00 -0.000000000000e+00
   outer loop
     vertex -5.931671976775e+01 2.350000000000e+01 3.049504490274e+01
     vertex -5.983446504353e+01 2.350000000000e+01 3.019612452839e+01
     vertex -5.600000000000e+01 2.350000000000e+01 2.200000000000e+01
   endloop
 endfacet
 facet normal 0.000000000000e+00 -1.000000000000e+00 0.000000000000e+00
   outer loop
     vertex -6.469732592987e+01 2.350000000000e+01 3.629395920743e+01
     vertex -9.794262254929e+01 2.350000000000e+01 5.312171441227e+01
     vertex -9.801751462730e+01 2.350000000000e+01 5.287892025858e+01
   endloop
 endfacet
 facet normal -0.000000000000e+00 -1.000000000000e+00 0.000000000000e+00
   outer loop
     vertex -6.469732592987e+01 2.350000000000e+01 3.629395920743e+01
     vertex -9.801751462730e+01 2.350000000000e+01 5.287892025858e+01
     vertex -6.503410161514e+01 2.350000000000e+01 3.580000000000e+01
   endloop
 endfacet
 facet normal 0.000000000000e+00 -1.000000000000e+00 -0.000000000000e+00
   outer loop
     vertex -5.884930904892e+01 2.350000000000e+01 3.086779251268e+01
     vertex -5.931671976775e+01 2.350000000000e+01 3.049504490274e+01
     vertex -5.600000000000e+01 2.350000000000e+01 2.200000000000e+01
   endloop
 endfacet
 facet normal -0.000000000000e+00 -1.000000000000e+00 0.000000000000e+00
   outer loop
     vertex -6.429069095108e+01 2.350000000000e+01 3.673220748732e+01
     vertex -9.794262254929e+01 2.350000000000e+01 5.312171441227e+01
     vertex -6.469732592987e+01 2.350000000000e+01 3.629395920743e+01
   endloop
 endfacet
 facet normal 0.000000000000e+00 -1.000000000000e+00 0.000000000000e+00
   outer loop
     vertex -6.429069095108e+01 2.350000000000e+01 3.673220748732e+01
     vertex -9.790475354479e+01 2.350000000000e+01 5.337295884090e+01
     vertex -9.794262254929e+01 2.350000000000e+01 5.312171441227e+01
   endloop
 endfacet
 facet normal -0.000000000000e+00 -1.000000000000e+00 0.000000000000e+00
   outer loop
     vertex -6.382328023225e+01 2.350000000000e+01 3.710495509726e+01
     vertex -9.790475354479e+01 2.350000000000e+01 5.337295884090e+01
     vertex -6.429069095108e+01 2.350000000000e+01 3.673220748732e+01
   endloop
 endfacet
 facet normal 0.000000000000e+00 -1.000000000000e+00 0.000000000000e+00
   outer loop
     vertex -6.382328023225e+01 2.350000000000e+01 3.710495509726e+01
     vertex -9.794262254929e+01 2.350000000000e+01 5.387828558773e+01
     vertex -9.790475354479e+01 2.350000000000e+01 5.362704115910e+01
   endloop
 endfacet
 facet normal 0.000000000000e+00 -1.000000000000e+00 0.000000000000e+00
   outer loop
     vertex -6.382328023225e+01 2.350000000000e+01 3.710495509726e+01
     vertex -9.790475354479e+01 2.350000000000e+01 5.362704115910e+01
     vertex -9.790475354479e+01 2.350000000000e+01 5.337295884090e+01
   endloop
 endfacet
 facet normal -0.000000000000e+00 -1.000000000000e+00 0.000000000000e+00
   outer loop
     vertex -6.330553495647e+01 2.350000000000e+01 3.740387547161e+01
     vertex -9.794262254929e+01 2.350000000000e+01 5.387828558773e+01
     vertex -6.382328023225e+01 2.350000000000e+01 3.710495509726e+01
   endloop
 endfacet
 facet normal 0.000000000000e+00 -1.000000000000e+00 0.000000000000e+00
   outer loop
     vertex -6.330553495647e+01 2.350000000000e+01 3.740387547161e+01
     vertex -9.801751462730e+01 2.350000000000e+01 5.412107974142e+01
     vertex -9.794262254929e+01 2.350000000000e+01 5.387828558773e+01
   endloop
 endfacet
 facet normal -0.000000000000e+00 -1.000000000000e+00 0.000000000000e+00
   outer loop
     vertex -6.274902069764e+01 2.350000000000e+01 3.762229122314e+01
     vertex -9.801751462730e+01 2.350000000000e+01 5.412107974142e+01
     vertex -6.330553495647e+01 2.350000000000e+01 3.740387547161e+01
   endloop
 endfacet
 facet normal 0.000000000000e+00 -1.000000000000e+00 0.000000000000e+00
   outer loop
     vertex -6.274902069764e+01 2.350000000000e+01 3.762229122314e+01
     vertex -9.812775681357e+01 2.350000000000e+01 5.435000000000e+01
     vertex -9.801751462730e+01 2.350000000000e+01 5.412107974142e+01
   endloop
 endfacet
 facet normal 0.000000000000e+00 -1.000000000000e+00 0.000000000000e+00
   outer loop
     vertex -6.274902069764e+01 2.350000000000e+01 3.762229122314e+01
     vertex -9.988000000000e+01 2.350000000000e+01 5.878000000000e+01
     vertex -9.812775681357e+01 2.350000000000e+01 5.435000000000e+01
   endloop
 endfacet
 facet normal -0.000000000000e+00 -1.000000000000e+00 0.000000000000e+00
   outer loop
     vertex -6.216616906470e+01 2.350000000000e+01 3.775532330490e+01
     vertex -9.988000000000e+01 2.350000000000e+01 5.878000000000e+01
     vertex -6.274902069764e+01 2.350000000000e+01 3.762229122314e+01
   endloop
 endfacet
 facet normal -0.000000000000e+00 -1.000000000000e+00 0.000000000000e+00
   outer loop
     vertex -6.157000000000e+01 2.350000000000e+01 3.780000000000e+01
     vertex -9.988000000000e+01 2.350000000000e+01 5.878000000000e+01
     vertex -6.216616906470e+01 2.350000000000e+01 3.775532330490e+01
   endloop
 endfacet
 facet normal 0.000000000000e+00 -1.000000000000e+00 0.000000000000e+00
   outer loop
     vertex -6.097383093530e+01 2.350000000000e+01 3.775532330490e+01
     vertex -9.988000000000e+01 2.350000000000e+01 5.878000000000e+01
     vertex -6.157000000000e+01 2.350000000000e+01 3.780000000000e+01
   endloop
 endfacet
 facet normal 0.000000000000e+00 -1.000000000000e+00 0.000000000000e+00
   outer loop
     vertex -6.039097930236e+01 2.350000000000e+01 3.762229122314e+01
     vertex -9.988000000000e+01 2.350000000000e+01 5.878000000000e+01
     vertex -6.097383093530e+01 2.350000000000e+01 3.775532330490e+01
   endloop
 endfacet
 facet normal 0.000000000000e+00 -1.000000000000e+00 0.000000000000e+00
   outer loop
     vertex -5.325000000000e+01 2.350000000000e+01 3.200000000000e+01
     vertex -5.884930904892e+01 2.350000000000e+01 3.086779251268e+01
     vertex -5.600000000000e+01 2.350000000000e+01 2.200000000000e+01
   endloop
 endfacet
 facet normal 0.000000000000e+00 -1.000000000000e+00 0.000000000000e+00
   outer loop
     vertex -5.325000000000e+01 2.350000000000e+01 3.200000000000e+01
     vertex -5.810589838486e+01 2.350000000000e+01 3.580000000000e+01
     vertex -5.784650500542e+01 2.350000000000e+01 3.526136409747e+01
   endloop
 endfacet
 facet normal 0.000000000000e+00 -1.000000000000e+00 0.000000000000e+00
   outer loop
     vertex -5.325000000000e+01 2.350000000000e+01 3.200000000000e+01
     vertex -5.784650500542e+01 2.350000000000e+01 3.526136409747e+01
     vertex -5.767028835127e+01 2.350000000000e+01 3.469008373583e+01
   endloop
 endfacet
 facet normal 0.000000000000e+00 -1.000000000000e+00 0.000000000000e+00
   outer loop
     vertex -5.325000000000e+01 2.350000000000e+01 3.200000000000e+01
     vertex -5.767028835127e+01 2.350000000000e+01 3.469008373583e+01
     vertex -5.758118481128e+01 2.350000000000e+01 3.409892037435e+01
   endloop
 endfacet
 facet normal 0.000000000000e+00 -1.000000000000e+00 0.000000000000e+00
   outer loop
     vertex -5.325000000000e+01 2.350000000000e+01 3.200000000000e+01
     vertex -5.758118481128e+01 2.350000000000e+01 3.409892037435e+01
     vertex -5.758118481128e+01 2.350000000000e+01 3.350107962565e+01
   endloop
 endfacet
 facet normal 0.000000000000e+00 -1.000000000000e+00 0.000000000000e+00
   outer loop
     vertex -5.325000000000e+01 2.350000000000e+01 3.200000000000e+01
     vertex -5.758118481128e+01 2.350000000000e+01 3.350107962565e+01
     vertex -5.767028835127e+01 2.350000000000e+01 3.290991626417e+01
   endloop
 endfacet
 facet normal 0.000000000000e+00 -1.000000000000e+00 0.000000000000e+00
   outer loop
     vertex -5.325000000000e+01 2.350000000000e+01 3.200000000000e+01
     vertex -5.767028835127e+01 2.350000000000e+01 3.290991626417e+01
     vertex -5.784650500542e+01 2.350000000000e+01 3.233863590253e+01
   endloop
 endfacet
 facet normal -0.000000000000e+00 -1.000000000000e+00 0.000000000000e+00
   outer loop
     vertex -5.325000000000e+01 2.350000000000e+01 3.200000000000e+01
     vertex -5.784650500542e+01 2.350000000000e+01 3.233863590253e+01
     vertex -5.810589838486e+01 2.350000000000e+01 3.180000000000e+01
   endloop
 endfacet
 facet normal 0.000000000000e+00 -1.000000000000e+00 0.000000000000e+00
   outer loop
     vertex -5.325000000000e+01 2.350000000000e+01 3.200000000000e+01
     vertex -5.810589838486e+01 2.350000000000e+01 3.180000000000e+01
     vertex -5.844267407013e+01 2.350000000000e+01 3.130604079257e+01
   endloop
 endfacet
 facet normal 0.000000000000e+00 -1.000000000000e+00 0.000000000000e+00
   outer loop
     vertex -5.325000000000e+01 2.350000000000e+01 3.200000000000e+01
     vertex -5.844267407013e+01 2.350000000000e+01 3.130604079257e+01
     vertex -5.884930904892e+01 2.350000000000e+01 3.086779251268e+01
   endloop
 endfacet
 facet normal 0.000000000000e+00 -1.000000000000e+00 0.000000000000e+00
   outer loop
     vertex -5.075000000000e+01 2.350000000000e+01 3.200000000000e+01
     vertex -5.810589838486e+01 2.350000000000e+01 3.580000000000e+01
     vertex -5.325000000000e+01 2.350000000000e+01 3.200000000000e+01
   endloop
 endfacet
 facet normal 0.000000000000e+00 -1.000000000000e+00 0.000000000000e+00
   outer loop
     vertex -5.075000000000e+01 2.350000000000e+01 3.200000000000e+01
     vertex -5.844267407013e+01 2.350000000000e+01 3.629395920743e+01
     vertex -5.810589838486e+01 2.350000000000e+01 3.580000000000e+01
   endloop
 endfacet
 facet normal 0.000000000000e+00 -1.000000000000e+00 0.000000000000e+00
   outer loop
     vertex -4.825000000000e+01 2.350000000000e+01 3.200000000000e+01
     vertex -5.884930904892e+01 2.350000000000e+01 3.673220748732e+01
     vertex -5.844267407013e+01 2.350000000000e+01 3.629395920743e+01
   endloop
 endfacet
 facet normal 0.000000000000e+00 -1.000000000000e+00 0.000000000000e+00
   outer loop
     vertex -4.825000000000e+01 2.350000000000e+01 3.200000000000e+01
     vertex -5.844267407013e+01 2.350000000000e+01 3.629395920743e+01
     vertex -5.075000000000e+01 2.350000000000e+01 3.200000000000e+01
   endloop
 endfacet
 facet normal 0.000000000000e+00 -1.000000000000e+00 0.000000000000e+00
   outer loop
     vertex -4.575000000000e+01 2.350000000000e+01 3.200000000000e+01
     vertex -5.931671976775e+01 2.350000000000e+01 3.710495509726e+01
     vertex -5.884930904892e+01 2.350000000000e+01 3.673220748732e+01
   endloop
 endfacet
 facet normal 0.000000000000e+00 -1.000000000000e+00 0.000000000000e+00
   outer loop
     vertex -4.575000000000e+01 2.350000000000e+01 3.200000000000e+01
     vertex -5.884930904892e+01 2.350000000000e+01 3.673220748732e+01
     vertex -4.825000000000e+01 2.350000000000e+01 3.200000000000e+01
   endloop
 endfacet
 facet normal 0.000000000000e+00 -1.000000000000e+00 0.000000000000e+00
   outer loop
     vertex -4.325000000000e+01 2.350000000000e+01 3.200000000000e+01
     vertex -5.931671976775e+01 2.350000000000e+01 3.710495509726e+01
     vertex -4.575000000000e+01 2.350000000000e+01 3.200000000000e+01
   endloop
 endfacet
 facet normal 0.000000000000e+00 -1.000000000000e+00 0.000000000000e+00
   outer loop
     vertex -4.075000000000e+01 2.350000000000e+01 3.200000000000e+01
     vertex -5.983446504353e+01 2.350000000000e+01 3.740387547161e+01
     vertex -5.931671976775e+01 2.350000000000e+01 3.710495509726e+01
   endloop
 endfacet
 facet normal 0.000000000000e+00 -1.000000000000e+00 0.000000000000e+00
   outer loop
     vertex -4.075000000000e+01 2.350000000000e+01 3.200000000000e+01
     vertex -5.931671976775e+01 2.350000000000e+01 3.710495509726e+01
     vertex -4.325000000000e+01 2.350000000000e+01 3.200000000000e+01
   endloop
 endfacet
 facet normal 0.000000000000e+00 -1.000000000000e+00 0.000000000000e+00
   outer loop
     vertex -3.825000000000e+01 2.350000000000e+01 3.200000000000e+01
     vertex -5.983446504353e+01 2.350000000000e+01 3.740387547161e+01
     vertex -4.075000000000e+01 2.350000000000e+01 3.200000000000e+01
   endloop
 endfacet
 facet normal 0.000000000000e+00 -1.000000000000e+00 0.000000000000e+00
   outer loop
     vertex -3.575000000000e+01 2.350000000000e+01 3.200000000000e+01
     vertex -3.575000000000e+01 2.350000000000e+01 -1.200000000000e+01
     vertex -3.325000000000e+01 2.350000000000e+01 -1.200000000000e+01
   endloop
 endfacet
 facet normal 0.000000000000e+00 -1.000000000000e+00 0.000000000000e+00
   outer loop
     vertex -3.575000000000e+01 2.350000000000e+01 3.200000000000e+01
     vertex -5.983446504353e+01 2.350000000000e+01 3.740387547161e+01
     vertex -3.825000000000e+01 2.350000000000e+01 3.200000000000e+01
   endloop
 endfacet
 facet normal -0.000000000000e+00 -1.000000000000e+00 -0.000000000000e+00
   outer loop
     vertex -3.325000000000e+01 2.350000000000e+01 3.200000000000e+01
     vertex -3.575000000000e+01 2.350000000000e+01 3.200000000000e+01
     vertex -3.325000000000e+01 2.350000000000e+01 -1.200000000000e+01
   endloop
 endfacet
 facet normal 0.000000000000e+00 -1.000000000000e+00 0.000000000000e+00
   outer loop
     vertex -3.325000000000e+01 2.350000000000e+01 3.200000000000e+01
     vertex -5.983446504353e+01 2.350000000000e+01 3.740387547161e+01
     vertex -3.575000000000e+01 2.350000000000e+01 3.200000000000e+01
   endloop
 endfacet
 facet normal 0.000000000000e+00 -1.000000000000e+00 0.000000000000e+00
   outer loop
     vertex -3.075000000000e+01 2.350000000000e+01 3.200000000000e+01
     vertex -3.075000000000e+01 2.350000000000e+01 -1.200000000000e+01
     vertex -2.825000000000e+01 2.350000000000e+01 -1.200000000000e+01
   endloop
 endfacet
 facet normal 0.000000000000e+00 -1.000000000000e+00 0.000000000000e+00
   outer loop
     vertex -3.075000000000e+01 2.350000000000e+01 3.200000000000e+01
     vertex -6.039097930236e+01 2.350000000000e+01 3.762229122314e+01
     vertex -5.983446504353e+01 2.350000000000e+01 3.740387547161e+01
   endloop
 endfacet
 facet normal 0.000000000000e+00 -1.000000000000e+00 0.000000000000e+00
   outer loop
     vertex -3.075000000000e+01 2.350000000000e+01 3.200000000000e+01
     vertex -5.983446504353e+01 2.350000000000e+01 3.740387547161e+01
     vertex -3.325000000000e+01 2.350000000000e+01 3.200000000000e+01
   endloop
 endfacet
 facet normal -0.000000000000e+00 -1.000000000000e+00 -0.000000000000e+00
   outer loop
     vertex -2.825000000000e+01 2.350000000000e+01 3.200000000000e+01
     vertex -3.075000000000e+01 2.350000000000e+01 3.200000000000e+01
     vertex -2.825000000000e+01 2.350000000000e+01 -1.200000000000e+01
   endloop
 endfacet
 facet normal 0.000000000000e+00 -1.000000000000e+00 0.000000000000e+00
   outer loop
     vertex -2.825000000000e+01 2.350000000000e+01 3.200000000000e+01
     vertex -6.039097930236e+01 2.350000000000e+01 3.762229122314e+01
     vertex -3.075000000000e+01 2.350000000000e+01 3.200000000000e+01
   endloop
 endfacet
 facet normal 0.000000000000e+00 -1.000000000000e+00 0.000000000000e+00
   outer loop
     vertex -2.575000000000e+01 2.350000000000e+01 3.200000000000e+01
     vertex -9.988000000000e+01 2.350000000000e+01 5.878000000000e+01
     vertex -6.039097930236e+01 2.350000000000e+01 3.762229122314e+01
   endloop
 endfacet
 facet normal 0.000000000000e+00 -1.000000000000e+00 0.000000000000e+00
   outer loop
     vertex -2.575000000000e+01 2.350000000000e+01 3.200000000000e+01
     vertex -6.039097930236e+01 2.350000000000e+01 3.762229122314e+01
     vertex -2.825000000000e+01 2.350000000000e+01 3.200000000000e+01
   endloop
 endfacet
 facet normal 0.000000000000e+00 -1.000000000000e+00 0.000000000000e+00
   outer loop
     vertex 2.575000000000e+01 2.350000000000e+01 -1.200000000000e+01
     vertex -5.844267407013e+01 2.350000000000e+01 -3.434395920743e+01
     vertex -5.884930904892e+01 2.350000000000e+01 -3.478220748732e+01
   endloop
 endfacet
 facet normal -0.000000000000e+00 -1.000000000000e+00 0.000000000000e+00
   outer loop
     vertex 2.575000000000e+01 2.350000000000e+01 -1.200000000000e+01
     vertex -2.575000000000e+01 2.350000000000e+01 -1.200000000000e+01
     vertex -5.844267407013e+01 2.350000000000e+01 -3.434395920743e+01
   endloop
 endfacet
 facet normal 0.000000000000e+00 -1.000000000000e+00 0.000000000000e+00
   outer loop
     vertex 6.190930904892e+01 2.350000000000e+01 -3.478220748732e+01
     vertex 2.575000000000e+01 2.350000000000e+01 -1.200000000000e+01
     vertex -5.884930904892e+01 2.350000000000e+01 -3.478220748732e+01
   endloop
 endfacet
 facet normal -0.000000000000e+00 -1.000000000000e+00 -0.000000000000e+00
   outer loop
     vertex 6.150267407013e+01 2.350000000000e+01 -3.434395920743e+01
     vertex 2.575000000000e+01 2.350000000000e+01 -1.200000000000e+01
     vertex 6.190930904892e+01 2.350000000000e+01 -3.478220748732e+01
   endloop
 endfacet
 facet normal 0.000000000000e+00 -1.000000000000e+00 0.000000000000e+00
   outer loop
     vertex 6.237671976775e+01 2.350000000000e+01 -3.515495509726e+01
     vertex -5.884930904892e+01 2.350000000000e+01 -3.478220748732e+01
     vertex -5.931671976775e+01 2.350000000000e+01 -3.515495509726e+01
   endloop
 endfacet
 facet normal -0.000000000000e+00 -1.000000000000e+00 0.000000000000e+00
   outer loop
     vertex 6.237671976775e+01 2.350000000000e+01 -3.515495509726e+01
     vertex -5.931671976775e+01 2.350000000000e+01 -3.515495509726e+01
     vertex -5.983446504353e+01 2.350000000000e+01 -3.545387547161e+01
   endloop
 endfacet
 facet normal 0.000000000000e+00 -1.000000000000e+00 0.000000000000e+00
   outer loop
     vertex 6.237671976775e+01 2.350000000000e+01 -3.515495509726e+01
     vertex 6.190930904892e+01 2.350000000000e+01 -3.478220748732e+01
     vertex -5.884930904892e+01 2.350000000000e+01 -3.478220748732e+01
   endloop
 endfacet
 facet normal -0.000000000000e+00 -1.000000000000e+00 -0.000000000000e+00
   outer loop
     vertex 6.116589838486e+01 2.350000000000e+01 -3.385000000000e+01
     vertex 2.575000000000e+01 2.350000000000e+01 -1.200000000000e+01
     vertex 6.150267407013e+01 2.350000000000e+01 -3.434395920743e+01
   endloop
 endfacet
 facet normal 0.000000000000e+00 -1.000000000000e+00 0.000000000000e+00
   outer loop
     vertex 6.289446504353e+01 2.350000000000e+01 -3.545387547161e+01
     vertex 6.237671976775e+01 2.350000000000e+01 -3.515495509726e+01
     vertex -5.983446504353e+01 2.350000000000e+01 -3.545387547161e+01
   endloop
 endfacet
 facet normal 0.000000000000e+00 -1.000000000000e+00 0.000000000000e+00
   outer loop
     vertex 6.090650500542e+01 2.350000000000e+01 -3.331136409747e+01
     vertex 3.075000000000e+01 2.350000000000e+01 -1.200000000000e+01
     vertex 2.825000000000e+01 2.350000000000e+01 -1.200000000000e+01
   endloop
 endfacet
 facet normal -0.000000000000e+00 -1.000000000000e+00 -0.000000000000e+00
   outer loop
     vertex 6.090650500542e+01 2.350000000000e+01 -3.331136409747e+01
     vertex 2.575000000000e+01 2.350000000000e+01 -1.200000000000e+01
     vertex 6.116589838486e+01 2.350000000000e+01 -3.385000000000e+01
   endloop
 endfacet
 facet normal 0.000000000000e+00 -1.000000000000e+00 0.000000000000e+00
   outer loop
     vertex 6.090650500542e+01 2.350000000000e+01 -3.331136409747e+01
     vertex 2.825000000000e+01 2.350000000000e+01 -1.200000000000e+01
     vertex 2.575000000000e+01 2.350000000000e+01 -1.200000000000e+01
   endloop
 endfacet
 facet normal 0.000000000000e+00 -1.000000000000e+00 0.000000000000e+00
   outer loop
     vertex 6.090650500542e+01 2.350000000000e+01 -3.331136409747e+01
     vertex 3.325000000000e+01 2.350000000000e+01 -1.200000000000e+01
     vertex 3.075000000000e+01 2.350000000000e+01 -1.200000000000e+01
   endloop
 endfacet
 facet normal -0.000000000000e+00 -1.000000000000e+00 -0.000000000000e+00
   outer loop
     vertex 6.073028835127e+01 2.350000000000e+01 -3.274008373583e+01
     vertex 3.325000000000e+01 2.350000000000e+01 -1.200000000000e+01
     vertex 6.090650500542e+01 2.350000000000e+01 -3.331136409747e+01
   endloop
 endfacet
 facet normal 0.000000000000e+00 -1.000000000000e+00 0.000000000000e+00
   outer loop
     vertex 6.073028835127e+01 2.350000000000e+01 -3.274008373583e+01
     vertex 3.575000000000e+01 2.350000000000e+01 -1.200000000000e+01
     vertex 3.325000000000e+01 2.350000000000e+01 -1.200000000000e+01
   endloop
 endfacet
 facet normal -0.000000000000e+00 -1.000000000000e+00 -0.000000000000e+00
   outer loop
     vertex 6.064118481128e+01 2.350000000000e+01 -3.214892037435e+01
     vertex 3.575000000000e+01 2.350000000000e+01 -1.200000000000e+01
     vertex 6.073028835127e+01 2.350000000000e+01 -3.274008373583e+01
   endloop
 endfacet
 facet normal 0.000000000000e+00 -1.000000000000e+00 0.000000000000e+00
   outer loop
     vertex 6.064118481128e+01 2.350000000000e+01 -3.214892037435e+01
     vertex 3.825000000000e+01 2.350000000000e+01 -1.200000000000e+01
     vertex 3.575000000000e+01 2.350000000000e+01 -1.200000000000e+01
   endloop
 endfacet
 facet normal -0.000000000000e+00 -1.000000000000e+00 -0.000000000000e+00
   outer loop
     vertex 4.075000000000e+01 2.350000000000e+01 -1.200000000000e+01
     vertex 3.825000000000e+01 2.350000000000e+01 -1.200000000000e+01
     vertex 6.064118481128e+01 2.350000000000e+01 -3.214892037435e+01
   endloop
 endfacet
 facet normal -0.000000000000e+00 -1.000000000000e+00 -0.000000000000e+00
   outer loop
     vertex 6.064118481128e+01 2.350000000000e+01 -3.155107962565e+01
     vertex 4.075000000000e+01 2.350000000000e+01 -1.200000000000e+01
     vertex 6.064118481128e+01 2.350000000000e+01 -3.214892037435e+01
   endloop
 endfacet
 facet normal -0.000000000000e+00 -1.000000000000e+00 -0.000000000000e+00
   outer loop
     vertex 4.325000000000e+01 2.350000000000e+01 -1.200000000000e+01
     vertex 4.075000000000e+01 2.350000000000e+01 -1.200000000000e+01
     vertex 6.064118481128e+01 2.350000000000e+01 -3.155107962565e+01
   endloop
 endfacet
 facet normal 0.000000000000e+00 -1.000000000000e+00 0.000000000000e+00
   outer loop
     vertex 4.325000000000e+01 2.350000000000e+01 -1.200000000000e+01
     vertex 6.064118481128e+01 2.350000000000e+01 -3.155107962565e+01
     vertex 6.073028835127e+01 2.350000000000e+01 -3.095991626417e+01
   endloop
 endfacet
 facet normal -0.000000000000e+00 -1.000000000000e+00 -0.000000000000e+00
   outer loop
     vertex 4.575000000000e+01 2.350000000000e+01 -1.200000000000e+01
     vertex 4.325000000000e+01 2.350000000000e+01 -1.200000000000e+01
     vertex 6.073028835127e+01 2.350000000000e+01 -3.095991626417e+01
   endloop
 endfacet
 facet normal 0.000000000000e+00 -1.000000000000e+00 0.000000000000e+00
   outer loop
     vertex 4.575000000000e+01 2.350000000000e+01 -1.200000000000e+01
     vertex 6.073028835127e+01 2.350000000000e+01 -3.095991626417e+01
     vertex 6.090650500542e+01 2.350000000000e+01 -3.038863590253e+01
   endloop
 endfacet
 facet normal -0.000000000000e+00 -1.000000000000e+00 -0.000000000000e+00
   outer loop
     vertex 4.825000000000e+01 2.350000000000e+01 -1.200000000000e+01
     vertex 4.575000000000e+01 2.350000000000e+01 -1.200000000000e+01
     vertex 6.090650500542e+01 2.350000000000e+01 -3.038863590253e+01
   endloop
 endfacet
 facet normal 0.000000000000e+00 -1.000000000000e+00 0.000000000000e+00
   outer loop
     vertex 5.075000000000e+01 2.350000000000e+01 -1.200000000000e+01
     vertex 6.090650500542e+01 2.350000000000e+01 -3.038863590253e+01
     vertex 6.116589838486e+01 2.350000000000e+01 -2.985000000000e+01
   endloop
 endfacet
 facet normal 0.000000000000e+00 -1.000000000000e+00 0.000000000000e+00
   outer loop
     vertex 5.075000000000e+01 2.350000000000e+01 -1.200000000000e+01
     vertex 6.116589838486e+01 2.350000000000e+01 -2.985000000000e+01
     vertex 6.150267407013e+01 2.350000000000e+01 -2.935604079257e+01
   endloop
 endfacet
 facet normal -0.000000000000e+00 -1.000000000000e+00 -0.000000000000e+00
   outer loop
     vertex 5.075000000000e+01 2.350000000000e+01 -1.200000000000e+01
     vertex 4.825000000000e+01 2.350000000000e+01 -1.200000000000e+01
     vertex 6.090650500542e+01 2.350000000000e+01 -3.038863590253e+01
   endloop
 endfacet
 facet normal 0.000000000000e+00 -1.000000000000e+00 0.000000000000e+00
   outer loop
     vertex 9.988000000000e+01 2.350000000000e+01 -5.878000000000e+01
     vertex 6.522616906470e+01 2.350000000000e+01 -3.580532330490e+01
     vertex 6.463000000000e+01 2.350000000000e+01 -3.585000000000e+01
   endloop
 endfacet
 facet normal 0.000000000000e+00 -1.000000000000e+00 0.000000000000e+00
   outer loop
     vertex 9.988000000000e+01 2.350000000000e+01 -5.878000000000e+01
     vertex 6.463000000000e+01 2.350000000000e+01 -3.585000000000e+01
     vertex 6.403383093530e+01 2.350000000000e+01 -3.580532330490e+01
   endloop
 endfacet
 facet normal 0.000000000000e+00 -1.000000000000e+00 0.000000000000e+00
   outer loop
     vertex 9.988000000000e+01 2.350000000000e+01 -5.878000000000e+01
     vertex 6.403383093530e+01 2.350000000000e+01 -3.580532330490e+01
     vertex 6.345097930236e+01 2.350000000000e+01 -3.567229122314e+01
   endloop
 endfacet
 facet normal 0.000000000000e+00 -1.000000000000e+00 0.000000000000e+00
   outer loop
     vertex 9.988000000000e+01 2.350000000000e+01 -5.878000000000e+01
     vertex 6.345097930236e+01 2.350000000000e+01 -3.567229122314e+01
     vertex 6.289446504353e+01 2.350000000000e+01 -3.545387547161e+01
   endloop
 endfacet
 facet normal 0.000000000000e+00 -1.000000000000e+00 0.000000000000e+00
   outer loop
     vertex 9.988000000000e+01 2.350000000000e+01 -5.878000000000e+01
     vertex -5.983446504353e+01 2.350000000000e+01 -3.545387547161e+01
     vertex -9.988000000000e+01 2.350000000000e+01 -5.878000000000e+01
   endloop
 endfacet
 facet normal 0.000000000000e+00 -1.000000000000e+00 0.000000000000e+00
   outer loop
     vertex 9.988000000000e+01 2.350000000000e+01 -5.878000000000e+01
     vertex 6.289446504353e+01 2.350000000000e+01 -3.545387547161e+01
     vertex -5.983446504353e+01 2.350000000000e+01 -3.545387547161e+01
   endloop
 endfacet
 facet normal 0.000000000000e+00 -1.000000000000e+00 0.000000000000e+00
   outer loop
     vertex 5.325000000000e+01 2.350000000000e+01 -1.200000000000e+01
     vertex 6.463000000000e+01 2.350000000000e+01 -2.785000000000e+01
     vertex 6.522616906470e+01 2.350000000000e+01 -2.789467669510e+01
   endloop
 endfacet
 facet normal 0.000000000000e+00 -1.000000000000e+00 0.000000000000e+00
   outer loop
     vertex 5.325000000000e+01 2.350000000000e+01 -1.200000000000e+01
     vertex 6.522616906470e+01 2.350000000000e+01 -2.789467669510e+01
     vertex 6.580902069764e+01 2.350000000000e+01 -2.802770877686e+01
   endloop
 endfacet
 facet normal 0.000000000000e+00 -1.000000000000e+00 0.000000000000e+00
   outer loop
     vertex 5.325000000000e+01 2.350000000000e+01 -1.200000000000e+01
     vertex 6.580902069764e+01 2.350000000000e+01 -2.802770877686e+01
     vertex 6.636553495647e+01 2.350000000000e+01 -2.824612452839e+01
   endloop
 endfacet
 facet normal 0.000000000000e+00 -1.000000000000e+00 0.000000000000e+00
   outer loop
     vertex 5.325000000000e+01 2.350000000000e+01 -1.200000000000e+01
     vertex 6.636553495647e+01 2.350000000000e+01 -2.824612452839e+01
     vertex 6.688328023225e+01 2.350000000000e+01 -2.854504490274e+01
   endloop
 endfacet
 facet normal 0.000000000000e+00 -1.000000000000e+00 0.000000000000e+00
   outer loop
     vertex 5.325000000000e+01 2.350000000000e+01 -1.200000000000e+01
     vertex 6.150267407013e+01 2.350000000000e+01 -2.935604079257e+01
     vertex 6.190930904892e+01 2.350000000000e+01 -2.891779251268e+01
   endloop
 endfacet
 facet normal 0.000000000000e+00 -1.000000000000e+00 0.000000000000e+00
   outer loop
     vertex 5.325000000000e+01 2.350000000000e+01 -1.200000000000e+01
     vertex 6.190930904892e+01 2.350000000000e+01 -2.891779251268e+01
     vertex 6.237671976775e+01 2.350000000000e+01 -2.854504490274e+01
   endloop
 endfacet
 facet normal 0.000000000000e+00 -1.000000000000e+00 0.000000000000e+00
   outer loop
     vertex 5.325000000000e+01 2.350000000000e+01 -1.200000000000e+01
     vertex 6.237671976775e+01 2.350000000000e+01 -2.854504490274e+01
     vertex 6.289446504353e+01 2.350000000000e+01 -2.824612452839e+01
   endloop
 endfacet
 facet normal 0.000000000000e+00 -1.000000000000e+00 0.000000000000e+00
   outer loop
     vertex 5.325000000000e+01 2.350000000000e+01 -1.200000000000e+01
     vertex 6.289446504353e+01 2.350000000000e+01 -2.824612452839e+01
     vertex 6.345097930236e+01 2.350000000000e+01 -2.802770877686e+01
   endloop
 endfacet
 facet normal 0.000000000000e+00 -1.000000000000e+00 0.000000000000e+00
   outer loop
     vertex 5.325000000000e+01 2.350000000000e+01 -1.200000000000e+01
     vertex 6.345097930236e+01 2.350000000000e+01 -2.802770877686e+01
     vertex 6.403383093530e+01 2.350000000000e+01 -2.789467669510e+01
   endloop
 endfacet
 facet normal 0.000000000000e+00 -1.000000000000e+00 0.000000000000e+00
   outer loop
     vertex 5.325000000000e+01 2.350000000000e+01 -1.200000000000e+01
     vertex 6.403383093530e+01 2.350000000000e+01 -2.789467669510e+01
     vertex 6.463000000000e+01 2.350000000000e+01 -2.785000000000e+01
   endloop
 endfacet
 facet normal -0.000000000000e+00 -1.000000000000e+00 -0.000000000000e+00
   outer loop
     vertex 5.325000000000e+01 2.350000000000e+01 -1.200000000000e+01
     vertex 5.075000000000e+01 2.350000000000e+01 -1.200000000000e+01
     vertex 6.150267407013e+01 2.350000000000e+01 -2.935604079257e+01
   endloop
 endfacet
 facet normal 0.000000000000e+00 -1.000000000000e+00 0.000000000000e+00
   outer loop
     vertex 9.827088647980e+01 2.350000000000e+01 -5.455993266316e+01
     vertex 9.988000000000e+01 2.350000000000e+01 -5.878000000000e+01
     vertex 9.844370634579e+01 2.350000000000e+01 -5.474618818211e+01
   endloop
 endfacet
 facet normal -0.000000000000e+00 -1.000000000000e+00 -0.000000000000e+00
   outer loop
     vertex 9.864235590129e+01 2.350000000000e+01 -5.490460591634e+01
     vertex 9.844370634579e+01 2.350000000000e+01 -5.474618818211e+01
     vertex 9.988000000000e+01 2.350000000000e+01 -5.878000000000e+01
   endloop
 endfacet
 facet normal -0.000000000000e+00 -1.000000000000e+00 -0.000000000000e+00
   outer loop
     vertex 9.812775681357e+01 2.350000000000e+01 -5.435000000000e+01
     vertex 6.522616906470e+01 2.350000000000e+01 -3.580532330490e+01
     vertex 9.988000000000e+01 2.350000000000e+01 -5.878000000000e+01
   endloop
 endfacet
 facet normal 0.000000000000e+00 -1.000000000000e+00 0.000000000000e+00
   outer loop
     vertex 9.812775681357e+01 2.350000000000e+01 -5.435000000000e+01
     vertex 9.988000000000e+01 2.350000000000e+01 -5.878000000000e+01
     vertex 9.827088647980e+01 2.350000000000e+01 -5.455993266316e+01
   endloop
 endfacet
 facet normal -0.000000000000e+00 -1.000000000000e+00 -0.000000000000e+00
   outer loop
     vertex 9.886239764350e+01 2.350000000000e+01 -5.503164707543e+01
     vertex 9.864235590129e+01 2.350000000000e+01 -5.490460591634e+01
     vertex 9.988000000000e+01 2.350000000000e+01 -5.878000000000e+01
   endloop
 endfacet
 facet normal -0.000000000000e+00 -1.000000000000e+00 -0.000000000000e+00
   outer loop
     vertex 9.801751462730e+01 2.350000000000e+01 -5.412107974142e+01
     vertex 6.522616906470e+01 2.350000000000e+01 -3.580532330490e+01
     vertex 9.812775681357e+01 2.350000000000e+01 -5.435000000000e+01
   endloop
 endfacet
 facet normal 0.000000000000e+00 -1.000000000000e+00 0.000000000000e+00
   outer loop
     vertex 9.801751462730e+01 2.350000000000e+01 -5.412107974142e+01
     vertex 6.580902069764e+01 2.350000000000e+01 -3.567229122314e+01
     vertex 6.522616906470e+01 2.350000000000e+01 -3.580532330490e+01
   endloop
 endfacet
 facet normal -0.000000000000e+00 -1.000000000000e+00 -0.000000000000e+00
   outer loop
     vertex 9.909891620350e+01 2.350000000000e+01 -5.512447376984e+01
     vertex 9.886239764350e+01 2.350000000000e+01 -5.503164707543e+01
     vertex 9.988000000000e+01 2.350000000000e+01 -5.878000000000e+01
   endloop
 endfacet
 facet normal 0.000000000000e+00 -1.000000000000e+00 0.000000000000e+00
   outer loop
     vertex 9.794262254929e+01 2.350000000000e+01 -5.387828558773e+01
     vertex 6.636553495647e+01 2.350000000000e+01 -3.545387547161e+01
     vertex 6.580902069764e+01 2.350000000000e+01 -3.567229122314e+01
   endloop
 endfacet
 facet normal -0.000000000000e+00 -1.000000000000e+00 -0.000000000000e+00
   outer loop
     vertex 9.794262254929e+01 2.350000000000e+01 -5.387828558773e+01
     vertex 6.580902069764e+01 2.350000000000e+01 -3.567229122314e+01
     vertex 9.801751462730e+01 2.350000000000e+01 -5.412107974142e+01
   endloop
 endfacet
 facet normal -0.000000000000e+00 -1.000000000000e+00 -0.000000000000e+00
   outer loop
     vertex 9.934662814750e+01 2.350000000000e+01 -5.518101240458e+01
     vertex 9.909891620350e+01 2.350000000000e+01 -5.512447376984e+01
     vertex 9.988000000000e+01 2.350000000000e+01 -5.878000000000e+01
   endloop
 endfacet
 facet normal -0.000000000000e+00 -1.000000000000e+00 -0.000000000000e+00
   outer loop
     vertex 9.790475354479e+01 2.350000000000e+01 -5.362704115910e+01
     vertex 6.636553495647e+01 2.350000000000e+01 -3.545387547161e+01
     vertex 9.794262254929e+01 2.350000000000e+01 -5.387828558773e+01
   endloop
 endfacet
 facet normal -0.000000000000e+00 -1.000000000000e+00 -0.000000000000e+00
   outer loop
     vertex 9.960000000000e+01 2.350000000000e+01 -5.520000000000e+01
     vertex 9.934662814750e+01 2.350000000000e+01 -5.518101240458e+01
     vertex 9.988000000000e+01 2.350000000000e+01 -5.878000000000e+01
   endloop
 endfacet
 facet normal 0.000000000000e+00 -1.000000000000e+00 0.000000000000e+00
   outer loop
     vertex 9.790475354479e+01 2.350000000000e+01 -5.337295884090e+01
     vertex 6.688328023225e+01 2.350000000000e+01 -3.515495509726e+01
     vertex 6.636553495647e+01 2.350000000000e+01 -3.545387547161e+01
   endloop
 endfacet
 facet normal -0.000000000000e+00 -1.000000000000e+00 -0.000000000000e+00
   outer loop
     vertex 9.790475354479e+01 2.350000000000e+01 -5.337295884090e+01
     vertex 6.636553495647e+01 2.350000000000e+01 -3.545387547161e+01
     vertex 9.790475354479e+01 2.350000000000e+01 -5.362704115910e+01
   endloop
 endfacet
 facet normal 0.000000000000e+00 -1.000000000000e+00 -0.000000000000e+00
   outer loop
     vertex 9.985337185250e+01 2.350000000000e+01 -5.518101240458e+01
     vertex 9.960000000000e+01 2.350000000000e+01 -5.520000000000e+01
     vertex 9.988000000000e+01 2.350000000000e+01 -5.878000000000e+01
   endloop
 endfacet
 facet normal 0.000000000000e+00 -1.000000000000e+00 0.000000000000e+00
   outer loop
     vertex 9.985337185250e+01 2.350000000000e+01 -5.518101240458e+01
     vertex 9.988000000000e+01 2.350000000000e+01 -5.878000000000e+01
     vertex 1.005915741914e+02 2.350000000000e+01 -5.872910720940e+01
   endloop
 endfacet
 facet normal 0.000000000000e+00 -1.000000000000e+00 0.000000000000e+00
   outer loop
     vertex 9.794262254929e+01 2.350000000000e+01 -5.312171441227e+01
     vertex 6.735069095108e+01 2.350000000000e+01 -3.478220748732e+01
     vertex 6.688328023225e+01 2.350000000000e+01 -3.515495509726e+01
   endloop
 endfacet
 facet normal -0.000000000000e+00 -1.000000000000e+00 0.000000000000e+00
   outer loop
     vertex 9.794262254929e+01 2.350000000000e+01 -5.312171441227e+01
     vertex 6.688328023225e+01 2.350000000000e+01 -3.515495509726e+01
     vertex 9.790475354479e+01 2.350000000000e+01 -5.337295884090e+01
   endloop
 endfacet
 facet normal 0.000000000000e+00 -1.000000000000e+00 -0.000000000000e+00
   outer loop
     vertex 1.001010837965e+02 2.350000000000e+01 -5.512447376984e+01
     vertex 9.985337185250e+01 2.350000000000e+01 -5.518101240458e+01
     vertex 1.005915741914e+02 2.350000000000e+01 -5.872910720940e+01
   endloop
 endfacet
 facet normal 0.000000000000e+00 -1.000000000000e+00 0.000000000000e+00
   outer loop
     vertex 1.001010837965e+02 2.350000000000e+01 -5.512447376984e+01
     vertex 1.005915741914e+02 2.350000000000e+01 -5.872910720940e+01
     vertex 1.012886627842e+02 2.350000000000e+01 -5.857746486807e+01
   endloop
 endfacet
 facet normal -0.000000000000e+00 -1.000000000000e+00 0.000000000000e+00
   outer loop
     vertex 9.801751462730e+01 2.350000000000e+01 -5.287892025858e+01
     vertex 6.735069095108e+01 2.350000000000e+01 -3.478220748732e+01
     vertex 9.794262254929e+01 2.350000000000e+01 -5.312171441227e+01
   endloop
 endfacet
 facet normal 0.000000000000e+00 -1.000000000000e+00 0.000000000000e+00
   outer loop
     vertex 9.801751462730e+01 2.350000000000e+01 -5.287892025858e+01
     vertex 6.775732592987e+01 2.350000000000e+01 -3.434395920743e+01
     vertex 6.735069095108e+01 2.350000000000e+01 -3.478220748732e+01
   endloop
 endfacet
 facet normal 0.000000000000e+00 -1.000000000000e+00 -0.000000000000e+00
   outer loop
     vertex 1.003376023565e+02 2.350000000000e+01 -5.503164707543e+01
     vertex 1.001010837965e+02 2.350000000000e+01 -5.512447376984e+01
     vertex 1.012886627842e+02 2.350000000000e+01 -5.857746486807e+01
   endloop
 endfacet
 facet normal 0.000000000000e+00 -1.000000000000e+00 0.000000000000e+00
   outer loop
     vertex 1.003376023565e+02 2.350000000000e+01 -5.503164707543e+01
     vertex 1.012886627842e+02 2.350000000000e+01 -5.857746486807e+01
     vertex 1.019570750650e+02 2.350000000000e+01 -5.832815997677e+01
   endloop
 endfacet
 facet normal -0.000000000000e+00 -1.000000000000e+00 0.000000000000e+00
   outer loop
     vertex 9.812775681357e+01 2.350000000000e+01 -5.265000000000e+01
     vertex 6.775732592987e+01 2.350000000000e+01 -3.434395920743e+01
     vertex 9.801751462730e+01 2.350000000000e+01 -5.287892025858e+01
   endloop
 endfacet
 facet normal 0.000000000000e+00 -1.000000000000e+00 0.000000000000e+00
   outer loop
     vertex 9.812775681357e+01 2.350000000000e+01 -5.265000000000e+01
     vertex 6.809410161514e+01 2.350000000000e+01 -3.385000000000e+01
     vertex 6.775732592987e+01 2.350000000000e+01 -3.434395920743e+01
   endloop
 endfacet
 facet normal 0.000000000000e+00 -1.000000000000e+00 0.000000000000e+00
   outer loop
     vertex 1.005576440987e+02 2.350000000000e+01 -5.490460591634e+01
     vertex 1.025832040873e+02 2.350000000000e+01 -5.798626766416e+01
     vertex 1.031543036697e+02 2.350000000000e+01 -5.755874787177e+01
   endloop
 endfacet
 facet normal 0.000000000000e+00 -1.000000000000e+00 0.000000000000e+00
   outer loop
     vertex 1.005576440987e+02 2.350000000000e+01 -5.490460591634e+01
     vertex 1.019570750650e+02 2.350000000000e+01 -5.832815997677e+01
     vertex 1.025832040873e+02 2.350000000000e+01 -5.798626766416e+01
   endloop
 endfacet
 facet normal 0.000000000000e+00 -1.000000000000e+00 -0.000000000000e+00
   outer loop
     vertex 1.005576440987e+02 2.350000000000e+01 -5.490460591634e+01
     vertex 1.003376023565e+02 2.350000000000e+01 -5.503164707543e+01
     vertex 1.019570750650e+02 2.350000000000e+01 -5.832815997677e+01
   endloop
 endfacet
 facet normal 0.000000000000e+00 -1.000000000000e+00 0.000000000000e+00
   outer loop
     vertex 9.827088647980e+01 2.350000000000e+01 -5.244006733684e+01
     vertex 6.835349499458e+01 2.350000000000e+01 -3.331136409747e+01
     vertex 6.809410161514e+01 2.350000000000e+01 -3.385000000000e+01
   endloop
 endfacet
 facet normal -0.000000000000e+00 -1.000000000000e+00 0.000000000000e+00
   outer loop
     vertex 9.827088647980e+01 2.350000000000e+01 -5.244006733684e+01
     vertex 6.809410161514e+01 2.350000000000e+01 -3.385000000000e+01
     vertex 9.812775681357e+01 2.350000000000e+01 -5.265000000000e+01
   endloop
 endfacet
 facet normal 0.000000000000e+00 -1.000000000000e+00 -0.000000000000e+00
   outer loop
     vertex 1.007562936542e+02 2.350000000000e+01 -5.474618818211e+01
     vertex 1.005576440987e+02 2.350000000000e+01 -5.490460591634e+01
     vertex 1.031543036697e+02 2.350000000000e+01 -5.755874787177e+01
   endloop
 endfacet
 facet normal 0.000000000000e+00 -1.000000000000e+00 0.000000000000e+00
   outer loop
     vertex 9.844370634579e+01 2.350000000000e+01 -5.225381181789e+01
     vertex 6.852971164873e+01 2.350000000000e+01 -3.274008373583e+01
     vertex 6.835349499458e+01 2.350000000000e+01 -3.331136409747e+01
   endloop
 endfacet
 facet normal -0.000000000000e+00 -1.000000000000e+00 0.000000000000e+00
   outer loop
     vertex 9.844370634579e+01 2.350000000000e+01 -5.225381181789e+01
     vertex 6.835349499458e+01 2.350000000000e+01 -3.331136409747e+01
     vertex 9.827088647980e+01 2.350000000000e+01 -5.244006733684e+01
   endloop
 endfacet
 facet normal 0.000000000000e+00 -1.000000000000e+00 0.000000000000e+00
   outer loop
     vertex 9.864235590129e+01 2.350000000000e+01 -5.209539408366e+01
     vertex 6.861881518872e+01 2.350000000000e+01 -3.214892037435e+01
     vertex 6.852971164873e+01 2.350000000000e+01 -3.274008373583e+01
   endloop
 endfacet
 facet normal -0.000000000000e+00 -1.000000000000e+00 0.000000000000e+00
   outer loop
     vertex 9.864235590129e+01 2.350000000000e+01 -5.209539408366e+01
     vertex 6.852971164873e+01 2.350000000000e+01 -3.274008373583e+01
     vertex 9.844370634579e+01 2.350000000000e+01 -5.225381181789e+01
   endloop
 endfacet
 facet normal 0.000000000000e+00 -1.000000000000e+00 0.000000000000e+00
   outer loop
     vertex 1.036587478718e+02 2.350000000000e+01 -5.705430366973e+01
     vertex 1.009291135202e+02 2.350000000000e+01 -5.455993266316e+01
     vertex 1.007562936542e+02 2.350000000000e+01 -5.474618818211e+01
   endloop
 endfacet
 facet normal -0.000000000000e+00 -1.000000000000e+00 0.000000000000e+00
   outer loop
     vertex 1.036587478718e+02 2.350000000000e+01 -5.705430366973e+01
     vertex 1.007562936542e+02 2.350000000000e+01 -5.474618818211e+01
     vertex 1.031543036697e+02 2.350000000000e+01 -5.755874787177e+01
   endloop
 endfacet
 facet normal 0.000000000000e+00 -1.000000000000e+00 0.000000000000e+00
   outer loop
     vertex 9.886239764350e+01 2.350000000000e+01 -5.196835292457e+01
     vertex 6.861881518872e+01 2.350000000000e+01 -3.155107962565e+01
     vertex 6.861881518872e+01 2.350000000000e+01 -3.214892037435e+01
   endloop
 endfacet
 facet normal -0.000000000000e+00 -1.000000000000e+00 0.000000000000e+00
   outer loop
     vertex 9.886239764350e+01 2.350000000000e+01 -5.196835292457e+01
     vertex 6.861881518872e+01 2.350000000000e+01 -3.214892037435e+01
     vertex 9.864235590129e+01 2.350000000000e+01 -5.209539408366e+01
   endloop
 endfacet
 facet normal 0.000000000000e+00 -1.000000000000e+00 0.000000000000e+00
   outer loop
     vertex 9.909891620350e+01 2.350000000000e+01 -5.187552623016e+01
     vertex 6.852971164873e+01 2.350000000000e+01 -3.095991626417e+01
     vertex 6.861881518872e+01 2.350000000000e+01 -3.155107962565e+01
   endloop
 endfacet
 facet normal -0.000000000000e+00 -1.000000000000e+00 0.000000000000e+00
   outer loop
     vertex 9.909891620350e+01 2.350000000000e+01 -5.187552623016e+01
     vertex 6.861881518872e+01 2.350000000000e+01 -3.155107962565e+01
     vertex 9.886239764350e+01 2.350000000000e+01 -5.196835292457e+01
   endloop
 endfacet
 facet normal 0.000000000000e+00 -1.000000000000e+00 0.000000000000e+00
   outer loop
     vertex 9.934662814750e+01 2.350000000000e+01 -5.181898759542e+01
     vertex 6.835349499458e+01 2.350000000000e+01 -3.038863590253e+01
     vertex 6.852971164873e+01 2.350000000000e+01 -3.095991626417e+01
   endloop
 endfacet
 facet normal -0.000000000000e+00 -1.000000000000e+00 0.000000000000e+00
   outer loop
     vertex 9.934662814750e+01 2.350000000000e+01 -5.181898759542e+01
     vertex 6.852971164873e+01 2.350000000000e+01 -3.095991626417e+01
     vertex 9.909891620350e+01 2.350000000000e+01 -5.187552623016e+01
   endloop
 endfacet
 facet normal 0.000000000000e+00 -1.000000000000e+00 0.000000000000e+00
   outer loop
     vertex 1.040862676642e+02 2.350000000000e+01 -5.648320408728e+01
     vertex 1.010722431864e+02 2.350000000000e+01 -5.435000000000e+01
     vertex 1.009291135202e+02 2.350000000000e+01 -5.455993266316e+01
   endloop
 endfacet
 facet normal -0.000000000000e+00 -1.000000000000e+00 0.000000000000e+00
   outer loop
     vertex 1.040862676642e+02 2.350000000000e+01 -5.648320408728e+01
     vertex 1.009291135202e+02 2.350000000000e+01 -5.455993266316e+01
     vertex 1.036587478718e+02 2.350000000000e+01 -5.705430366973e+01
   endloop
 endfacet
 facet normal -0.000000000000e+00 -1.000000000000e+00 0.000000000000e+00
   outer loop
     vertex 9.960000000000e+01 2.350000000000e+01 -5.180000000000e+01
     vertex 6.835349499458e+01 2.350000000000e+01 -3.038863590253e+01
     vertex 9.934662814750e+01 2.350000000000e+01 -5.181898759542e+01
   endloop
 endfacet
 facet normal 0.000000000000e+00 -1.000000000000e+00 0.000000000000e+00
   outer loop
     vertex 9.985337185250e+01 2.350000000000e+01 -5.181898759542e+01
     vertex 6.809410161514e+01 2.350000000000e+01 -2.985000000000e+01
     vertex 6.835349499458e+01 2.350000000000e+01 -3.038863590253e+01
   endloop
 endfacet
 facet normal 0.000000000000e+00 -1.000000000000e+00 0.000000000000e+00
   outer loop
     vertex 9.985337185250e+01 2.350000000000e+01 -5.181898759542e+01
     vertex 6.835349499458e+01 2.350000000000e+01 -3.038863590253e+01
     vertex 9.960000000000e+01 2.350000000000e+01 -5.180000000000e+01
   endloop
 endfacet
 facet normal 0.000000000000e+00 -1.000000000000e+00 0.000000000000e+00
   outer loop
     vertex 1.001010837965e+02 2.350000000000e+01 -5.187552623016e+01
     vertex 6.809410161514e+01 2.350000000000e+01 -2.985000000000e+01
     vertex 9.985337185250e+01 2.350000000000e+01 -5.181898759542e+01
   endloop
 endfacet
 facet normal 0.000000000000e+00 -1.000000000000e+00 0.000000000000e+00
   outer loop
     vertex 1.044281599768e+02 2.350000000000e+01 -5.585707506501e+01
     vertex 1.011824853727e+02 2.350000000000e+01 -5.412107974142e+01
     vertex 1.010722431864e+02 2.350000000000e+01 -5.435000000000e+01
   endloop
 endfacet
 facet normal -0.000000000000e+00 -1.000000000000e+00 0.000000000000e+00
   outer loop
     vertex 1.044281599768e+02 2.350000000000e+01 -5.585707506501e+01
     vertex 1.010722431864e+02 2.350000000000e+01 -5.435000000000e+01
     vertex 1.040862676642e+02 2.350000000000e+01 -5.648320408728e+01
   endloop
 endfacet
 facet normal 0.000000000000e+00 -1.000000000000e+00 0.000000000000e+00
   outer loop
     vertex 1.046774648681e+02 2.350000000000e+01 -5.518866278421e+01
     vertex 1.012573774507e+02 2.350000000000e+01 -5.387828558773e+01
     vertex 1.011824853727e+02 2.350000000000e+01 -5.412107974142e+01
   endloop
 endfacet
 facet normal -0.000000000000e+00 -1.000000000000e+00 0.000000000000e+00
   outer loop
     vertex 1.046774648681e+02 2.350000000000e+01 -5.518866278421e+01
     vertex 1.011824853727e+02 2.350000000000e+01 -5.412107974142e+01
     vertex 1.044281599768e+02 2.350000000000e+01 -5.585707506501e+01
   endloop
 endfacet
 facet normal -0.000000000000e+00 -1.000000000000e+00 0.000000000000e+00
   outer loop
     vertex 1.048291072094e+02 2.350000000000e+01 -5.449157419137e+01
     vertex 1.012573774507e+02 2.350000000000e+01 -5.387828558773e+01
     vertex 1.046774648681e+02 2.350000000000e+01 -5.518866278421e+01
   endloop
 endfacet
 facet normal 0.000000000000e+00 -1.000000000000e+00 0.000000000000e+00
   outer loop
     vertex 1.048291072094e+02 2.350000000000e+01 -5.449157419137e+01
     vertex 1.012952464552e+02 2.350000000000e+01 -5.362704115910e+01
     vertex 1.012573774507e+02 2.350000000000e+01 -5.387828558773e+01
   endloop
 endfacet
 facet normal -0.000000000000e+00 -1.000000000000e+00 0.000000000000e+00
   outer loop
     vertex 1.048800000000e+02 2.350000000000e+01 -5.378000000000e+01
     vertex 1.012952464552e+02 2.350000000000e+01 -5.362704115910e+01
     vertex 1.048291072094e+02 2.350000000000e+01 -5.449157419137e+01
   endloop
 endfacet
 facet normal 0.000000000000e+00 -1.000000000000e+00 0.000000000000e+00
   outer loop
     vertex 1.048800000000e+02 2.350000000000e+01 -5.378000000000e+01
     vertex 1.003376023565e+02 2.350000000000e+01 -5.196835292457e+01
     vertex 1.005576440987e+02 2.350000000000e+01 -5.209539408366e+01
   endloop
 endfacet
 facet normal 0.000000000000e+00 -1.000000000000e+00 0.000000000000e+00
   outer loop
     vertex 1.048800000000e+02 2.350000000000e+01 -5.378000000000e+01
     vertex 1.005576440987e+02 2.350000000000e+01 -5.209539408366e+01
     vertex 1.007562936542e+02 2.350000000000e+01 -5.225381181789e+01
   endloop
 endfacet
 facet normal 0.000000000000e+00 -1.000000000000e+00 0.000000000000e+00
   outer loop
     vertex 1.048800000000e+02 2.350000000000e+01 -5.378000000000e+01
     vertex 1.007562936542e+02 2.350000000000e+01 -5.225381181789e+01
     vertex 1.009291135202e+02 2.350000000000e+01 -5.244006733684e+01
   endloop
 endfacet
 facet normal 0.000000000000e+00 -1.000000000000e+00 0.000000000000e+00
   outer loop
     vertex 1.048800000000e+02 2.350000000000e+01 -5.378000000000e+01
     vertex 1.009291135202e+02 2.350000000000e+01 -5.244006733684e+01
     vertex 1.010722431864e+02 2.350000000000e+01 -5.265000000000e+01
   endloop
 endfacet
 facet normal 0.000000000000e+00 -1.000000000000e+00 0.000000000000e+00
   outer loop
     vertex 1.048800000000e+02 2.350000000000e+01 -5.378000000000e+01
     vertex 1.010722431864e+02 2.350000000000e+01 -5.265000000000e+01
     vertex 1.011824853727e+02 2.350000000000e+01 -5.287892025858e+01
   endloop
 endfacet
 facet normal 0.000000000000e+00 -1.000000000000e+00 0.000000000000e+00
   outer loop
     vertex 1.048800000000e+02 2.350000000000e+01 -5.378000000000e+01
     vertex 1.011824853727e+02 2.350000000000e+01 -5.287892025858e+01
     vertex 1.012573774507e+02 2.350000000000e+01 -5.312171441227e+01
   endloop
 endfacet
 facet normal 0.000000000000e+00 -1.000000000000e+00 0.000000000000e+00
   outer loop
     vertex 1.048800000000e+02 2.350000000000e+01 -5.378000000000e+01
     vertex 1.012573774507e+02 2.350000000000e+01 -5.312171441227e+01
     vertex 1.012952464552e+02 2.350000000000e+01 -5.337295884090e+01
   endloop
 endfacet
 facet normal 0.000000000000e+00 -1.000000000000e+00 0.000000000000e+00
   outer loop
     vertex 1.048800000000e+02 2.350000000000e+01 -5.378000000000e+01
     vertex 1.012952464552e+02 2.350000000000e+01 -5.337295884090e+01
     vertex 1.012952464552e+02 2.350000000000e+01 -5.362704115910e+01
   endloop
 endfacet
 facet normal -0.000000000000e+00 -1.000000000000e+00 0.000000000000e+00
   outer loop
     vertex 2.575000000000e+01 2.350000000000e+01 3.200000000000e+01
     vertex -2.575000000000e+01 2.350000000000e+01 3.200000000000e+01
     vertex -2.575000000000e+01 2.350000000000e+01 -1.200000000000e+01
   endloop
 endfacet
 facet normal 0.000000000000e+00 -1.000000000000e+00 -0.000000000000e+00
   outer loop
     vertex 2.575000000000e+01 2.350000000000e+01 3.200000000000e+01
     vertex -2.575000000000e+01 2.350000000000e+01 -1.200000000000e+01
     vertex 2.575000000000e+01 2.350000000000e+01 -1.200000000000e+01
   endloop
 endfacet
 facet normal 0.000000000000e+00 -1.000000000000e+00 0.000000000000e+00
   outer loop
     vertex 2.575000000000e+01 2.350000000000e+01 3.200000000000e+01
     vertex -9.988000000000e+01 2.350000000000e+01 5.878000000000e+01
     vertex -2.575000000000e+01 2.350000000000e+01 3.200000000000e+01
   endloop
 endfacet
 facet normal 0.000000000000e+00 -1.000000000000e+00 -0.000000000000e+00
   outer loop
     vertex 3.075000000000e+01 2.350000000000e+01 3.200000000000e+01
     vertex 2.825000000000e+01 2.350000000000e+01 -1.200000000000e+01
     vertex 3.075000000000e+01 2.350000000000e+01 -1.200000000000e+01
   endloop
 endfacet
 facet normal -0.000000000000e+00 -1.000000000000e+00 0.000000000000e+00
   outer loop
     vertex 3.075000000000e+01 2.350000000000e+01 3.200000000000e+01
     vertex 2.825000000000e+01 2.350000000000e+01 3.200000000000e+01
     vertex 2.825000000000e+01 2.350000000000e+01 -1.200000000000e+01
   endloop
 endfacet
 facet normal -0.000000000000e+00 -1.000000000000e+00 0.000000000000e+00
   outer loop
     vertex 3.575000000000e+01 2.350000000000e+01 3.200000000000e+01
     vertex 3.325000000000e+01 2.350000000000e+01 3.200000000000e+01
     vertex 3.325000000000e+01 2.350000000000e+01 -1.200000000000e+01
   endloop
 endfacet
 facet normal 0.000000000000e+00 -1.000000000000e+00 -0.000000000000e+00
   outer loop
     vertex 3.575000000000e+01 2.350000000000e+01 3.200000000000e+01
     vertex 3.325000000000e+01 2.350000000000e+01 -1.200000000000e+01
     vertex 3.575000000000e+01 2.350000000000e+01 -1.200000000000e+01
   endloop
 endfacet
 facet normal 0.000000000000e+00 -1.000000000000e+00 -0.000000000000e+00
   outer loop
     vertex 4.075000000000e+01 2.350000000000e+01 3.200000000000e+01
     vertex 3.825000000000e+01 2.350000000000e+01 -1.200000000000e+01
     vertex 4.075000000000e+01 2.350000000000e+01 -1.200000000000e+01
   endloop
 endfacet
 facet normal -0.000000000000e+00 -1.000000000000e+00 0.000000000000e+00
   outer loop
     vertex 4.075000000000e+01 2.350000000000e+01 3.200000000000e+01
     vertex 3.825000000000e+01 2.350000000000e+01 3.200000000000e+01
     vertex 3.825000000000e+01 2.350000000000e+01 -1.200000000000e+01
   endloop
 endfacet
 facet normal 0.000000000000e+00 -1.000000000000e+00 -0.000000000000e+00
   outer loop
     vertex 4.575000000000e+01 2.350000000000e+01 3.200000000000e+01
     vertex 4.325000000000e+01 2.350000000000e+01 -1.200000000000e+01
     vertex 4.575000000000e+01 2.350000000000e+01 -1.200000000000e+01
   endloop
 endfacet
 facet normal -0.000000000000e+00 -1.000000000000e+00 0.000000000000e+00
   outer loop
     vertex 4.575000000000e+01 2.350000000000e+01 3.200000000000e+01
     vertex 4.325000000000e+01 2.350000000000e+01 3.200000000000e+01
     vertex 4.325000000000e+01 2.350000000000e+01 -1.200000000000e+01
   endloop
 endfacet
 facet normal 0.000000000000e+00 -1.000000000000e+00 -0.000000000000e+00
   outer loop
     vertex 5.075000000000e+01 2.350000000000e+01 3.200000000000e+01
     vertex 4.825000000000e+01 2.350000000000e+01 -1.200000000000e+01
     vertex 5.075000000000e+01 2.350000000000e+01 -1.200000000000e+01
   endloop
 endfacet
 facet normal -0.000000000000e+00 -1.000000000000e+00 0.000000000000e+00
   outer loop
     vertex 5.075000000000e+01 2.350000000000e+01 3.200000000000e+01
     vertex 4.825000000000e+01 2.350000000000e+01 3.200000000000e+01
     vertex 4.825000000000e+01 2.350000000000e+01 -1.200000000000e+01
   endloop
 endfacet
 facet normal -0.000000000000e+00 -1.000000000000e+00 -0.000000000000e+00
   outer loop
     vertex 6.150267407013e+01 2.350000000000e+01 3.130604079257e+01
     vertex 5.325000000000e+01 2.350000000000e+01 3.200000000000e+01
     vertex 6.190930904892e+01 2.350000000000e+01 3.086779251268e+01
   endloop
 endfacet
 facet normal 0.000000000000e+00 -1.000000000000e+00 0.000000000000e+00
   outer loop
     vertex 6.237671976775e+01 2.350000000000e+01 3.049504490274e+01
     vertex 6.190930904892e+01 2.350000000000e+01 3.086779251268e+01
     vertex 5.325000000000e+01 2.350000000000e+01 3.200000000000e+01
   endloop
 endfacet
 facet normal -0.000000000000e+00 -1.000000000000e+00 -0.000000000000e+00
   outer loop
     vertex 6.116589838486e+01 2.350000000000e+01 3.180000000000e+01
     vertex 5.325000000000e+01 2.350000000000e+01 3.200000000000e+01
     vertex 6.150267407013e+01 2.350000000000e+01 3.130604079257e+01
   endloop
 endfacet
 facet normal 0.000000000000e+00 -1.000000000000e+00 0.000000000000e+00
   outer loop
     vertex 6.289446504353e+01 2.350000000000e+01 3.019612452839e+01
     vertex 6.237671976775e+01 2.350000000000e+01 3.049504490274e+01
     vertex 5.325000000000e+01 2.350000000000e+01 3.200000000000e+01
   endloop
 endfacet
 facet normal -0.000000000000e+00 -1.000000000000e+00 0.000000000000e+00
   outer loop
     vertex 6.289446504353e+01 2.350000000000e+01 3.019612452839e+01
     vertex 5.325000000000e+01 2.350000000000e+01 3.200000000000e+01
     vertex 5.325000000000e+01 2.350000000000e+01 -1.200000000000e+01
   endloop
 endfacet
 facet normal 0.000000000000e+00 -1.000000000000e+00 -0.000000000000e+00
   outer loop
     vertex 6.090650500542e+01 2.350000000000e+01 3.233863590253e+01
     vertex 5.325000000000e+01 2.350000000000e+01 3.200000000000e+01
     vertex 6.116589838486e+01 2.350000000000e+01 3.180000000000e+01
   endloop
 endfacet
 facet normal -0.000000000000e+00 -1.000000000000e+00 0.000000000000e+00
   outer loop
     vertex 6.345097930236e+01 2.350000000000e+01 2.997770877686e+01
     vertex 6.289446504353e+01 2.350000000000e+01 3.019612452839e+01
     vertex 5.325000000000e+01 2.350000000000e+01 -1.200000000000e+01
   endloop
 endfacet
 facet normal 0.000000000000e+00 -1.000000000000e+00 -0.000000000000e+00
   outer loop
     vertex 6.073028835127e+01 2.350000000000e+01 3.290991626417e+01
     vertex 5.325000000000e+01 2.350000000000e+01 3.200000000000e+01
     vertex 6.090650500542e+01 2.350000000000e+01 3.233863590253e+01
   endloop
 endfacet
 facet normal -0.000000000000e+00 -1.000000000000e+00 0.000000000000e+00
   outer loop
     vertex 6.403383093530e+01 2.350000000000e+01 2.984467669510e+01
     vertex 6.345097930236e+01 2.350000000000e+01 2.997770877686e+01
     vertex 5.325000000000e+01 2.350000000000e+01 -1.200000000000e+01
   endloop
 endfacet
 facet normal 0.000000000000e+00 -1.000000000000e+00 -0.000000000000e+00
   outer loop
     vertex 6.064118481128e+01 2.350000000000e+01 3.350107962565e+01
     vertex 5.325000000000e+01 2.350000000000e+01 3.200000000000e+01
     vertex 6.073028835127e+01 2.350000000000e+01 3.290991626417e+01
   endloop
 endfacet
 facet normal -0.000000000000e+00 -1.000000000000e+00 0.000000000000e+00
   outer loop
     vertex 6.463000000000e+01 2.350000000000e+01 2.980000000000e+01
     vertex 6.403383093530e+01 2.350000000000e+01 2.984467669510e+01
     vertex 5.325000000000e+01 2.350000000000e+01 -1.200000000000e+01
   endloop
 endfacet
 facet normal 0.000000000000e+00 -1.000000000000e+00 -0.000000000000e+00
   outer loop
     vertex 6.064118481128e+01 2.350000000000e+01 3.409892037435e+01
     vertex 5.325000000000e+01 2.350000000000e+01 3.200000000000e+01
     vertex 6.064118481128e+01 2.350000000000e+01 3.350107962565e+01
   endloop
 endfacet
 facet normal 0.000000000000e+00 -1.000000000000e+00 0.000000000000e+00
   outer loop
     vertex 6.522616906470e+01 2.350000000000e+01 2.984467669510e+01
     vertex 6.463000000000e+01 2.350000000000e+01 2.980000000000e+01
     vertex 5.325000000000e+01 2.350000000000e+01 -1.200000000000e+01
   endloop
 endfacet
 facet normal 0.000000000000e+00 -1.000000000000e+00 0.000000000000e+00
   outer loop
     vertex 6.073028835127e+01 2.350000000000e+01 3.469008373583e+01
     vertex 5.325000000000e+01 2.350000000000e+01 3.200000000000e+01
     vertex 6.064118481128e+01 2.350000000000e+01 3.409892037435e+01
   endloop
 endfacet
 facet normal 0.000000000000e+00 -1.000000000000e+00 0.000000000000e+00
   outer loop
     vertex 6.580902069764e+01 2.350000000000e+01 2.997770877686e+01
     vertex 6.522616906470e+01 2.350000000000e+01 2.984467669510e+01
     vertex 5.325000000000e+01 2.350000000000e+01 -1.200000000000e+01
   endloop
 endfacet
 facet normal 0.000000000000e+00 -1.000000000000e+00 0.000000000000e+00
   outer loop
     vertex 6.090650500542e+01 2.350000000000e+01 3.526136409747e+01
     vertex 5.325000000000e+01 2.350000000000e+01 3.200000000000e+01
     vertex 6.073028835127e+01 2.350000000000e+01 3.469008373583e+01
   endloop
 endfacet
 facet normal 0.000000000000e+00 -1.000000000000e+00 0.000000000000e+00
   outer loop
     vertex 6.636553495647e+01 2.350000000000e+01 3.019612452839e+01
     vertex 6.580902069764e+01 2.350000000000e+01 2.997770877686e+01
     vertex 5.325000000000e+01 2.350000000000e+01 -1.200000000000e+01
   endloop
 endfacet
 facet normal 0.000000000000e+00 -1.000000000000e+00 0.000000000000e+00
   outer loop
     vertex 6.116589838486e+01 2.350000000000e+01 3.580000000000e+01
     vertex 5.325000000000e+01 2.350000000000e+01 3.200000000000e+01
     vertex 6.090650500542e+01 2.350000000000e+01 3.526136409747e+01
   endloop
 endfacet
 facet normal 0.000000000000e+00 -1.000000000000e+00 -0.000000000000e+00
   outer loop
     vertex 6.688328023225e+01 2.350000000000e+01 3.049504490274e+01
     vertex 5.325000000000e+01 2.350000000000e+01 -1.200000000000e+01
     vertex 6.688328023225e+01 2.350000000000e+01 -2.854504490274e+01
   endloop
 endfacet
 facet normal 0.000000000000e+00 -1.000000000000e+00 0.000000000000e+00
   outer loop
     vertex 6.688328023225e+01 2.350000000000e+01 3.049504490274e+01
     vertex 6.636553495647e+01 2.350000000000e+01 3.019612452839e+01
     vertex 5.325000000000e+01 2.350000000000e+01 -1.200000000000e+01
   endloop
 endfacet
 facet normal 0.000000000000e+00 -1.000000000000e+00 0.000000000000e+00
   outer loop
     vertex 6.150267407013e+01 2.350000000000e+01 3.629395920743e+01
     vertex 5.075000000000e+01 2.350000000000e+01 3.200000000000e+01
     vertex 5.325000000000e+01 2.350000000000e+01 3.200000000000e+01
   endloop
 endfacet
 facet normal 0.000000000000e+00 -1.000000000000e+00 0.000000000000e+00
   outer loop
     vertex 6.150267407013e+01 2.350000000000e+01 3.629395920743e+01
     vertex 5.325000000000e+01 2.350000000000e+01 3.200000000000e+01
     vertex 6.116589838486e+01 2.350000000000e+01 3.580000000000e+01
   endloop
 endfacet
 facet normal 0.000000000000e+00 -1.000000000000e+00 -0.000000000000e+00
   outer loop
     vertex 6.735069095108e+01 2.350000000000e+01 3.086779251268e+01
     vertex 6.688328023225e+01 2.350000000000e+01 -2.854504490274e+01
     vertex 6.735069095108e+01 2.350000000000e+01 -2.891779251268e+01
   endloop
 endfacet
 facet normal 0.000000000000e+00 -1.000000000000e+00 0.000000000000e+00
   outer loop
     vertex 6.735069095108e+01 2.350000000000e+01 3.086779251268e+01
     vertex 6.735069095108e+01 2.350000000000e+01 -2.891779251268e+01
     vertex 6.775732592987e+01 2.350000000000e+01 -2.935604079257e+01
   endloop
 endfacet
 facet normal 0.000000000000e+00 -1.000000000000e+00 0.000000000000e+00
   outer loop
     vertex 6.735069095108e+01 2.350000000000e+01 3.086779251268e+01
     vertex 6.688328023225e+01 2.350000000000e+01 3.049504490274e+01
     vertex 6.688328023225e+01 2.350000000000e+01 -2.854504490274e+01
   endloop
 endfacet
 facet normal 0.000000000000e+00 -1.000000000000e+00 0.000000000000e+00
   outer loop
     vertex 6.190930904892e+01 2.350000000000e+01 3.673220748732e+01
     vertex 4.825000000000e+01 2.350000000000e+01 3.200000000000e+01
     vertex 5.075000000000e+01 2.350000000000e+01 3.200000000000e+01
   endloop
 endfacet
 facet normal 0.000000000000e+00 -1.000000000000e+00 0.000000000000e+00
   outer loop
     vertex 6.190930904892e+01 2.350000000000e+01 3.673220748732e+01
     vertex 5.075000000000e+01 2.350000000000e+01 3.200000000000e+01
     vertex 6.150267407013e+01 2.350000000000e+01 3.629395920743e+01
   endloop
 endfacet
 facet normal 0.000000000000e+00 -1.000000000000e+00 -0.000000000000e+00
   outer loop
     vertex 6.775732592987e+01 2.350000000000e+01 3.130604079257e+01
     vertex 6.735069095108e+01 2.350000000000e+01 3.086779251268e+01
     vertex 6.775732592987e+01 2.350000000000e+01 -2.935604079257e+01
   endloop
 endfacet
 facet normal 0.000000000000e+00 -1.000000000000e+00 0.000000000000e+00
   outer loop
     vertex 6.237671976775e+01 2.350000000000e+01 3.710495509726e+01
     vertex 4.325000000000e+01 2.350000000000e+01 3.200000000000e+01
     vertex 4.575000000000e+01 2.350000000000e+01 3.200000000000e+01
   endloop
 endfacet
 facet normal 0.000000000000e+00 -1.000000000000e+00 0.000000000000e+00
   outer loop
     vertex 6.237671976775e+01 2.350000000000e+01 3.710495509726e+01
     vertex 4.825000000000e+01 2.350000000000e+01 3.200000000000e+01
     vertex 6.190930904892e+01 2.350000000000e+01 3.673220748732e+01
   endloop
 endfacet
 facet normal 0.000000000000e+00 -1.000000000000e+00 0.000000000000e+00
   outer loop
     vertex 6.237671976775e+01 2.350000000000e+01 3.710495509726e+01
     vertex 4.575000000000e+01 2.350000000000e+01 3.200000000000e+01
     vertex 4.825000000000e+01 2.350000000000e+01 3.200000000000e+01
   endloop
 endfacet
 facet normal 0.000000000000e+00 -1.000000000000e+00 0.000000000000e+00
   outer loop
     vertex 6.289446504353e+01 2.350000000000e+01 3.740387547161e+01
     vertex 3.325000000000e+01 2.350000000000e+01 3.200000000000e+01
     vertex 3.575000000000e+01 2.350000000000e+01 3.200000000000e+01
   endloop
 endfacet
 facet normal 0.000000000000e+00 -1.000000000000e+00 0.000000000000e+00
   outer loop
     vertex 6.289446504353e+01 2.350000000000e+01 3.740387547161e+01
     vertex 3.825000000000e+01 2.350000000000e+01 3.200000000000e+01
     vertex 4.075000000000e+01 2.350000000000e+01 3.200000000000e+01
   endloop
 endfacet
 facet normal 0.000000000000e+00 -1.000000000000e+00 0.000000000000e+00
   outer loop
     vertex 6.289446504353e+01 2.350000000000e+01 3.740387547161e+01
     vertex 3.575000000000e+01 2.350000000000e+01 3.200000000000e+01
     vertex 3.825000000000e+01 2.350000000000e+01 3.200000000000e+01
   endloop
 endfacet
 facet normal 0.000000000000e+00 -1.000000000000e+00 0.000000000000e+00
   outer loop
     vertex 6.289446504353e+01 2.350000000000e+01 3.740387547161e+01
     vertex 4.075000000000e+01 2.350000000000e+01 3.200000000000e+01
     vertex 4.325000000000e+01 2.350000000000e+01 3.200000000000e+01
   endloop
 endfacet
 facet normal 0.000000000000e+00 -1.000000000000e+00 0.000000000000e+00
   outer loop
     vertex 6.289446504353e+01 2.350000000000e+01 3.740387547161e+01
     vertex 4.325000000000e+01 2.350000000000e+01 3.200000000000e+01
     vertex 6.237671976775e+01 2.350000000000e+01 3.710495509726e+01
   endloop
 endfacet
 facet normal 0.000000000000e+00 -1.000000000000e+00 0.000000000000e+00
   outer loop
     vertex 6.345097930236e+01 2.350000000000e+01 3.762229122314e+01
     vertex 2.825000000000e+01 2.350000000000e+01 3.200000000000e+01
     vertex 3.075000000000e+01 2.350000000000e+01 3.200000000000e+01
   endloop
 endfacet
 facet normal 0.000000000000e+00 -1.000000000000e+00 0.000000000000e+00
   outer loop
     vertex 6.345097930236e+01 2.350000000000e+01 3.762229122314e+01
     vertex 3.075000000000e+01 2.350000000000e+01 3.200000000000e+01
     vertex 3.325000000000e+01 2.350000000000e+01 3.200000000000e+01
   endloop
 endfacet
 facet normal 0.000000000000e+00 -1.000000000000e+00 0.000000000000e+00
   outer loop
     vertex 6.345097930236e+01 2.350000000000e+01 3.762229122314e+01
     vertex 3.325000000000e+01 2.350000000000e+01 3.200000000000e+01
     vertex 6.289446504353e+01 2.350000000000e+01 3.740387547161e+01
   endloop
 endfacet
 facet normal 0.000000000000e+00 -1.000000000000e+00 0.000000000000e+00
   outer loop
     vertex 9.844370634579e+01 2.350000000000e+01 5.225381181789e+01
     vertex 6.835349499458e+01 2.350000000000e+01 3.526136409747e+01
     vertex 6.852971164873e+01 2.350000000000e+01 3.469008373583e+01
   endloop
 endfacet
 facet normal 0.000000000000e+00 -1.000000000000e+00 -0.000000000000e+00
   outer loop
     vertex 9.827088647980e+01 2.350000000000e+01 5.244006733684e+01
     vertex 6.835349499458e+01 2.350000000000e+01 3.526136409747e+01
     vertex 9.844370634579e+01 2.350000000000e+01 5.225381181789e+01
   endloop
 endfacet
 facet normal 0.000000000000e+00 -1.000000000000e+00 0.000000000000e+00
   outer loop
     vertex 9.864235590129e+01 2.350000000000e+01 5.209539408366e+01
     vertex 6.852971164873e+01 2.350000000000e+01 3.469008373583e+01
     vertex 6.861881518872e+01 2.350000000000e+01 3.409892037435e+01
   endloop
 endfacet
 facet normal -0.000000000000e+00 -1.000000000000e+00 0.000000000000e+00
   outer loop
     vertex 9.864235590129e+01 2.350000000000e+01 5.209539408366e+01
     vertex 9.844370634579e+01 2.350000000000e+01 5.225381181789e+01
     vertex 6.852971164873e+01 2.350000000000e+01 3.469008373583e+01
   endloop
 endfacet
 facet normal 0.000000000000e+00 -1.000000000000e+00 0.000000000000e+00
   outer loop
     vertex 9.812775681357e+01 2.350000000000e+01 5.265000000000e+01
     vertex 6.809410161514e+01 2.350000000000e+01 3.580000000000e+01
     vertex 6.835349499458e+01 2.350000000000e+01 3.526136409747e+01
   endloop
 endfacet
 facet normal 0.000000000000e+00 -1.000000000000e+00 -0.000000000000e+00
   outer loop
     vertex 9.812775681357e+01 2.350000000000e+01 5.265000000000e+01
     vertex 6.835349499458e+01 2.350000000000e+01 3.526136409747e+01
     vertex 9.827088647980e+01 2.350000000000e+01 5.244006733684e+01
   endloop
 endfacet
 facet normal -0.000000000000e+00 -1.000000000000e+00 0.000000000000e+00
   outer loop
     vertex 9.886239764350e+01 2.350000000000e+01 5.196835292457e+01
     vertex 9.864235590129e+01 2.350000000000e+01 5.209539408366e+01
     vertex 6.861881518872e+01 2.350000000000e+01 3.409892037435e+01
   endloop
 endfacet
 facet normal 0.000000000000e+00 -1.000000000000e+00 0.000000000000e+00
   outer loop
     vertex 9.886239764350e+01 2.350000000000e+01 5.196835292457e+01
     vertex 6.861881518872e+01 2.350000000000e+01 3.409892037435e+01
     vertex 6.861881518872e+01 2.350000000000e+01 3.350107962565e+01
   endloop
 endfacet
 facet normal 0.000000000000e+00 -1.000000000000e+00 -0.000000000000e+00
   outer loop
     vertex 9.801751462730e+01 2.350000000000e+01 5.287892025858e+01
     vertex 6.809410161514e+01 2.350000000000e+01 3.580000000000e+01
     vertex 9.812775681357e+01 2.350000000000e+01 5.265000000000e+01
   endloop
 endfacet
 facet normal 0.000000000000e+00 -1.000000000000e+00 0.000000000000e+00
   outer loop
     vertex 9.801751462730e+01 2.350000000000e+01 5.287892025858e+01
     vertex 6.775732592987e+01 2.350000000000e+01 3.629395920743e+01
     vertex 6.809410161514e+01 2.350000000000e+01 3.580000000000e+01
   endloop
 endfacet
 facet normal -0.000000000000e+00 -1.000000000000e+00 0.000000000000e+00
   outer loop
     vertex 9.909891620350e+01 2.350000000000e+01 5.187552623016e+01
     vertex 9.886239764350e+01 2.350000000000e+01 5.196835292457e+01
     vertex 6.861881518872e+01 2.350000000000e+01 3.350107962565e+01
   endloop
 endfacet
 facet normal 0.000000000000e+00 -1.000000000000e+00 0.000000000000e+00
   outer loop
     vertex 9.909891620350e+01 2.350000000000e+01 5.187552623016e+01
     vertex 6.861881518872e+01 2.350000000000e+01 3.350107962565e+01
     vertex 6.852971164873e+01 2.350000000000e+01 3.290991626417e+01
   endloop
 endfacet
 facet normal 0.000000000000e+00 -1.000000000000e+00 -0.000000000000e+00
   outer loop
     vertex 9.794262254929e+01 2.350000000000e+01 5.312171441227e+01
     vertex 6.775732592987e+01 2.350000000000e+01 3.629395920743e+01
     vertex 9.801751462730e+01 2.350000000000e+01 5.287892025858e+01
   endloop
 endfacet
 facet normal 0.000000000000e+00 -1.000000000000e+00 0.000000000000e+00
   outer loop
     vertex 9.794262254929e+01 2.350000000000e+01 5.312171441227e+01
     vertex 6.735069095108e+01 2.350000000000e+01 3.673220748732e+01
     vertex 6.775732592987e+01 2.350000000000e+01 3.629395920743e+01
   endloop
 endfacet
 facet normal 0.000000000000e+00 -1.000000000000e+00 0.000000000000e+00
   outer loop
     vertex 9.934662814750e+01 2.350000000000e+01 5.181898759542e+01
     vertex 6.852971164873e+01 2.350000000000e+01 3.290991626417e+01
     vertex 6.835349499458e+01 2.350000000000e+01 3.233863590253e+01
   endloop
 endfacet
 facet normal -0.000000000000e+00 -1.000000000000e+00 0.000000000000e+00
   outer loop
     vertex 9.934662814750e+01 2.350000000000e+01 5.181898759542e+01
     vertex 9.909891620350e+01 2.350000000000e+01 5.187552623016e+01
     vertex 6.852971164873e+01 2.350000000000e+01 3.290991626417e+01
   endloop
 endfacet
 facet normal 0.000000000000e+00 -1.000000000000e+00 -0.000000000000e+00
   outer loop
     vertex 9.790475354479e+01 2.350000000000e+01 5.337295884090e+01
     vertex 6.735069095108e+01 2.350000000000e+01 3.673220748732e+01
     vertex 9.794262254929e+01 2.350000000000e+01 5.312171441227e+01
   endloop
 endfacet
 facet normal 0.000000000000e+00 -1.000000000000e+00 0.000000000000e+00
   outer loop
     vertex 9.790475354479e+01 2.350000000000e+01 5.337295884090e+01
     vertex 6.688328023225e+01 2.350000000000e+01 3.710495509726e+01
     vertex 6.735069095108e+01 2.350000000000e+01 3.673220748732e+01
   endloop
 endfacet
 facet normal -0.000000000000e+00 -1.000000000000e+00 0.000000000000e+00
   outer loop
     vertex 9.960000000000e+01 2.350000000000e+01 5.180000000000e+01
     vertex 9.934662814750e+01 2.350000000000e+01 5.181898759542e+01
     vertex 6.835349499458e+01 2.350000000000e+01 3.233863590253e+01
   endloop
 endfacet
 facet normal 0.000000000000e+00 -1.000000000000e+00 0.000000000000e+00
   outer loop
     vertex 9.960000000000e+01 2.350000000000e+01 5.180000000000e+01
     vertex 6.835349499458e+01 2.350000000000e+01 3.233863590253e+01
     vertex 6.809410161514e+01 2.350000000000e+01 3.180000000000e+01
   endloop
 endfacet
 facet normal 0.000000000000e+00 -1.000000000000e+00 -0.000000000000e+00
   outer loop
     vertex 9.790475354479e+01 2.350000000000e+01 5.362704115910e+01
     vertex 6.688328023225e+01 2.350000000000e+01 3.710495509726e+01
     vertex 9.790475354479e+01 2.350000000000e+01 5.337295884090e+01
   endloop
 endfacet
 facet normal 0.000000000000e+00 -1.000000000000e+00 0.000000000000e+00
   outer loop
     vertex 9.790475354479e+01 2.350000000000e+01 5.362704115910e+01
     vertex 6.636553495647e+01 2.350000000000e+01 3.740387547161e+01
     vertex 6.688328023225e+01 2.350000000000e+01 3.710495509726e+01
   endloop
 endfacet
 facet normal 0.000000000000e+00 -1.000000000000e+00 0.000000000000e+00
   outer loop
     vertex 9.985337185250e+01 2.350000000000e+01 5.181898759542e+01
     vertex 6.775732592987e+01 2.350000000000e+01 -2.935604079257e+01
     vertex 6.809410161514e+01 2.350000000000e+01 -2.985000000000e+01
   endloop
 endfacet
 facet normal 0.000000000000e+00 -1.000000000000e+00 0.000000000000e+00
   outer loop
     vertex 9.985337185250e+01 2.350000000000e+01 5.181898759542e+01
     vertex 9.960000000000e+01 2.350000000000e+01 5.180000000000e+01
     vertex 6.809410161514e+01 2.350000000000e+01 3.180000000000e+01
   endloop
 endfacet
 facet normal 0.000000000000e+00 -1.000000000000e+00 0.000000000000e+00
   outer loop
     vertex 9.985337185250e+01 2.350000000000e+01 5.181898759542e+01
     vertex 6.809410161514e+01 2.350000000000e+01 3.180000000000e+01
     vertex 6.775732592987e+01 2.350000000000e+01 3.130604079257e+01
   endloop
 endfacet
 facet normal 0.000000000000e+00 -1.000000000000e+00 0.000000000000e+00
   outer loop
     vertex 9.985337185250e+01 2.350000000000e+01 5.181898759542e+01
     vertex 6.775732592987e+01 2.350000000000e+01 3.130604079257e+01
     vertex 6.775732592987e+01 2.350000000000e+01 -2.935604079257e+01
   endloop
 endfacet
 facet normal 0.000000000000e+00 -1.000000000000e+00 0.000000000000e+00
   outer loop
     vertex 9.794262254929e+01 2.350000000000e+01 5.387828558773e+01
     vertex 6.636553495647e+01 2.350000000000e+01 3.740387547161e+01
     vertex 9.790475354479e+01 2.350000000000e+01 5.362704115910e+01
   endloop
 endfacet
 facet normal 0.000000000000e+00 -1.000000000000e+00 0.000000000000e+00
   outer loop
     vertex 9.794262254929e+01 2.350000000000e+01 5.387828558773e+01
     vertex 6.580902069764e+01 2.350000000000e+01 3.762229122314e+01
     vertex 6.636553495647e+01 2.350000000000e+01 3.740387547161e+01
   endloop
 endfacet
 facet normal 0.000000000000e+00 -1.000000000000e+00 0.000000000000e+00
   outer loop
     vertex 1.001010837965e+02 2.350000000000e+01 5.187552623016e+01
     vertex 1.001010837965e+02 2.350000000000e+01 -5.187552623016e+01
     vertex 1.003376023565e+02 2.350000000000e+01 -5.196835292457e+01
   endloop
 endfacet
 facet normal 0.000000000000e+00 -1.000000000000e+00 -0.000000000000e+00
   outer loop
     vertex 1.001010837965e+02 2.350000000000e+01 5.187552623016e+01
     vertex 6.809410161514e+01 2.350000000000e+01 -2.985000000000e+01
     vertex 1.001010837965e+02 2.350000000000e+01 -5.187552623016e+01
   endloop
 endfacet
 facet normal 0.000000000000e+00 -1.000000000000e+00 0.000000000000e+00
   outer loop
     vertex 1.001010837965e+02 2.350000000000e+01 5.187552623016e+01
     vertex 9.985337185250e+01 2.350000000000e+01 5.181898759542e+01
     vertex 6.809410161514e+01 2.350000000000e+01 -2.985000000000e+01
   endloop
 endfacet
 facet normal 0.000000000000e+00 -1.000000000000e+00 0.000000000000e+00
   outer loop
     vertex 9.801751462730e+01 2.350000000000e+01 5.412107974142e+01
     vertex 6.580902069764e+01 2.350000000000e+01 3.762229122314e+01
     vertex 9.794262254929e+01 2.350000000000e+01 5.387828558773e+01
   endloop
 endfacet
 facet normal 0.000000000000e+00 -1.000000000000e+00 0.000000000000e+00
   outer loop
     vertex 9.801751462730e+01 2.350000000000e+01 5.412107974142e+01
     vertex 6.522616906470e+01 2.350000000000e+01 3.775532330490e+01
     vertex 6.580902069764e+01 2.350000000000e+01 3.762229122314e+01
   endloop
 endfacet
 facet normal 0.000000000000e+00 -1.000000000000e+00 -0.000000000000e+00
   outer loop
     vertex 1.003376023565e+02 2.350000000000e+01 5.196835292457e+01
     vertex 1.001010837965e+02 2.350000000000e+01 5.187552623016e+01
     vertex 1.003376023565e+02 2.350000000000e+01 -5.196835292457e+01
   endloop
 endfacet
 facet normal 0.000000000000e+00 -1.000000000000e+00 0.000000000000e+00
   outer loop
     vertex 9.812775681357e+01 2.350000000000e+01 5.435000000000e+01
     vertex 6.522616906470e+01 2.350000000000e+01 3.775532330490e+01
     vertex 9.801751462730e+01 2.350000000000e+01 5.412107974142e+01
   endloop
 endfacet
 facet normal 0.000000000000e+00 -1.000000000000e+00 0.000000000000e+00
   outer loop
     vertex 1.048800000000e+02 2.350000000000e+01 5.378000000000e+01
     vertex 1.012952464552e+02 2.350000000000e+01 5.362704115910e+01
     vertex 1.012952464552e+02 2.350000000000e+01 5.337295884090e+01
   endloop
 endfacet
 facet normal 0.000000000000e+00 -1.000000000000e+00 0.000000000000e+00
   outer loop
     vertex 1.048800000000e+02 2.350000000000e+01 5.378000000000e+01
     vertex 1.012952464552e+02 2.350000000000e+01 5.337295884090e+01
     vertex 1.012573774507e+02 2.350000000000e+01 5.312171441227e+01
   endloop
 endfacet
 facet normal 0.000000000000e+00 -1.000000000000e+00 0.000000000000e+00
   outer loop
     vertex 1.048800000000e+02 2.350000000000e+01 5.378000000000e+01
     vertex 1.012573774507e+02 2.350000000000e+01 5.312171441227e+01
     vertex 1.011824853727e+02 2.350000000000e+01 5.287892025858e+01
   endloop
 endfacet
 facet normal 0.000000000000e+00 -1.000000000000e+00 0.000000000000e+00
   outer loop
     vertex 1.048800000000e+02 2.350000000000e+01 5.378000000000e+01
     vertex 1.011824853727e+02 2.350000000000e+01 5.287892025858e+01
     vertex 1.010722431864e+02 2.350000000000e+01 5.265000000000e+01
   endloop
 endfacet
 facet normal 0.000000000000e+00 -1.000000000000e+00 0.000000000000e+00
   outer loop
     vertex 1.048800000000e+02 2.350000000000e+01 5.378000000000e+01
     vertex 1.010722431864e+02 2.350000000000e+01 5.265000000000e+01
     vertex 1.009291135202e+02 2.350000000000e+01 5.244006733684e+01
   endloop
 endfacet
 facet normal 0.000000000000e+00 -1.000000000000e+00 0.000000000000e+00
   outer loop
     vertex 1.048800000000e+02 2.350000000000e+01 5.378000000000e+01
     vertex 1.009291135202e+02 2.350000000000e+01 5.244006733684e+01
     vertex 1.007562936542e+02 2.350000000000e+01 5.225381181789e+01
   endloop
 endfacet
 facet normal 0.000000000000e+00 -1.000000000000e+00 0.000000000000e+00
   outer loop
     vertex 1.048800000000e+02 2.350000000000e+01 5.378000000000e+01
     vertex 1.007562936542e+02 2.350000000000e+01 5.225381181789e+01
     vertex 1.005576440987e+02 2.350000000000e+01 5.209539408366e+01
   endloop
 endfacet
 facet normal 0.000000000000e+00 -1.000000000000e+00 0.000000000000e+00
   outer loop
     vertex 1.048800000000e+02 2.350000000000e+01 5.378000000000e+01
     vertex 1.005576440987e+02 2.350000000000e+01 5.209539408366e+01
     vertex 1.003376023565e+02 2.350000000000e+01 5.196835292457e+01
   endloop
 endfacet
 facet normal 0.000000000000e+00 -1.000000000000e+00 -0.000000000000e+00
   outer loop
     vertex 1.048800000000e+02 2.350000000000e+01 5.378000000000e+01
     vertex 1.003376023565e+02 2.350000000000e+01 -5.196835292457e+01
     vertex 1.048800000000e+02 2.350000000000e+01 -5.378000000000e+01
   endloop
 endfacet
 facet normal 0.000000000000e+00 -1.000000000000e+00 0.000000000000e+00
   outer loop
     vertex 1.048800000000e+02 2.350000000000e+01 5.378000000000e+01
     vertex 1.003376023565e+02 2.350000000000e+01 5.196835292457e+01
     vertex 1.003376023565e+02 2.350000000000e+01 -5.196835292457e+01
   endloop
 endfacet
 facet normal 0.000000000000e+00 -1.000000000000e+00 0.000000000000e+00
   outer loop
     vertex 9.988000000000e+01 2.350000000000e+01 5.878000000000e+01
     vertex 6.522616906470e+01 2.350000000000e+01 3.775532330490e+01
     vertex 9.812775681357e+01 2.350000000000e+01 5.435000000000e+01
   endloop
 endfacet
 facet normal 0.000000000000e+00 -1.000000000000e+00 0.000000000000e+00
   outer loop
     vertex 9.988000000000e+01 2.350000000000e+01 5.878000000000e+01
     vertex 2.575000000000e+01 2.350000000000e+01 3.200000000000e+01
     vertex 2.825000000000e+01 2.350000000000e+01 3.200000000000e+01
   endloop
 endfacet
 facet normal 0.000000000000e+00 -1.000000000000e+00 0.000000000000e+00
   outer loop
     vertex 9.988000000000e+01 2.350000000000e+01 5.878000000000e+01
     vertex 9.960000000000e+01 2.350000000000e+01 5.520000000000e+01
     vertex 9.985337185250e+01 2.350000000000e+01 5.518101240458e+01
   endloop
 endfacet
 facet normal 0.000000000000e+00 -1.000000000000e+00 0.000000000000e+00
   outer loop
     vertex 9.988000000000e+01 2.350000000000e+01 5.878000000000e+01
     vertex 6.463000000000e+01 2.350000000000e+01 3.780000000000e+01
     vertex 6.522616906470e+01 2.350000000000e+01 3.775532330490e+01
   endloop
 endfacet
 facet normal 0.000000000000e+00 -1.000000000000e+00 0.000000000000e+00
   outer loop
     vertex 9.988000000000e+01 2.350000000000e+01 5.878000000000e+01
     vertex 2.825000000000e+01 2.350000000000e+01 3.200000000000e+01
     vertex 6.345097930236e+01 2.350000000000e+01 3.762229122314e+01
   endloop
 endfacet
 facet normal 0.000000000000e+00 -1.000000000000e+00 0.000000000000e+00
   outer loop
     vertex 9.988000000000e+01 2.350000000000e+01 5.878000000000e+01
     vertex 9.812775681357e+01 2.350000000000e+01 5.435000000000e+01
     vertex 9.827088647980e+01 2.350000000000e+01 5.455993266316e+01
   endloop
 endfacet
 facet normal 0.000000000000e+00 -1.000000000000e+00 0.000000000000e+00
   outer loop
     vertex 9.988000000000e+01 2.350000000000e+01 5.878000000000e+01
     vertex 9.827088647980e+01 2.350000000000e+01 5.455993266316e+01
     vertex 9.844370634579e+01 2.350000000000e+01 5.474618818211e+01
   endloop
 endfacet
 facet normal 0.000000000000e+00 -1.000000000000e+00 0.000000000000e+00
   outer loop
     vertex 9.988000000000e+01 2.350000000000e+01 5.878000000000e+01
     vertex 9.844370634579e+01 2.350000000000e+01 5.474618818211e+01
     vertex 9.864235590129e+01 2.350000000000e+01 5.490460591634e+01
   endloop
 endfacet
 facet normal 0.000000000000e+00 -1.000000000000e+00 0.000000000000e+00
   outer loop
     vertex 9.988000000000e+01 2.350000000000e+01 5.878000000000e+01
     vertex 9.864235590129e+01 2.350000000000e+01 5.490460591634e+01
     vertex 9.886239764350e+01 2.350000000000e+01 5.503164707543e+01
   endloop
 endfacet
 facet normal 0.000000000000e+00 -1.000000000000e+00 0.000000000000e+00
   outer loop
     vertex 9.988000000000e+01 2.350000000000e+01 5.878000000000e+01
     vertex 9.886239764350e+01 2.350000000000e+01 5.503164707543e+01
     vertex 9.909891620350e+01 2.350000000000e+01 5.512447376984e+01
   endloop
 endfacet
 facet normal 0.000000000000e+00 -1.000000000000e+00 0.000000000000e+00
   outer loop
     vertex 9.988000000000e+01 2.350000000000e+01 5.878000000000e+01
     vertex 9.909891620350e+01 2.350000000000e+01 5.512447376984e+01
     vertex 9.934662814750e+01 2.350000000000e+01 5.518101240458e+01
   endloop
 endfacet
 facet normal 0.000000000000e+00 -1.000000000000e+00 0.000000000000e+00
   outer loop
     vertex 9.988000000000e+01 2.350000000000e+01 5.878000000000e+01
     vertex 9.934662814750e+01 2.350000000000e+01 5.518101240458e+01
     vertex 9.960000000000e+01 2.350000000000e+01 5.520000000000e+01
   endloop
 endfacet
 facet normal 0.000000000000e+00 -1.000000000000e+00 0.000000000000e+00
   outer loop
     vertex 9.988000000000e+01 2.350000000000e+01 5.878000000000e+01
     vertex 6.345097930236e+01 2.350000000000e+01 3.762229122314e+01
     vertex 6.403383093530e+01 2.350000000000e+01 3.775532330490e+01
   endloop
 endfacet
 facet normal -0.000000000000e+00 -1.000000000000e+00 0.000000000000e+00
   outer loop
     vertex 9.988000000000e+01 2.350000000000e+01 5.878000000000e+01
     vertex -9.988000000000e+01 2.350000000000e+01 5.878000000000e+01
     vertex 2.575000000000e+01 2.350000000000e+01 3.200000000000e+01
   endloop
 endfacet
 facet normal 0.000000000000e+00 -1.000000000000e+00 0.000000000000e+00
   outer loop
     vertex 9.988000000000e+01 2.350000000000e+01 5.878000000000e+01
     vertex 6.403383093530e+01 2.350000000000e+01 3.775532330490e+01
     vertex 6.463000000000e+01 2.350000000000e+01 3.780000000000e+01
   endloop
 endfacet
 facet normal 0.000000000000e+00 -1.000000000000e+00 0.000000000000e+00
   outer loop
     vertex 1.005915741914e+02 2.350000000000e+01 5.872910720940e+01
     vertex 9.985337185250e+01 2.350000000000e+01 5.518101240458e+01
     vertex 1.001010837965e+02 2.350000000000e+01 5.512447376984e+01
   endloop
 endfacet
 facet normal -0.000000000000e+00 -1.000000000000e+00 0.000000000000e+00
   outer loop
     vertex 1.005915741914e+02 2.350000000000e+01 5.872910720940e+01
     vertex 9.988000000000e+01 2.350000000000e+01 5.878000000000e+01
     vertex 9.985337185250e+01 2.350000000000e+01 5.518101240458e+01
   endloop
 endfacet
 facet normal 0.000000000000e+00 -1.000000000000e+00 0.000000000000e+00
   outer loop
     vertex 1.048291072094e+02 2.350000000000e+01 5.449157419137e+01
     vertex 1.012573774507e+02 2.350000000000e+01 5.387828558773e+01
     vertex 1.012952464552e+02 2.350000000000e+01 5.362704115910e+01
   endloop
 endfacet
 facet normal 0.000000000000e+00 -1.000000000000e+00 -0.000000000000e+00
   outer loop
     vertex 1.048291072094e+02 2.350000000000e+01 5.449157419137e+01
     vertex 1.012952464552e+02 2.350000000000e+01 5.362704115910e+01
     vertex 1.048800000000e+02 2.350000000000e+01 5.378000000000e+01
   endloop
 endfacet
 facet normal -0.000000000000e+00 -1.000000000000e+00 0.000000000000e+00
   outer loop
     vertex 1.012886627842e+02 2.350000000000e+01 5.857746486807e+01
     vertex 1.005915741914e+02 2.350000000000e+01 5.872910720940e+01
     vertex 1.001010837965e+02 2.350000000000e+01 5.512447376984e+01
   endloop
 endfacet
 facet normal 0.000000000000e+00 -1.000000000000e+00 0.000000000000e+00
   outer loop
     vertex 1.012886627842e+02 2.350000000000e+01 5.857746486807e+01
     vertex 1.001010837965e+02 2.350000000000e+01 5.512447376984e+01
     vertex 1.003376023565e+02 2.350000000000e+01 5.503164707543e+01
   endloop
 endfacet
 facet normal 0.000000000000e+00 -1.000000000000e+00 -0.000000000000e+00
   outer loop
     vertex 1.046774648681e+02 2.350000000000e+01 5.518866278421e+01
     vertex 1.012573774507e+02 2.350000000000e+01 5.387828558773e+01
     vertex 1.048291072094e+02 2.350000000000e+01 5.449157419137e+01
   endloop
 endfacet
 facet normal 0.000000000000e+00 -1.000000000000e+00 0.000000000000e+00
   outer loop
     vertex 1.046774648681e+02 2.350000000000e+01 5.518866278421e+01
     vertex 1.011824853727e+02 2.350000000000e+01 5.412107974142e+01
     vertex 1.012573774507e+02 2.350000000000e+01 5.387828558773e+01
   endloop
 endfacet
 facet normal 0.000000000000e+00 -1.000000000000e+00 0.000000000000e+00
   outer loop
     vertex 1.019570750650e+02 2.350000000000e+01 5.832815997677e+01
     vertex 1.003376023565e+02 2.350000000000e+01 5.503164707543e+01
     vertex 1.005576440987e+02 2.350000000000e+01 5.490460591634e+01
   endloop
 endfacet
 facet normal -0.000000000000e+00 -1.000000000000e+00 0.000000000000e+00
   outer loop
     vertex 1.019570750650e+02 2.350000000000e+01 5.832815997677e+01
     vertex 1.012886627842e+02 2.350000000000e+01 5.857746486807e+01
     vertex 1.003376023565e+02 2.350000000000e+01 5.503164707543e+01
   endloop
 endfacet
 facet normal 0.000000000000e+00 -1.000000000000e+00 -0.000000000000e+00
   outer loop
     vertex 1.044281599768e+02 2.350000000000e+01 5.585707506501e+01
     vertex 1.011824853727e+02 2.350000000000e+01 5.412107974142e+01
     vertex 1.046774648681e+02 2.350000000000e+01 5.518866278421e+01
   endloop
 endfacet
 facet normal 0.000000000000e+00 -1.000000000000e+00 0.000000000000e+00
   outer loop
     vertex 1.044281599768e+02 2.350000000000e+01 5.585707506501e+01
     vertex 1.010722431864e+02 2.350000000000e+01 5.435000000000e+01
     vertex 1.011824853727e+02 2.350000000000e+01 5.412107974142e+01
   endloop
 endfacet
 facet normal -0.000000000000e+00 -1.000000000000e+00 0.000000000000e+00
   outer loop
     vertex 1.025832040873e+02 2.350000000000e+01 5.798626766416e+01
     vertex 1.019570750650e+02 2.350000000000e+01 5.832815997677e+01
     vertex 1.005576440987e+02 2.350000000000e+01 5.490460591634e+01
   endloop
 endfacet
 facet normal 0.000000000000e+00 -1.000000000000e+00 -0.000000000000e+00
   outer loop
     vertex 1.040862676642e+02 2.350000000000e+01 5.648320408728e+01
     vertex 1.010722431864e+02 2.350000000000e+01 5.435000000000e+01
     vertex 1.044281599768e+02 2.350000000000e+01 5.585707506501e+01
   endloop
 endfacet
 facet normal 0.000000000000e+00 -1.000000000000e+00 0.000000000000e+00
   outer loop
     vertex 1.040862676642e+02 2.350000000000e+01 5.648320408728e+01
     vertex 1.009291135202e+02 2.350000000000e+01 5.455993266316e+01
     vertex 1.010722431864e+02 2.350000000000e+01 5.435000000000e+01
   endloop
 endfacet
 facet normal 0.000000000000e+00 -1.000000000000e+00 -0.000000000000e+00
   outer loop
     vertex 1.036587478718e+02 2.350000000000e+01 5.705430366973e+01
     vertex 1.009291135202e+02 2.350000000000e+01 5.455993266316e+01
     vertex 1.040862676642e+02 2.350000000000e+01 5.648320408728e+01
   endloop
 endfacet
 facet normal 0.000000000000e+00 -1.000000000000e+00 0.000000000000e+00
   outer loop
     vertex 1.036587478718e+02 2.350000000000e+01 5.705430366973e+01
     vertex 1.007562936542e+02 2.350000000000e+01 5.474618818211e+01
     vertex 1.009291135202e+02 2.350000000000e+01 5.455993266316e+01
   endloop
 endfacet
 facet normal -0.000000000000e+00 -1.000000000000e+00 0.000000000000e+00
   outer loop
     vertex 1.031543036697e+02 2.350000000000e+01 5.755874787177e+01
     vertex 1.025832040873e+02 2.350000000000e+01 5.798626766416e+01
     vertex 1.005576440987e+02 2.350000000000e+01 5.490460591634e+01
   endloop
 endfacet
 facet normal 0.000000000000e+00 -1.000000000000e+00 -0.000000000000e+00
   outer loop
     vertex 1.031543036697e+02 2.350000000000e+01 5.755874787177e+01
     vertex 1.007562936542e+02 2.350000000000e+01 5.474618818211e+01
     vertex 1.036587478718e+02 2.350000000000e+01 5.705430366973e+01
   endloop
 endfacet
 facet normal 0.000000000000e+00 -1.000000000000e+00 0.000000000000e+00
   outer loop
     vertex 1.031543036697e+02 2.350000000000e+01 5.755874787177e+01
     vertex 1.005576440987e+02 2.350000000000e+01 5.490460591634e+01
     vertex 1.007562936542e+02 2.350000000000e+01 5.474618818211e+01
   endloop
 endfacet
 facet normal 0.000000000000e+00 -1.000000000000e+00 0.000000000000e+00
   outer loop
     vertex -1.020800000000e+02 2.350000000000e+01 -2.200000000000e+01
     vertex -6.330553495647e+01 2.350000000000e+01 -2.824612452839e+01
     vertex -5.600000000000e+01 2.350000000000e+01 -2.200000000000e+01
   endloop
 endfacet
 facet normal 0.000000000000e+00 -1.000000000000e+00 0.000000000000e+00
   outer loop
     vertex -1.020800000000e+02 2.350000000000e+01 -2.200000000000e+01
     vertex -6.382328023225e+01 2.350000000000e+01 -2.854504490274e+01
     vertex -6.330553495647e+01 2.350000000000e+01 -2.824612452839e+01
   endloop
 endfacet
 facet normal 0.000000000000e+00 -1.000000000000e+00 0.000000000000e+00
   outer loop
     vertex -1.020800000000e+02 2.350000000000e+01 -2.200000000000e+01
     vertex -6.429069095108e+01 2.350000000000e+01 -2.891779251268e+01
     vertex -6.382328023225e+01 2.350000000000e+01 -2.854504490274e+01
   endloop
 endfacet
 facet normal 0.000000000000e+00 -1.000000000000e+00 0.000000000000e+00
   outer loop
     vertex -1.020800000000e+02 2.350000000000e+01 -2.200000000000e+01
     vertex -6.469732592987e+01 2.350000000000e+01 -2.935604079257e+01
     vertex -6.429069095108e+01 2.350000000000e+01 -2.891779251268e+01
   endloop
 endfacet
 facet normal 0.000000000000e+00 -1.000000000000e+00 0.000000000000e+00
   outer loop
     vertex -1.020800000000e+02 2.350000000000e+01 -2.200000000000e+01
     vertex -6.503410161514e+01 2.350000000000e+01 -2.985000000000e+01
     vertex -6.469732592987e+01 2.350000000000e+01 -2.935604079257e+01
   endloop
 endfacet
 facet normal 0.000000000000e+00 -1.000000000000e+00 0.000000000000e+00
   outer loop
     vertex -5.600000000000e+01 2.350000000000e+01 -2.200000000000e+01
     vertex -5.325000000000e+01 2.350000000000e+01 -1.200000000000e+01
     vertex -5.600000000000e+01 2.350000000000e+01 2.200000000000e+01
   endloop
 endfacet
 facet normal 0.000000000000e+00 -1.000000000000e+00 0.000000000000e+00
   outer loop
     vertex -5.600000000000e+01 2.350000000000e+01 2.200000000000e+01
     vertex -6.382328023225e+01 2.350000000000e+01 3.049504490274e+01
     vertex -1.020800000000e+02 2.350000000000e+01 2.200000000000e+01
   endloop
 endfacet
 facet normal -0.000000000000e+00 -1.000000000000e+00 0.000000000000e+00
   outer loop
     vertex -6.382328023225e+01 2.350000000000e+01 3.049504490274e+01
     vertex -6.429069095108e+01 2.350000000000e+01 3.086779251268e+01
     vertex -1.020800000000e+02 2.350000000000e+01 2.200000000000e+01
   endloop
 endfacet
 facet normal -0.000000000000e+00 -1.000000000000e+00 0.000000000000e+00
   outer loop
     vertex -6.429069095108e+01 2.350000000000e+01 3.086779251268e+01
     vertex -6.469732592987e+01 2.350000000000e+01 3.130604079257e+01
     vertex -1.020800000000e+02 2.350000000000e+01 2.200000000000e+01
   endloop
 endfacet
 facet normal -0.000000000000e+00 -1.000000000000e+00 0.000000000000e+00
   outer loop
     vertex -6.469732592987e+01 2.350000000000e+01 3.130604079257e+01
     vertex -6.503410161514e+01 2.350000000000e+01 3.180000000000e+01
     vertex -1.020800000000e+02 2.350000000000e+01 2.200000000000e+01
   endloop
 endfacet
 facet normal 0.000000000000e+00 -1.000000000000e+00 -0.000000000000e+00
   outer loop
     vertex -5.325000000000e+01 2.350000000000e+01 3.200000000000e+01
     vertex -5.600000000000e+01 2.350000000000e+01 2.200000000000e+01
     vertex -5.325000000000e+01 2.350000000000e+01 -1.200000000000e+01
   endloop
 endfacet
 facet normal 0.000000000000e+00 -1.000000000000e+00 0.000000000000e+00
   outer loop
     vertex -5.075000000000e+01 2.350000000000e+01 -1.200000000000e+01
     vertex -4.825000000000e+01 2.350000000000e+01 3.200000000000e+01
     vertex -5.075000000000e+01 2.350000000000e+01 3.200000000000e+01
   endloop
 endfacet
 facet normal 0.000000000000e+00 -1.000000000000e+00 0.000000000000e+00
   outer loop
     vertex -5.075000000000e+01 2.350000000000e+01 -1.200000000000e+01
     vertex -4.825000000000e+01 2.350000000000e+01 -1.200000000000e+01
     vertex -4.825000000000e+01 2.350000000000e+01 3.200000000000e+01
   endloop
 endfacet
 facet normal 0.000000000000e+00 -1.000000000000e+00 0.000000000000e+00
   outer loop
     vertex -4.575000000000e+01 2.350000000000e+01 -1.200000000000e+01
     vertex -4.325000000000e+01 2.350000000000e+01 3.200000000000e+01
     vertex -4.575000000000e+01 2.350000000000e+01 3.200000000000e+01
   endloop
 endfacet
 facet normal 0.000000000000e+00 -1.000000000000e+00 0.000000000000e+00
   outer loop
     vertex -4.575000000000e+01 2.350000000000e+01 -1.200000000000e+01
     vertex -4.325000000000e+01 2.350000000000e+01 -1.200000000000e+01
     vertex -4.325000000000e+01 2.350000000000e+01 3.200000000000e+01
   endloop
 endfacet
 facet normal 0.000000000000e+00 -1.000000000000e+00 0.000000000000e+00
   outer loop
     vertex -4.075000000000e+01 2.350000000000e+01 -1.200000000000e+01
     vertex -3.825000000000e+01 2.350000000000e+01 3.200000000000e+01
     vertex -4.075000000000e+01 2.350000000000e+01 3.200000000000e+01
   endloop
 endfacet
 facet normal 0.000000000000e+00 -1.000000000000e+00 0.000000000000e+00
   outer loop
     vertex -4.075000000000e+01 2.350000000000e+01 -1.200000000000e+01
     vertex -3.825000000000e+01 2.350000000000e+01 -1.200000000000e+01
     vertex -3.825000000000e+01 2.350000000000e+01 3.200000000000e+01
   endloop
 endfacet
 facet normal 0.000000000000e+00 0.000000000000e+00 1.000000000000e+00
   outer loop
     vertex -5.600000000000e+01 2.350000000000e+01 2.200000000000e+01
     vertex -1.020800000000e+02 2.350000000000e+01 2.200000000000e+01
     vertex -1.020800000000e+02 4.000000000000e+00 2.200000000000e+01
   endloop
 endfacet
 facet normal 0.000000000000e+00 0.000000000000e+00 1.000000000000e+00
   outer loop
     vertex -5.600000000000e+01 2.350000000000e+01 2.200000000000e+01
     vertex -1.020800000000e+02 4.000000000000e+00 2.200000000000e+01
     vertex -5.600000000000e+01 4.000000000000e+00 2.200000000000e+01
   endloop
 endfacet
endsolid
