solid OpenSCAD_Model
  facet normal -0 0 1
    outer loop
      vertex 102.497 92.76 5
      vertex 104.113 22 5
      vertex 104.113 95.56 5
    endloop
  endfacet
  facet normal 0 0 1
    outer loop
      vertex 102.497 92.76 5
      vertex 102.497 24.8 5
      vertex 104.113 22 5
    endloop
  endfacet
  facet normal 0 0 1
    outer loop
      vertex 96.08 86 5
      vertex 102.497 92.76 5
      vertex 99.2634 92.76 5
    endloop
  endfacet
  facet normal 0 0 1
    outer loop
      vertex 102.497 92.76 5
      vertex 96.08 86 5
      vertex 102.497 24.8 5
    endloop
  endfacet
  facet normal 0 0 1
    outer loop
      vertex 96.08 86 5
      vertex 99.2634 92.76 5
      vertex 97.6468 95.56 5
    endloop
  endfacet
  facet normal 0 0 1
    outer loop
      vertex 102.497 24.8 5
      vertex 96.08 86 5
      vertex 99.2634 24.8 5
    endloop
  endfacet
  facet normal 0 0 1
    outer loop
      vertex 99.88 117.56 5
      vertex 104.88 112.56 5
      vertex 104.837 113.213 5
    endloop
  endfacet
  facet normal 0 0 1
    outer loop
      vertex 104.88 112.56 5
      vertex 104.113 22 5
      vertex 104.88 -7 5
    endloop
  endfacet
  facet normal 0 0 1
    outer loop
      vertex 99.88 117.56 5
      vertex 104.837 113.213 5
      vertex 104.71 113.854 5
    endloop
  endfacet
  facet normal -0 0 1
    outer loop
      vertex 102.497 19.2 5
      vertex 104.88 -7 5
      vertex 104.113 22 5
    endloop
  endfacet
  facet normal 0 0 1
    outer loop
      vertex 99.88 117.56 5
      vertex 104.71 113.854 5
      vertex 104.499 114.473 5
    endloop
  endfacet
  facet normal 0 0 1
    outer loop
      vertex 104.88 112.56 5
      vertex 104.113 95.56 5
      vertex 104.113 22 5
    endloop
  endfacet
  facet normal 0 0 1
    outer loop
      vertex 99.88 117.56 5
      vertex 104.499 114.473 5
      vertex 104.21 115.06 5
    endloop
  endfacet
  facet normal -0 0 1
    outer loop
      vertex 90.88 0.5 5
      vertex 104.88 -7 5
      vertex 102.497 19.2 5
    endloop
  endfacet
  facet normal 0 -0 1
    outer loop
      vertex 99.88 -12 5
      vertex 104.88 -7 5
      vertex 90.88 0.5 5
    endloop
  endfacet
  facet normal 0 0 1
    outer loop
      vertex 99.88 117.56 5
      vertex 104.21 115.06 5
      vertex 103.847 115.604 5
    endloop
  endfacet
  facet normal 0 0 1
    outer loop
      vertex 99.88 117.56 5
      vertex 103.847 115.604 5
      vertex 103.416 116.096 5
    endloop
  endfacet
  facet normal 0 0 1
    outer loop
      vertex 99.88 117.56 5
      vertex 103.416 116.096 5
      vertex 102.924 116.527 5
    endloop
  endfacet
  facet normal 0 0 1
    outer loop
      vertex 104.88 112.56 5
      vertex 102.497 98.36 5
      vertex 104.113 95.56 5
    endloop
  endfacet
  facet normal 0 0 1
    outer loop
      vertex 99.88 117.56 5
      vertex 102.924 116.527 5
      vertex 102.38 116.89 5
    endloop
  endfacet
  facet normal 0 0 1
    outer loop
      vertex 99.88 117.56 5
      vertex 102.38 116.89 5
      vertex 101.793 117.179 5
    endloop
  endfacet
  facet normal 0 0 1
    outer loop
      vertex 99.88 117.56 5
      vertex 101.793 117.179 5
      vertex 101.174 117.39 5
    endloop
  endfacet
  facet normal 0 0 1
    outer loop
      vertex 99.88 117.56 5
      vertex 101.174 117.39 5
      vertex 100.533 117.517 5
    endloop
  endfacet
  facet normal 0 0 1
    outer loop
      vertex 104.88 112.56 5
      vertex 99.88 117.56 5
      vertex 96.08 104 5
    endloop
  endfacet
  facet normal 0 0 1
    outer loop
      vertex 104.88 112.56 5
      vertex 96.08 104 5
      vertex 102.497 98.36 5
    endloop
  endfacet
  facet normal 0 0 1
    outer loop
      vertex 102.497 98.36 5
      vertex 96.08 104 5
      vertex 99.2634 98.36 5
    endloop
  endfacet
  facet normal 0 0 1
    outer loop
      vertex 96.08 86 5
      vertex 97.6468 95.56 5
      vertex 96.08 104 5
    endloop
  endfacet
  facet normal 0 0 1
    outer loop
      vertex 99.2634 98.36 5
      vertex 96.08 104 5
      vertex 97.6468 95.56 5
    endloop
  endfacet
  facet normal 0 0 1
    outer loop
      vertex 99.88 117.56 5
      vertex 90.88 117.06 5
      vertex 96.08 104 5
    endloop
  endfacet
  facet normal -0 0 1
    outer loop
      vertex 87.48 117.56 5
      vertex 90.88 117.06 5
      vertex 99.88 117.56 5
    endloop
  endfacet
  facet normal 0 0 1
    outer loop
      vertex 90.88 117.06 5
      vertex 87.48 117.56 5
      vertex 87.48 117.06 5
    endloop
  endfacet
  facet normal 0 0 1
    outer loop
      vertex 104.88 -7 5
      vertex 99.88 -12 5
      vertex 104.837 -7.65263 5
    endloop
  endfacet
  facet normal 0 0 1
    outer loop
      vertex 104.837 -7.65263 5
      vertex 99.88 -12 5
      vertex 104.71 -8.2941 5
    endloop
  endfacet
  facet normal 0 0 1
    outer loop
      vertex 104.71 -8.2941 5
      vertex 99.88 -12 5
      vertex 104.499 -8.91342 5
    endloop
  endfacet
  facet normal 0 0 1
    outer loop
      vertex 104.499 -8.91342 5
      vertex 99.88 -12 5
      vertex 104.21 -9.5 5
    endloop
  endfacet
  facet normal 0 0 1
    outer loop
      vertex 104.21 -9.5 5
      vertex 99.88 -12 5
      vertex 103.847 -10.0438 5
    endloop
  endfacet
  facet normal 0 0 1
    outer loop
      vertex 103.847 -10.0438 5
      vertex 99.88 -12 5
      vertex 103.416 -10.5355 5
    endloop
  endfacet
  facet normal 0 0 1
    outer loop
      vertex 103.416 -10.5355 5
      vertex 99.88 -12 5
      vertex 102.924 -10.9668 5
    endloop
  endfacet
  facet normal 0 0 1
    outer loop
      vertex 102.924 -10.9668 5
      vertex 99.88 -12 5
      vertex 102.38 -11.3301 5
    endloop
  endfacet
  facet normal 0 0 1
    outer loop
      vertex 102.38 -11.3301 5
      vertex 99.88 -12 5
      vertex 101.793 -11.6194 5
    endloop
  endfacet
  facet normal 0 0 1
    outer loop
      vertex 101.793 -11.6194 5
      vertex 99.88 -12 5
      vertex 101.174 -11.8296 5
    endloop
  endfacet
  facet normal 0 0 1
    outer loop
      vertex 90.88 0.5 5
      vertex 102.497 19.2 5
      vertex 99.2634 19.2 5
    endloop
  endfacet
  facet normal 0 0 1
    outer loop
      vertex 90.88 0.5 5
      vertex 99.2634 19.2 5
      vertex 97.6468 22 5
    endloop
  endfacet
  facet normal -0 0 1
    outer loop
      vertex 90.88 86 5
      vertex 99.2634 24.8 5
      vertex 96.08 86 5
    endloop
  endfacet
  facet normal 0 0 1
    outer loop
      vertex 99.2634 24.8 5
      vertex 90.88 86 5
      vertex 97.6468 22 5
    endloop
  endfacet
  facet normal 0 0 1
    outer loop
      vertex 90.88 0.5 5
      vertex 97.6468 22 5
      vertex 90.88 86 5
    endloop
  endfacet
  facet normal 0 0 1
    outer loop
      vertex 101.174 -11.8296 5
      vertex 99.88 -12 5
      vertex 100.533 -11.9572 5
    endloop
  endfacet
  facet normal 0 0 1
    outer loop
      vertex 87.48 -12 5
      vertex 90.88 0.5 5
      vertex 87.48 0.5 5
    endloop
  endfacet
  facet normal 0 0 1
    outer loop
      vertex 90.88 0.5 5
      vertex 87.48 -12 5
      vertex 99.88 -12 5
    endloop
  endfacet
  facet normal 0 0 1
    outer loop
      vertex 96.08 104 5
      vertex 90.88 117.06 5
      vertex 90.88 104 5
    endloop
  endfacet
  facet normal 0 0 -1
    outer loop
      vertex -99.3556 22.6314 -5.72205e-07
      vertex -87.48 3 -5.72205e-07
      vertex -99.2862 22.4271 -5.72205e-07
    endloop
  endfacet
  facet normal 0 0 -1
    outer loop
      vertex -87.48 114.56 -5.72205e-07
      vertex -99.2441 95.3446 -5.72205e-07
      vertex -99.23 95.56 -5.72205e-07
    endloop
  endfacet
  facet normal 0 0 -1
    outer loop
      vertex -87.48 3 -5.72205e-07
      vertex -99.3556 22.6314 -5.72205e-07
      vertex -87.48 114.56 -5.72205e-07
    endloop
  endfacet
  facet normal 0 0 -1
    outer loop
      vertex -87.48 114.56 -5.72205e-07
      vertex -99.2862 95.1329 -5.72205e-07
      vertex -99.2441 95.3446 -5.72205e-07
    endloop
  endfacet
  facet normal 0 0 -1
    outer loop
      vertex -99.3556 94.9286 -5.72205e-07
      vertex -87.48 114.56 -5.72205e-07
      vertex -99.3556 22.6314 -5.72205e-07
    endloop
  endfacet
  facet normal 0 0 -1
    outer loop
      vertex -87.48 114.56 -5.72205e-07
      vertex -99.3556 94.9286 -5.72205e-07
      vertex -99.2862 95.1329 -5.72205e-07
    endloop
  endfacet
  facet normal 0 0 -1
    outer loop
      vertex -99.4511 22.825 -5.72205e-07
      vertex -99.3556 94.9286 -5.72205e-07
      vertex -99.3556 22.6314 -5.72205e-07
    endloop
  endfacet
  facet normal 0 0 -1
    outer loop
      vertex -99.4511 22.825 -5.72205e-07
      vertex -99.4511 94.735 -5.72205e-07
      vertex -99.3556 94.9286 -5.72205e-07
    endloop
  endfacet
  facet normal 0 0 -1
    outer loop
      vertex -99.571 23.0045 -5.72205e-07
      vertex -99.4511 94.735 -5.72205e-07
      vertex -99.4511 22.825 -5.72205e-07
    endloop
  endfacet
  facet normal 0 0 -1
    outer loop
      vertex -99.571 23.0045 -5.72205e-07
      vertex -99.571 94.5555 -5.72205e-07
      vertex -99.4511 94.735 -5.72205e-07
    endloop
  endfacet
  facet normal 0 0 -1
    outer loop
      vertex -99.7133 23.1667 -5.72205e-07
      vertex -99.571 94.5555 -5.72205e-07
      vertex -99.571 23.0045 -5.72205e-07
    endloop
  endfacet
  facet normal 0 0 -1
    outer loop
      vertex -99.7133 23.1667 -5.72205e-07
      vertex -99.7133 94.3933 -5.72205e-07
      vertex -99.571 94.5555 -5.72205e-07
    endloop
  endfacet
  facet normal 0 0 -1
    outer loop
      vertex -99.8755 23.309 -5.72205e-07
      vertex -99.7133 94.3933 -5.72205e-07
      vertex -99.7133 23.1667 -5.72205e-07
    endloop
  endfacet
  facet normal 0 0 -1
    outer loop
      vertex -99.8755 23.309 -5.72205e-07
      vertex -99.8755 94.251 -5.72205e-07
      vertex -99.7133 94.3933 -5.72205e-07
    endloop
  endfacet
  facet normal 0 0 -1
    outer loop
      vertex -100.055 23.4289 -5.72205e-07
      vertex -99.8755 94.251 -5.72205e-07
      vertex -99.8755 23.309 -5.72205e-07
    endloop
  endfacet
  facet normal 0 0 -1
    outer loop
      vertex -100.055 23.4289 -5.72205e-07
      vertex -100.055 94.1311 -5.72205e-07
      vertex -99.8755 94.251 -5.72205e-07
    endloop
  endfacet
  facet normal 0 0 -1
    outer loop
      vertex -100.249 23.5244 -5.72205e-07
      vertex -100.055 94.1311 -5.72205e-07
      vertex -100.055 23.4289 -5.72205e-07
    endloop
  endfacet
  facet normal 0 0 -1
    outer loop
      vertex -100.249 23.5244 -5.72205e-07
      vertex -100.249 94.0356 -5.72205e-07
      vertex -100.055 94.1311 -5.72205e-07
    endloop
  endfacet
  facet normal 0 0 -1
    outer loop
      vertex -100.453 23.5938 -5.72205e-07
      vertex -100.249 94.0356 -5.72205e-07
      vertex -100.249 23.5244 -5.72205e-07
    endloop
  endfacet
  facet normal 0 0 -1
    outer loop
      vertex -100.453 23.5938 -5.72205e-07
      vertex -100.453 93.9662 -5.72205e-07
      vertex -100.249 94.0356 -5.72205e-07
    endloop
  endfacet
  facet normal 0 0 -1
    outer loop
      vertex -100.665 23.6359 -5.72205e-07
      vertex -100.453 93.9662 -5.72205e-07
      vertex -100.453 23.5938 -5.72205e-07
    endloop
  endfacet
  facet normal 0 0 -1
    outer loop
      vertex -100.665 23.6359 -5.72205e-07
      vertex -100.665 93.9241 -5.72205e-07
      vertex -100.453 93.9662 -5.72205e-07
    endloop
  endfacet
  facet normal 0 0 -1
    outer loop
      vertex -100.88 23.65 -5.72205e-07
      vertex -100.665 93.9241 -5.72205e-07
      vertex -100.665 23.6359 -5.72205e-07
    endloop
  endfacet
  facet normal 0 0 -1
    outer loop
      vertex -100.88 23.65 -5.72205e-07
      vertex -100.88 93.91 -5.72205e-07
      vertex -100.665 93.9241 -5.72205e-07
    endloop
  endfacet
  facet normal 0 0 -1
    outer loop
      vertex -101.095 23.6359 -5.72205e-07
      vertex -100.88 93.91 -5.72205e-07
      vertex -100.88 23.65 -5.72205e-07
    endloop
  endfacet
  facet normal 0 0 -1
    outer loop
      vertex -101.095 23.6359 -5.72205e-07
      vertex -101.095 93.9241 -5.72205e-07
      vertex -100.88 93.91 -5.72205e-07
    endloop
  endfacet
  facet normal 0 0 -1
    outer loop
      vertex -101.307 23.5938 -5.72205e-07
      vertex -101.095 93.9241 -5.72205e-07
      vertex -101.095 23.6359 -5.72205e-07
    endloop
  endfacet
  facet normal 0 0 -1
    outer loop
      vertex -101.307 23.5938 -5.72205e-07
      vertex -101.307 93.9662 -5.72205e-07
      vertex -101.095 93.9241 -5.72205e-07
    endloop
  endfacet
  facet normal 0 0 -1
    outer loop
      vertex -101.511 23.5244 -5.72205e-07
      vertex -101.307 93.9662 -5.72205e-07
      vertex -101.307 23.5938 -5.72205e-07
    endloop
  endfacet
  facet normal 0 0 -1
    outer loop
      vertex -101.511 23.5244 -5.72205e-07
      vertex -101.511 94.0356 -5.72205e-07
      vertex -101.307 93.9662 -5.72205e-07
    endloop
  endfacet
  facet normal 0 0 -1
    outer loop
      vertex -101.705 23.4289 -5.72205e-07
      vertex -101.511 94.0356 -5.72205e-07
      vertex -101.511 23.5244 -5.72205e-07
    endloop
  endfacet
  facet normal 0 0 -1
    outer loop
      vertex -101.705 23.4289 -5.72205e-07
      vertex -101.705 94.1311 -5.72205e-07
      vertex -101.511 94.0356 -5.72205e-07
    endloop
  endfacet
  facet normal 0 0 -1
    outer loop
      vertex -101.884 23.309 -5.72205e-07
      vertex -101.705 94.1311 -5.72205e-07
      vertex -101.705 23.4289 -5.72205e-07
    endloop
  endfacet
  facet normal 0 0 -1
    outer loop
      vertex -101.884 23.309 -5.72205e-07
      vertex -101.884 94.251 -5.72205e-07
      vertex -101.705 94.1311 -5.72205e-07
    endloop
  endfacet
  facet normal 0 0 -1
    outer loop
      vertex -102.047 23.1667 -5.72205e-07
      vertex -101.884 94.251 -5.72205e-07
      vertex -101.884 23.309 -5.72205e-07
    endloop
  endfacet
  facet normal 0 0 -1
    outer loop
      vertex -102.047 23.1667 -5.72205e-07
      vertex -102.047 94.3933 -5.72205e-07
      vertex -101.884 94.251 -5.72205e-07
    endloop
  endfacet
  facet normal 0 0 -1
    outer loop
      vertex -102.189 23.0045 -5.72205e-07
      vertex -102.047 94.3933 -5.72205e-07
      vertex -102.047 23.1667 -5.72205e-07
    endloop
  endfacet
  facet normal 0 0 -1
    outer loop
      vertex -102.189 23.0045 -5.72205e-07
      vertex -102.189 94.5555 -5.72205e-07
      vertex -102.047 94.3933 -5.72205e-07
    endloop
  endfacet
  facet normal 0 0 -1
    outer loop
      vertex -102.309 22.825 -5.72205e-07
      vertex -102.189 94.5555 -5.72205e-07
      vertex -102.189 23.0045 -5.72205e-07
    endloop
  endfacet
  facet normal 0 0 -1
    outer loop
      vertex -102.309 22.825 -5.72205e-07
      vertex -102.309 94.735 -5.72205e-07
      vertex -102.189 94.5555 -5.72205e-07
    endloop
  endfacet
  facet normal 0 0 -1
    outer loop
      vertex -102.404 22.6314 -5.72205e-07
      vertex -102.309 94.735 -5.72205e-07
      vertex -102.309 22.825 -5.72205e-07
    endloop
  endfacet
  facet normal 0 0 -1
    outer loop
      vertex -102.404 22.6314 -5.72205e-07
      vertex -102.404 94.9286 -5.72205e-07
      vertex -102.309 94.735 -5.72205e-07
    endloop
  endfacet
  facet normal 0 0 -1
    outer loop
      vertex -102.474 22.4271 -5.72205e-07
      vertex -102.404 94.9286 -5.72205e-07
      vertex -102.404 22.6314 -5.72205e-07
    endloop
  endfacet
  facet normal 0 0 -1
    outer loop
      vertex -102.474 22.4271 -5.72205e-07
      vertex -102.474 95.1329 -5.72205e-07
      vertex -102.404 94.9286 -5.72205e-07
    endloop
  endfacet
  facet normal 0 0 -1
    outer loop
      vertex -102.516 22.2154 -5.72205e-07
      vertex -102.474 95.1329 -5.72205e-07
      vertex -102.474 22.4271 -5.72205e-07
    endloop
  endfacet
  facet normal 0 0 -1
    outer loop
      vertex -102.516 22.2154 -5.72205e-07
      vertex -102.516 95.3446 -5.72205e-07
      vertex -102.474 95.1329 -5.72205e-07
    endloop
  endfacet
  facet normal 0 0 -1
    outer loop
      vertex -104.88 112.56 -5.72205e-07
      vertex -102.516 22.2154 -5.72205e-07
      vertex -102.53 22 -5.72205e-07
    endloop
  endfacet
  facet normal 0 0 -1
    outer loop
      vertex -102.516 22.2154 -5.72205e-07
      vertex -104.88 112.56 -5.72205e-07
      vertex -102.516 95.3446 -5.72205e-07
    endloop
  endfacet
  facet normal 0 0 -1
    outer loop
      vertex -99.88 -12 -5.72205e-07
      vertex -87.48 0.5 -5.72205e-07
      vertex -87.48 -12 -5.72205e-07
    endloop
  endfacet
  facet normal 0 0 -1
    outer loop
      vertex -104.88 -7 -5.72205e-07
      vertex -87.48 0.5 -5.72205e-07
      vertex -99.88 -12 -5.72205e-07
    endloop
  endfacet
  facet normal 0 0 -1
    outer loop
      vertex -99.2441 22.2154 -5.72205e-07
      vertex -87.48 3 -5.72205e-07
      vertex -99.23 22 -5.72205e-07
    endloop
  endfacet
  facet normal 0 0 -1
    outer loop
      vertex -99.2862 22.4271 -5.72205e-07
      vertex -87.48 3 -5.72205e-07
      vertex -99.2441 22.2154 -5.72205e-07
    endloop
  endfacet
  facet normal 0 0 -1
    outer loop
      vertex -99.2441 95.7754 -5.72205e-07
      vertex -87.48 114.56 -5.72205e-07
      vertex -99.23 95.56 -5.72205e-07
    endloop
  endfacet
  facet normal 0 0 -1
    outer loop
      vertex -87.48 3 -5.72205e-07
      vertex -99.2441 21.7846 -5.72205e-07
      vertex -99.23 22 -5.72205e-07
    endloop
  endfacet
  facet normal 0 0 -1
    outer loop
      vertex -87.48 3 -5.72205e-07
      vertex -99.2862 21.5729 -5.72205e-07
      vertex -99.2441 21.7846 -5.72205e-07
    endloop
  endfacet
  facet normal 0 0 -1
    outer loop
      vertex -87.48 3 -5.72205e-07
      vertex -99.3556 21.3686 -5.72205e-07
      vertex -99.2862 21.5729 -5.72205e-07
    endloop
  endfacet
  facet normal 0 0 -1
    outer loop
      vertex -87.48 3 -5.72205e-07
      vertex -99.4511 21.175 -5.72205e-07
      vertex -99.3556 21.3686 -5.72205e-07
    endloop
  endfacet
  facet normal 0 0 -1
    outer loop
      vertex -87.48 3 -5.72205e-07
      vertex -99.571 20.9955 -5.72205e-07
      vertex -99.4511 21.175 -5.72205e-07
    endloop
  endfacet
  facet normal 0 0 -1
    outer loop
      vertex -87.48 3 -5.72205e-07
      vertex -99.7133 20.8333 -5.72205e-07
      vertex -99.571 20.9955 -5.72205e-07
    endloop
  endfacet
  facet normal 0 0 -1
    outer loop
      vertex -87.48 3 -5.72205e-07
      vertex -99.8755 20.691 -5.72205e-07
      vertex -99.7133 20.8333 -5.72205e-07
    endloop
  endfacet
  facet normal -0 0 -1
    outer loop
      vertex -87.48 0.5 -5.72205e-07
      vertex -104.88 -7 -5.72205e-07
      vertex -87.48 3 -5.72205e-07
    endloop
  endfacet
  facet normal 0 -0 -1
    outer loop
      vertex -100.88 20.35 -5.72205e-07
      vertex -87.48 3 -5.72205e-07
      vertex -104.88 -7 -5.72205e-07
    endloop
  endfacet
  facet normal 0 0 -1
    outer loop
      vertex -87.48 3 -5.72205e-07
      vertex -100.055 20.5711 -5.72205e-07
      vertex -99.8755 20.691 -5.72205e-07
    endloop
  endfacet
  facet normal 0 0 -1
    outer loop
      vertex -87.48 3 -5.72205e-07
      vertex -100.249 20.4756 -5.72205e-07
      vertex -100.055 20.5711 -5.72205e-07
    endloop
  endfacet
  facet normal 0 0 -1
    outer loop
      vertex -104.88 -7 -5.72205e-07
      vertex -99.88 -12 -5.72205e-07
      vertex -100.533 -11.9572 -5.72205e-07
    endloop
  endfacet
  facet normal 0 0 -1
    outer loop
      vertex -87.48 3 -5.72205e-07
      vertex -100.453 20.4062 -5.72205e-07
      vertex -100.249 20.4756 -5.72205e-07
    endloop
  endfacet
  facet normal 0 0 -1
    outer loop
      vertex -87.48 3 -5.72205e-07
      vertex -100.665 20.3641 -5.72205e-07
      vertex -100.453 20.4062 -5.72205e-07
    endloop
  endfacet
  facet normal 0 0 -1
    outer loop
      vertex -87.48 3 -5.72205e-07
      vertex -100.88 20.35 -5.72205e-07
      vertex -100.665 20.3641 -5.72205e-07
    endloop
  endfacet
  facet normal 0 0 -1
    outer loop
      vertex -104.88 -7 -5.72205e-07
      vertex -100.533 -11.9572 -5.72205e-07
      vertex -101.174 -11.8296 -5.72205e-07
    endloop
  endfacet
  facet normal -0 0 -1
    outer loop
      vertex -100.88 20.35 -5.72205e-07
      vertex -104.88 -7 -5.72205e-07
      vertex -101.095 20.3641 -5.72205e-07
    endloop
  endfacet
  facet normal -0 0 -1
    outer loop
      vertex -101.095 20.3641 -5.72205e-07
      vertex -104.88 -7 -5.72205e-07
      vertex -101.307 20.4062 -5.72205e-07
    endloop
  endfacet
  facet normal -0 0 -1
    outer loop
      vertex -101.307 20.4062 -5.72205e-07
      vertex -104.88 -7 -5.72205e-07
      vertex -101.511 20.4756 -5.72205e-07
    endloop
  endfacet
  facet normal 0 0 -1
    outer loop
      vertex -104.88 -7 -5.72205e-07
      vertex -101.174 -11.8296 -5.72205e-07
      vertex -101.793 -11.6194 -5.72205e-07
    endloop
  endfacet
  facet normal -0 0 -1
    outer loop
      vertex -101.511 20.4756 -5.72205e-07
      vertex -104.88 -7 -5.72205e-07
      vertex -101.705 20.5711 -5.72205e-07
    endloop
  endfacet
  facet normal -0 0 -1
    outer loop
      vertex -101.705 20.5711 -5.72205e-07
      vertex -104.88 -7 -5.72205e-07
      vertex -101.884 20.691 -5.72205e-07
    endloop
  endfacet
  facet normal -0 0 -1
    outer loop
      vertex -101.884 20.691 -5.72205e-07
      vertex -104.88 -7 -5.72205e-07
      vertex -102.047 20.8333 -5.72205e-07
    endloop
  endfacet
  facet normal -0 0 -1
    outer loop
      vertex -102.047 20.8333 -5.72205e-07
      vertex -104.88 -7 -5.72205e-07
      vertex -102.189 20.9955 -5.72205e-07
    endloop
  endfacet
  facet normal 0 0 -1
    outer loop
      vertex -104.88 -7 -5.72205e-07
      vertex -101.793 -11.6194 -5.72205e-07
      vertex -102.38 -11.3301 -5.72205e-07
    endloop
  endfacet
  facet normal -0 0 -1
    outer loop
      vertex -102.189 20.9955 -5.72205e-07
      vertex -104.88 -7 -5.72205e-07
      vertex -102.309 21.175 -5.72205e-07
    endloop
  endfacet
  facet normal -0 0 -1
    outer loop
      vertex -102.309 21.175 -5.72205e-07
      vertex -104.88 -7 -5.72205e-07
      vertex -102.404 21.3686 -5.72205e-07
    endloop
  endfacet
  facet normal -0 0 -1
    outer loop
      vertex -102.404 21.3686 -5.72205e-07
      vertex -104.88 -7 -5.72205e-07
      vertex -102.474 21.5729 -5.72205e-07
    endloop
  endfacet
  facet normal -0 0 -1
    outer loop
      vertex -102.474 21.5729 -5.72205e-07
      vertex -104.88 -7 -5.72205e-07
      vertex -102.516 21.7846 -5.72205e-07
    endloop
  endfacet
  facet normal -0 0 -1
    outer loop
      vertex -102.516 21.7846 -5.72205e-07
      vertex -104.88 -7 -5.72205e-07
      vertex -102.53 22 -5.72205e-07
    endloop
  endfacet
  facet normal 0 0 -1
    outer loop
      vertex -104.88 -7 -5.72205e-07
      vertex -102.38 -11.3301 -5.72205e-07
      vertex -102.924 -10.9668 -5.72205e-07
    endloop
  endfacet
  facet normal -0 0 -1
    outer loop
      vertex -55.5 8 -5.72205e-07
      vertex -64.5 3 -5.72205e-07
      vertex -64.5 8 -5.72205e-07
    endloop
  endfacet
  facet normal 0 0 -1
    outer loop
      vertex -55.5 109.56 -5.72205e-07
      vertex -64.5 109.56 -5.72205e-07
      vertex -55.5 114.56 -5.72205e-07
    endloop
  endfacet
  facet normal 0 0 -1
    outer loop
      vertex 64.5 109.56 -5.72205e-07
      vertex 55.5 109.56 -5.72205e-07
      vertex 64.5 114.56 -5.72205e-07
    endloop
  endfacet
  facet normal 0 0 -1
    outer loop
      vertex 64.5 114.56 -5.72205e-07
      vertex 87.48 117.06 -5.72205e-07
      vertex 87.48 114.56 -5.72205e-07
    endloop
  endfacet
  facet normal 0 0 -1
    outer loop
      vertex 55.5 114.56 -5.72205e-07
      vertex 64.5 114.56 -5.72205e-07
      vertex 55.5 109.56 -5.72205e-07
    endloop
  endfacet
  facet normal 0 0 -1
    outer loop
      vertex 55.5 114.56 -5.72205e-07
      vertex 87.48 117.06 -5.72205e-07
      vertex 64.5 114.56 -5.72205e-07
    endloop
  endfacet
  facet normal 0 0 -1
    outer loop
      vertex -55.5 114.56 -5.72205e-07
      vertex 87.48 117.06 -5.72205e-07
      vertex 55.5 114.56 -5.72205e-07
    endloop
  endfacet
  facet normal 0 0 -1
    outer loop
      vertex -64.5 114.56 -5.72205e-07
      vertex -55.5 114.56 -5.72205e-07
      vertex -64.5 109.56 -5.72205e-07
    endloop
  endfacet
  facet normal 0 0 -1
    outer loop
      vertex -87.48 117.06 -5.72205e-07
      vertex -55.5 114.56 -5.72205e-07
      vertex -64.5 114.56 -5.72205e-07
    endloop
  endfacet
  facet normal 0 0 -1
    outer loop
      vertex -87.48 117.06 -5.72205e-07
      vertex -64.5 114.56 -5.72205e-07
      vertex -87.48 114.56 -5.72205e-07
    endloop
  endfacet
  facet normal 0 0 -1
    outer loop
      vertex -55.5 114.56 -5.72205e-07
      vertex -87.48 117.06 -5.72205e-07
      vertex 87.48 117.06 -5.72205e-07
    endloop
  endfacet
  facet normal 0 0 -1
    outer loop
      vertex 87.48 0.5 -5.72205e-07
      vertex 64.5 3 -5.72205e-07
      vertex 87.48 3 -5.72205e-07
    endloop
  endfacet
  facet normal 0 0 -1
    outer loop
      vertex 64.5 3 -5.72205e-07
      vertex 55.5 3 -5.72205e-07
      vertex 64.5 8 -5.72205e-07
    endloop
  endfacet
  facet normal 0 0 -1
    outer loop
      vertex 87.48 0.5 -5.72205e-07
      vertex 55.5 3 -5.72205e-07
      vertex 64.5 3 -5.72205e-07
    endloop
  endfacet
  facet normal 0 0 -1
    outer loop
      vertex 87.48 0.5 -5.72205e-07
      vertex -55.5 3 -5.72205e-07
      vertex 55.5 3 -5.72205e-07
    endloop
  endfacet
  facet normal 0 0 -1
    outer loop
      vertex -55.5 3 -5.72205e-07
      vertex -64.5 3 -5.72205e-07
      vertex -55.5 8 -5.72205e-07
    endloop
  endfacet
  facet normal 0 0 -1
    outer loop
      vertex -87.48 0.5 -5.72205e-07
      vertex -55.5 3 -5.72205e-07
      vertex 87.48 0.5 -5.72205e-07
    endloop
  endfacet
  facet normal -0 0 -1
    outer loop
      vertex -55.5 3 -5.72205e-07
      vertex -87.48 0.5 -5.72205e-07
      vertex -64.5 3 -5.72205e-07
    endloop
  endfacet
  facet normal -0 0 -1
    outer loop
      vertex -64.5 3 -5.72205e-07
      vertex -87.48 0.5 -5.72205e-07
      vertex -87.48 3 -5.72205e-07
    endloop
  endfacet
  facet normal -0 0 -1
    outer loop
      vertex 64.5 8 -5.72205e-07
      vertex 55.5 3 -5.72205e-07
      vertex 55.5 8 -5.72205e-07
    endloop
  endfacet
  facet normal 0 0 -1
    outer loop
      vertex -99.2862 95.9871 -5.72205e-07
      vertex -87.48 114.56 -5.72205e-07
      vertex -99.2441 95.7754 -5.72205e-07
    endloop
  endfacet
  facet normal 0 0 -1
    outer loop
      vertex -99.3556 96.1914 -5.72205e-07
      vertex -87.48 114.56 -5.72205e-07
      vertex -99.2862 95.9871 -5.72205e-07
    endloop
  endfacet
  facet normal 0 0 -1
    outer loop
      vertex -99.4511 96.385 -5.72205e-07
      vertex -87.48 114.56 -5.72205e-07
      vertex -99.3556 96.1914 -5.72205e-07
    endloop
  endfacet
  facet normal 0 0 -1
    outer loop
      vertex -99.571 96.5645 -5.72205e-07
      vertex -87.48 114.56 -5.72205e-07
      vertex -99.4511 96.385 -5.72205e-07
    endloop
  endfacet
  facet normal 0 0 -1
    outer loop
      vertex -99.7133 96.7267 -5.72205e-07
      vertex -87.48 114.56 -5.72205e-07
      vertex -99.571 96.5645 -5.72205e-07
    endloop
  endfacet
  facet normal 0 0 -1
    outer loop
      vertex -99.8755 96.869 -5.72205e-07
      vertex -87.48 114.56 -5.72205e-07
      vertex -99.7133 96.7267 -5.72205e-07
    endloop
  endfacet
  facet normal 0 0 -1
    outer loop
      vertex -100.055 96.9889 -5.72205e-07
      vertex -87.48 114.56 -5.72205e-07
      vertex -99.8755 96.869 -5.72205e-07
    endloop
  endfacet
  facet normal 0 0 -1
    outer loop
      vertex -100.249 97.0844 -5.72205e-07
      vertex -87.48 114.56 -5.72205e-07
      vertex -100.055 96.9889 -5.72205e-07
    endloop
  endfacet
  facet normal 0 0 -1
    outer loop
      vertex -87.48 114.56 -5.72205e-07
      vertex -99.88 117.56 -5.72205e-07
      vertex -87.48 117.06 -5.72205e-07
    endloop
  endfacet
  facet normal 0 0 -1
    outer loop
      vertex -87.48 117.06 -5.72205e-07
      vertex -99.88 117.56 -5.72205e-07
      vertex -87.48 117.56 -5.72205e-07
    endloop
  endfacet
  facet normal 0 0 -1
    outer loop
      vertex -87.48 114.56 -5.72205e-07
      vertex -100.249 97.0844 -5.72205e-07
      vertex -104.88 112.56 -5.72205e-07
    endloop
  endfacet
  facet normal 0 0 -1
    outer loop
      vertex -104.88 112.56 -5.72205e-07
      vertex -100.249 97.0844 -5.72205e-07
      vertex -100.453 97.1538 -5.72205e-07
    endloop
  endfacet
  facet normal -0 0 -1
    outer loop
      vertex -87.48 114.56 -5.72205e-07
      vertex -104.88 112.56 -5.72205e-07
      vertex -99.88 117.56 -5.72205e-07
    endloop
  endfacet
  facet normal 0 0 -1
    outer loop
      vertex -104.88 112.56 -5.72205e-07
      vertex -100.453 97.1538 -5.72205e-07
      vertex -100.665 97.1959 -5.72205e-07
    endloop
  endfacet
  facet normal 0 0 -1
    outer loop
      vertex -104.88 112.56 -5.72205e-07
      vertex -100.665 97.1959 -5.72205e-07
      vertex -100.88 97.21 -5.72205e-07
    endloop
  endfacet
  facet normal 0 0 -1
    outer loop
      vertex -104.88 112.56 -5.72205e-07
      vertex -100.88 97.21 -5.72205e-07
      vertex -101.095 97.1959 -5.72205e-07
    endloop
  endfacet
  facet normal 0 0 -1
    outer loop
      vertex -99.88 117.56 -5.72205e-07
      vertex -104.88 112.56 -5.72205e-07
      vertex -100.533 117.517 -5.72205e-07
    endloop
  endfacet
  facet normal 0 0 -1
    outer loop
      vertex -104.88 112.56 -5.72205e-07
      vertex -101.095 97.1959 -5.72205e-07
      vertex -101.307 97.1538 -5.72205e-07
    endloop
  endfacet
  facet normal 0 0 -1
    outer loop
      vertex -104.88 112.56 -5.72205e-07
      vertex -101.307 97.1538 -5.72205e-07
      vertex -101.511 97.0844 -5.72205e-07
    endloop
  endfacet
  facet normal 0 0 -1
    outer loop
      vertex -104.88 112.56 -5.72205e-07
      vertex -101.511 97.0844 -5.72205e-07
      vertex -101.705 96.9889 -5.72205e-07
    endloop
  endfacet
  facet normal 0 0 -1
    outer loop
      vertex -100.533 117.517 -5.72205e-07
      vertex -104.88 112.56 -5.72205e-07
      vertex -101.174 117.39 -5.72205e-07
    endloop
  endfacet
  facet normal 0 0 -1
    outer loop
      vertex -104.88 112.56 -5.72205e-07
      vertex -101.705 96.9889 -5.72205e-07
      vertex -101.884 96.869 -5.72205e-07
    endloop
  endfacet
  facet normal 0 0 -1
    outer loop
      vertex -104.88 112.56 -5.72205e-07
      vertex -101.884 96.869 -5.72205e-07
      vertex -102.047 96.7267 -5.72205e-07
    endloop
  endfacet
  facet normal 0 0 -1
    outer loop
      vertex -104.88 112.56 -5.72205e-07
      vertex -102.047 96.7267 -5.72205e-07
      vertex -102.189 96.5645 -5.72205e-07
    endloop
  endfacet
  facet normal 0 0 -1
    outer loop
      vertex -104.88 112.56 -5.72205e-07
      vertex -102.189 96.5645 -5.72205e-07
      vertex -102.309 96.385 -5.72205e-07
    endloop
  endfacet
  facet normal 0 0 -1
    outer loop
      vertex -101.174 117.39 -5.72205e-07
      vertex -104.88 112.56 -5.72205e-07
      vertex -101.793 117.179 -5.72205e-07
    endloop
  endfacet
  facet normal 0 0 -1
    outer loop
      vertex -104.88 112.56 -5.72205e-07
      vertex -102.309 96.385 -5.72205e-07
      vertex -102.404 96.1914 -5.72205e-07
    endloop
  endfacet
  facet normal 0 0 -1
    outer loop
      vertex -104.88 112.56 -5.72205e-07
      vertex -102.404 96.1914 -5.72205e-07
      vertex -102.474 95.9871 -5.72205e-07
    endloop
  endfacet
  facet normal 0 0 -1
    outer loop
      vertex -104.88 112.56 -5.72205e-07
      vertex -102.474 95.9871 -5.72205e-07
      vertex -102.516 95.7754 -5.72205e-07
    endloop
  endfacet
  facet normal 0 0 -1
    outer loop
      vertex -104.88 112.56 -5.72205e-07
      vertex -102.516 95.7754 -5.72205e-07
      vertex -102.53 95.56 -5.72205e-07
    endloop
  endfacet
  facet normal 0 0 -1
    outer loop
      vertex -101.793 117.179 -5.72205e-07
      vertex -104.88 112.56 -5.72205e-07
      vertex -102.38 116.89 -5.72205e-07
    endloop
  endfacet
  facet normal 0 0 -1
    outer loop
      vertex -104.88 112.56 -5.72205e-07
      vertex -102.53 22 -5.72205e-07
      vertex -104.88 -7 -5.72205e-07
    endloop
  endfacet
  facet normal 0 0 -1
    outer loop
      vertex -104.88 -7 -5.72205e-07
      vertex -102.924 -10.9668 -5.72205e-07
      vertex -103.416 -10.5355 -5.72205e-07
    endloop
  endfacet
  facet normal 0 0 -1
    outer loop
      vertex -102.516 95.3446 -5.72205e-07
      vertex -104.88 112.56 -5.72205e-07
      vertex -102.53 95.56 -5.72205e-07
    endloop
  endfacet
  facet normal 0 0 -1
    outer loop
      vertex -104.88 -7 -5.72205e-07
      vertex -103.416 -10.5355 -5.72205e-07
      vertex -103.847 -10.0438 -5.72205e-07
    endloop
  endfacet
  facet normal 0 0 -1
    outer loop
      vertex -102.38 116.89 -5.72205e-07
      vertex -104.88 112.56 -5.72205e-07
      vertex -102.924 116.527 -5.72205e-07
    endloop
  endfacet
  facet normal 0 0 -1
    outer loop
      vertex -104.88 -7 -5.72205e-07
      vertex -103.847 -10.0438 -5.72205e-07
      vertex -104.21 -9.5 -5.72205e-07
    endloop
  endfacet
  facet normal 0 0 -1
    outer loop
      vertex -102.924 116.527 -5.72205e-07
      vertex -104.88 112.56 -5.72205e-07
      vertex -103.416 116.096 -5.72205e-07
    endloop
  endfacet
  facet normal 0 0 -1
    outer loop
      vertex -104.88 -7 -5.72205e-07
      vertex -104.21 -9.5 -5.72205e-07
      vertex -104.499 -8.91342 -5.72205e-07
    endloop
  endfacet
  facet normal 0 0 -1
    outer loop
      vertex -103.416 116.096 -5.72205e-07
      vertex -104.88 112.56 -5.72205e-07
      vertex -103.847 115.604 -5.72205e-07
    endloop
  endfacet
  facet normal 0 0 -1
    outer loop
      vertex -104.88 -7 -5.72205e-07
      vertex -104.499 -8.91342 -5.72205e-07
      vertex -104.71 -8.2941 -5.72205e-07
    endloop
  endfacet
  facet normal 0 0 -1
    outer loop
      vertex -103.847 115.604 -5.72205e-07
      vertex -104.88 112.56 -5.72205e-07
      vertex -104.21 115.06 -5.72205e-07
    endloop
  endfacet
  facet normal 0 0 -1
    outer loop
      vertex -104.88 -7 -5.72205e-07
      vertex -104.71 -8.2941 -5.72205e-07
      vertex -104.837 -7.65263 -5.72205e-07
    endloop
  endfacet
  facet normal 0 0 -1
    outer loop
      vertex -104.21 115.06 -5.72205e-07
      vertex -104.88 112.56 -5.72205e-07
      vertex -104.499 114.473 -5.72205e-07
    endloop
  endfacet
  facet normal 0 0 -1
    outer loop
      vertex -104.499 114.473 -5.72205e-07
      vertex -104.88 112.56 -5.72205e-07
      vertex -104.71 113.854 -5.72205e-07
    endloop
  endfacet
  facet normal 0 0 -1
    outer loop
      vertex -104.71 113.854 -5.72205e-07
      vertex -104.88 112.56 -5.72205e-07
      vertex -104.837 113.213 -5.72205e-07
    endloop
  endfacet
  facet normal 0 0 -1
    outer loop
      vertex 102.516 95.3446 -5.72205e-07
      vertex 104.88 112.56 -5.72205e-07
      vertex 102.516 22.2154 -5.72205e-07
    endloop
  endfacet
  facet normal 0 0 -1
    outer loop
      vertex 104.88 112.56 -5.72205e-07
      vertex 102.516 95.3446 -5.72205e-07
      vertex 102.53 95.56 -5.72205e-07
    endloop
  endfacet
  facet normal 0 0 -1
    outer loop
      vertex 102.474 22.4271 -5.72205e-07
      vertex 102.516 95.3446 -5.72205e-07
      vertex 102.516 22.2154 -5.72205e-07
    endloop
  endfacet
  facet normal 0 0 -1
    outer loop
      vertex 102.474 22.4271 -5.72205e-07
      vertex 102.474 95.1329 -5.72205e-07
      vertex 102.516 95.3446 -5.72205e-07
    endloop
  endfacet
  facet normal 0 0 -1
    outer loop
      vertex 102.404 22.6314 -5.72205e-07
      vertex 102.474 95.1329 -5.72205e-07
      vertex 102.474 22.4271 -5.72205e-07
    endloop
  endfacet
  facet normal 0 0 -1
    outer loop
      vertex 102.404 22.6314 -5.72205e-07
      vertex 102.404 94.9286 -5.72205e-07
      vertex 102.474 95.1329 -5.72205e-07
    endloop
  endfacet
  facet normal 0 0 -1
    outer loop
      vertex 102.309 22.825 -5.72205e-07
      vertex 102.404 94.9286 -5.72205e-07
      vertex 102.404 22.6314 -5.72205e-07
    endloop
  endfacet
  facet normal 0 0 -1
    outer loop
      vertex 102.309 22.825 -5.72205e-07
      vertex 102.309 94.735 -5.72205e-07
      vertex 102.404 94.9286 -5.72205e-07
    endloop
  endfacet
  facet normal 0 0 -1
    outer loop
      vertex 102.189 23.0045 -5.72205e-07
      vertex 102.309 94.735 -5.72205e-07
      vertex 102.309 22.825 -5.72205e-07
    endloop
  endfacet
  facet normal 0 0 -1
    outer loop
      vertex 102.189 23.0045 -5.72205e-07
      vertex 102.189 94.5555 -5.72205e-07
      vertex 102.309 94.735 -5.72205e-07
    endloop
  endfacet
  facet normal 0 0 -1
    outer loop
      vertex 102.047 23.1667 -5.72205e-07
      vertex 102.189 94.5555 -5.72205e-07
      vertex 102.189 23.0045 -5.72205e-07
    endloop
  endfacet
  facet normal 0 0 -1
    outer loop
      vertex 102.047 23.1667 -5.72205e-07
      vertex 102.047 94.3933 -5.72205e-07
      vertex 102.189 94.5555 -5.72205e-07
    endloop
  endfacet
  facet normal 0 0 -1
    outer loop
      vertex 101.884 23.309 -5.72205e-07
      vertex 102.047 94.3933 -5.72205e-07
      vertex 102.047 23.1667 -5.72205e-07
    endloop
  endfacet
  facet normal 0 0 -1
    outer loop
      vertex 101.884 23.309 -5.72205e-07
      vertex 101.884 94.251 -5.72205e-07
      vertex 102.047 94.3933 -5.72205e-07
    endloop
  endfacet
  facet normal 0 0 -1
    outer loop
      vertex 101.705 23.4289 -5.72205e-07
      vertex 101.884 94.251 -5.72205e-07
      vertex 101.884 23.309 -5.72205e-07
    endloop
  endfacet
  facet normal 0 0 -1
    outer loop
      vertex 101.705 23.4289 -5.72205e-07
      vertex 101.705 94.1311 -5.72205e-07
      vertex 101.884 94.251 -5.72205e-07
    endloop
  endfacet
  facet normal 0 0 -1
    outer loop
      vertex 101.511 23.5244 -5.72205e-07
      vertex 101.705 94.1311 -5.72205e-07
      vertex 101.705 23.4289 -5.72205e-07
    endloop
  endfacet
  facet normal 0 0 -1
    outer loop
      vertex 101.511 23.5244 -5.72205e-07
      vertex 101.511 94.0356 -5.72205e-07
      vertex 101.705 94.1311 -5.72205e-07
    endloop
  endfacet
  facet normal 0 0 -1
    outer loop
      vertex 101.307 23.5938 -5.72205e-07
      vertex 101.511 94.0356 -5.72205e-07
      vertex 101.511 23.5244 -5.72205e-07
    endloop
  endfacet
  facet normal 0 0 -1
    outer loop
      vertex 101.307 23.5938 -5.72205e-07
      vertex 101.307 93.9662 -5.72205e-07
      vertex 101.511 94.0356 -5.72205e-07
    endloop
  endfacet
  facet normal 0 0 -1
    outer loop
      vertex 101.095 23.6359 -5.72205e-07
      vertex 101.307 93.9662 -5.72205e-07
      vertex 101.307 23.5938 -5.72205e-07
    endloop
  endfacet
  facet normal 0 0 -1
    outer loop
      vertex 101.095 23.6359 -5.72205e-07
      vertex 101.095 93.9241 -5.72205e-07
      vertex 101.307 93.9662 -5.72205e-07
    endloop
  endfacet
  facet normal 0 0 -1
    outer loop
      vertex 100.88 23.65 -5.72205e-07
      vertex 101.095 93.9241 -5.72205e-07
      vertex 101.095 23.6359 -5.72205e-07
    endloop
  endfacet
  facet normal 0 0 -1
    outer loop
      vertex 100.88 23.65 -5.72205e-07
      vertex 100.88 93.91 -5.72205e-07
      vertex 101.095 93.9241 -5.72205e-07
    endloop
  endfacet
  facet normal 0 0 -1
    outer loop
      vertex 100.665 23.6359 -5.72205e-07
      vertex 100.88 93.91 -5.72205e-07
      vertex 100.88 23.65 -5.72205e-07
    endloop
  endfacet
  facet normal 0 0 -1
    outer loop
      vertex 100.665 23.6359 -5.72205e-07
      vertex 100.665 93.9241 -5.72205e-07
      vertex 100.88 93.91 -5.72205e-07
    endloop
  endfacet
  facet normal 0 0 -1
    outer loop
      vertex 100.453 23.5938 -5.72205e-07
      vertex 100.665 93.9241 -5.72205e-07
      vertex 100.665 23.6359 -5.72205e-07
    endloop
  endfacet
  facet normal 0 0 -1
    outer loop
      vertex 100.453 23.5938 -5.72205e-07
      vertex 100.453 93.9662 -5.72205e-07
      vertex 100.665 93.9241 -5.72205e-07
    endloop
  endfacet
  facet normal 0 0 -1
    outer loop
      vertex 100.249 23.5244 -5.72205e-07
      vertex 100.453 93.9662 -5.72205e-07
      vertex 100.453 23.5938 -5.72205e-07
    endloop
  endfacet
  facet normal 0 0 -1
    outer loop
      vertex 100.249 23.5244 -5.72205e-07
      vertex 100.249 94.0356 -5.72205e-07
      vertex 100.453 93.9662 -5.72205e-07
    endloop
  endfacet
  facet normal 0 0 -1
    outer loop
      vertex 100.055 23.4289 -5.72205e-07
      vertex 100.249 94.0356 -5.72205e-07
      vertex 100.249 23.5244 -5.72205e-07
    endloop
  endfacet
  facet normal 0 0 -1
    outer loop
      vertex 100.055 23.4289 -5.72205e-07
      vertex 100.055 94.1311 -5.72205e-07
      vertex 100.249 94.0356 -5.72205e-07
    endloop
  endfacet
  facet normal 0 0 -1
    outer loop
      vertex 99.8755 23.309 -5.72205e-07
      vertex 100.055 94.1311 -5.72205e-07
      vertex 100.055 23.4289 -5.72205e-07
    endloop
  endfacet
  facet normal 0 0 -1
    outer loop
      vertex 99.8755 23.309 -5.72205e-07
      vertex 99.8755 94.251 -5.72205e-07
      vertex 100.055 94.1311 -5.72205e-07
    endloop
  endfacet
  facet normal 0 0 -1
    outer loop
      vertex 99.7133 23.1667 -5.72205e-07
      vertex 99.8755 94.251 -5.72205e-07
      vertex 99.8755 23.309 -5.72205e-07
    endloop
  endfacet
  facet normal 0 0 -1
    outer loop
      vertex 99.7133 23.1667 -5.72205e-07
      vertex 99.7133 94.3933 -5.72205e-07
      vertex 99.8755 94.251 -5.72205e-07
    endloop
  endfacet
  facet normal 0 0 -1
    outer loop
      vertex 99.571 23.0045 -5.72205e-07
      vertex 99.7133 94.3933 -5.72205e-07
      vertex 99.7133 23.1667 -5.72205e-07
    endloop
  endfacet
  facet normal 0 0 -1
    outer loop
      vertex 99.571 23.0045 -5.72205e-07
      vertex 99.571 94.5555 -5.72205e-07
      vertex 99.7133 94.3933 -5.72205e-07
    endloop
  endfacet
  facet normal 0 0 -1
    outer loop
      vertex 99.4511 22.825 -5.72205e-07
      vertex 99.571 94.5555 -5.72205e-07
      vertex 99.571 23.0045 -5.72205e-07
    endloop
  endfacet
  facet normal 0 0 -1
    outer loop
      vertex 99.4511 22.825 -5.72205e-07
      vertex 99.4511 94.735 -5.72205e-07
      vertex 99.571 94.5555 -5.72205e-07
    endloop
  endfacet
  facet normal 0 0 -1
    outer loop
      vertex 99.3556 22.6314 -5.72205e-07
      vertex 99.4511 94.735 -5.72205e-07
      vertex 99.4511 22.825 -5.72205e-07
    endloop
  endfacet
  facet normal 0 0 -1
    outer loop
      vertex 99.3556 22.6314 -5.72205e-07
      vertex 99.3556 94.9286 -5.72205e-07
      vertex 99.4511 94.735 -5.72205e-07
    endloop
  endfacet
  facet normal 0 0 -1
    outer loop
      vertex 87.48 3 -5.72205e-07
      vertex 99.3556 22.6314 -5.72205e-07
      vertex 99.2862 22.4271 -5.72205e-07
    endloop
  endfacet
  facet normal -0 0 -1
    outer loop
      vertex 99.3556 22.6314 -5.72205e-07
      vertex 87.48 3 -5.72205e-07
      vertex 99.3556 94.9286 -5.72205e-07
    endloop
  endfacet
  facet normal 0 0 -1
    outer loop
      vertex 87.48 3 -5.72205e-07
      vertex 99.2862 22.4271 -5.72205e-07
      vertex 99.2441 22.2154 -5.72205e-07
    endloop
  endfacet
  facet normal 0 0 -1
    outer loop
      vertex 87.48 114.56 -5.72205e-07
      vertex 99.3556 94.9286 -5.72205e-07
      vertex 87.48 3 -5.72205e-07
    endloop
  endfacet
  facet normal 0 0 -1
    outer loop
      vertex 87.48 3 -5.72205e-07
      vertex 99.2441 22.2154 -5.72205e-07
      vertex 99.23 22 -5.72205e-07
    endloop
  endfacet
  facet normal 0 0 -1
    outer loop
      vertex 99.3556 94.9286 -5.72205e-07
      vertex 87.48 114.56 -5.72205e-07
      vertex 99.2862 95.1329 -5.72205e-07
    endloop
  endfacet
  facet normal 0 0 -1
    outer loop
      vertex 99.88 -12 -5.72205e-07
      vertex 104.88 -7 -5.72205e-07
      vertex 104.837 -7.65263 -5.72205e-07
    endloop
  endfacet
  facet normal 0 0 -1
    outer loop
      vertex 104.88 -7 -5.72205e-07
      vertex 102.53 22 -5.72205e-07
      vertex 104.88 112.56 -5.72205e-07
    endloop
  endfacet
  facet normal 0 0 -1
    outer loop
      vertex 99.88 -12 -5.72205e-07
      vertex 104.837 -7.65263 -5.72205e-07
      vertex 104.71 -8.2941 -5.72205e-07
    endloop
  endfacet
  facet normal 0 0 -1
    outer loop
      vertex 102.516 22.2154 -5.72205e-07
      vertex 104.88 112.56 -5.72205e-07
      vertex 102.53 22 -5.72205e-07
    endloop
  endfacet
  facet normal 0 0 -1
    outer loop
      vertex 99.88 -12 -5.72205e-07
      vertex 104.71 -8.2941 -5.72205e-07
      vertex 104.499 -8.91342 -5.72205e-07
    endloop
  endfacet
  facet normal 0 0 -1
    outer loop
      vertex 102.516 95.7754 -5.72205e-07
      vertex 104.88 112.56 -5.72205e-07
      vertex 102.53 95.56 -5.72205e-07
    endloop
  endfacet
  facet normal 0 0 -1
    outer loop
      vertex 99.88 -12 -5.72205e-07
      vertex 104.499 -8.91342 -5.72205e-07
      vertex 104.21 -9.5 -5.72205e-07
    endloop
  endfacet
  facet normal 0 0 -1
    outer loop
      vertex 102.474 95.9871 -5.72205e-07
      vertex 104.88 112.56 -5.72205e-07
      vertex 102.516 95.7754 -5.72205e-07
    endloop
  endfacet
  facet normal 0 0 -1
    outer loop
      vertex 99.88 -12 -5.72205e-07
      vertex 104.21 -9.5 -5.72205e-07
      vertex 103.847 -10.0438 -5.72205e-07
    endloop
  endfacet
  facet normal 0 0 -1
    outer loop
      vertex 102.404 96.1914 -5.72205e-07
      vertex 104.88 112.56 -5.72205e-07
      vertex 102.474 95.9871 -5.72205e-07
    endloop
  endfacet
  facet normal 0 0 -1
    outer loop
      vertex 99.88 -12 -5.72205e-07
      vertex 103.847 -10.0438 -5.72205e-07
      vertex 103.416 -10.5355 -5.72205e-07
    endloop
  endfacet
  facet normal 0 0 -1
    outer loop
      vertex 102.309 96.385 -5.72205e-07
      vertex 104.88 112.56 -5.72205e-07
      vertex 102.404 96.1914 -5.72205e-07
    endloop
  endfacet
  facet normal 0 0 -1
    outer loop
      vertex 99.88 -12 -5.72205e-07
      vertex 103.416 -10.5355 -5.72205e-07
      vertex 102.924 -10.9668 -5.72205e-07
    endloop
  endfacet
  facet normal 0 0 -1
    outer loop
      vertex 102.189 96.5645 -5.72205e-07
      vertex 104.88 112.56 -5.72205e-07
      vertex 102.309 96.385 -5.72205e-07
    endloop
  endfacet
  facet normal 0 0 -1
    outer loop
      vertex 102.047 96.7267 -5.72205e-07
      vertex 104.88 112.56 -5.72205e-07
      vertex 102.189 96.5645 -5.72205e-07
    endloop
  endfacet
  facet normal 0 0 -1
    outer loop
      vertex 104.88 -7 -5.72205e-07
      vertex 102.516 21.7846 -5.72205e-07
      vertex 102.53 22 -5.72205e-07
    endloop
  endfacet
  facet normal 0 0 -1
    outer loop
      vertex 104.88 -7 -5.72205e-07
      vertex 102.474 21.5729 -5.72205e-07
      vertex 102.516 21.7846 -5.72205e-07
    endloop
  endfacet
  facet normal 0 0 -1
    outer loop
      vertex 104.88 -7 -5.72205e-07
      vertex 102.404 21.3686 -5.72205e-07
      vertex 102.474 21.5729 -5.72205e-07
    endloop
  endfacet
  facet normal 0 0 -1
    outer loop
      vertex 99.88 -12 -5.72205e-07
      vertex 102.924 -10.9668 -5.72205e-07
      vertex 102.38 -11.3301 -5.72205e-07
    endloop
  endfacet
  facet normal 0 0 -1
    outer loop
      vertex 104.88 -7 -5.72205e-07
      vertex 102.309 21.175 -5.72205e-07
      vertex 102.404 21.3686 -5.72205e-07
    endloop
  endfacet
  facet normal 0 0 -1
    outer loop
      vertex 104.88 -7 -5.72205e-07
      vertex 102.189 20.9955 -5.72205e-07
      vertex 102.309 21.175 -5.72205e-07
    endloop
  endfacet
  facet normal 0 0 -1
    outer loop
      vertex 104.88 -7 -5.72205e-07
      vertex 102.047 20.8333 -5.72205e-07
      vertex 102.189 20.9955 -5.72205e-07
    endloop
  endfacet
  facet normal 0 0 -1
    outer loop
      vertex 104.88 -7 -5.72205e-07
      vertex 101.884 20.691 -5.72205e-07
      vertex 102.047 20.8333 -5.72205e-07
    endloop
  endfacet
  facet normal 0 0 -1
    outer loop
      vertex 99.88 -12 -5.72205e-07
      vertex 102.38 -11.3301 -5.72205e-07
      vertex 101.793 -11.6194 -5.72205e-07
    endloop
  endfacet
  facet normal 0 0 -1
    outer loop
      vertex 104.88 -7 -5.72205e-07
      vertex 101.705 20.5711 -5.72205e-07
      vertex 101.884 20.691 -5.72205e-07
    endloop
  endfacet
  facet normal 0 0 -1
    outer loop
      vertex 104.88 -7 -5.72205e-07
      vertex 101.511 20.4756 -5.72205e-07
      vertex 101.705 20.5711 -5.72205e-07
    endloop
  endfacet
  facet normal 0 0 -1
    outer loop
      vertex 104.88 -7 -5.72205e-07
      vertex 101.307 20.4062 -5.72205e-07
      vertex 101.511 20.4756 -5.72205e-07
    endloop
  endfacet
  facet normal 0 0 -1
    outer loop
      vertex 99.88 -12 -5.72205e-07
      vertex 101.793 -11.6194 -5.72205e-07
      vertex 101.174 -11.8296 -5.72205e-07
    endloop
  endfacet
  facet normal 0 0 -1
    outer loop
      vertex 104.88 -7 -5.72205e-07
      vertex 101.095 20.3641 -5.72205e-07
      vertex 101.307 20.4062 -5.72205e-07
    endloop
  endfacet
  facet normal 0 0 -1
    outer loop
      vertex 104.88 -7 -5.72205e-07
      vertex 87.48 3 -5.72205e-07
      vertex 100.88 20.35 -5.72205e-07
    endloop
  endfacet
  facet normal 0 0 -1
    outer loop
      vertex 104.88 -7 -5.72205e-07
      vertex 100.88 20.35 -5.72205e-07
      vertex 101.095 20.3641 -5.72205e-07
    endloop
  endfacet
  facet normal 0 0 -1
    outer loop
      vertex 99.88 -12 -5.72205e-07
      vertex 101.174 -11.8296 -5.72205e-07
      vertex 100.533 -11.9572 -5.72205e-07
    endloop
  endfacet
  facet normal -0 0 -1
    outer loop
      vertex 100.88 20.35 -5.72205e-07
      vertex 87.48 3 -5.72205e-07
      vertex 100.665 20.3641 -5.72205e-07
    endloop
  endfacet
  facet normal -0 0 -1
    outer loop
      vertex 100.665 20.3641 -5.72205e-07
      vertex 87.48 3 -5.72205e-07
      vertex 100.453 20.4062 -5.72205e-07
    endloop
  endfacet
  facet normal -0 0 -1
    outer loop
      vertex 100.453 20.4062 -5.72205e-07
      vertex 87.48 3 -5.72205e-07
      vertex 100.249 20.4756 -5.72205e-07
    endloop
  endfacet
  facet normal -0 0 -1
    outer loop
      vertex 104.88 -7 -5.72205e-07
      vertex 99.88 -12 -5.72205e-07
      vertex 87.48 0.5 -5.72205e-07
    endloop
  endfacet
  facet normal -0 0 -1
    outer loop
      vertex 100.249 20.4756 -5.72205e-07
      vertex 87.48 3 -5.72205e-07
      vertex 100.055 20.5711 -5.72205e-07
    endloop
  endfacet
  facet normal -0 0 -1
    outer loop
      vertex 100.055 20.5711 -5.72205e-07
      vertex 87.48 3 -5.72205e-07
      vertex 99.8755 20.691 -5.72205e-07
    endloop
  endfacet
  facet normal -0 0 -1
    outer loop
      vertex 99.8755 20.691 -5.72205e-07
      vertex 87.48 3 -5.72205e-07
      vertex 99.7133 20.8333 -5.72205e-07
    endloop
  endfacet
  facet normal -0 0 -1
    outer loop
      vertex 99.7133 20.8333 -5.72205e-07
      vertex 87.48 3 -5.72205e-07
      vertex 99.571 20.9955 -5.72205e-07
    endloop
  endfacet
  facet normal -0 0 -1
    outer loop
      vertex 99.571 20.9955 -5.72205e-07
      vertex 87.48 3 -5.72205e-07
      vertex 99.4511 21.175 -5.72205e-07
    endloop
  endfacet
  facet normal -0 0 -1
    outer loop
      vertex 99.4511 21.175 -5.72205e-07
      vertex 87.48 3 -5.72205e-07
      vertex 99.3556 21.3686 -5.72205e-07
    endloop
  endfacet
  facet normal -0 0 -1
    outer loop
      vertex 99.3556 21.3686 -5.72205e-07
      vertex 87.48 3 -5.72205e-07
      vertex 99.2862 21.5729 -5.72205e-07
    endloop
  endfacet
  facet normal -0 0 -1
    outer loop
      vertex 99.2862 21.5729 -5.72205e-07
      vertex 87.48 3 -5.72205e-07
      vertex 99.2441 21.7846 -5.72205e-07
    endloop
  endfacet
  facet normal 0 0 -1
    outer loop
      vertex 104.88 -7 -5.72205e-07
      vertex 87.48 0.5 -5.72205e-07
      vertex 87.48 3 -5.72205e-07
    endloop
  endfacet
  facet normal 0 0 -1
    outer loop
      vertex 87.48 0.5 -5.72205e-07
      vertex 99.88 -12 -5.72205e-07
      vertex 87.48 -12 -5.72205e-07
    endloop
  endfacet
  facet normal 0 0 -1
    outer loop
      vertex 101.884 96.869 -5.72205e-07
      vertex 104.88 112.56 -5.72205e-07
      vertex 102.047 96.7267 -5.72205e-07
    endloop
  endfacet
  facet normal 0 0 -1
    outer loop
      vertex 101.705 96.9889 -5.72205e-07
      vertex 104.88 112.56 -5.72205e-07
      vertex 101.884 96.869 -5.72205e-07
    endloop
  endfacet
  facet normal 0 0 -1
    outer loop
      vertex 101.511 97.0844 -5.72205e-07
      vertex 104.88 112.56 -5.72205e-07
      vertex 101.705 96.9889 -5.72205e-07
    endloop
  endfacet
  facet normal 0 0 -1
    outer loop
      vertex 101.307 97.1538 -5.72205e-07
      vertex 104.88 112.56 -5.72205e-07
      vertex 101.511 97.0844 -5.72205e-07
    endloop
  endfacet
  facet normal 0 0 -1
    outer loop
      vertex 101.095 97.1959 -5.72205e-07
      vertex 104.88 112.56 -5.72205e-07
      vertex 101.307 97.1538 -5.72205e-07
    endloop
  endfacet
  facet normal 0 0 -1
    outer loop
      vertex 100.88 97.21 -5.72205e-07
      vertex 104.88 112.56 -5.72205e-07
      vertex 101.095 97.1959 -5.72205e-07
    endloop
  endfacet
  facet normal 0 0 -1
    outer loop
      vertex 100.665 97.1959 -5.72205e-07
      vertex 104.88 112.56 -5.72205e-07
      vertex 100.88 97.21 -5.72205e-07
    endloop
  endfacet
  facet normal 0 0 -1
    outer loop
      vertex 100.453 97.1538 -5.72205e-07
      vertex 104.88 112.56 -5.72205e-07
      vertex 100.665 97.1959 -5.72205e-07
    endloop
  endfacet
  facet normal 0 0 -1
    outer loop
      vertex 100.249 97.0844 -5.72205e-07
      vertex 104.88 112.56 -5.72205e-07
      vertex 100.453 97.1538 -5.72205e-07
    endloop
  endfacet
  facet normal 0 0 -1
    outer loop
      vertex 87.48 114.56 -5.72205e-07
      vertex 104.88 112.56 -5.72205e-07
      vertex 100.249 97.0844 -5.72205e-07
    endloop
  endfacet
  facet normal 0 -0 -1
    outer loop
      vertex 99.88 117.56 -5.72205e-07
      vertex 104.88 112.56 -5.72205e-07
      vertex 87.48 114.56 -5.72205e-07
    endloop
  endfacet
  facet normal 0 0 -1
    outer loop
      vertex 104.837 113.213 -5.72205e-07
      vertex 99.88 117.56 -5.72205e-07
      vertex 104.71 113.854 -5.72205e-07
    endloop
  endfacet
  facet normal 0 0 -1
    outer loop
      vertex 104.499 114.473 -5.72205e-07
      vertex 99.88 117.56 -5.72205e-07
      vertex 104.21 115.06 -5.72205e-07
    endloop
  endfacet
  facet normal 0 0 -1
    outer loop
      vertex 104.21 115.06 -5.72205e-07
      vertex 99.88 117.56 -5.72205e-07
      vertex 103.847 115.604 -5.72205e-07
    endloop
  endfacet
  facet normal 0 0 -1
    outer loop
      vertex 103.847 115.604 -5.72205e-07
      vertex 99.88 117.56 -5.72205e-07
      vertex 103.416 116.096 -5.72205e-07
    endloop
  endfacet
  facet normal 0 0 -1
    outer loop
      vertex 102.924 116.527 -5.72205e-07
      vertex 99.88 117.56 -5.72205e-07
      vertex 102.38 116.89 -5.72205e-07
    endloop
  endfacet
  facet normal 0 0 -1
    outer loop
      vertex 102.38 116.89 -5.72205e-07
      vertex 99.88 117.56 -5.72205e-07
      vertex 101.793 117.179 -5.72205e-07
    endloop
  endfacet
  facet normal 0 0 -1
    outer loop
      vertex 101.793 117.179 -5.72205e-07
      vertex 99.88 117.56 -5.72205e-07
      vertex 101.174 117.39 -5.72205e-07
    endloop
  endfacet
  facet normal 0 0 -1
    outer loop
      vertex 103.416 116.096 -5.72205e-07
      vertex 99.88 117.56 -5.72205e-07
      vertex 102.924 116.527 -5.72205e-07
    endloop
  endfacet
  facet normal 0 0 -1
    outer loop
      vertex 104.71 113.854 -5.72205e-07
      vertex 99.88 117.56 -5.72205e-07
      vertex 104.499 114.473 -5.72205e-07
    endloop
  endfacet
  facet normal 0 0 -1
    outer loop
      vertex 87.48 114.56 -5.72205e-07
      vertex 100.249 97.0844 -5.72205e-07
      vertex 100.055 96.9889 -5.72205e-07
    endloop
  endfacet
  facet normal 0 0 -1
    outer loop
      vertex 101.174 117.39 -5.72205e-07
      vertex 99.88 117.56 -5.72205e-07
      vertex 100.533 117.517 -5.72205e-07
    endloop
  endfacet
  facet normal 0 0 -1
    outer loop
      vertex 87.48 114.56 -5.72205e-07
      vertex 100.055 96.9889 -5.72205e-07
      vertex 99.8755 96.869 -5.72205e-07
    endloop
  endfacet
  facet normal 0 0 -1
    outer loop
      vertex 87.48 114.56 -5.72205e-07
      vertex 99.8755 96.869 -5.72205e-07
      vertex 99.7133 96.7267 -5.72205e-07
    endloop
  endfacet
  facet normal 0 0 -1
    outer loop
      vertex 87.48 114.56 -5.72205e-07
      vertex 99.7133 96.7267 -5.72205e-07
      vertex 99.571 96.5645 -5.72205e-07
    endloop
  endfacet
  facet normal 0 0 -1
    outer loop
      vertex 87.48 114.56 -5.72205e-07
      vertex 99.571 96.5645 -5.72205e-07
      vertex 99.4511 96.385 -5.72205e-07
    endloop
  endfacet
  facet normal 0 0 -1
    outer loop
      vertex 87.48 114.56 -5.72205e-07
      vertex 99.4511 96.385 -5.72205e-07
      vertex 99.3556 96.1914 -5.72205e-07
    endloop
  endfacet
  facet normal 0 0 -1
    outer loop
      vertex 87.48 114.56 -5.72205e-07
      vertex 99.3556 96.1914 -5.72205e-07
      vertex 99.2862 95.9871 -5.72205e-07
    endloop
  endfacet
  facet normal 0 0 -1
    outer loop
      vertex 87.48 114.56 -5.72205e-07
      vertex 99.2862 95.9871 -5.72205e-07
      vertex 99.2441 95.7754 -5.72205e-07
    endloop
  endfacet
  facet normal 0 0 -1
    outer loop
      vertex 87.48 114.56 -5.72205e-07
      vertex 99.2441 95.7754 -5.72205e-07
      vertex 99.23 95.56 -5.72205e-07
    endloop
  endfacet
  facet normal -0 0 -1
    outer loop
      vertex 99.2441 21.7846 -5.72205e-07
      vertex 87.48 3 -5.72205e-07
      vertex 99.23 22 -5.72205e-07
    endloop
  endfacet
  facet normal 0 0 -1
    outer loop
      vertex 99.2862 95.1329 -5.72205e-07
      vertex 87.48 114.56 -5.72205e-07
      vertex 99.2441 95.3446 -5.72205e-07
    endloop
  endfacet
  facet normal 0 0 -1
    outer loop
      vertex 99.2441 95.3446 -5.72205e-07
      vertex 87.48 114.56 -5.72205e-07
      vertex 99.23 95.56 -5.72205e-07
    endloop
  endfacet
  facet normal 0 0 -1
    outer loop
      vertex 104.88 112.56 -5.72205e-07
      vertex 99.88 117.56 -5.72205e-07
      vertex 104.837 113.213 -5.72205e-07
    endloop
  endfacet
  facet normal 0 0 -1
    outer loop
      vertex 87.48 117.06 -5.72205e-07
      vertex 99.88 117.56 -5.72205e-07
      vertex 87.48 114.56 -5.72205e-07
    endloop
  endfacet
  facet normal -0 0 -1
    outer loop
      vertex 99.88 117.56 -5.72205e-07
      vertex 87.48 117.06 -5.72205e-07
      vertex 87.48 117.56 -5.72205e-07
    endloop
  endfacet
  facet normal -1 0 0
    outer loop
      vertex 87.48 -12 -5.72205e-07
      vertex 87.48 0.5 5
      vertex 87.48 0.5 -5.72205e-07
    endloop
  endfacet
  facet normal -1 -0 0
    outer loop
      vertex 87.48 0.5 5
      vertex 87.48 -12 -5.72205e-07
      vertex 87.48 -12 5
    endloop
  endfacet
  facet normal -1 0 0
    outer loop
      vertex 87.48 117.06 -5.72205e-07
      vertex 87.48 117.56 5
      vertex 87.48 117.56 -5.72205e-07
    endloop
  endfacet
  facet normal -1 -0 0
    outer loop
      vertex 87.48 117.56 5
      vertex 87.48 117.06 -5.72205e-07
      vertex 87.48 117.06 5
    endloop
  endfacet
  facet normal -1 0 0
    outer loop
      vertex 87.48 114.56 -5.72205e-07
      vertex 87.48 98.2332 11
      vertex 87.48 114.56 22.2
    endloop
  endfacet
  facet normal -1 0 0
    outer loop
      vertex 87.48 114.56 -5.72205e-07
      vertex 87.48 96.6166 8.2
      vertex 87.48 98.2332 11
    endloop
  endfacet
  facet normal -1 0 0
    outer loop
      vertex 87.48 114.56 -5.72205e-07
      vertex 87.48 93.3834 8.2
      vertex 87.48 96.6166 8.2
    endloop
  endfacet
  facet normal -1 -0 0
    outer loop
      vertex 87.48 93.3834 8.2
      vertex 87.48 3 -5.72205e-07
      vertex 87.48 91.7668 11
    endloop
  endfacet
  facet normal -1 0 0
    outer loop
      vertex 87.48 3 -5.72205e-07
      vertex 87.48 93.3834 8.2
      vertex 87.48 114.56 -5.72205e-07
    endloop
  endfacet
  facet normal -1 0 0
    outer loop
      vertex 87.48 96.6166 13.8
      vertex 87.48 114.56 22.2
      vertex 87.48 98.2332 11
    endloop
  endfacet
  facet normal -1 0 0
    outer loop
      vertex 87.48 93.3834 13.8
      vertex 87.48 114.56 22.2
      vertex 87.48 96.6166 13.8
    endloop
  endfacet
  facet normal -1 0 0
    outer loop
      vertex 87.48 3 22.2
      vertex 87.48 91.7668 11
      vertex 87.48 3 -5.72205e-07
    endloop
  endfacet
  facet normal -1 0 0
    outer loop
      vertex 87.48 91.7668 11
      vertex 87.48 3 22.2
      vertex 87.48 93.3834 13.8
    endloop
  endfacet
  facet normal -1 0 0
    outer loop
      vertex 87.48 93.3834 13.8
      vertex 87.48 3 22.2
      vertex 87.48 114.56 22.2
    endloop
  endfacet
  facet normal 0 -1 0
    outer loop
      vertex 87.48 -12 -5.72205e-07
      vertex 99.88 -12 5
      vertex 87.48 -12 5
    endloop
  endfacet
  facet normal 0 -1 -0
    outer loop
      vertex 99.88 -12 5
      vertex 87.48 -12 -5.72205e-07
      vertex 99.88 -12 -5.72205e-07
    endloop
  endfacet
  facet normal 0.321546 -0.946894 0
    outer loop
      vertex 101.174 -11.8296 -5.72205e-07
      vertex 101.793 -11.6194 5
      vertex 101.174 -11.8296 5
    endloop
  endfacet
  facet normal 0.321546 -0.946894 0
    outer loop
      vertex 101.793 -11.6194 5
      vertex 101.174 -11.8296 -5.72205e-07
      vertex 101.793 -11.6194 -5.72205e-07
    endloop
  endfacet
  facet normal 0.997839 0.0657076 0
    outer loop
      vertex 104.88 112.56 5
      vertex 104.837 113.213 -5.72205e-07
      vertex 104.837 113.213 5
    endloop
  endfacet
  facet normal 0.997839 0.0657076 0
    outer loop
      vertex 104.837 113.213 -5.72205e-07
      vertex 104.88 112.56 5
      vertex 104.88 112.56 -5.72205e-07
    endloop
  endfacet
  facet normal 0.195233 -0.980757 0
    outer loop
      vertex 100.533 -11.9572 -5.72205e-07
      vertex 101.174 -11.8296 5
      vertex 100.533 -11.9572 5
    endloop
  endfacet
  facet normal 0.195233 -0.980757 0
    outer loop
      vertex 101.174 -11.8296 5
      vertex 100.533 -11.9572 -5.72205e-07
      vertex 101.174 -11.8296 -5.72205e-07
    endloop
  endfacet
  facet normal 0.0657076 0.997839 -0
    outer loop
      vertex 100.533 117.517 -5.72205e-07
      vertex 99.88 117.56 5
      vertex 100.533 117.517 5
    endloop
  endfacet
  facet normal 0.0657076 0.997839 0
    outer loop
      vertex 99.88 117.56 5
      vertex 100.533 117.517 -5.72205e-07
      vertex 99.88 117.56 -5.72205e-07
    endloop
  endfacet
  facet normal 0.0654033 -0.997859 0
    outer loop
      vertex 99.88 -12 -5.72205e-07
      vertex 100.533 -11.9572 5
      vertex 99.88 -12 5
    endloop
  endfacet
  facet normal 0.0654033 -0.997859 0
    outer loop
      vertex 100.533 -11.9572 5
      vertex 99.88 -12 -5.72205e-07
      vertex 100.533 -11.9572 -5.72205e-07
    endloop
  endfacet
  facet normal 1 -0 0
    outer loop
      vertex 104.88 -7 5
      vertex 104.88 112.56 -5.72205e-07
      vertex 104.88 112.56 5
    endloop
  endfacet
  facet normal 1 0 0
    outer loop
      vertex 104.88 112.56 -5.72205e-07
      vertex 104.88 -7 5
      vertex 104.88 -7 -5.72205e-07
    endloop
  endfacet
  facet normal 0.831815 0.555053 0
    outer loop
      vertex 104.21 115.06 5
      vertex 103.847 115.604 -5.72205e-07
      vertex 103.847 115.604 5
    endloop
  endfacet
  facet normal 0.831815 0.555053 0
    outer loop
      vertex 103.847 115.604 -5.72205e-07
      vertex 104.21 115.06 5
      vertex 104.21 115.06 -5.72205e-07
    endloop
  endfacet
  facet normal 0.322643 0.946521 -0
    outer loop
      vertex 101.793 117.179 -5.72205e-07
      vertex 101.174 117.39 5
      vertex 101.793 117.179 5
    endloop
  endfacet
  facet normal 0.322643 0.946521 0
    outer loop
      vertex 101.174 117.39 5
      vertex 101.793 117.179 -5.72205e-07
      vertex 101.174 117.39 -5.72205e-07
    endloop
  endfacet
  facet normal 0.555053 0.831815 -0
    outer loop
      vertex 102.924 116.527 -5.72205e-07
      vertex 102.38 116.89 5
      vertex 102.924 116.527 5
    endloop
  endfacet
  facet normal 0.555053 0.831815 0
    outer loop
      vertex 102.38 116.89 5
      vertex 102.924 116.527 -5.72205e-07
      vertex 102.38 116.89 -5.72205e-07
    endloop
  endfacet
  facet normal 0.980959 -0.194213 0
    outer loop
      vertex 104.71 -8.2941 5
      vertex 104.837 -7.65263 -5.72205e-07
      vertex 104.837 -7.65263 5
    endloop
  endfacet
  facet normal 0.980959 -0.194213 0
    outer loop
      vertex 104.837 -7.65263 -5.72205e-07
      vertex 104.71 -8.2941 5
      vertex 104.71 -8.2941 -5.72205e-07
    endloop
  endfacet
  facet normal 0 1 -0
    outer loop
      vertex 99.88 117.56 -5.72205e-07
      vertex 87.48 117.56 5
      vertex 99.88 117.56 5
    endloop
  endfacet
  facet normal 0 1 0
    outer loop
      vertex 87.48 117.56 5
      vertex 99.88 117.56 -5.72205e-07
      vertex 87.48 117.56 -5.72205e-07
    endloop
  endfacet
  facet normal 0.19435 0.980932 -0
    outer loop
      vertex 101.174 117.39 -5.72205e-07
      vertex 100.533 117.517 5
      vertex 101.174 117.39 5
    endloop
  endfacet
  facet normal 0.19435 0.980932 0
    outer loop
      vertex 100.533 117.517 5
      vertex 101.174 117.39 -5.72205e-07
      vertex 100.533 117.517 -5.72205e-07
    endloop
  endfacet
  facet normal 0.55537 -0.831603 0
    outer loop
      vertex 102.38 -11.3301 -5.72205e-07
      vertex 102.924 -10.9668 5
      vertex 102.38 -11.3301 5
    endloop
  endfacet
  facet normal 0.55537 -0.831603 0
    outer loop
      vertex 102.924 -10.9668 5
      vertex 102.38 -11.3301 -5.72205e-07
      vertex 102.924 -10.9668 -5.72205e-07
    endloop
  endfacet
  facet normal 0.441703 0.897161 -0
    outer loop
      vertex 102.38 116.89 -5.72205e-07
      vertex 101.793 117.179 5
      vertex 102.38 116.89 5
    endloop
  endfacet
  facet normal 0.441703 0.897161 0
    outer loop
      vertex 101.793 117.179 5
      vertex 102.38 116.89 -5.72205e-07
      vertex 101.793 117.179 -5.72205e-07
    endloop
  endfacet
  facet normal 0.946521 0.322643 0
    outer loop
      vertex 104.71 113.854 5
      vertex 104.499 114.473 -5.72205e-07
      vertex 104.499 114.473 5
    endloop
  endfacet
  facet normal 0.946521 0.322643 0
    outer loop
      vertex 104.499 114.473 -5.72205e-07
      vertex 104.71 113.854 5
      vertex 104.71 113.854 -5.72205e-07
    endloop
  endfacet
  facet normal 0.751998 -0.659165 0
    outer loop
      vertex 103.416 -10.5355 5
      vertex 103.847 -10.0438 -5.72205e-07
      vertex 103.847 -10.0438 5
    endloop
  endfacet
  facet normal 0.751998 -0.659165 0
    outer loop
      vertex 103.847 -10.0438 -5.72205e-07
      vertex 103.416 -10.5355 5
      vertex 103.416 -10.5355 -5.72205e-07
    endloop
  endfacet
  facet normal 0.659197 -0.75197 0
    outer loop
      vertex 102.924 -10.9668 -5.72205e-07
      vertex 103.416 -10.5355 5
      vertex 102.924 -10.9668 5
    endloop
  endfacet
  facet normal 0.659197 -0.75197 0
    outer loop
      vertex 103.416 -10.5355 5
      vertex 102.924 -10.9668 -5.72205e-07
      vertex 103.416 -10.5355 -5.72205e-07
    endloop
  endfacet
  facet normal 0.752198 0.658937 0
    outer loop
      vertex 103.847 115.604 5
      vertex 103.416 116.096 -5.72205e-07
      vertex 103.416 116.096 5
    endloop
  endfacet
  facet normal 0.752198 0.658937 0
    outer loop
      vertex 103.416 116.096 -5.72205e-07
      vertex 103.847 115.604 5
      vertex 103.847 115.604 -5.72205e-07
    endloop
  endfacet
  facet normal 0.946572 -0.322493 0
    outer loop
      vertex 104.499 -8.91342 5
      vertex 104.71 -8.2941 -5.72205e-07
      vertex 104.71 -8.2941 5
    endloop
  endfacet
  facet normal 0.946572 -0.322493 0
    outer loop
      vertex 104.71 -8.2941 -5.72205e-07
      vertex 104.499 -8.91342 5
      vertex 104.499 -8.91342 -5.72205e-07
    endloop
  endfacet
  facet normal 0.658937 0.752198 -0
    outer loop
      vertex 103.416 116.096 -5.72205e-07
      vertex 102.924 116.527 5
      vertex 103.416 116.096 5
    endloop
  endfacet
  facet normal 0.658937 0.752198 0
    outer loop
      vertex 102.924 116.527 5
      vertex 103.416 116.096 -5.72205e-07
      vertex 102.924 116.527 -5.72205e-07
    endloop
  endfacet
  facet normal 0.897161 0.441703 0
    outer loop
      vertex 104.499 114.473 5
      vertex 104.21 115.06 -5.72205e-07
      vertex 104.21 115.06 5
    endloop
  endfacet
  facet normal 0.897161 0.441703 0
    outer loop
      vertex 104.21 115.06 -5.72205e-07
      vertex 104.499 114.473 5
      vertex 104.499 114.473 -5.72205e-07
    endloop
  endfacet
  facet normal 0.980932 0.19435 0
    outer loop
      vertex 104.837 113.213 5
      vertex 104.71 113.854 -5.72205e-07
      vertex 104.71 113.854 5
    endloop
  endfacet
  facet normal 0.980932 0.19435 0
    outer loop
      vertex 104.71 113.854 -5.72205e-07
      vertex 104.837 113.213 5
      vertex 104.837 113.213 -5.72205e-07
    endloop
  endfacet
  facet normal 0.997836 -0.0657447 0
    outer loop
      vertex 104.837 -7.65263 5
      vertex 104.88 -7 -5.72205e-07
      vertex 104.88 -7 5
    endloop
  endfacet
  facet normal 0.997836 -0.0657447 0
    outer loop
      vertex 104.88 -7 -5.72205e-07
      vertex 104.837 -7.65263 5
      vertex 104.837 -7.65263 -5.72205e-07
    endloop
  endfacet
  facet normal 0.831721 -0.555194 0
    outer loop
      vertex 103.847 -10.0438 5
      vertex 104.21 -9.5 -5.72205e-07
      vertex 104.21 -9.5 5
    endloop
  endfacet
  facet normal 0.831721 -0.555194 0
    outer loop
      vertex 104.21 -9.5 -5.72205e-07
      vertex 103.847 -10.0438 5
      vertex 103.847 -10.0438 -5.72205e-07
    endloop
  endfacet
  facet normal 0.897036 -0.441957 0
    outer loop
      vertex 104.21 -9.5 5
      vertex 104.499 -8.91342 -5.72205e-07
      vertex 104.499 -8.91342 5
    endloop
  endfacet
  facet normal 0.897036 -0.441957 0
    outer loop
      vertex 104.499 -8.91342 -5.72205e-07
      vertex 104.21 -9.5 5
      vertex 104.21 -9.5 -5.72205e-07
    endloop
  endfacet
  facet normal 0.442072 -0.89698 0
    outer loop
      vertex 101.793 -11.6194 -5.72205e-07
      vertex 102.38 -11.3301 5
      vertex 101.793 -11.6194 5
    endloop
  endfacet
  facet normal 0.442072 -0.89698 0
    outer loop
      vertex 102.38 -11.3301 5
      vertex 101.793 -11.6194 -5.72205e-07
      vertex 102.38 -11.3301 -5.72205e-07
    endloop
  endfacet
  facet normal 1 0 0
    outer loop
      vertex 90.88 117.06 22.2
      vertex 90.88 104 5.01
      vertex 90.88 117.06 5
    endloop
  endfacet
  facet normal 1 0 0
    outer loop
      vertex 90.88 117.06 22.2
      vertex 90.88 99.3301 13.5
      vertex 90.88 104 5.01
    endloop
  endfacet
  facet normal 1 0 0
    outer loop
      vertex 90.88 117.06 22.2
      vertex 90.88 98.9668 14.0438
      vertex 90.88 99.3301 13.5
    endloop
  endfacet
  facet normal 1 0 0
    outer loop
      vertex 90.88 117.06 22.2
      vertex 90.88 98.5355 14.5355
      vertex 90.88 98.9668 14.0438
    endloop
  endfacet
  facet normal 1 0 0
    outer loop
      vertex 90.88 117.06 22.2
      vertex 90.88 98.0438 14.9668
      vertex 90.88 98.5355 14.5355
    endloop
  endfacet
  facet normal 1 0 0
    outer loop
      vertex 90.88 117.06 22.2
      vertex 90.88 97.5 15.3301
      vertex 90.88 98.0438 14.9668
    endloop
  endfacet
  facet normal 1 0 0
    outer loop
      vertex 90.88 117.06 22.2
      vertex 90.88 96.9134 15.6194
      vertex 90.88 97.5 15.3301
    endloop
  endfacet
  facet normal 1 0 0
    outer loop
      vertex 90.88 117.06 22.2
      vertex 90.88 96.2941 15.8296
      vertex 90.88 96.9134 15.6194
    endloop
  endfacet
  facet normal 1 0 0
    outer loop
      vertex 90.88 117.06 22.2
      vertex 90.88 95.6526 15.9572
      vertex 90.88 96.2941 15.8296
    endloop
  endfacet
  facet normal 1 0 0
    outer loop
      vertex 90.88 117.06 22.2
      vertex 90.88 95 16
      vertex 90.88 95.6526 15.9572
    endloop
  endfacet
  facet normal 1 0 0
    outer loop
      vertex 90.88 117.06 22.2
      vertex 90.88 94.3474 15.9572
      vertex 90.88 95 16
    endloop
  endfacet
  facet normal 1 0 0
    outer loop
      vertex 90.88 117.06 22.2
      vertex 90.88 93.7059 15.8296
      vertex 90.88 94.3474 15.9572
    endloop
  endfacet
  facet normal 1 -0 0
    outer loop
      vertex 90.88 0.5 22.2
      vertex 90.88 93.7059 15.8296
      vertex 90.88 117.06 22.2
    endloop
  endfacet
  facet normal 1 0 0
    outer loop
      vertex 90.88 0.5 22.2
      vertex 90.88 93.0866 15.6194
      vertex 90.88 93.7059 15.8296
    endloop
  endfacet
  facet normal 1 0 0
    outer loop
      vertex 90.88 0.5 22.2
      vertex 90.88 92.5 15.3301
      vertex 90.88 93.0866 15.6194
    endloop
  endfacet
  facet normal 1 0 0
    outer loop
      vertex 90.88 0.5 22.2
      vertex 90.88 91.9562 14.9668
      vertex 90.88 92.5 15.3301
    endloop
  endfacet
  facet normal 1 0 0
    outer loop
      vertex 90.88 0.5 22.2
      vertex 90.88 91.4645 14.5355
      vertex 90.88 91.9562 14.9668
    endloop
  endfacet
  facet normal 1 0 0
    outer loop
      vertex 90.88 0.5 22.2
      vertex 90.88 91.0332 14.0438
      vertex 90.88 91.4645 14.5355
    endloop
  endfacet
  facet normal 1 0 0
    outer loop
      vertex 90.88 0.5 22.2
      vertex 90.88 90.6699 13.5
      vertex 90.88 91.0332 14.0438
    endloop
  endfacet
  facet normal 1 0 0
    outer loop
      vertex 90.88 0.5 22.2
      vertex 90.88 86 5.01
      vertex 90.88 90.6699 13.5
    endloop
  endfacet
  facet normal 1 0 0
    outer loop
      vertex 90.88 0.5 5
      vertex 90.88 86 5.01
      vertex 90.88 0.5 22.2
    endloop
  endfacet
  facet normal 1 0 0
    outer loop
      vertex 90.88 86 5.01
      vertex 90.88 0.5 5
      vertex 90.88 86 5
    endloop
  endfacet
  facet normal 1 0 0
    outer loop
      vertex 90.88 117.06 5
      vertex 90.88 104 5.01
      vertex 90.88 104 5
    endloop
  endfacet
  facet normal -0 0 1
    outer loop
      vertex -58.696 4.59941 22.2
      vertex -55.5 3 22.2
      vertex -55.5 8 22.2
    endloop
  endfacet
  facet normal 0 0 1
    outer loop
      vertex -55.5 3 22.2
      vertex -58.6615 4.42621 22.2
      vertex -58.65 4.25 22.2
    endloop
  endfacet
  facet normal 0 0 1
    outer loop
      vertex -55.5 3 22.2
      vertex -58.696 4.59941 22.2
      vertex -58.6615 4.42621 22.2
    endloop
  endfacet
  facet normal 0 0 1
    outer loop
      vertex -55.5 8 22.2
      vertex -58.7528 4.76662 22.2
      vertex -58.696 4.59941 22.2
    endloop
  endfacet
  facet normal 0 0 1
    outer loop
      vertex -55.5 8 22.2
      vertex -58.8309 4.925 22.2
      vertex -58.7528 4.76662 22.2
    endloop
  endfacet
  facet normal 0 0 1
    outer loop
      vertex -55.5 8 22.2
      vertex -58.929 5.07183 22.2
      vertex -58.8309 4.925 22.2
    endloop
  endfacet
  facet normal 0 0 1
    outer loop
      vertex -55.5 8 22.2
      vertex -59.0454 5.20459 22.2
      vertex -58.929 5.07183 22.2
    endloop
  endfacet
  facet normal 0 0 1
    outer loop
      vertex -55.5 8 22.2
      vertex -59.1782 5.32103 22.2
      vertex -59.0454 5.20459 22.2
    endloop
  endfacet
  facet normal 0 0 1
    outer loop
      vertex -55.5 8 22.2
      vertex -59.325 5.41913 22.2
      vertex -59.1782 5.32103 22.2
    endloop
  endfacet
  facet normal 0 0 1
    outer loop
      vertex -55.5 8 22.2
      vertex -59.4834 5.49724 22.2
      vertex -59.325 5.41913 22.2
    endloop
  endfacet
  facet normal 0 0 1
    outer loop
      vertex -55.5 8 22.2
      vertex -59.6506 5.554 22.2
      vertex -59.4834 5.49724 22.2
    endloop
  endfacet
  facet normal 0 0 1
    outer loop
      vertex -55.5 8 22.2
      vertex -59.8238 5.58845 22.2
      vertex -59.6506 5.554 22.2
    endloop
  endfacet
  facet normal 0 0 1
    outer loop
      vertex -55.5 8 22.2
      vertex -60 5.6 22.2
      vertex -59.8238 5.58845 22.2
    endloop
  endfacet
  facet normal -0 0 1
    outer loop
      vertex -64.5 8 22.2
      vertex -60 5.6 22.2
      vertex -55.5 8 22.2
    endloop
  endfacet
  facet normal 0 0 1
    outer loop
      vertex -60 5.6 22.2
      vertex -64.5 8 22.2
      vertex -60.1762 5.58845 22.2
    endloop
  endfacet
  facet normal 0 0 1
    outer loop
      vertex -60.1762 5.58845 22.2
      vertex -64.5 8 22.2
      vertex -60.3494 5.554 22.2
    endloop
  endfacet
  facet normal 0 0 1
    outer loop
      vertex -60.3494 5.554 22.2
      vertex -64.5 8 22.2
      vertex -60.5166 5.49724 22.2
    endloop
  endfacet
  facet normal 0 0 1
    outer loop
      vertex -61.304 4.59941 22.2
      vertex -64.5 3 22.2
      vertex -61.3385 4.42621 22.2
    endloop
  endfacet
  facet normal 0 0 1
    outer loop
      vertex -64.5 3 22.2
      vertex -61.304 4.59941 22.2
      vertex -64.5 8 22.2
    endloop
  endfacet
  facet normal 0 0 1
    outer loop
      vertex -61.2472 4.76662 22.2
      vertex -64.5 8 22.2
      vertex -61.304 4.59941 22.2
    endloop
  endfacet
  facet normal 0 0 1
    outer loop
      vertex -61.1691 4.925 22.2
      vertex -64.5 8 22.2
      vertex -61.2472 4.76662 22.2
    endloop
  endfacet
  facet normal 0 0 1
    outer loop
      vertex -61.071 5.07183 22.2
      vertex -64.5 8 22.2
      vertex -61.1691 4.925 22.2
    endloop
  endfacet
  facet normal 0 0 1
    outer loop
      vertex -60.9546 5.20459 22.2
      vertex -64.5 8 22.2
      vertex -61.071 5.07183 22.2
    endloop
  endfacet
  facet normal 0 0 1
    outer loop
      vertex -60.8218 5.32103 22.2
      vertex -64.5 8 22.2
      vertex -60.9546 5.20459 22.2
    endloop
  endfacet
  facet normal 0 0 1
    outer loop
      vertex -60.675 5.41913 22.2
      vertex -64.5 8 22.2
      vertex -60.8218 5.32103 22.2
    endloop
  endfacet
  facet normal 0 0 1
    outer loop
      vertex -60.5166 5.49724 22.2
      vertex -64.5 8 22.2
      vertex -60.675 5.41913 22.2
    endloop
  endfacet
  facet normal 0 0 1
    outer loop
      vertex -58.696 112.961 22.2
      vertex -55.5 114.56 22.2
      vertex -58.6615 113.134 22.2
    endloop
  endfacet
  facet normal 0 0 1
    outer loop
      vertex -55.5 114.56 22.2
      vertex -58.696 112.961 22.2
      vertex -55.5 109.56 22.2
    endloop
  endfacet
  facet normal -0 0 1
    outer loop
      vertex -58.7528 112.793 22.2
      vertex -55.5 109.56 22.2
      vertex -58.696 112.961 22.2
    endloop
  endfacet
  facet normal -0 0 1
    outer loop
      vertex -58.8309 112.635 22.2
      vertex -55.5 109.56 22.2
      vertex -58.7528 112.793 22.2
    endloop
  endfacet
  facet normal -0 0 1
    outer loop
      vertex -58.929 112.488 22.2
      vertex -55.5 109.56 22.2
      vertex -58.8309 112.635 22.2
    endloop
  endfacet
  facet normal -0 0 1
    outer loop
      vertex -59.0454 112.355 22.2
      vertex -55.5 109.56 22.2
      vertex -58.929 112.488 22.2
    endloop
  endfacet
  facet normal -0 0 1
    outer loop
      vertex -59.1782 112.239 22.2
      vertex -55.5 109.56 22.2
      vertex -59.0454 112.355 22.2
    endloop
  endfacet
  facet normal -0 0 1
    outer loop
      vertex -59.325 112.141 22.2
      vertex -55.5 109.56 22.2
      vertex -59.1782 112.239 22.2
    endloop
  endfacet
  facet normal -0 0 1
    outer loop
      vertex -59.4834 112.063 22.2
      vertex -55.5 109.56 22.2
      vertex -59.325 112.141 22.2
    endloop
  endfacet
  facet normal -0 0 1
    outer loop
      vertex -59.6506 112.006 22.2
      vertex -55.5 109.56 22.2
      vertex -59.4834 112.063 22.2
    endloop
  endfacet
  facet normal -0 0 1
    outer loop
      vertex -59.8238 111.972 22.2
      vertex -55.5 109.56 22.2
      vertex -59.6506 112.006 22.2
    endloop
  endfacet
  facet normal -0 0 1
    outer loop
      vertex -60 111.96 22.2
      vertex -55.5 109.56 22.2
      vertex -59.8238 111.972 22.2
    endloop
  endfacet
  facet normal 0 0 1
    outer loop
      vertex -64.5 109.56 22.2
      vertex -60 111.96 22.2
      vertex -60.1762 111.972 22.2
    endloop
  endfacet
  facet normal 0 0 1
    outer loop
      vertex -64.5 109.56 22.2
      vertex -60.1762 111.972 22.2
      vertex -60.3494 112.006 22.2
    endloop
  endfacet
  facet normal 0 0 1
    outer loop
      vertex -64.5 109.56 22.2
      vertex -60.3494 112.006 22.2
      vertex -60.5166 112.063 22.2
    endloop
  endfacet
  facet normal 0 0 1
    outer loop
      vertex -64.5 109.56 22.2
      vertex -60.5166 112.063 22.2
      vertex -60.675 112.141 22.2
    endloop
  endfacet
  facet normal 0 0 1
    outer loop
      vertex -64.5 114.56 22.2
      vertex -61.3385 113.134 22.2
      vertex -61.35 113.31 22.2
    endloop
  endfacet
  facet normal 0 0 1
    outer loop
      vertex -64.5 114.56 22.2
      vertex -61.304 112.961 22.2
      vertex -61.3385 113.134 22.2
    endloop
  endfacet
  facet normal 0 0 1
    outer loop
      vertex -64.5 114.56 22.2
      vertex -61.2472 112.793 22.2
      vertex -61.304 112.961 22.2
    endloop
  endfacet
  facet normal 0 0 1
    outer loop
      vertex -64.5 109.56 22.2
      vertex -61.2472 112.793 22.2
      vertex -64.5 114.56 22.2
    endloop
  endfacet
  facet normal 0 0 1
    outer loop
      vertex -61.2472 112.793 22.2
      vertex -64.5 109.56 22.2
      vertex -61.1691 112.635 22.2
    endloop
  endfacet
  facet normal 0 0 1
    outer loop
      vertex -61.1691 112.635 22.2
      vertex -64.5 109.56 22.2
      vertex -61.071 112.488 22.2
    endloop
  endfacet
  facet normal 0 0 1
    outer loop
      vertex -61.071 112.488 22.2
      vertex -64.5 109.56 22.2
      vertex -60.9546 112.355 22.2
    endloop
  endfacet
  facet normal 0 0 1
    outer loop
      vertex -60.9546 112.355 22.2
      vertex -64.5 109.56 22.2
      vertex -60.8218 112.239 22.2
    endloop
  endfacet
  facet normal 0 0 1
    outer loop
      vertex -60 111.96 22.2
      vertex -64.5 109.56 22.2
      vertex -55.5 109.56 22.2
    endloop
  endfacet
  facet normal 0 0 1
    outer loop
      vertex -60.8218 112.239 22.2
      vertex -64.5 109.56 22.2
      vertex -60.675 112.141 22.2
    endloop
  endfacet
  facet normal -0 0 1
    outer loop
      vertex 61.304 4.59941 22.2
      vertex 64.5 3 22.2
      vertex 64.5 8 22.2
    endloop
  endfacet
  facet normal 0 0 1
    outer loop
      vertex 64.5 3 22.2
      vertex 61.3385 4.42621 22.2
      vertex 61.35 4.25 22.2
    endloop
  endfacet
  facet normal 0 0 1
    outer loop
      vertex 64.5 3 22.2
      vertex 61.304 4.59941 22.2
      vertex 61.3385 4.42621 22.2
    endloop
  endfacet
  facet normal 0 0 1
    outer loop
      vertex 64.5 8 22.2
      vertex 61.2472 4.76662 22.2
      vertex 61.304 4.59941 22.2
    endloop
  endfacet
  facet normal 0 0 1
    outer loop
      vertex 64.5 8 22.2
      vertex 61.1691 4.925 22.2
      vertex 61.2472 4.76662 22.2
    endloop
  endfacet
  facet normal 0 0 1
    outer loop
      vertex 64.5 8 22.2
      vertex 61.071 5.07183 22.2
      vertex 61.1691 4.925 22.2
    endloop
  endfacet
  facet normal 0 0 1
    outer loop
      vertex 64.5 8 22.2
      vertex 60.9546 5.20459 22.2
      vertex 61.071 5.07183 22.2
    endloop
  endfacet
  facet normal 0 0 1
    outer loop
      vertex 64.5 8 22.2
      vertex 60.8218 5.32103 22.2
      vertex 60.9546 5.20459 22.2
    endloop
  endfacet
  facet normal 0 0 1
    outer loop
      vertex 64.5 8 22.2
      vertex 60.675 5.41913 22.2
      vertex 60.8218 5.32103 22.2
    endloop
  endfacet
  facet normal 0 0 1
    outer loop
      vertex 64.5 8 22.2
      vertex 60.5166 5.49724 22.2
      vertex 60.675 5.41913 22.2
    endloop
  endfacet
  facet normal 0 0 1
    outer loop
      vertex 64.5 8 22.2
      vertex 60.3494 5.554 22.2
      vertex 60.5166 5.49724 22.2
    endloop
  endfacet
  facet normal 0 0 1
    outer loop
      vertex 64.5 8 22.2
      vertex 60.1762 5.58845 22.2
      vertex 60.3494 5.554 22.2
    endloop
  endfacet
  facet normal 0 0 1
    outer loop
      vertex 64.5 8 22.2
      vertex 60 5.6 22.2
      vertex 60.1762 5.58845 22.2
    endloop
  endfacet
  facet normal -0 0 1
    outer loop
      vertex 55.5 8 22.2
      vertex 60 5.6 22.2
      vertex 64.5 8 22.2
    endloop
  endfacet
  facet normal 0 0 1
    outer loop
      vertex 60 5.6 22.2
      vertex 55.5 8 22.2
      vertex 59.8238 5.58845 22.2
    endloop
  endfacet
  facet normal 0 0 1
    outer loop
      vertex 59.8238 5.58845 22.2
      vertex 55.5 8 22.2
      vertex 59.6506 5.554 22.2
    endloop
  endfacet
  facet normal 0 0 1
    outer loop
      vertex 59.6506 5.554 22.2
      vertex 55.5 8 22.2
      vertex 59.4834 5.49724 22.2
    endloop
  endfacet
  facet normal 0 0 1
    outer loop
      vertex 58.696 4.59941 22.2
      vertex 55.5 3 22.2
      vertex 58.6615 4.42621 22.2
    endloop
  endfacet
  facet normal 0 0 1
    outer loop
      vertex 55.5 3 22.2
      vertex 58.696 4.59941 22.2
      vertex 55.5 8 22.2
    endloop
  endfacet
  facet normal 0 0 1
    outer loop
      vertex 58.7528 4.76662 22.2
      vertex 55.5 8 22.2
      vertex 58.696 4.59941 22.2
    endloop
  endfacet
  facet normal 0 0 1
    outer loop
      vertex 58.8309 4.925 22.2
      vertex 55.5 8 22.2
      vertex 58.7528 4.76662 22.2
    endloop
  endfacet
  facet normal 0 0 1
    outer loop
      vertex 58.929 5.07183 22.2
      vertex 55.5 8 22.2
      vertex 58.8309 4.925 22.2
    endloop
  endfacet
  facet normal 0 0 1
    outer loop
      vertex 59.0454 5.20459 22.2
      vertex 55.5 8 22.2
      vertex 58.929 5.07183 22.2
    endloop
  endfacet
  facet normal 0 0 1
    outer loop
      vertex 59.1782 5.32103 22.2
      vertex 55.5 8 22.2
      vertex 59.0454 5.20459 22.2
    endloop
  endfacet
  facet normal 0 0 1
    outer loop
      vertex 59.325 5.41913 22.2
      vertex 55.5 8 22.2
      vertex 59.1782 5.32103 22.2
    endloop
  endfacet
  facet normal 0 0 1
    outer loop
      vertex 59.4834 5.49724 22.2
      vertex 55.5 8 22.2
      vertex 59.325 5.41913 22.2
    endloop
  endfacet
  facet normal 0 0 1
    outer loop
      vertex 90.88 117.06 22.2
      vertex 87.48 114.56 22.2
      vertex 90.88 0.5 22.2
    endloop
  endfacet
  facet normal 0 0 1
    outer loop
      vertex 90.88 117.06 22.2
      vertex 64.5 114.56 22.2
      vertex 87.48 114.56 22.2
    endloop
  endfacet
  facet normal 0 0 1
    outer loop
      vertex 61.3385 113.134 22.2
      vertex 64.5 114.56 22.2
      vertex 61.35 113.31 22.2
    endloop
  endfacet
  facet normal 0 0 1
    outer loop
      vertex 64.5 114.56 22.2
      vertex 61.3385 113.486 22.2
      vertex 61.35 113.31 22.2
    endloop
  endfacet
  facet normal 0 0 1
    outer loop
      vertex 64.5 114.56 22.2
      vertex 61.304 113.659 22.2
      vertex 61.3385 113.486 22.2
    endloop
  endfacet
  facet normal 0 0 1
    outer loop
      vertex 64.5 114.56 22.2
      vertex 61.2472 113.827 22.2
      vertex 61.304 113.659 22.2
    endloop
  endfacet
  facet normal 0 0 1
    outer loop
      vertex 64.5 114.56 22.2
      vertex 61.1691 113.985 22.2
      vertex 61.2472 113.827 22.2
    endloop
  endfacet
  facet normal 0 0 1
    outer loop
      vertex 64.5 114.56 22.2
      vertex 61.071 114.132 22.2
      vertex 61.1691 113.985 22.2
    endloop
  endfacet
  facet normal 0 0 1
    outer loop
      vertex 64.5 114.56 22.2
      vertex 60.9546 114.265 22.2
      vertex 61.071 114.132 22.2
    endloop
  endfacet
  facet normal -0 0 1
    outer loop
      vertex 60 114.66 22.2
      vertex 64.5 114.56 22.2
      vertex 90.88 117.06 22.2
    endloop
  endfacet
  facet normal 0 0 1
    outer loop
      vertex 64.5 114.56 22.2
      vertex 60.8218 114.381 22.2
      vertex 60.9546 114.265 22.2
    endloop
  endfacet
  facet normal 0 0 1
    outer loop
      vertex 64.5 114.56 22.2
      vertex 60.675 114.479 22.2
      vertex 60.8218 114.381 22.2
    endloop
  endfacet
  facet normal 0 0 1
    outer loop
      vertex 64.5 114.56 22.2
      vertex 60.5166 114.557 22.2
      vertex 60.675 114.479 22.2
    endloop
  endfacet
  facet normal 0 0 1
    outer loop
      vertex 64.5 114.56 22.2
      vertex 60.3494 114.614 22.2
      vertex 60.5166 114.557 22.2
    endloop
  endfacet
  facet normal 0 0 1
    outer loop
      vertex 64.5 114.56 22.2
      vertex 60.1762 114.648 22.2
      vertex 60.3494 114.614 22.2
    endloop
  endfacet
  facet normal 0 0 1
    outer loop
      vertex 64.5 114.56 22.2
      vertex 60 114.66 22.2
      vertex 60.1762 114.648 22.2
    endloop
  endfacet
  facet normal 0 0 1
    outer loop
      vertex 55.5 114.56 22.2
      vertex 60 114.66 22.2
      vertex 90.88 117.06 22.2
    endloop
  endfacet
  facet normal 0 0 1
    outer loop
      vertex 58.6615 113.486 22.2
      vertex 55.5 114.56 22.2
      vertex 58.65 113.31 22.2
    endloop
  endfacet
  facet normal 0 0 1
    outer loop
      vertex 58.696 113.659 22.2
      vertex 55.5 114.56 22.2
      vertex 58.6615 113.486 22.2
    endloop
  endfacet
  facet normal 0 0 1
    outer loop
      vertex 58.7528 113.827 22.2
      vertex 55.5 114.56 22.2
      vertex 58.696 113.659 22.2
    endloop
  endfacet
  facet normal 0 0 1
    outer loop
      vertex 58.8309 113.985 22.2
      vertex 55.5 114.56 22.2
      vertex 58.7528 113.827 22.2
    endloop
  endfacet
  facet normal 0 0 1
    outer loop
      vertex 58.929 114.132 22.2
      vertex 55.5 114.56 22.2
      vertex 58.8309 113.985 22.2
    endloop
  endfacet
  facet normal 0 0 1
    outer loop
      vertex 59.0454 114.265 22.2
      vertex 55.5 114.56 22.2
      vertex 58.929 114.132 22.2
    endloop
  endfacet
  facet normal 0 0 1
    outer loop
      vertex 59.1782 114.381 22.2
      vertex 55.5 114.56 22.2
      vertex 59.0454 114.265 22.2
    endloop
  endfacet
  facet normal 0 0 1
    outer loop
      vertex 59.325 114.479 22.2
      vertex 55.5 114.56 22.2
      vertex 59.1782 114.381 22.2
    endloop
  endfacet
  facet normal 0 0 1
    outer loop
      vertex 59.4834 114.557 22.2
      vertex 55.5 114.56 22.2
      vertex 59.325 114.479 22.2
    endloop
  endfacet
  facet normal 0 0 1
    outer loop
      vertex 59.6506 114.614 22.2
      vertex 55.5 114.56 22.2
      vertex 59.4834 114.557 22.2
    endloop
  endfacet
  facet normal 0 0 1
    outer loop
      vertex 59.8238 114.648 22.2
      vertex 55.5 114.56 22.2
      vertex 59.6506 114.614 22.2
    endloop
  endfacet
  facet normal 0 0 1
    outer loop
      vertex 60 114.66 22.2
      vertex 55.5 114.56 22.2
      vertex 59.8238 114.648 22.2
    endloop
  endfacet
  facet normal 0 0 1
    outer loop
      vertex 90.88 117.06 22.2
      vertex -55.5 114.56 22.2
      vertex 55.5 114.56 22.2
    endloop
  endfacet
  facet normal 0 0 1
    outer loop
      vertex -58.6615 113.134 22.2
      vertex -55.5 114.56 22.2
      vertex -58.65 113.31 22.2
    endloop
  endfacet
  facet normal 0 0 1
    outer loop
      vertex -55.5 114.56 22.2
      vertex -58.6615 113.486 22.2
      vertex -58.65 113.31 22.2
    endloop
  endfacet
  facet normal 0 0 1
    outer loop
      vertex -55.5 114.56 22.2
      vertex -58.696 113.659 22.2
      vertex -58.6615 113.486 22.2
    endloop
  endfacet
  facet normal 0 0 1
    outer loop
      vertex -55.5 114.56 22.2
      vertex -58.7528 113.827 22.2
      vertex -58.696 113.659 22.2
    endloop
  endfacet
  facet normal 0 0 1
    outer loop
      vertex -55.5 114.56 22.2
      vertex -58.8309 113.985 22.2
      vertex -58.7528 113.827 22.2
    endloop
  endfacet
  facet normal 0 0 1
    outer loop
      vertex -55.5 114.56 22.2
      vertex -58.929 114.132 22.2
      vertex -58.8309 113.985 22.2
    endloop
  endfacet
  facet normal 0 0 1
    outer loop
      vertex -55.5 114.56 22.2
      vertex -59.0454 114.265 22.2
      vertex -58.929 114.132 22.2
    endloop
  endfacet
  facet normal 0 0 1
    outer loop
      vertex -55.5 114.56 22.2
      vertex -59.1782 114.381 22.2
      vertex -59.0454 114.265 22.2
    endloop
  endfacet
  facet normal 0 0 1
    outer loop
      vertex -55.5 114.56 22.2
      vertex -59.325 114.479 22.2
      vertex -59.1782 114.381 22.2
    endloop
  endfacet
  facet normal 0 0 1
    outer loop
      vertex -55.5 114.56 22.2
      vertex -59.4834 114.557 22.2
      vertex -59.325 114.479 22.2
    endloop
  endfacet
  facet normal -0 0 1
    outer loop
      vertex -90.88 117.06 22.2
      vertex -55.5 114.56 22.2
      vertex 90.88 117.06 22.2
    endloop
  endfacet
  facet normal 0 0 1
    outer loop
      vertex -55.5 114.56 22.2
      vertex -59.6506 114.614 22.2
      vertex -59.4834 114.557 22.2
    endloop
  endfacet
  facet normal 0 0 1
    outer loop
      vertex -55.5 114.56 22.2
      vertex -59.8238 114.648 22.2
      vertex -59.6506 114.614 22.2
    endloop
  endfacet
  facet normal 0 0 1
    outer loop
      vertex -55.5 114.56 22.2
      vertex -60 114.66 22.2
      vertex -59.8238 114.648 22.2
    endloop
  endfacet
  facet normal 0 0 1
    outer loop
      vertex -61.3385 113.486 22.2
      vertex -64.5 114.56 22.2
      vertex -61.35 113.31 22.2
    endloop
  endfacet
  facet normal 0 0 1
    outer loop
      vertex -61.304 113.659 22.2
      vertex -64.5 114.56 22.2
      vertex -61.3385 113.486 22.2
    endloop
  endfacet
  facet normal 0 0 1
    outer loop
      vertex -61.2472 113.827 22.2
      vertex -64.5 114.56 22.2
      vertex -61.304 113.659 22.2
    endloop
  endfacet
  facet normal 0 0 1
    outer loop
      vertex -61.1691 113.985 22.2
      vertex -64.5 114.56 22.2
      vertex -61.2472 113.827 22.2
    endloop
  endfacet
  facet normal 0 0 1
    outer loop
      vertex -61.071 114.132 22.2
      vertex -64.5 114.56 22.2
      vertex -61.1691 113.985 22.2
    endloop
  endfacet
  facet normal 0 0 1
    outer loop
      vertex -60.9546 114.265 22.2
      vertex -64.5 114.56 22.2
      vertex -61.071 114.132 22.2
    endloop
  endfacet
  facet normal 0 0 1
    outer loop
      vertex -60.8218 114.381 22.2
      vertex -64.5 114.56 22.2
      vertex -60.9546 114.265 22.2
    endloop
  endfacet
  facet normal 0 0 1
    outer loop
      vertex -60.675 114.479 22.2
      vertex -64.5 114.56 22.2
      vertex -60.8218 114.381 22.2
    endloop
  endfacet
  facet normal 0 0 1
    outer loop
      vertex -60.5166 114.557 22.2
      vertex -64.5 114.56 22.2
      vertex -60.675 114.479 22.2
    endloop
  endfacet
  facet normal 0 0 1
    outer loop
      vertex -60.3494 114.614 22.2
      vertex -64.5 114.56 22.2
      vertex -60.5166 114.557 22.2
    endloop
  endfacet
  facet normal 0 0 1
    outer loop
      vertex -60.1762 114.648 22.2
      vertex -64.5 114.56 22.2
      vertex -60.3494 114.614 22.2
    endloop
  endfacet
  facet normal 0 0 1
    outer loop
      vertex -60 114.66 22.2
      vertex -64.5 114.56 22.2
      vertex -60.1762 114.648 22.2
    endloop
  endfacet
  facet normal 0 0 1
    outer loop
      vertex -90.88 117.06 22.2
      vertex -64.5 114.56 22.2
      vertex -60 114.66 22.2
    endloop
  endfacet
  facet normal 0 0 1
    outer loop
      vertex -55.5 114.56 22.2
      vertex -90.88 117.06 22.2
      vertex -60 114.66 22.2
    endloop
  endfacet
  facet normal 0 0 1
    outer loop
      vertex -87.48 114.56 22.2
      vertex -90.88 117.06 22.2
      vertex -87.48 3 22.2
    endloop
  endfacet
  facet normal 0 0 1
    outer loop
      vertex -64.5 114.56 22.2
      vertex -90.88 117.06 22.2
      vertex -87.48 114.56 22.2
    endloop
  endfacet
  facet normal -0 0 1
    outer loop
      vertex 87.48 3 22.2
      vertex 90.88 0.5 22.2
      vertex 87.48 114.56 22.2
    endloop
  endfacet
  facet normal -0 0 1
    outer loop
      vertex 64.5 3 22.2
      vertex 90.88 0.5 22.2
      vertex 87.48 3 22.2
    endloop
  endfacet
  facet normal -0 0 1
    outer loop
      vertex 61.3385 4.07379 22.2
      vertex 64.5 3 22.2
      vertex 61.35 4.25 22.2
    endloop
  endfacet
  facet normal -0 0 1
    outer loop
      vertex 61.304 3.90059 22.2
      vertex 64.5 3 22.2
      vertex 61.3385 4.07379 22.2
    endloop
  endfacet
  facet normal -0 0 1
    outer loop
      vertex 61.2472 3.73338 22.2
      vertex 64.5 3 22.2
      vertex 61.304 3.90059 22.2
    endloop
  endfacet
  facet normal -0 0 1
    outer loop
      vertex 61.1691 3.575 22.2
      vertex 64.5 3 22.2
      vertex 61.2472 3.73338 22.2
    endloop
  endfacet
  facet normal -0 0 1
    outer loop
      vertex 61.071 3.42817 22.2
      vertex 64.5 3 22.2
      vertex 61.1691 3.575 22.2
    endloop
  endfacet
  facet normal -0 0 1
    outer loop
      vertex 60.9546 3.29541 22.2
      vertex 64.5 3 22.2
      vertex 61.071 3.42817 22.2
    endloop
  endfacet
  facet normal -0 0 1
    outer loop
      vertex 60.8218 3.17897 22.2
      vertex 64.5 3 22.2
      vertex 60.9546 3.29541 22.2
    endloop
  endfacet
  facet normal -0 0 1
    outer loop
      vertex 60.675 3.08086 22.2
      vertex 64.5 3 22.2
      vertex 60.8218 3.17897 22.2
    endloop
  endfacet
  facet normal -0 0 1
    outer loop
      vertex 60.5166 3.00276 22.2
      vertex 64.5 3 22.2
      vertex 60.675 3.08086 22.2
    endloop
  endfacet
  facet normal 0 0 1
    outer loop
      vertex 60.3494 2.946 22.2
      vertex 64.5 3 22.2
      vertex 60.5166 3.00276 22.2
    endloop
  endfacet
  facet normal 0 0 1
    outer loop
      vertex 60.1762 2.91155 22.2
      vertex 64.5 3 22.2
      vertex 60.3494 2.946 22.2
    endloop
  endfacet
  facet normal 0 0 1
    outer loop
      vertex 60 2.9 22.2
      vertex 64.5 3 22.2
      vertex 60.1762 2.91155 22.2
    endloop
  endfacet
  facet normal 0 0 1
    outer loop
      vertex 64.5 3 22.2
      vertex 60 2.9 22.2
      vertex 90.88 0.5 22.2
    endloop
  endfacet
  facet normal 0 0 1
    outer loop
      vertex 55.5 3 22.2
      vertex 60 2.9 22.2
      vertex 59.8238 2.91155 22.2
    endloop
  endfacet
  facet normal 0 0 1
    outer loop
      vertex 58.6615 4.42621 22.2
      vertex 55.5 3 22.2
      vertex 58.65 4.25 22.2
    endloop
  endfacet
  facet normal 0 0 1
    outer loop
      vertex 58.65 4.25 22.2
      vertex 55.5 3 22.2
      vertex 58.6615 4.07379 22.2
    endloop
  endfacet
  facet normal 0 0 1
    outer loop
      vertex 58.6615 4.07379 22.2
      vertex 55.5 3 22.2
      vertex 58.696 3.90059 22.2
    endloop
  endfacet
  facet normal 0 0 1
    outer loop
      vertex 58.696 3.90059 22.2
      vertex 55.5 3 22.2
      vertex 58.7528 3.73338 22.2
    endloop
  endfacet
  facet normal 0 0 1
    outer loop
      vertex 58.7528 3.73338 22.2
      vertex 55.5 3 22.2
      vertex 58.8309 3.575 22.2
    endloop
  endfacet
  facet normal 0 0 1
    outer loop
      vertex 58.8309 3.575 22.2
      vertex 55.5 3 22.2
      vertex 58.929 3.42817 22.2
    endloop
  endfacet
  facet normal 0 0 1
    outer loop
      vertex 55.5 3 22.2
      vertex 59.0454 3.29541 22.2
      vertex 58.929 3.42817 22.2
    endloop
  endfacet
  facet normal 0 0 1
    outer loop
      vertex 55.5 3 22.2
      vertex 59.1782 3.17897 22.2
      vertex 59.0454 3.29541 22.2
    endloop
  endfacet
  facet normal 0 0 1
    outer loop
      vertex 55.5 3 22.2
      vertex 59.325 3.08086 22.2
      vertex 59.1782 3.17897 22.2
    endloop
  endfacet
  facet normal 0 0 1
    outer loop
      vertex 55.5 3 22.2
      vertex 59.4834 3.00276 22.2
      vertex 59.325 3.08086 22.2
    endloop
  endfacet
  facet normal -0 0 1
    outer loop
      vertex 55.5 3 22.2
      vertex 59.6506 2.946 22.2
      vertex 59.4834 3.00276 22.2
    endloop
  endfacet
  facet normal 0 0 1
    outer loop
      vertex 55.5 3 22.2
      vertex 59.8238 2.91155 22.2
      vertex 59.6506 2.946 22.2
    endloop
  endfacet
  facet normal 0 0 1
    outer loop
      vertex 60 2.9 22.2
      vertex 55.5 3 22.2
      vertex 90.88 0.5 22.2
    endloop
  endfacet
  facet normal -0 0 1
    outer loop
      vertex -55.5 3 22.2
      vertex 90.88 0.5 22.2
      vertex 55.5 3 22.2
    endloop
  endfacet
  facet normal -0 0 1
    outer loop
      vertex -58.6615 4.07379 22.2
      vertex -55.5 3 22.2
      vertex -58.65 4.25 22.2
    endloop
  endfacet
  facet normal -0 0 1
    outer loop
      vertex -58.696 3.90059 22.2
      vertex -55.5 3 22.2
      vertex -58.6615 4.07379 22.2
    endloop
  endfacet
  facet normal -0 0 1
    outer loop
      vertex -58.7528 3.73338 22.2
      vertex -55.5 3 22.2
      vertex -58.696 3.90059 22.2
    endloop
  endfacet
  facet normal -0 0 1
    outer loop
      vertex -58.8309 3.575 22.2
      vertex -55.5 3 22.2
      vertex -58.7528 3.73338 22.2
    endloop
  endfacet
  facet normal -0 0 1
    outer loop
      vertex -58.929 3.42817 22.2
      vertex -55.5 3 22.2
      vertex -58.8309 3.575 22.2
    endloop
  endfacet
  facet normal -0 0 1
    outer loop
      vertex -59.0454 3.29541 22.2
      vertex -55.5 3 22.2
      vertex -58.929 3.42817 22.2
    endloop
  endfacet
  facet normal -0 0 1
    outer loop
      vertex -59.1782 3.17897 22.2
      vertex -55.5 3 22.2
      vertex -59.0454 3.29541 22.2
    endloop
  endfacet
  facet normal -0 0 1
    outer loop
      vertex -59.325 3.08086 22.2
      vertex -55.5 3 22.2
      vertex -59.1782 3.17897 22.2
    endloop
  endfacet
  facet normal -0 0 1
    outer loop
      vertex -59.4834 3.00276 22.2
      vertex -55.5 3 22.2
      vertex -59.325 3.08086 22.2
    endloop
  endfacet
  facet normal 0 0 1
    outer loop
      vertex -59.6506 2.946 22.2
      vertex -55.5 3 22.2
      vertex -59.4834 3.00276 22.2
    endloop
  endfacet
  facet normal 0 0 1
    outer loop
      vertex -59.8238 2.91155 22.2
      vertex -55.5 3 22.2
      vertex -59.6506 2.946 22.2
    endloop
  endfacet
  facet normal 0 0 1
    outer loop
      vertex -60 2.9 22.2
      vertex -55.5 3 22.2
      vertex -59.8238 2.91155 22.2
    endloop
  endfacet
  facet normal 0 0 1
    outer loop
      vertex -90.88 0.5 22.2
      vertex -55.5 3 22.2
      vertex -60 2.9 22.2
    endloop
  endfacet
  facet normal 0 0 1
    outer loop
      vertex -61.3385 4.42621 22.2
      vertex -64.5 3 22.2
      vertex -61.35 4.25 22.2
    endloop
  endfacet
  facet normal 0 0 1
    outer loop
      vertex -61.35 4.25 22.2
      vertex -64.5 3 22.2
      vertex -61.3385 4.07379 22.2
    endloop
  endfacet
  facet normal 0 0 1
    outer loop
      vertex -61.3385 4.07379 22.2
      vertex -64.5 3 22.2
      vertex -61.304 3.90059 22.2
    endloop
  endfacet
  facet normal 0 0 1
    outer loop
      vertex -61.304 3.90059 22.2
      vertex -64.5 3 22.2
      vertex -61.2472 3.73338 22.2
    endloop
  endfacet
  facet normal 0 0 1
    outer loop
      vertex -61.2472 3.73338 22.2
      vertex -64.5 3 22.2
      vertex -61.1691 3.575 22.2
    endloop
  endfacet
  facet normal 0 0 1
    outer loop
      vertex -61.1691 3.575 22.2
      vertex -64.5 3 22.2
      vertex -61.071 3.42817 22.2
    endloop
  endfacet
  facet normal 0 0 1
    outer loop
      vertex -64.5 3 22.2
      vertex -60.9546 3.29541 22.2
      vertex -61.071 3.42817 22.2
    endloop
  endfacet
  facet normal 0 0 1
    outer loop
      vertex -64.5 3 22.2
      vertex -60.8218 3.17897 22.2
      vertex -60.9546 3.29541 22.2
    endloop
  endfacet
  facet normal 0 0 1
    outer loop
      vertex -64.5 3 22.2
      vertex -60.675 3.08086 22.2
      vertex -60.8218 3.17897 22.2
    endloop
  endfacet
  facet normal 0 0 1
    outer loop
      vertex -64.5 3 22.2
      vertex -60.5166 3.00276 22.2
      vertex -60.675 3.08086 22.2
    endloop
  endfacet
  facet normal -0 0 1
    outer loop
      vertex -64.5 3 22.2
      vertex -60.3494 2.946 22.2
      vertex -60.5166 3.00276 22.2
    endloop
  endfacet
  facet normal 0 0 1
    outer loop
      vertex -64.5 3 22.2
      vertex -60.1762 2.91155 22.2
      vertex -60.3494 2.946 22.2
    endloop
  endfacet
  facet normal 0 0 1
    outer loop
      vertex -64.5 3 22.2
      vertex -60 2.9 22.2
      vertex -60.1762 2.91155 22.2
    endloop
  endfacet
  facet normal 0 0 1
    outer loop
      vertex -90.88 0.5 22.2
      vertex -64.5 3 22.2
      vertex -87.48 3 22.2
    endloop
  endfacet
  facet normal 0 0 1
    outer loop
      vertex -64.5 3 22.2
      vertex -90.88 0.5 22.2
      vertex -60 2.9 22.2
    endloop
  endfacet
  facet normal 0 0 1
    outer loop
      vertex -55.5 3 22.2
      vertex -90.88 0.5 22.2
      vertex 90.88 0.5 22.2
    endloop
  endfacet
  facet normal 0 0 1
    outer loop
      vertex -90.88 0.5 22.2
      vertex -87.48 3 22.2
      vertex -90.88 117.06 22.2
    endloop
  endfacet
  facet normal 0 0 1
    outer loop
      vertex 61.304 112.961 22.2
      vertex 64.5 114.56 22.2
      vertex 61.3385 113.134 22.2
    endloop
  endfacet
  facet normal 0 0 1
    outer loop
      vertex 64.5 114.56 22.2
      vertex 61.304 112.961 22.2
      vertex 64.5 109.56 22.2
    endloop
  endfacet
  facet normal -0 0 1
    outer loop
      vertex 61.2472 112.793 22.2
      vertex 64.5 109.56 22.2
      vertex 61.304 112.961 22.2
    endloop
  endfacet
  facet normal -0 0 1
    outer loop
      vertex 61.1691 112.635 22.2
      vertex 64.5 109.56 22.2
      vertex 61.2472 112.793 22.2
    endloop
  endfacet
  facet normal -0 0 1
    outer loop
      vertex 61.071 112.488 22.2
      vertex 64.5 109.56 22.2
      vertex 61.1691 112.635 22.2
    endloop
  endfacet
  facet normal -0 0 1
    outer loop
      vertex 60.9546 112.355 22.2
      vertex 64.5 109.56 22.2
      vertex 61.071 112.488 22.2
    endloop
  endfacet
  facet normal -0 0 1
    outer loop
      vertex 60.8218 112.239 22.2
      vertex 64.5 109.56 22.2
      vertex 60.9546 112.355 22.2
    endloop
  endfacet
  facet normal -0 0 1
    outer loop
      vertex 60.675 112.141 22.2
      vertex 64.5 109.56 22.2
      vertex 60.8218 112.239 22.2
    endloop
  endfacet
  facet normal -0 0 1
    outer loop
      vertex 60.5166 112.063 22.2
      vertex 64.5 109.56 22.2
      vertex 60.675 112.141 22.2
    endloop
  endfacet
  facet normal -0 0 1
    outer loop
      vertex 60.3494 112.006 22.2
      vertex 64.5 109.56 22.2
      vertex 60.5166 112.063 22.2
    endloop
  endfacet
  facet normal -0 0 1
    outer loop
      vertex 60.1762 111.972 22.2
      vertex 64.5 109.56 22.2
      vertex 60.3494 112.006 22.2
    endloop
  endfacet
  facet normal -0 0 1
    outer loop
      vertex 60 111.96 22.2
      vertex 64.5 109.56 22.2
      vertex 60.1762 111.972 22.2
    endloop
  endfacet
  facet normal 0 0 1
    outer loop
      vertex 55.5 109.56 22.2
      vertex 60 111.96 22.2
      vertex 59.8238 111.972 22.2
    endloop
  endfacet
  facet normal 0 0 1
    outer loop
      vertex 55.5 109.56 22.2
      vertex 59.8238 111.972 22.2
      vertex 59.6506 112.006 22.2
    endloop
  endfacet
  facet normal 0 0 1
    outer loop
      vertex 55.5 109.56 22.2
      vertex 59.6506 112.006 22.2
      vertex 59.4834 112.063 22.2
    endloop
  endfacet
  facet normal 0 0 1
    outer loop
      vertex 55.5 109.56 22.2
      vertex 59.4834 112.063 22.2
      vertex 59.325 112.141 22.2
    endloop
  endfacet
  facet normal 0 0 1
    outer loop
      vertex 55.5 114.56 22.2
      vertex 58.6615 113.134 22.2
      vertex 58.65 113.31 22.2
    endloop
  endfacet
  facet normal 0 0 1
    outer loop
      vertex 55.5 114.56 22.2
      vertex 58.696 112.961 22.2
      vertex 58.6615 113.134 22.2
    endloop
  endfacet
  facet normal 0 0 1
    outer loop
      vertex 55.5 114.56 22.2
      vertex 58.7528 112.793 22.2
      vertex 58.696 112.961 22.2
    endloop
  endfacet
  facet normal 0 0 1
    outer loop
      vertex 55.5 109.56 22.2
      vertex 58.7528 112.793 22.2
      vertex 55.5 114.56 22.2
    endloop
  endfacet
  facet normal 0 0 1
    outer loop
      vertex 58.7528 112.793 22.2
      vertex 55.5 109.56 22.2
      vertex 58.8309 112.635 22.2
    endloop
  endfacet
  facet normal 0 0 1
    outer loop
      vertex 58.8309 112.635 22.2
      vertex 55.5 109.56 22.2
      vertex 58.929 112.488 22.2
    endloop
  endfacet
  facet normal 0 0 1
    outer loop
      vertex 58.929 112.488 22.2
      vertex 55.5 109.56 22.2
      vertex 59.0454 112.355 22.2
    endloop
  endfacet
  facet normal 0 0 1
    outer loop
      vertex 59.0454 112.355 22.2
      vertex 55.5 109.56 22.2
      vertex 59.1782 112.239 22.2
    endloop
  endfacet
  facet normal 0 0 1
    outer loop
      vertex 60 111.96 22.2
      vertex 55.5 109.56 22.2
      vertex 64.5 109.56 22.2
    endloop
  endfacet
  facet normal 0 0 1
    outer loop
      vertex 59.1782 112.239 22.2
      vertex 55.5 109.56 22.2
      vertex 59.325 112.141 22.2
    endloop
  endfacet
  facet normal 0 1 -0
    outer loop
      vertex 87.48 117.06 -5.72205e-07
      vertex -87.48 117.06 5
      vertex 87.48 117.06 5
    endloop
  endfacet
  facet normal 0 1 0
    outer loop
      vertex -87.48 117.06 5
      vertex 87.48 117.06 -5.72205e-07
      vertex -87.48 117.06 -5.72205e-07
    endloop
  endfacet
  facet normal 0 1 0
    outer loop
      vertex 87.48 117.06 5
      vertex 90.88 117.06 22.2
      vertex 90.88 117.06 5
    endloop
  endfacet
  facet normal 0 1 0
    outer loop
      vertex 90.88 117.06 22.2
      vertex 87.48 117.06 5
      vertex -90.88 117.06 22.2
    endloop
  endfacet
  facet normal 0 1 -0
    outer loop
      vertex -87.48 117.06 5
      vertex -90.88 117.06 22.2
      vertex 87.48 117.06 5
    endloop
  endfacet
  facet normal 0 1 0
    outer loop
      vertex -90.88 117.06 22.2
      vertex -87.48 117.06 5
      vertex -90.88 117.06 5
    endloop
  endfacet
  facet normal 0 -1 0
    outer loop
      vertex -87.48 0.5 -5.72205e-07
      vertex 87.48 0.5 5
      vertex -87.48 0.5 5
    endloop
  endfacet
  facet normal 0 -1 -0
    outer loop
      vertex 87.48 0.5 5
      vertex -87.48 0.5 -5.72205e-07
      vertex 87.48 0.5 -5.72205e-07
    endloop
  endfacet
  facet normal 0 -1 0
    outer loop
      vertex -87.48 0.5 5
      vertex -90.88 0.5 22.2
      vertex -90.88 0.5 5
    endloop
  endfacet
  facet normal 0 -1 0
    outer loop
      vertex -90.88 0.5 22.2
      vertex -87.48 0.5 5
      vertex 90.88 0.5 22.2
    endloop
  endfacet
  facet normal 0 -1 0
    outer loop
      vertex 87.48 0.5 5
      vertex 90.88 0.5 22.2
      vertex -87.48 0.5 5
    endloop
  endfacet
  facet normal 0 -1 -0
    outer loop
      vertex 90.88 0.5 22.2
      vertex 87.48 0.5 5
      vertex 90.88 0.5 5
    endloop
  endfacet
  facet normal 0 -1 0
    outer loop
      vertex 90.88 86 5
      vertex 96.08 86 5.01
      vertex 90.88 86 5.01
    endloop
  endfacet
  facet normal 0 -1 -0
    outer loop
      vertex 96.08 86 5.01
      vertex 90.88 86 5
      vertex 96.08 86 5
    endloop
  endfacet
  facet normal 0 1 -0
    outer loop
      vertex 96.08 104 5
      vertex 90.88 104 5.01
      vertex 96.08 104 5.01
    endloop
  endfacet
  facet normal 0 1 0
    outer loop
      vertex 90.88 104 5.01
      vertex 96.08 104 5
      vertex 90.88 104 5
    endloop
  endfacet
  facet normal 0 -0.751771 0.659424
    outer loop
      vertex 90.88 91.0332 14.0438
      vertex 96.08 91.4645 14.5355
      vertex 90.88 91.4645 14.5355
    endloop
  endfacet
  facet normal 0 -0.751771 0.659424
    outer loop
      vertex 96.08 91.4645 14.5355
      vertex 90.88 91.0332 14.0438
      vertex 96.08 91.0332 14.0438
    endloop
  endfacet
  facet normal 0 0.831509 0.555512
    outer loop
      vertex 96.08 99.3301 13.5
      vertex 90.88 98.9668 14.0438
      vertex 96.08 98.9668 14.0438
    endloop
  endfacet
  facet normal 0 0.831509 0.555512
    outer loop
      vertex 90.88 98.9668 14.0438
      vertex 96.08 99.3301 13.5
      vertex 90.88 99.3301 13.5
    endloop
  endfacet
  facet normal -0 0.0654432 0.997856
    outer loop
      vertex 90.88 95.6526 15.9572
      vertex 96.08 95 16
      vertex 96.08 95.6526 15.9572
    endloop
  endfacet
  facet normal 0 0.0654432 0.997856
    outer loop
      vertex 96.08 95 16
      vertex 90.88 95.6526 15.9572
      vertex 90.88 95 16
    endloop
  endfacet
  facet normal 0 -0.831509 0.555512
    outer loop
      vertex 90.88 90.6699 13.5
      vertex 96.08 91.0332 14.0438
      vertex 90.88 91.0332 14.0438
    endloop
  endfacet
  facet normal 0 -0.831509 0.555512
    outer loop
      vertex 96.08 91.0332 14.0438
      vertex 90.88 90.6699 13.5
      vertex 96.08 90.6699 13.5
    endloop
  endfacet
  facet normal 0 -0.876198 0.48195
    outer loop
      vertex 90.88 86 5.01
      vertex 96.08 90.6699 13.5
      vertex 90.88 90.6699 13.5
    endloop
  endfacet
  facet normal 0 -0.876198 0.48195
    outer loop
      vertex 96.08 90.6699 13.5
      vertex 90.88 86 5.01
      vertex 96.08 86 5.01
    endloop
  endfacet
  facet normal 0 0.876198 0.48195
    outer loop
      vertex 96.08 104 5.01
      vertex 90.88 99.3301 13.5
      vertex 96.08 99.3301 13.5
    endloop
  endfacet
  facet normal 0 0.876198 0.48195
    outer loop
      vertex 90.88 99.3301 13.5
      vertex 96.08 104 5.01
      vertex 90.88 104 5.01
    endloop
  endfacet
  facet normal 0 -0.442314 0.89686
    outer loop
      vertex 90.88 93.0866 15.6194
      vertex 96.08 92.5 15.3301
      vertex 96.08 93.0866 15.6194
    endloop
  endfacet
  facet normal 0 -0.442314 0.89686
    outer loop
      vertex 96.08 92.5 15.3301
      vertex 90.88 93.0866 15.6194
      vertex 90.88 92.5 15.3301
    endloop
  endfacet
  facet normal -0 0.321407 0.946941
    outer loop
      vertex 90.88 96.9134 15.6194
      vertex 96.08 96.2941 15.8296
      vertex 96.08 96.9134 15.6194
    endloop
  endfacet
  facet normal 0 0.321407 0.946941
    outer loop
      vertex 96.08 96.2941 15.8296
      vertex 90.88 96.9134 15.6194
      vertex 90.88 96.2941 15.8296
    endloop
  endfacet
  facet normal 0 -0.0654432 0.997856
    outer loop
      vertex 90.88 95 16
      vertex 96.08 94.3474 15.9572
      vertex 96.08 95 16
    endloop
  endfacet
  facet normal 0 -0.0654432 0.997856
    outer loop
      vertex 96.08 94.3474 15.9572
      vertex 90.88 95 16
      vertex 90.88 94.3474 15.9572
    endloop
  endfacet
  facet normal 0 -0.555512 0.831509
    outer loop
      vertex 90.88 92.5 15.3301
      vertex 96.08 91.9562 14.9668
      vertex 96.08 92.5 15.3301
    endloop
  endfacet
  facet normal 0 -0.555512 0.831509
    outer loop
      vertex 96.08 91.9562 14.9668
      vertex 90.88 92.5 15.3301
      vertex 90.88 91.9562 14.9668
    endloop
  endfacet
  facet normal -0 0.555512 0.831509
    outer loop
      vertex 90.88 98.0438 14.9668
      vertex 96.08 97.5 15.3301
      vertex 96.08 98.0438 14.9668
    endloop
  endfacet
  facet normal 0 0.555512 0.831509
    outer loop
      vertex 96.08 97.5 15.3301
      vertex 90.88 98.0438 14.9668
      vertex 90.88 97.5 15.3301
    endloop
  endfacet
  facet normal 1 0 0
    outer loop
      vertex 96.08 99.3301 13.5
      vertex 96.08 96.6359 11.2154
      vertex 96.08 96.65 11
    endloop
  endfacet
  facet normal 1 0 0
    outer loop
      vertex 96.08 97.5 15.3301
      vertex 96.08 96.5938 11.4271
      vertex 96.08 96.6359 11.2154
    endloop
  endfacet
  facet normal 1 0 0
    outer loop
      vertex 96.08 97.5 15.3301
      vertex 96.08 96.5244 11.6314
      vertex 96.08 96.5938 11.4271
    endloop
  endfacet
  facet normal 1 0 0
    outer loop
      vertex 96.08 97.5 15.3301
      vertex 96.08 96.4289 11.825
      vertex 96.08 96.5244 11.6314
    endloop
  endfacet
  facet normal 1 0 0
    outer loop
      vertex 96.08 97.5 15.3301
      vertex 96.08 96.309 12.0045
      vertex 96.08 96.4289 11.825
    endloop
  endfacet
  facet normal 1 0 0
    outer loop
      vertex 96.08 95.6314 12.5244
      vertex 96.08 96.9134 15.6194
      vertex 96.08 96.2941 15.8296
    endloop
  endfacet
  facet normal 1 0 0
    outer loop
      vertex 96.08 97.5 15.3301
      vertex 96.08 96.1667 12.1667
      vertex 96.08 96.309 12.0045
    endloop
  endfacet
  facet normal 1 0 0
    outer loop
      vertex 96.08 97.5 15.3301
      vertex 96.08 96.0045 12.309
      vertex 96.08 96.1667 12.1667
    endloop
  endfacet
  facet normal 1 0 0
    outer loop
      vertex 96.08 97.5 15.3301
      vertex 96.08 95.825 12.4289
      vertex 96.08 96.0045 12.309
    endloop
  endfacet
  facet normal 1 0 0
    outer loop
      vertex 96.08 95.427 12.5938
      vertex 96.08 96.2941 15.8296
      vertex 96.08 95.6526 15.9572
    endloop
  endfacet
  facet normal 1 0 0
    outer loop
      vertex 96.08 96.9134 15.6194
      vertex 96.08 95.6314 12.5244
      vertex 96.08 95.825 12.4289
    endloop
  endfacet
  facet normal 1 0 0
    outer loop
      vertex 96.08 96.2941 15.8296
      vertex 96.08 95.427 12.5938
      vertex 96.08 95.6314 12.5244
    endloop
  endfacet
  facet normal 1 0 0
    outer loop
      vertex 96.08 95.6526 15.9572
      vertex 96.08 95.2154 12.6359
      vertex 96.08 95.427 12.5938
    endloop
  endfacet
  facet normal 1 0 0
    outer loop
      vertex 96.08 95 16
      vertex 96.08 95.2154 12.6359
      vertex 96.08 95.6526 15.9572
    endloop
  endfacet
  facet normal 1 0 0
    outer loop
      vertex 96.08 95 16
      vertex 96.08 95 12.65
      vertex 96.08 95.2154 12.6359
    endloop
  endfacet
  facet normal 1 0 0
    outer loop
      vertex 96.08 95 16
      vertex 96.08 94.7846 12.6359
      vertex 96.08 95 12.65
    endloop
  endfacet
  facet normal 1 -0 0
    outer loop
      vertex 96.08 94.3474 15.9572
      vertex 96.08 94.7846 12.6359
      vertex 96.08 95 16
    endloop
  endfacet
  facet normal 1 0 0
    outer loop
      vertex 96.08 94.7846 12.6359
      vertex 96.08 94.3474 15.9572
      vertex 96.08 94.573 12.5938
    endloop
  endfacet
  facet normal 1 -0 0
    outer loop
      vertex 96.08 93.7059 15.8296
      vertex 96.08 94.573 12.5938
      vertex 96.08 94.3474 15.9572
    endloop
  endfacet
  facet normal 1 0 0
    outer loop
      vertex 96.08 94.573 12.5938
      vertex 96.08 93.7059 15.8296
      vertex 96.08 94.3686 12.5244
    endloop
  endfacet
  facet normal 1 -0 0
    outer loop
      vertex 96.08 93.0866 15.6194
      vertex 96.08 94.3686 12.5244
      vertex 96.08 93.7059 15.8296
    endloop
  endfacet
  facet normal 1 0 0
    outer loop
      vertex 96.08 94.3686 12.5244
      vertex 96.08 93.0866 15.6194
      vertex 96.08 94.175 12.4289
    endloop
  endfacet
  facet normal 1 -0 0
    outer loop
      vertex 96.08 92.5 15.3301
      vertex 96.08 94.175 12.4289
      vertex 96.08 93.0866 15.6194
    endloop
  endfacet
  facet normal 1 0 0
    outer loop
      vertex 96.08 94.175 12.4289
      vertex 96.08 92.5 15.3301
      vertex 96.08 93.9955 12.309
    endloop
  endfacet
  facet normal 1 -0 0
    outer loop
      vertex 96.08 91.9562 14.9668
      vertex 96.08 93.9955 12.309
      vertex 96.08 92.5 15.3301
    endloop
  endfacet
  facet normal 1 0 0
    outer loop
      vertex 96.08 93.9955 12.309
      vertex 96.08 91.9562 14.9668
      vertex 96.08 93.8333 12.1667
    endloop
  endfacet
  facet normal 1 -0 0
    outer loop
      vertex 96.08 91.4645 14.5355
      vertex 96.08 93.8333 12.1667
      vertex 96.08 91.9562 14.9668
    endloop
  endfacet
  facet normal 1 0 0
    outer loop
      vertex 96.08 93.8333 12.1667
      vertex 96.08 91.4645 14.5355
      vertex 96.08 93.691 12.0045
    endloop
  endfacet
  facet normal 1 0 0
    outer loop
      vertex 96.08 93.691 12.0045
      vertex 96.08 91.0332 14.0438
      vertex 96.08 93.5711 11.825
    endloop
  endfacet
  facet normal 1 -0 0
    outer loop
      vertex 96.08 91.0332 14.0438
      vertex 96.08 93.691 12.0045
      vertex 96.08 91.4645 14.5355
    endloop
  endfacet
  facet normal 1 -0 0
    outer loop
      vertex 96.08 96.5938 10.5729
      vertex 96.08 104 5.01
      vertex 96.08 99.3301 13.5
    endloop
  endfacet
  facet normal 1 0 0
    outer loop
      vertex 96.08 96.6359 11.2154
      vertex 96.08 99.3301 13.5
      vertex 96.08 98.9668 14.0438
    endloop
  endfacet
  facet normal 1 0 0
    outer loop
      vertex 96.08 96.6359 11.2154
      vertex 96.08 98.9668 14.0438
      vertex 96.08 98.5355 14.5355
    endloop
  endfacet
  facet normal 1 0 0
    outer loop
      vertex 96.08 96.6359 11.2154
      vertex 96.08 98.5355 14.5355
      vertex 96.08 98.0438 14.9668
    endloop
  endfacet
  facet normal 1 0 0
    outer loop
      vertex 96.08 96.6359 11.2154
      vertex 96.08 98.0438 14.9668
      vertex 96.08 97.5 15.3301
    endloop
  endfacet
  facet normal 1 0 0
    outer loop
      vertex 96.08 95.825 12.4289
      vertex 96.08 97.5 15.3301
      vertex 96.08 96.9134 15.6194
    endloop
  endfacet
  facet normal 1 0 0
    outer loop
      vertex 96.08 99.3301 13.5
      vertex 96.08 96.65 11
      vertex 96.08 96.6359 10.7846
    endloop
  endfacet
  facet normal 1 0 0
    outer loop
      vertex 96.08 96.5938 10.5729
      vertex 96.08 99.3301 13.5
      vertex 96.08 96.6359 10.7846
    endloop
  endfacet
  facet normal 1 -0 0
    outer loop
      vertex 96.08 96.5244 10.3686
      vertex 96.08 104 5.01
      vertex 96.08 96.5938 10.5729
    endloop
  endfacet
  facet normal 1 -0 0
    outer loop
      vertex 96.08 96.4289 10.175
      vertex 96.08 104 5.01
      vertex 96.08 96.5244 10.3686
    endloop
  endfacet
  facet normal 1 -0 0
    outer loop
      vertex 96.08 96.309 9.99554
      vertex 96.08 104 5.01
      vertex 96.08 96.4289 10.175
    endloop
  endfacet
  facet normal 1 -0 0
    outer loop
      vertex 96.08 96.1667 9.83327
      vertex 96.08 104 5.01
      vertex 96.08 96.309 9.99554
    endloop
  endfacet
  facet normal 1 -0 0
    outer loop
      vertex 96.08 96.0045 9.69097
      vertex 96.08 104 5.01
      vertex 96.08 96.1667 9.83327
    endloop
  endfacet
  facet normal 1 -0 0
    outer loop
      vertex 96.08 95.825 9.57106
      vertex 96.08 104 5.01
      vertex 96.08 96.0045 9.69097
    endloop
  endfacet
  facet normal 1 0 0
    outer loop
      vertex 96.08 104 5.01
      vertex 96.08 95.825 9.57106
      vertex 96.08 104 5
    endloop
  endfacet
  facet normal 1 -0 0
    outer loop
      vertex 96.08 95.6314 9.4756
      vertex 96.08 104 5
      vertex 96.08 95.825 9.57106
    endloop
  endfacet
  facet normal 1 -0 0
    outer loop
      vertex 96.08 95.427 9.40622
      vertex 96.08 104 5
      vertex 96.08 95.6314 9.4756
    endloop
  endfacet
  facet normal 1 -0 0
    outer loop
      vertex 96.08 95.2154 9.36411
      vertex 96.08 104 5
      vertex 96.08 95.427 9.40622
    endloop
  endfacet
  facet normal 1 -0 0
    outer loop
      vertex 96.08 95 9.35
      vertex 96.08 104 5
      vertex 96.08 95.2154 9.36411
    endloop
  endfacet
  facet normal 1 0 0
    outer loop
      vertex 96.08 86 5
      vertex 96.08 95 9.35
      vertex 96.08 94.7846 9.36411
    endloop
  endfacet
  facet normal 1 0 0
    outer loop
      vertex 96.08 86 5
      vertex 96.08 94.7846 9.36411
      vertex 96.08 94.573 9.40622
    endloop
  endfacet
  facet normal 1 0 0
    outer loop
      vertex 96.08 86 5
      vertex 96.08 94.573 9.40622
      vertex 96.08 94.3686 9.4756
    endloop
  endfacet
  facet normal 1 -0 0
    outer loop
      vertex 96.08 90.6699 13.5
      vertex 96.08 93.5711 11.825
      vertex 96.08 91.0332 14.0438
    endloop
  endfacet
  facet normal 1 0 0
    outer loop
      vertex 96.08 93.5711 11.825
      vertex 96.08 90.6699 13.5
      vertex 96.08 93.4756 11.6314
    endloop
  endfacet
  facet normal 1 0 0
    outer loop
      vertex 96.08 93.4756 11.6314
      vertex 96.08 90.6699 13.5
      vertex 96.08 93.4062 11.4271
    endloop
  endfacet
  facet normal 1 0 0
    outer loop
      vertex 96.08 93.4062 11.4271
      vertex 96.08 90.6699 13.5
      vertex 96.08 93.3641 11.2154
    endloop
  endfacet
  facet normal 1 0 0
    outer loop
      vertex 96.08 93.3641 11.2154
      vertex 96.08 90.6699 13.5
      vertex 96.08 93.35 11
    endloop
  endfacet
  facet normal 1 0 0
    outer loop
      vertex 96.08 93.35 11
      vertex 96.08 90.6699 13.5
      vertex 96.08 93.3641 10.7846
    endloop
  endfacet
  facet normal 1 0 0
    outer loop
      vertex 96.08 93.3641 10.7846
      vertex 96.08 90.6699 13.5
      vertex 96.08 93.4062 10.5729
    endloop
  endfacet
  facet normal 1 0 0
    outer loop
      vertex 96.08 86 5.01
      vertex 96.08 93.4062 10.5729
      vertex 96.08 90.6699 13.5
    endloop
  endfacet
  facet normal 1 0 0
    outer loop
      vertex 96.08 93.4062 10.5729
      vertex 96.08 86 5.01
      vertex 96.08 93.4756 10.3686
    endloop
  endfacet
  facet normal 1 0 0
    outer loop
      vertex 96.08 93.4756 10.3686
      vertex 96.08 86 5.01
      vertex 96.08 93.5711 10.175
    endloop
  endfacet
  facet normal 1 0 0
    outer loop
      vertex 96.08 93.5711 10.175
      vertex 96.08 86 5.01
      vertex 96.08 93.691 9.99554
    endloop
  endfacet
  facet normal 1 0 0
    outer loop
      vertex 96.08 86 5.01
      vertex 96.08 93.8333 9.83327
      vertex 96.08 93.691 9.99554
    endloop
  endfacet
  facet normal 1 0 0
    outer loop
      vertex 96.08 86 5.01
      vertex 96.08 93.9955 9.69097
      vertex 96.08 93.8333 9.83327
    endloop
  endfacet
  facet normal 1 0 0
    outer loop
      vertex 96.08 86 5.01
      vertex 96.08 94.175 9.57106
      vertex 96.08 93.9955 9.69097
    endloop
  endfacet
  facet normal 1 0 0
    outer loop
      vertex 96.08 86 5
      vertex 96.08 94.175 9.57106
      vertex 96.08 86 5.01
    endloop
  endfacet
  facet normal 1 0 0
    outer loop
      vertex 96.08 94.175 9.57106
      vertex 96.08 86 5
      vertex 96.08 94.3686 9.4756
    endloop
  endfacet
  facet normal 1 0 0
    outer loop
      vertex 96.08 95 9.35
      vertex 96.08 86 5
      vertex 96.08 104 5
    endloop
  endfacet
  facet normal 0 0.751771 0.659424
    outer loop
      vertex 96.08 98.9668 14.0438
      vertex 90.88 98.5355 14.5355
      vertex 96.08 98.5355 14.5355
    endloop
  endfacet
  facet normal 0 0.751771 0.659424
    outer loop
      vertex 90.88 98.5355 14.5355
      vertex 96.08 98.9668 14.0438
      vertex 90.88 98.9668 14.0438
    endloop
  endfacet
  facet normal 0 -0.195087 0.980786
    outer loop
      vertex 90.88 94.3474 15.9572
      vertex 96.08 93.7059 15.8296
      vertex 96.08 94.3474 15.9572
    endloop
  endfacet
  facet normal 0 -0.195087 0.980786
    outer loop
      vertex 96.08 93.7059 15.8296
      vertex 90.88 94.3474 15.9572
      vertex 90.88 93.7059 15.8296
    endloop
  endfacet
  facet normal -0 0.442314 0.89686
    outer loop
      vertex 90.88 97.5 15.3301
      vertex 96.08 96.9134 15.6194
      vertex 96.08 97.5 15.3301
    endloop
  endfacet
  facet normal 0 0.442314 0.89686
    outer loop
      vertex 96.08 96.9134 15.6194
      vertex 90.88 97.5 15.3301
      vertex 90.88 96.9134 15.6194
    endloop
  endfacet
  facet normal 0 -0.321407 0.946941
    outer loop
      vertex 90.88 93.7059 15.8296
      vertex 96.08 93.0866 15.6194
      vertex 96.08 93.7059 15.8296
    endloop
  endfacet
  facet normal 0 -0.321407 0.946941
    outer loop
      vertex 96.08 93.0866 15.6194
      vertex 90.88 93.7059 15.8296
      vertex 90.88 93.0866 15.6194
    endloop
  endfacet
  facet normal -0 0.195087 0.980786
    outer loop
      vertex 90.88 96.2941 15.8296
      vertex 96.08 95.6526 15.9572
      vertex 96.08 96.2941 15.8296
    endloop
  endfacet
  facet normal 0 0.195087 0.980786
    outer loop
      vertex 96.08 95.6526 15.9572
      vertex 90.88 96.2941 15.8296
      vertex 90.88 95.6526 15.9572
    endloop
  endfacet
  facet normal 0 -0.659424 0.751771
    outer loop
      vertex 90.88 91.9562 14.9668
      vertex 96.08 91.4645 14.5355
      vertex 96.08 91.9562 14.9668
    endloop
  endfacet
  facet normal 0 -0.659424 0.751771
    outer loop
      vertex 96.08 91.4645 14.5355
      vertex 90.88 91.9562 14.9668
      vertex 90.88 91.4645 14.5355
    endloop
  endfacet
  facet normal -0 0.659424 0.751771
    outer loop
      vertex 90.88 98.5355 14.5355
      vertex 96.08 98.0438 14.9668
      vertex 96.08 98.5355 14.5355
    endloop
  endfacet
  facet normal 0 0.659424 0.751771
    outer loop
      vertex 96.08 98.0438 14.9668
      vertex 90.88 98.5355 14.5355
      vertex 90.88 98.0438 14.9668
    endloop
  endfacet
  facet normal 0.997864 0.0653198 0
    outer loop
      vertex 99.2441 21.7846 2
      vertex 99.23 22 -5.72205e-07
      vertex 99.23 22 2
    endloop
  endfacet
  facet normal 0.997864 0.0653198 0
    outer loop
      vertex 99.23 22 -5.72205e-07
      vertex 99.2441 21.7846 2
      vertex 99.2441 21.7846 -5.72205e-07
    endloop
  endfacet
  facet normal -0.0654408 0.997856 0
    outer loop
      vertex 101.095 20.3641 -5.72205e-07
      vertex 100.88 20.35 2
      vertex 101.095 20.3641 2
    endloop
  endfacet
  facet normal -0.0654408 0.997856 0
    outer loop
      vertex 100.88 20.35 2
      vertex 101.095 20.3641 -5.72205e-07
      vertex 100.88 20.35 -5.72205e-07
    endloop
  endfacet
  facet normal -0.831337 -0.555769 0
    outer loop
      vertex 102.309 22.825 -5.72205e-07
      vertex 102.189 23.0045 2
      vertex 102.189 23.0045 -5.72205e-07
    endloop
  endfacet
  facet normal -0.831337 -0.555769 0
    outer loop
      vertex 102.189 23.0045 2
      vertex 102.309 22.825 -5.72205e-07
      vertex 102.309 22.825 2
    endloop
  endfacet
  facet normal 0.751715 -0.659488 0
    outer loop
      vertex 99.571 23.0045 2
      vertex 99.7133 23.1667 -5.72205e-07
      vertex 99.7133 23.1667 2
    endloop
  endfacet
  facet normal 0.751715 -0.659488 0
    outer loop
      vertex 99.7133 23.1667 -5.72205e-07
      vertex 99.571 23.0045 2
      vertex 99.571 23.0045 -5.72205e-07
    endloop
  endfacet
  facet normal 0.0654408 0.997856 -0
    outer loop
      vertex 100.88 20.35 -5.72205e-07
      vertex 100.665 20.3641 2
      vertex 100.88 20.35 2
    endloop
  endfacet
  facet normal 0.0654408 0.997856 0
    outer loop
      vertex 100.665 20.3641 2
      vertex 100.88 20.35 -5.72205e-07
      vertex 100.665 20.3641 -5.72205e-07
    endloop
  endfacet
  facet normal 0.980794 -0.195047 0
    outer loop
      vertex 99.2441 22.2154 2
      vertex 99.2862 22.4271 -5.72205e-07
      vertex 99.2862 22.4271 2
    endloop
  endfacet
  facet normal 0.980794 -0.195047 0
    outer loop
      vertex 99.2862 22.4271 -5.72205e-07
      vertex 99.2441 22.2154 2
      vertex 99.2441 22.2154 -5.72205e-07
    endloop
  endfacet
  facet normal 0.0654408 -0.997856 0
    outer loop
      vertex 100.665 23.6359 -5.72205e-07
      vertex 100.88 23.65 2
      vertex 100.665 23.6359 2
    endloop
  endfacet
  facet normal 0.0654408 -0.997856 0
    outer loop
      vertex 100.88 23.65 2
      vertex 100.665 23.6359 -5.72205e-07
      vertex 100.88 23.65 -5.72205e-07
    endloop
  endfacet
  facet normal 0.896823 -0.442389 0
    outer loop
      vertex 99.3556 22.6314 2
      vertex 99.4511 22.825 -5.72205e-07
      vertex 99.4511 22.825 2
    endloop
  endfacet
  facet normal 0.896823 -0.442389 0
    outer loop
      vertex 99.4511 22.825 -5.72205e-07
      vertex 99.3556 22.6314 2
      vertex 99.3556 22.6314 -5.72205e-07
    endloop
  endfacet
  facet normal 0.751715 0.659488 0
    outer loop
      vertex 99.7133 20.8333 2
      vertex 99.571 20.9955 -5.72205e-07
      vertex 99.571 20.9955 2
    endloop
  endfacet
  facet normal 0.751715 0.659488 0
    outer loop
      vertex 99.571 20.9955 -5.72205e-07
      vertex 99.7133 20.8333 2
      vertex 99.7133 20.8333 -5.72205e-07
    endloop
  endfacet
  facet normal 0.194781 -0.980847 0
    outer loop
      vertex 100.453 23.5938 -5.72205e-07
      vertex 100.665 23.6359 2
      vertex 100.453 23.5938 2
    endloop
  endfacet
  facet normal 0.194781 -0.980847 0
    outer loop
      vertex 100.665 23.6359 2
      vertex 100.453 23.5938 -5.72205e-07
      vertex 100.665 23.6359 -5.72205e-07
    endloop
  endfacet
  facet normal -0.946011 0.324135 0
    outer loop
      vertex 102.404 21.3686 -5.72205e-07
      vertex 102.474 21.5729 2
      vertex 102.474 21.5729 -5.72205e-07
    endloop
  endfacet
  facet normal -0.946011 0.324135 0
    outer loop
      vertex 102.474 21.5729 2
      vertex 102.404 21.3686 -5.72205e-07
      vertex 102.404 21.3686 2
    endloop
  endfacet
  facet normal -0.946011 -0.324135 0
    outer loop
      vertex 102.474 22.4271 -5.72205e-07
      vertex 102.404 22.6314 2
      vertex 102.404 22.6314 -5.72205e-07
    endloop
  endfacet
  facet normal -0.946011 -0.324135 0
    outer loop
      vertex 102.404 22.6314 2
      vertex 102.474 22.4271 -5.72205e-07
      vertex 102.474 22.4271 2
    endloop
  endfacet
  facet normal -0.897741 -0.440524 0
    outer loop
      vertex 102.404 22.6314 -5.72205e-07
      vertex 102.309 22.825 2
      vertex 102.309 22.825 -5.72205e-07
    endloop
  endfacet
  facet normal -0.897741 -0.440524 0
    outer loop
      vertex 102.309 22.825 2
      vertex 102.404 22.6314 -5.72205e-07
      vertex 102.404 22.6314 2
    endloop
  endfacet
  facet normal -0.997894 0.0648585 0
    outer loop
      vertex 102.516 21.7846 -5.72205e-07
      vertex 102.53 22 2
      vertex 102.53 22 -5.72205e-07
    endloop
  endfacet
  facet normal -0.997894 0.0648585 0
    outer loop
      vertex 102.53 22 2
      vertex 102.516 21.7846 -5.72205e-07
      vertex 102.516 21.7846 2
    endloop
  endfacet
  facet normal -0.322069 -0.946716 0
    outer loop
      vertex 101.307 23.5938 -5.72205e-07
      vertex 101.511 23.5244 2
      vertex 101.307 23.5938 2
    endloop
  endfacet
  facet normal -0.322069 -0.946716 -0
    outer loop
      vertex 101.511 23.5244 2
      vertex 101.307 23.5938 -5.72205e-07
      vertex 101.511 23.5244 -5.72205e-07
    endloop
  endfacet
  facet normal 0.831551 0.555448 0
    outer loop
      vertex 99.571 20.9955 2
      vertex 99.4511 21.175 -5.72205e-07
      vertex 99.4511 21.175 2
    endloop
  endfacet
  facet normal 0.831551 0.555448 0
    outer loop
      vertex 99.4511 21.175 -5.72205e-07
      vertex 99.571 20.9955 2
      vertex 99.571 20.9955 -5.72205e-07
    endloop
  endfacet
  facet normal -0.997894 -0.0648585 0
    outer loop
      vertex 102.53 22 -5.72205e-07
      vertex 102.516 22.2154 2
      vertex 102.516 22.2154 -5.72205e-07
    endloop
  endfacet
  facet normal -0.997894 -0.0648585 0
    outer loop
      vertex 102.516 22.2154 2
      vertex 102.53 22 -5.72205e-07
      vertex 102.53 22 2
    endloop
  endfacet
  facet normal 0.441655 -0.897185 0
    outer loop
      vertex 100.055 23.4289 -5.72205e-07
      vertex 100.249 23.5244 2
      vertex 100.055 23.4289 2
    endloop
  endfacet
  facet normal 0.441655 -0.897185 0
    outer loop
      vertex 100.249 23.5244 2
      vertex 100.055 23.4289 -5.72205e-07
      vertex 100.249 23.5244 -5.72205e-07
    endloop
  endfacet
  facet normal -0.657653 -0.753321 0
    outer loop
      vertex 101.884 23.309 -5.72205e-07
      vertex 102.047 23.1667 2
      vertex 101.884 23.309 2
    endloop
  endfacet
  facet normal -0.657653 -0.753321 -0
    outer loop
      vertex 102.047 23.1667 2
      vertex 101.884 23.309 -5.72205e-07
      vertex 102.047 23.1667 -5.72205e-07
    endloop
  endfacet
  facet normal 0.94686 0.321645 0
    outer loop
      vertex 99.3556 21.3686 2
      vertex 99.2862 21.5729 -5.72205e-07
      vertex 99.2862 21.5729 2
    endloop
  endfacet
  facet normal 0.94686 0.321645 0
    outer loop
      vertex 99.2862 21.5729 -5.72205e-07
      vertex 99.3556 21.3686 2
      vertex 99.3556 21.3686 -5.72205e-07
    endloop
  endfacet
  facet normal -0.657653 0.753321 0
    outer loop
      vertex 102.047 20.8333 -5.72205e-07
      vertex 101.884 20.691 2
      vertex 102.047 20.8333 2
    endloop
  endfacet
  facet normal -0.657653 0.753321 0
    outer loop
      vertex 101.884 20.691 2
      vertex 102.047 20.8333 -5.72205e-07
      vertex 101.884 20.691 -5.72205e-07
    endloop
  endfacet
  facet normal -0.980882 0.194601 0
    outer loop
      vertex 102.474 21.5729 -5.72205e-07
      vertex 102.516 21.7846 2
      vertex 102.516 21.7846 -5.72205e-07
    endloop
  endfacet
  facet normal -0.980882 0.194601 0
    outer loop
      vertex 102.516 21.7846 2
      vertex 102.474 21.5729 -5.72205e-07
      vertex 102.474 21.5729 2
    endloop
  endfacet
  facet normal 0.94686 -0.321645 0
    outer loop
      vertex 99.2862 22.4271 2
      vertex 99.3556 22.6314 -5.72205e-07
      vertex 99.3556 22.6314 2
    endloop
  endfacet
  facet normal 0.94686 -0.321645 0
    outer loop
      vertex 99.3556 22.6314 -5.72205e-07
      vertex 99.2862 22.4271 2
      vertex 99.2862 22.4271 -5.72205e-07
    endloop
  endfacet
  facet normal -0.752404 -0.658702 0
    outer loop
      vertex 102.189 23.0045 -5.72205e-07
      vertex 102.047 23.1667 2
      vertex 102.047 23.1667 -5.72205e-07
    endloop
  endfacet
  facet normal -0.752404 -0.658702 0
    outer loop
      vertex 102.047 23.1667 2
      vertex 102.189 23.0045 -5.72205e-07
      vertex 102.189 23.0045 2
    endloop
  endfacet
  facet normal -0.752404 0.658702 0
    outer loop
      vertex 102.047 20.8333 -5.72205e-07
      vertex 102.189 20.9955 2
      vertex 102.189 20.9955 -5.72205e-07
    endloop
  endfacet
  facet normal -0.752404 0.658702 0
    outer loop
      vertex 102.189 20.9955 2
      vertex 102.047 20.8333 -5.72205e-07
      vertex 102.047 20.8333 2
    endloop
  endfacet
  facet normal -0.980882 -0.194601 0
    outer loop
      vertex 102.516 22.2154 -5.72205e-07
      vertex 102.474 22.4271 2
      vertex 102.474 22.4271 -5.72205e-07
    endloop
  endfacet
  facet normal -0.980882 -0.194601 0
    outer loop
      vertex 102.474 22.4271 2
      vertex 102.516 22.2154 -5.72205e-07
      vertex 102.516 22.2154 2
    endloop
  endfacet
  facet normal -0.441655 0.897185 0
    outer loop
      vertex 101.705 20.5711 -5.72205e-07
      vertex 101.511 20.4756 2
      vertex 101.705 20.5711 2
    endloop
  endfacet
  facet normal -0.441655 0.897185 0
    outer loop
      vertex 101.511 20.4756 2
      vertex 101.705 20.5711 -5.72205e-07
      vertex 101.511 20.4756 -5.72205e-07
    endloop
  endfacet
  facet normal -0.441655 -0.897185 0
    outer loop
      vertex 101.511 23.5244 -5.72205e-07
      vertex 101.705 23.4289 2
      vertex 101.511 23.5244 2
    endloop
  endfacet
  facet normal -0.441655 -0.897185 -0
    outer loop
      vertex 101.705 23.4289 2
      vertex 101.511 23.5244 -5.72205e-07
      vertex 101.705 23.4289 -5.72205e-07
    endloop
  endfacet
  facet normal 0.659488 0.751715 -0
    outer loop
      vertex 99.8755 20.691 -5.72205e-07
      vertex 99.7133 20.8333 2
      vertex 99.8755 20.691 2
    endloop
  endfacet
  facet normal 0.659488 0.751715 0
    outer loop
      vertex 99.7133 20.8333 2
      vertex 99.8755 20.691 -5.72205e-07
      vertex 99.7133 20.8333 -5.72205e-07
    endloop
  endfacet
  facet normal 0.555448 -0.831551 0
    outer loop
      vertex 99.8755 23.309 -5.72205e-07
      vertex 100.055 23.4289 2
      vertex 99.8755 23.309 2
    endloop
  endfacet
  facet normal 0.555448 -0.831551 0
    outer loop
      vertex 100.055 23.4289 2
      vertex 99.8755 23.309 -5.72205e-07
      vertex 100.055 23.4289 -5.72205e-07
    endloop
  endfacet
  facet normal 0.555448 0.831551 -0
    outer loop
      vertex 100.055 20.5711 -5.72205e-07
      vertex 99.8755 20.691 2
      vertex 100.055 20.5711 2
    endloop
  endfacet
  facet normal 0.555448 0.831551 0
    outer loop
      vertex 99.8755 20.691 2
      vertex 100.055 20.5711 -5.72205e-07
      vertex 99.8755 20.691 -5.72205e-07
    endloop
  endfacet
  facet normal -0.55652 0.830834 0
    outer loop
      vertex 101.884 20.691 -5.72205e-07
      vertex 101.705 20.5711 2
      vertex 101.884 20.691 2
    endloop
  endfacet
  facet normal -0.55652 0.830834 0
    outer loop
      vertex 101.705 20.5711 2
      vertex 101.884 20.691 -5.72205e-07
      vertex 101.705 20.5711 -5.72205e-07
    endloop
  endfacet
  facet normal -0.55652 -0.830834 0
    outer loop
      vertex 101.705 23.4289 -5.72205e-07
      vertex 101.884 23.309 2
      vertex 101.705 23.4289 2
    endloop
  endfacet
  facet normal -0.55652 -0.830834 -0
    outer loop
      vertex 101.884 23.309 2
      vertex 101.705 23.4289 -5.72205e-07
      vertex 101.884 23.309 -5.72205e-07
    endloop
  endfacet
  facet normal 0.896823 0.442389 0
    outer loop
      vertex 99.4511 21.175 2
      vertex 99.3556 21.3686 -5.72205e-07
      vertex 99.3556 21.3686 2
    endloop
  endfacet
  facet normal 0.896823 0.442389 0
    outer loop
      vertex 99.3556 21.3686 -5.72205e-07
      vertex 99.4511 21.175 2
      vertex 99.4511 21.175 -5.72205e-07
    endloop
  endfacet
  facet normal 0.659488 -0.751715 0
    outer loop
      vertex 99.7133 23.1667 -5.72205e-07
      vertex 99.8755 23.309 2
      vertex 99.7133 23.1667 2
    endloop
  endfacet
  facet normal 0.659488 -0.751715 0
    outer loop
      vertex 99.8755 23.309 2
      vertex 99.7133 23.1667 -5.72205e-07
      vertex 99.8755 23.309 -5.72205e-07
    endloop
  endfacet
  facet normal -0.0654408 -0.997856 0
    outer loop
      vertex 100.88 23.65 -5.72205e-07
      vertex 101.095 23.6359 2
      vertex 100.88 23.65 2
    endloop
  endfacet
  facet normal -0.0654408 -0.997856 -0
    outer loop
      vertex 101.095 23.6359 2
      vertex 100.88 23.65 -5.72205e-07
      vertex 101.095 23.6359 -5.72205e-07
    endloop
  endfacet
  facet normal 0.997864 -0.0653198 0
    outer loop
      vertex 99.23 22 2
      vertex 99.2441 22.2154 -5.72205e-07
      vertex 99.2441 22.2154 2
    endloop
  endfacet
  facet normal 0.997864 -0.0653198 0
    outer loop
      vertex 99.2441 22.2154 -5.72205e-07
      vertex 99.23 22 2
      vertex 99.23 22 -5.72205e-07
    endloop
  endfacet
  facet normal 0.322069 -0.946716 0
    outer loop
      vertex 100.249 23.5244 -5.72205e-07
      vertex 100.453 23.5938 2
      vertex 100.249 23.5244 2
    endloop
  endfacet
  facet normal 0.322069 -0.946716 0
    outer loop
      vertex 100.453 23.5938 2
      vertex 100.249 23.5244 -5.72205e-07
      vertex 100.453 23.5938 -5.72205e-07
    endloop
  endfacet
  facet normal -0.194781 0.980847 0
    outer loop
      vertex 101.307 20.4062 -5.72205e-07
      vertex 101.095 20.3641 2
      vertex 101.307 20.4062 2
    endloop
  endfacet
  facet normal -0.194781 0.980847 0
    outer loop
      vertex 101.095 20.3641 2
      vertex 101.307 20.4062 -5.72205e-07
      vertex 101.095 20.3641 -5.72205e-07
    endloop
  endfacet
  facet normal -0.897741 0.440524 0
    outer loop
      vertex 102.309 21.175 -5.72205e-07
      vertex 102.404 21.3686 2
      vertex 102.404 21.3686 -5.72205e-07
    endloop
  endfacet
  facet normal -0.897741 0.440524 0
    outer loop
      vertex 102.404 21.3686 2
      vertex 102.309 21.175 -5.72205e-07
      vertex 102.309 21.175 2
    endloop
  endfacet
  facet normal 0.980794 0.195047 0
    outer loop
      vertex 99.2862 21.5729 2
      vertex 99.2441 21.7846 -5.72205e-07
      vertex 99.2441 21.7846 2
    endloop
  endfacet
  facet normal 0.980794 0.195047 0
    outer loop
      vertex 99.2441 21.7846 -5.72205e-07
      vertex 99.2862 21.5729 2
      vertex 99.2862 21.5729 -5.72205e-07
    endloop
  endfacet
  facet normal -0.194781 -0.980847 0
    outer loop
      vertex 101.095 23.6359 -5.72205e-07
      vertex 101.307 23.5938 2
      vertex 101.095 23.6359 2
    endloop
  endfacet
  facet normal -0.194781 -0.980847 -0
    outer loop
      vertex 101.307 23.5938 2
      vertex 101.095 23.6359 -5.72205e-07
      vertex 101.307 23.5938 -5.72205e-07
    endloop
  endfacet
  facet normal 0.441655 0.897185 -0
    outer loop
      vertex 100.249 20.4756 -5.72205e-07
      vertex 100.055 20.5711 2
      vertex 100.249 20.4756 2
    endloop
  endfacet
  facet normal 0.441655 0.897185 0
    outer loop
      vertex 100.055 20.5711 2
      vertex 100.249 20.4756 -5.72205e-07
      vertex 100.055 20.5711 -5.72205e-07
    endloop
  endfacet
  facet normal -0.831337 0.555769 0
    outer loop
      vertex 102.189 20.9955 -5.72205e-07
      vertex 102.309 21.175 2
      vertex 102.309 21.175 -5.72205e-07
    endloop
  endfacet
  facet normal -0.831337 0.555769 0
    outer loop
      vertex 102.309 21.175 2
      vertex 102.189 20.9955 -5.72205e-07
      vertex 102.189 20.9955 2
    endloop
  endfacet
  facet normal -0.322069 0.946716 0
    outer loop
      vertex 101.511 20.4756 -5.72205e-07
      vertex 101.307 20.4062 2
      vertex 101.511 20.4756 2
    endloop
  endfacet
  facet normal -0.322069 0.946716 0
    outer loop
      vertex 101.307 20.4062 2
      vertex 101.511 20.4756 -5.72205e-07
      vertex 101.307 20.4062 -5.72205e-07
    endloop
  endfacet
  facet normal 0.322069 0.946716 -0
    outer loop
      vertex 100.453 20.4062 -5.72205e-07
      vertex 100.249 20.4756 2
      vertex 100.453 20.4062 2
    endloop
  endfacet
  facet normal 0.322069 0.946716 0
    outer loop
      vertex 100.249 20.4756 2
      vertex 100.453 20.4062 -5.72205e-07
      vertex 100.249 20.4756 -5.72205e-07
    endloop
  endfacet
  facet normal 0.194781 0.980847 -0
    outer loop
      vertex 100.665 20.3641 -5.72205e-07
      vertex 100.453 20.4062 2
      vertex 100.665 20.3641 2
    endloop
  endfacet
  facet normal 0.194781 0.980847 0
    outer loop
      vertex 100.453 20.4062 2
      vertex 100.665 20.3641 -5.72205e-07
      vertex 100.453 20.4062 -5.72205e-07
    endloop
  endfacet
  facet normal 0.831551 -0.555448 0
    outer loop
      vertex 99.4511 22.825 2
      vertex 99.571 23.0045 -5.72205e-07
      vertex 99.571 23.0045 2
    endloop
  endfacet
  facet normal 0.831551 -0.555448 0
    outer loop
      vertex 99.571 23.0045 -5.72205e-07
      vertex 99.4511 22.825 2
      vertex 99.4511 22.825 -5.72205e-07
    endloop
  endfacet
  facet normal 0.866023 -0.500004 0
    outer loop
      vertex 97.6468 22 5
      vertex 99.2634 24.8 2
      vertex 99.2634 24.8 5
    endloop
  endfacet
  facet normal 0.866023 -0.500004 0
    outer loop
      vertex 99.2634 24.8 2
      vertex 97.6468 22 5
      vertex 97.6468 22 2
    endloop
  endfacet
  facet normal 0 0 1
    outer loop
      vertex 104.113 22 2
      vertex 102.516 22.2154 2
      vertex 102.53 22 2
    endloop
  endfacet
  facet normal -0 0 1
    outer loop
      vertex 102.309 22.825 2
      vertex 104.113 22 2
      vertex 102.497 24.8 2
    endloop
  endfacet
  facet normal 0 0 1
    outer loop
      vertex 104.113 22 2
      vertex 102.474 22.4271 2
      vertex 102.516 22.2154 2
    endloop
  endfacet
  facet normal 0 0 1
    outer loop
      vertex 104.113 22 2
      vertex 102.404 22.6314 2
      vertex 102.474 22.4271 2
    endloop
  endfacet
  facet normal 0 0 1
    outer loop
      vertex 104.113 22 2
      vertex 102.309 22.825 2
      vertex 102.404 22.6314 2
    endloop
  endfacet
  facet normal 0 0 1
    outer loop
      vertex 102.497 24.8 2
      vertex 102.189 23.0045 2
      vertex 102.309 22.825 2
    endloop
  endfacet
  facet normal 0 0 1
    outer loop
      vertex 102.497 24.8 2
      vertex 102.047 23.1667 2
      vertex 102.189 23.0045 2
    endloop
  endfacet
  facet normal 0 0 1
    outer loop
      vertex 102.497 24.8 2
      vertex 101.884 23.309 2
      vertex 102.047 23.1667 2
    endloop
  endfacet
  facet normal 0 0 1
    outer loop
      vertex 102.497 24.8 2
      vertex 101.705 23.4289 2
      vertex 101.884 23.309 2
    endloop
  endfacet
  facet normal 0 0 1
    outer loop
      vertex 102.497 24.8 2
      vertex 101.511 23.5244 2
      vertex 101.705 23.4289 2
    endloop
  endfacet
  facet normal 0 0 1
    outer loop
      vertex 102.497 24.8 2
      vertex 101.307 23.5938 2
      vertex 101.511 23.5244 2
    endloop
  endfacet
  facet normal 0 0 1
    outer loop
      vertex 102.497 24.8 2
      vertex 101.095 23.6359 2
      vertex 101.307 23.5938 2
    endloop
  endfacet
  facet normal 0 0 1
    outer loop
      vertex 102.497 24.8 2
      vertex 100.88 23.65 2
      vertex 101.095 23.6359 2
    endloop
  endfacet
  facet normal -0 0 1
    outer loop
      vertex 99.2634 24.8 2
      vertex 100.88 23.65 2
      vertex 102.497 24.8 2
    endloop
  endfacet
  facet normal 0 0 1
    outer loop
      vertex 100.88 23.65 2
      vertex 99.2634 24.8 2
      vertex 100.665 23.6359 2
    endloop
  endfacet
  facet normal 0 0 1
    outer loop
      vertex 100.665 23.6359 2
      vertex 99.2634 24.8 2
      vertex 100.453 23.5938 2
    endloop
  endfacet
  facet normal 0 0 1
    outer loop
      vertex 100.453 23.5938 2
      vertex 99.2634 24.8 2
      vertex 100.249 23.5244 2
    endloop
  endfacet
  facet normal 0 0 1
    outer loop
      vertex 100.249 23.5244 2
      vertex 99.2634 24.8 2
      vertex 100.055 23.4289 2
    endloop
  endfacet
  facet normal 0 0 1
    outer loop
      vertex 99.2634 24.8 2
      vertex 99.8755 23.309 2
      vertex 100.055 23.4289 2
    endloop
  endfacet
  facet normal 0 0 1
    outer loop
      vertex 99.2634 24.8 2
      vertex 99.7133 23.1667 2
      vertex 99.8755 23.309 2
    endloop
  endfacet
  facet normal 0 0 1
    outer loop
      vertex 99.2634 24.8 2
      vertex 99.571 23.0045 2
      vertex 99.7133 23.1667 2
    endloop
  endfacet
  facet normal 0 0 1
    outer loop
      vertex 99.2634 24.8 2
      vertex 99.4511 22.825 2
      vertex 99.571 23.0045 2
    endloop
  endfacet
  facet normal 0 0 1
    outer loop
      vertex 97.6468 22 2
      vertex 99.4511 22.825 2
      vertex 99.2634 24.8 2
    endloop
  endfacet
  facet normal 0 0 1
    outer loop
      vertex 99.4511 22.825 2
      vertex 97.6468 22 2
      vertex 99.3556 22.6314 2
    endloop
  endfacet
  facet normal 0 0 1
    outer loop
      vertex 99.3556 22.6314 2
      vertex 97.6468 22 2
      vertex 99.2862 22.4271 2
    endloop
  endfacet
  facet normal 0 0 1
    outer loop
      vertex 99.2862 22.4271 2
      vertex 97.6468 22 2
      vertex 99.2441 22.2154 2
    endloop
  endfacet
  facet normal 0 0 1
    outer loop
      vertex 99.2441 22.2154 2
      vertex 97.6468 22 2
      vertex 99.23 22 2
    endloop
  endfacet
  facet normal 0 0 1
    outer loop
      vertex 102.516 21.7846 2
      vertex 104.113 22 2
      vertex 102.53 22 2
    endloop
  endfacet
  facet normal 0 0 1
    outer loop
      vertex 102.474 21.5729 2
      vertex 104.113 22 2
      vertex 102.516 21.7846 2
    endloop
  endfacet
  facet normal 0 0 1
    outer loop
      vertex 102.404 21.3686 2
      vertex 104.113 22 2
      vertex 102.474 21.5729 2
    endloop
  endfacet
  facet normal 0 0 1
    outer loop
      vertex 102.309 21.175 2
      vertex 104.113 22 2
      vertex 102.404 21.3686 2
    endloop
  endfacet
  facet normal 0 0 1
    outer loop
      vertex 104.113 22 2
      vertex 102.309 21.175 2
      vertex 102.497 19.2 2
    endloop
  endfacet
  facet normal -0 0 1
    outer loop
      vertex 102.189 20.9955 2
      vertex 102.497 19.2 2
      vertex 102.309 21.175 2
    endloop
  endfacet
  facet normal -0 0 1
    outer loop
      vertex 102.047 20.8333 2
      vertex 102.497 19.2 2
      vertex 102.189 20.9955 2
    endloop
  endfacet
  facet normal -0 0 1
    outer loop
      vertex 101.884 20.691 2
      vertex 102.497 19.2 2
      vertex 102.047 20.8333 2
    endloop
  endfacet
  facet normal -0 0 1
    outer loop
      vertex 101.705 20.5711 2
      vertex 102.497 19.2 2
      vertex 101.884 20.691 2
    endloop
  endfacet
  facet normal -0 0 1
    outer loop
      vertex 101.511 20.4756 2
      vertex 102.497 19.2 2
      vertex 101.705 20.5711 2
    endloop
  endfacet
  facet normal -0 0 1
    outer loop
      vertex 101.307 20.4062 2
      vertex 102.497 19.2 2
      vertex 101.511 20.4756 2
    endloop
  endfacet
  facet normal -0 0 1
    outer loop
      vertex 101.095 20.3641 2
      vertex 102.497 19.2 2
      vertex 101.307 20.4062 2
    endloop
  endfacet
  facet normal -0 0 1
    outer loop
      vertex 100.88 20.35 2
      vertex 102.497 19.2 2
      vertex 101.095 20.3641 2
    endloop
  endfacet
  facet normal 0 0 1
    outer loop
      vertex 99.2634 19.2 2
      vertex 100.88 20.35 2
      vertex 100.665 20.3641 2
    endloop
  endfacet
  facet normal 0 0 1
    outer loop
      vertex 99.2634 19.2 2
      vertex 100.665 20.3641 2
      vertex 100.453 20.4062 2
    endloop
  endfacet
  facet normal 0 0 1
    outer loop
      vertex 99.2634 19.2 2
      vertex 100.453 20.4062 2
      vertex 100.249 20.4756 2
    endloop
  endfacet
  facet normal 0 0 1
    outer loop
      vertex 99.2634 19.2 2
      vertex 100.249 20.4756 2
      vertex 100.055 20.5711 2
    endloop
  endfacet
  facet normal 0 0 1
    outer loop
      vertex 100.88 20.35 2
      vertex 99.2634 19.2 2
      vertex 102.497 19.2 2
    endloop
  endfacet
  facet normal 0 0 1
    outer loop
      vertex 99.8755 20.691 2
      vertex 99.2634 19.2 2
      vertex 100.055 20.5711 2
    endloop
  endfacet
  facet normal 0 0 1
    outer loop
      vertex 99.7133 20.8333 2
      vertex 99.2634 19.2 2
      vertex 99.8755 20.691 2
    endloop
  endfacet
  facet normal 0 0 1
    outer loop
      vertex 99.571 20.9955 2
      vertex 99.2634 19.2 2
      vertex 99.7133 20.8333 2
    endloop
  endfacet
  facet normal 0 0 1
    outer loop
      vertex 99.4511 21.175 2
      vertex 99.2634 19.2 2
      vertex 99.571 20.9955 2
    endloop
  endfacet
  facet normal 0 0 1
    outer loop
      vertex 97.6468 22 2
      vertex 99.4511 21.175 2
      vertex 99.3556 21.3686 2
    endloop
  endfacet
  facet normal 0 0 1
    outer loop
      vertex 97.6468 22 2
      vertex 99.3556 21.3686 2
      vertex 99.2862 21.5729 2
    endloop
  endfacet
  facet normal 0 0 1
    outer loop
      vertex 97.6468 22 2
      vertex 99.2862 21.5729 2
      vertex 99.2441 21.7846 2
    endloop
  endfacet
  facet normal -0 0 1
    outer loop
      vertex 97.6468 22 2
      vertex 99.2441 21.7846 2
      vertex 99.23 22 2
    endloop
  endfacet
  facet normal 0 0 1
    outer loop
      vertex 99.4511 21.175 2
      vertex 97.6468 22 2
      vertex 99.2634 19.2 2
    endloop
  endfacet
  facet normal -0.866103 0.499865 0
    outer loop
      vertex 102.497 19.2 2
      vertex 104.113 22 5
      vertex 104.113 22 2
    endloop
  endfacet
  facet normal -0.866103 0.499865 0
    outer loop
      vertex 104.113 22 5
      vertex 102.497 19.2 2
      vertex 102.497 19.2 5
    endloop
  endfacet
  facet normal 0.866023 0.500004 0
    outer loop
      vertex 99.2634 19.2 5
      vertex 97.6468 22 2
      vertex 97.6468 22 5
    endloop
  endfacet
  facet normal 0.866023 0.500004 0
    outer loop
      vertex 97.6468 22 2
      vertex 99.2634 19.2 5
      vertex 99.2634 19.2 2
    endloop
  endfacet
  facet normal 0 1 -0
    outer loop
      vertex 102.497 19.2 2
      vertex 99.2634 19.2 5
      vertex 102.497 19.2 5
    endloop
  endfacet
  facet normal 0 1 0
    outer loop
      vertex 99.2634 19.2 5
      vertex 102.497 19.2 2
      vertex 99.2634 19.2 2
    endloop
  endfacet
  facet normal 0 -1 0
    outer loop
      vertex 99.2634 24.8 2
      vertex 102.497 24.8 5
      vertex 99.2634 24.8 5
    endloop
  endfacet
  facet normal 0 -1 -0
    outer loop
      vertex 102.497 24.8 5
      vertex 99.2634 24.8 2
      vertex 102.497 24.8 2
    endloop
  endfacet
  facet normal -0.866103 -0.499865 0
    outer loop
      vertex 104.113 22 2
      vertex 102.497 24.8 5
      vertex 102.497 24.8 2
    endloop
  endfacet
  facet normal -0.866103 -0.499865 0
    outer loop
      vertex 102.497 24.8 5
      vertex 104.113 22 2
      vertex 104.113 22 5
    endloop
  endfacet
  facet normal -0.0654408 0.997856 0
    outer loop
      vertex 101.095 93.9241 -5.72205e-07
      vertex 100.88 93.91 2
      vertex 101.095 93.9241 2
    endloop
  endfacet
  facet normal -0.0654408 0.997856 0
    outer loop
      vertex 100.88 93.91 2
      vertex 101.095 93.9241 -5.72205e-07
      vertex 100.88 93.91 -5.72205e-07
    endloop
  endfacet
  facet normal -0.980882 -0.194601 0
    outer loop
      vertex 102.516 95.7754 -5.72205e-07
      vertex 102.474 95.9871 2
      vertex 102.474 95.9871 -5.72205e-07
    endloop
  endfacet
  facet normal -0.980882 -0.194601 0
    outer loop
      vertex 102.474 95.9871 2
      vertex 102.516 95.7754 -5.72205e-07
      vertex 102.516 95.7754 2
    endloop
  endfacet
  facet normal -0.997894 -0.0648585 0
    outer loop
      vertex 102.53 95.56 -5.72205e-07
      vertex 102.516 95.7754 2
      vertex 102.516 95.7754 -5.72205e-07
    endloop
  endfacet
  facet normal -0.997894 -0.0648585 0
    outer loop
      vertex 102.516 95.7754 2
      vertex 102.53 95.56 -5.72205e-07
      vertex 102.53 95.56 2
    endloop
  endfacet
  facet normal -0.946011 -0.324135 0
    outer loop
      vertex 102.474 95.9871 -5.72205e-07
      vertex 102.404 96.1914 2
      vertex 102.404 96.1914 -5.72205e-07
    endloop
  endfacet
  facet normal -0.946011 -0.324135 0
    outer loop
      vertex 102.404 96.1914 2
      vertex 102.474 95.9871 -5.72205e-07
      vertex 102.474 95.9871 2
    endloop
  endfacet
  facet normal -0.0654408 -0.997856 0
    outer loop
      vertex 100.88 97.21 -5.72205e-07
      vertex 101.095 97.1959 2
      vertex 100.88 97.21 2
    endloop
  endfacet
  facet normal -0.0654408 -0.997856 -0
    outer loop
      vertex 101.095 97.1959 2
      vertex 100.88 97.21 -5.72205e-07
      vertex 101.095 97.1959 -5.72205e-07
    endloop
  endfacet
  facet normal 0.659488 0.751715 -0
    outer loop
      vertex 99.8755 94.251 -5.72205e-07
      vertex 99.7133 94.3933 2
      vertex 99.8755 94.251 2
    endloop
  endfacet
  facet normal 0.659488 0.751715 0
    outer loop
      vertex 99.7133 94.3933 2
      vertex 99.8755 94.251 -5.72205e-07
      vertex 99.7133 94.3933 -5.72205e-07
    endloop
  endfacet
  facet normal 0.997864 0.0653198 0
    outer loop
      vertex 99.2441 95.3446 2
      vertex 99.23 95.56 -5.72205e-07
      vertex 99.23 95.56 2
    endloop
  endfacet
  facet normal 0.997864 0.0653198 0
    outer loop
      vertex 99.23 95.56 -5.72205e-07
      vertex 99.2441 95.3446 2
      vertex 99.2441 95.3446 -5.72205e-07
    endloop
  endfacet
  facet normal 0.659488 -0.751715 0
    outer loop
      vertex 99.7133 96.7267 -5.72205e-07
      vertex 99.8755 96.869 2
      vertex 99.7133 96.7267 2
    endloop
  endfacet
  facet normal 0.659488 -0.751715 0
    outer loop
      vertex 99.8755 96.869 2
      vertex 99.7133 96.7267 -5.72205e-07
      vertex 99.8755 96.869 -5.72205e-07
    endloop
  endfacet
  facet normal -0.752404 -0.658702 0
    outer loop
      vertex 102.189 96.5645 -5.72205e-07
      vertex 102.047 96.7267 2
      vertex 102.047 96.7267 -5.72205e-07
    endloop
  endfacet
  facet normal -0.752404 -0.658702 0
    outer loop
      vertex 102.047 96.7267 2
      vertex 102.189 96.5645 -5.72205e-07
      vertex 102.189 96.5645 2
    endloop
  endfacet
  facet normal -0.997894 0.0648585 0
    outer loop
      vertex 102.516 95.3446 -5.72205e-07
      vertex 102.53 95.56 2
      vertex 102.53 95.56 -5.72205e-07
    endloop
  endfacet
  facet normal -0.997894 0.0648585 0
    outer loop
      vertex 102.53 95.56 2
      vertex 102.516 95.3446 -5.72205e-07
      vertex 102.516 95.3446 2
    endloop
  endfacet
  facet normal -0.441655 -0.897185 0
    outer loop
      vertex 101.511 97.0844 -5.72205e-07
      vertex 101.705 96.9889 2
      vertex 101.511 97.0844 2
    endloop
  endfacet
  facet normal -0.441655 -0.897185 -0
    outer loop
      vertex 101.705 96.9889 2
      vertex 101.511 97.0844 -5.72205e-07
      vertex 101.705 96.9889 -5.72205e-07
    endloop
  endfacet
  facet normal -0.897741 0.440524 0
    outer loop
      vertex 102.309 94.735 -5.72205e-07
      vertex 102.404 94.9286 2
      vertex 102.404 94.9286 -5.72205e-07
    endloop
  endfacet
  facet normal -0.897741 0.440524 0
    outer loop
      vertex 102.404 94.9286 2
      vertex 102.309 94.735 -5.72205e-07
      vertex 102.309 94.735 2
    endloop
  endfacet
  facet normal 0.322069 0.946716 -0
    outer loop
      vertex 100.453 93.9662 -5.72205e-07
      vertex 100.249 94.0356 2
      vertex 100.453 93.9662 2
    endloop
  endfacet
  facet normal 0.322069 0.946716 0
    outer loop
      vertex 100.249 94.0356 2
      vertex 100.453 93.9662 -5.72205e-07
      vertex 100.249 94.0356 -5.72205e-07
    endloop
  endfacet
  facet normal -0.831337 -0.555769 0
    outer loop
      vertex 102.309 96.385 -5.72205e-07
      vertex 102.189 96.5645 2
      vertex 102.189 96.5645 -5.72205e-07
    endloop
  endfacet
  facet normal -0.831337 -0.555769 0
    outer loop
      vertex 102.189 96.5645 2
      vertex 102.309 96.385 -5.72205e-07
      vertex 102.309 96.385 2
    endloop
  endfacet
  facet normal -0.897741 -0.440524 0
    outer loop
      vertex 102.404 96.1914 -5.72205e-07
      vertex 102.309 96.385 2
      vertex 102.309 96.385 -5.72205e-07
    endloop
  endfacet
  facet normal -0.897741 -0.440524 0
    outer loop
      vertex 102.309 96.385 2
      vertex 102.404 96.1914 -5.72205e-07
      vertex 102.404 96.1914 2
    endloop
  endfacet
  facet normal 0.831551 0.555448 0
    outer loop
      vertex 99.571 94.5555 2
      vertex 99.4511 94.735 -5.72205e-07
      vertex 99.4511 94.735 2
    endloop
  endfacet
  facet normal 0.831551 0.555448 0
    outer loop
      vertex 99.4511 94.735 -5.72205e-07
      vertex 99.571 94.5555 2
      vertex 99.571 94.5555 -5.72205e-07
    endloop
  endfacet
  facet normal -0.441655 0.897185 0
    outer loop
      vertex 101.705 94.1311 -5.72205e-07
      vertex 101.511 94.0356 2
      vertex 101.705 94.1311 2
    endloop
  endfacet
  facet normal -0.441655 0.897185 0
    outer loop
      vertex 101.511 94.0356 2
      vertex 101.705 94.1311 -5.72205e-07
      vertex 101.511 94.0356 -5.72205e-07
    endloop
  endfacet
  facet normal 0.997864 -0.0653198 0
    outer loop
      vertex 99.23 95.56 2
      vertex 99.2441 95.7754 -5.72205e-07
      vertex 99.2441 95.7754 2
    endloop
  endfacet
  facet normal 0.997864 -0.0653198 0
    outer loop
      vertex 99.2441 95.7754 -5.72205e-07
      vertex 99.23 95.56 2
      vertex 99.23 95.56 -5.72205e-07
    endloop
  endfacet
  facet normal 0.441655 -0.897185 0
    outer loop
      vertex 100.055 96.9889 -5.72205e-07
      vertex 100.249 97.0844 2
      vertex 100.055 96.9889 2
    endloop
  endfacet
  facet normal 0.441655 -0.897185 0
    outer loop
      vertex 100.249 97.0844 2
      vertex 100.055 96.9889 -5.72205e-07
      vertex 100.249 97.0844 -5.72205e-07
    endloop
  endfacet
  facet normal -0.194781 -0.980847 0
    outer loop
      vertex 101.095 97.1959 -5.72205e-07
      vertex 101.307 97.1538 2
      vertex 101.095 97.1959 2
    endloop
  endfacet
  facet normal -0.194781 -0.980847 -0
    outer loop
      vertex 101.307 97.1538 2
      vertex 101.095 97.1959 -5.72205e-07
      vertex 101.307 97.1538 -5.72205e-07
    endloop
  endfacet
  facet normal 0.751715 -0.659488 0
    outer loop
      vertex 99.571 96.5645 2
      vertex 99.7133 96.7267 -5.72205e-07
      vertex 99.7133 96.7267 2
    endloop
  endfacet
  facet normal 0.751715 -0.659488 0
    outer loop
      vertex 99.7133 96.7267 -5.72205e-07
      vertex 99.571 96.5645 2
      vertex 99.571 96.5645 -5.72205e-07
    endloop
  endfacet
  facet normal 0.94686 0.321645 0
    outer loop
      vertex 99.3556 94.9286 2
      vertex 99.2862 95.1329 -5.72205e-07
      vertex 99.2862 95.1329 2
    endloop
  endfacet
  facet normal 0.94686 0.321645 0
    outer loop
      vertex 99.2862 95.1329 -5.72205e-07
      vertex 99.3556 94.9286 2
      vertex 99.3556 94.9286 -5.72205e-07
    endloop
  endfacet
  facet normal -0.946011 0.324135 0
    outer loop
      vertex 102.404 94.9286 -5.72205e-07
      vertex 102.474 95.1329 2
      vertex 102.474 95.1329 -5.72205e-07
    endloop
  endfacet
  facet normal -0.946011 0.324135 0
    outer loop
      vertex 102.474 95.1329 2
      vertex 102.404 94.9286 -5.72205e-07
      vertex 102.404 94.9286 2
    endloop
  endfacet
  facet normal 0.980794 -0.195047 0
    outer loop
      vertex 99.2441 95.7754 2
      vertex 99.2862 95.9871 -5.72205e-07
      vertex 99.2862 95.9871 2
    endloop
  endfacet
  facet normal 0.980794 -0.195047 0
    outer loop
      vertex 99.2862 95.9871 -5.72205e-07
      vertex 99.2441 95.7754 2
      vertex 99.2441 95.7754 -5.72205e-07
    endloop
  endfacet
  facet normal 0.441655 0.897185 -0
    outer loop
      vertex 100.249 94.0356 -5.72205e-07
      vertex 100.055 94.1311 2
      vertex 100.249 94.0356 2
    endloop
  endfacet
  facet normal 0.441655 0.897185 0
    outer loop
      vertex 100.055 94.1311 2
      vertex 100.249 94.0356 -5.72205e-07
      vertex 100.055 94.1311 -5.72205e-07
    endloop
  endfacet
  facet normal 0.555448 -0.831551 0
    outer loop
      vertex 99.8755 96.869 -5.72205e-07
      vertex 100.055 96.9889 2
      vertex 99.8755 96.869 2
    endloop
  endfacet
  facet normal 0.555448 -0.831551 0
    outer loop
      vertex 100.055 96.9889 2
      vertex 99.8755 96.869 -5.72205e-07
      vertex 100.055 96.9889 -5.72205e-07
    endloop
  endfacet
  facet normal -0.657653 0.753321 0
    outer loop
      vertex 102.047 94.3933 -5.72205e-07
      vertex 101.884 94.251 2
      vertex 102.047 94.3933 2
    endloop
  endfacet
  facet normal -0.657653 0.753321 0
    outer loop
      vertex 101.884 94.251 2
      vertex 102.047 94.3933 -5.72205e-07
      vertex 101.884 94.251 -5.72205e-07
    endloop
  endfacet
  facet normal 0.322069 -0.946716 0
    outer loop
      vertex 100.249 97.0844 -5.72205e-07
      vertex 100.453 97.1538 2
      vertex 100.249 97.0844 2
    endloop
  endfacet
  facet normal 0.322069 -0.946716 0
    outer loop
      vertex 100.453 97.1538 2
      vertex 100.249 97.0844 -5.72205e-07
      vertex 100.453 97.1538 -5.72205e-07
    endloop
  endfacet
  facet normal -0.831337 0.555769 0
    outer loop
      vertex 102.189 94.5555 -5.72205e-07
      vertex 102.309 94.735 2
      vertex 102.309 94.735 -5.72205e-07
    endloop
  endfacet
  facet normal -0.831337 0.555769 0
    outer loop
      vertex 102.309 94.735 2
      vertex 102.189 94.5555 -5.72205e-07
      vertex 102.189 94.5555 2
    endloop
  endfacet
  facet normal -0.55652 0.830834 0
    outer loop
      vertex 101.884 94.251 -5.72205e-07
      vertex 101.705 94.1311 2
      vertex 101.884 94.251 2
    endloop
  endfacet
  facet normal -0.55652 0.830834 0
    outer loop
      vertex 101.705 94.1311 2
      vertex 101.884 94.251 -5.72205e-07
      vertex 101.705 94.1311 -5.72205e-07
    endloop
  endfacet
  facet normal -0.752404 0.658702 0
    outer loop
      vertex 102.047 94.3933 -5.72205e-07
      vertex 102.189 94.5555 2
      vertex 102.189 94.5555 -5.72205e-07
    endloop
  endfacet
  facet normal -0.752404 0.658702 0
    outer loop
      vertex 102.189 94.5555 2
      vertex 102.047 94.3933 -5.72205e-07
      vertex 102.047 94.3933 2
    endloop
  endfacet
  facet normal -0.980882 0.194601 0
    outer loop
      vertex 102.474 95.1329 -5.72205e-07
      vertex 102.516 95.3446 2
      vertex 102.516 95.3446 -5.72205e-07
    endloop
  endfacet
  facet normal -0.980882 0.194601 0
    outer loop
      vertex 102.516 95.3446 2
      vertex 102.474 95.1329 -5.72205e-07
      vertex 102.474 95.1329 2
    endloop
  endfacet
  facet normal 0.0654408 -0.997856 0
    outer loop
      vertex 100.665 97.1959 -5.72205e-07
      vertex 100.88 97.21 2
      vertex 100.665 97.1959 2
    endloop
  endfacet
  facet normal 0.0654408 -0.997856 0
    outer loop
      vertex 100.88 97.21 2
      vertex 100.665 97.1959 -5.72205e-07
      vertex 100.88 97.21 -5.72205e-07
    endloop
  endfacet
  facet normal 0.896823 0.442389 0
    outer loop
      vertex 99.4511 94.735 2
      vertex 99.3556 94.9286 -5.72205e-07
      vertex 99.3556 94.9286 2
    endloop
  endfacet
  facet normal 0.896823 0.442389 0
    outer loop
      vertex 99.3556 94.9286 -5.72205e-07
      vertex 99.4511 94.735 2
      vertex 99.4511 94.735 -5.72205e-07
    endloop
  endfacet
  facet normal 0.896823 -0.442389 0
    outer loop
      vertex 99.3556 96.1914 2
      vertex 99.4511 96.385 -5.72205e-07
      vertex 99.4511 96.385 2
    endloop
  endfacet
  facet normal 0.896823 -0.442389 0
    outer loop
      vertex 99.4511 96.385 -5.72205e-07
      vertex 99.3556 96.1914 2
      vertex 99.3556 96.1914 -5.72205e-07
    endloop
  endfacet
  facet normal -0.55652 -0.830834 0
    outer loop
      vertex 101.705 96.9889 -5.72205e-07
      vertex 101.884 96.869 2
      vertex 101.705 96.9889 2
    endloop
  endfacet
  facet normal -0.55652 -0.830834 -0
    outer loop
      vertex 101.884 96.869 2
      vertex 101.705 96.9889 -5.72205e-07
      vertex 101.884 96.869 -5.72205e-07
    endloop
  endfacet
  facet normal 0.980794 0.195047 0
    outer loop
      vertex 99.2862 95.1329 2
      vertex 99.2441 95.3446 -5.72205e-07
      vertex 99.2441 95.3446 2
    endloop
  endfacet
  facet normal 0.980794 0.195047 0
    outer loop
      vertex 99.2441 95.3446 -5.72205e-07
      vertex 99.2862 95.1329 2
      vertex 99.2862 95.1329 -5.72205e-07
    endloop
  endfacet
  facet normal -0.322069 0.946716 0
    outer loop
      vertex 101.511 94.0356 -5.72205e-07
      vertex 101.307 93.9662 2
      vertex 101.511 94.0356 2
    endloop
  endfacet
  facet normal -0.322069 0.946716 0
    outer loop
      vertex 101.307 93.9662 2
      vertex 101.511 94.0356 -5.72205e-07
      vertex 101.307 93.9662 -5.72205e-07
    endloop
  endfacet
  facet normal -0.657653 -0.753321 0
    outer loop
      vertex 101.884 96.869 -5.72205e-07
      vertex 102.047 96.7267 2
      vertex 101.884 96.869 2
    endloop
  endfacet
  facet normal -0.657653 -0.753321 -0
    outer loop
      vertex 102.047 96.7267 2
      vertex 101.884 96.869 -5.72205e-07
      vertex 102.047 96.7267 -5.72205e-07
    endloop
  endfacet
  facet normal -0.194781 0.980847 0
    outer loop
      vertex 101.307 93.9662 -5.72205e-07
      vertex 101.095 93.9241 2
      vertex 101.307 93.9662 2
    endloop
  endfacet
  facet normal -0.194781 0.980847 0
    outer loop
      vertex 101.095 93.9241 2
      vertex 101.307 93.9662 -5.72205e-07
      vertex 101.095 93.9241 -5.72205e-07
    endloop
  endfacet
  facet normal 0.94686 -0.321645 0
    outer loop
      vertex 99.2862 95.9871 2
      vertex 99.3556 96.1914 -5.72205e-07
      vertex 99.3556 96.1914 2
    endloop
  endfacet
  facet normal 0.94686 -0.321645 0
    outer loop
      vertex 99.3556 96.1914 -5.72205e-07
      vertex 99.2862 95.9871 2
      vertex 99.2862 95.9871 -5.72205e-07
    endloop
  endfacet
  facet normal 0.194781 -0.980847 0
    outer loop
      vertex 100.453 97.1538 -5.72205e-07
      vertex 100.665 97.1959 2
      vertex 100.453 97.1538 2
    endloop
  endfacet
  facet normal 0.194781 -0.980847 0
    outer loop
      vertex 100.665 97.1959 2
      vertex 100.453 97.1538 -5.72205e-07
      vertex 100.665 97.1959 -5.72205e-07
    endloop
  endfacet
  facet normal 0.0654408 0.997856 -0
    outer loop
      vertex 100.88 93.91 -5.72205e-07
      vertex 100.665 93.9241 2
      vertex 100.88 93.91 2
    endloop
  endfacet
  facet normal 0.0654408 0.997856 0
    outer loop
      vertex 100.665 93.9241 2
      vertex 100.88 93.91 -5.72205e-07
      vertex 100.665 93.9241 -5.72205e-07
    endloop
  endfacet
  facet normal 0.751715 0.659488 0
    outer loop
      vertex 99.7133 94.3933 2
      vertex 99.571 94.5555 -5.72205e-07
      vertex 99.571 94.5555 2
    endloop
  endfacet
  facet normal 0.751715 0.659488 0
    outer loop
      vertex 99.571 94.5555 -5.72205e-07
      vertex 99.7133 94.3933 2
      vertex 99.7133 94.3933 -5.72205e-07
    endloop
  endfacet
  facet normal 0.194781 0.980847 -0
    outer loop
      vertex 100.665 93.9241 -5.72205e-07
      vertex 100.453 93.9662 2
      vertex 100.665 93.9241 2
    endloop
  endfacet
  facet normal 0.194781 0.980847 0
    outer loop
      vertex 100.453 93.9662 2
      vertex 100.665 93.9241 -5.72205e-07
      vertex 100.453 93.9662 -5.72205e-07
    endloop
  endfacet
  facet normal 0.555448 0.831551 -0
    outer loop
      vertex 100.055 94.1311 -5.72205e-07
      vertex 99.8755 94.251 2
      vertex 100.055 94.1311 2
    endloop
  endfacet
  facet normal 0.555448 0.831551 0
    outer loop
      vertex 99.8755 94.251 2
      vertex 100.055 94.1311 -5.72205e-07
      vertex 99.8755 94.251 -5.72205e-07
    endloop
  endfacet
  facet normal -0.322069 -0.946716 0
    outer loop
      vertex 101.307 97.1538 -5.72205e-07
      vertex 101.511 97.0844 2
      vertex 101.307 97.1538 2
    endloop
  endfacet
  facet normal -0.322069 -0.946716 -0
    outer loop
      vertex 101.511 97.0844 2
      vertex 101.307 97.1538 -5.72205e-07
      vertex 101.511 97.0844 -5.72205e-07
    endloop
  endfacet
  facet normal 0.831551 -0.555448 0
    outer loop
      vertex 99.4511 96.385 2
      vertex 99.571 96.5645 -5.72205e-07
      vertex 99.571 96.5645 2
    endloop
  endfacet
  facet normal 0.831551 -0.555448 0
    outer loop
      vertex 99.571 96.5645 -5.72205e-07
      vertex 99.4511 96.385 2
      vertex 99.4511 96.385 -5.72205e-07
    endloop
  endfacet
  facet normal 0.866023 -0.500004 0
    outer loop
      vertex 97.6468 95.56 5
      vertex 99.2634 98.36 2
      vertex 99.2634 98.36 5
    endloop
  endfacet
  facet normal 0.866023 -0.500004 0
    outer loop
      vertex 99.2634 98.36 2
      vertex 97.6468 95.56 5
      vertex 97.6468 95.56 2
    endloop
  endfacet
  facet normal 0 0 1
    outer loop
      vertex 104.113 95.56 2
      vertex 102.516 95.7754 2
      vertex 102.53 95.56 2
    endloop
  endfacet
  facet normal -0 0 1
    outer loop
      vertex 102.309 96.385 2
      vertex 104.113 95.56 2
      vertex 102.497 98.36 2
    endloop
  endfacet
  facet normal 0 0 1
    outer loop
      vertex 104.113 95.56 2
      vertex 102.474 95.9871 2
      vertex 102.516 95.7754 2
    endloop
  endfacet
  facet normal 0 0 1
    outer loop
      vertex 104.113 95.56 2
      vertex 102.404 96.1914 2
      vertex 102.474 95.9871 2
    endloop
  endfacet
  facet normal 0 0 1
    outer loop
      vertex 104.113 95.56 2
      vertex 102.309 96.385 2
      vertex 102.404 96.1914 2
    endloop
  endfacet
  facet normal 0 0 1
    outer loop
      vertex 102.497 98.36 2
      vertex 102.189 96.5645 2
      vertex 102.309 96.385 2
    endloop
  endfacet
  facet normal 0 0 1
    outer loop
      vertex 102.497 98.36 2
      vertex 102.047 96.7267 2
      vertex 102.189 96.5645 2
    endloop
  endfacet
  facet normal 0 0 1
    outer loop
      vertex 102.497 98.36 2
      vertex 101.884 96.869 2
      vertex 102.047 96.7267 2
    endloop
  endfacet
  facet normal 0 0 1
    outer loop
      vertex 102.497 98.36 2
      vertex 101.705 96.9889 2
      vertex 101.884 96.869 2
    endloop
  endfacet
  facet normal 0 0 1
    outer loop
      vertex 102.497 98.36 2
      vertex 101.511 97.0844 2
      vertex 101.705 96.9889 2
    endloop
  endfacet
  facet normal 0 0 1
    outer loop
      vertex 102.497 98.36 2
      vertex 101.307 97.1538 2
      vertex 101.511 97.0844 2
    endloop
  endfacet
  facet normal 0 0 1
    outer loop
      vertex 102.497 98.36 2
      vertex 101.095 97.1959 2
      vertex 101.307 97.1538 2
    endloop
  endfacet
  facet normal 0 0 1
    outer loop
      vertex 102.497 98.36 2
      vertex 100.88 97.21 2
      vertex 101.095 97.1959 2
    endloop
  endfacet
  facet normal -0 0 1
    outer loop
      vertex 99.2634 98.36 2
      vertex 100.88 97.21 2
      vertex 102.497 98.36 2
    endloop
  endfacet
  facet normal 0 0 1
    outer loop
      vertex 100.88 97.21 2
      vertex 99.2634 98.36 2
      vertex 100.665 97.1959 2
    endloop
  endfacet
  facet normal 0 0 1
    outer loop
      vertex 100.665 97.1959 2
      vertex 99.2634 98.36 2
      vertex 100.453 97.1538 2
    endloop
  endfacet
  facet normal 0 0 1
    outer loop
      vertex 100.453 97.1538 2
      vertex 99.2634 98.36 2
      vertex 100.249 97.0844 2
    endloop
  endfacet
  facet normal 0 0 1
    outer loop
      vertex 100.249 97.0844 2
      vertex 99.2634 98.36 2
      vertex 100.055 96.9889 2
    endloop
  endfacet
  facet normal 0 0 1
    outer loop
      vertex 99.2634 98.36 2
      vertex 99.8755 96.869 2
      vertex 100.055 96.9889 2
    endloop
  endfacet
  facet normal 0 0 1
    outer loop
      vertex 99.2634 98.36 2
      vertex 99.7133 96.7267 2
      vertex 99.8755 96.869 2
    endloop
  endfacet
  facet normal 0 0 1
    outer loop
      vertex 99.2634 98.36 2
      vertex 99.571 96.5645 2
      vertex 99.7133 96.7267 2
    endloop
  endfacet
  facet normal 0 0 1
    outer loop
      vertex 99.2634 98.36 2
      vertex 99.4511 96.385 2
      vertex 99.571 96.5645 2
    endloop
  endfacet
  facet normal 0 0 1
    outer loop
      vertex 97.6468 95.56 2
      vertex 99.4511 96.385 2
      vertex 99.2634 98.36 2
    endloop
  endfacet
  facet normal 0 0 1
    outer loop
      vertex 99.4511 96.385 2
      vertex 97.6468 95.56 2
      vertex 99.3556 96.1914 2
    endloop
  endfacet
  facet normal 0 0 1
    outer loop
      vertex 99.3556 96.1914 2
      vertex 97.6468 95.56 2
      vertex 99.2862 95.9871 2
    endloop
  endfacet
  facet normal 0 0 1
    outer loop
      vertex 99.2862 95.9871 2
      vertex 97.6468 95.56 2
      vertex 99.2441 95.7754 2
    endloop
  endfacet
  facet normal 0 0 1
    outer loop
      vertex 99.2441 95.7754 2
      vertex 97.6468 95.56 2
      vertex 99.23 95.56 2
    endloop
  endfacet
  facet normal 0 0 1
    outer loop
      vertex 102.516 95.3446 2
      vertex 104.113 95.56 2
      vertex 102.53 95.56 2
    endloop
  endfacet
  facet normal 0 0 1
    outer loop
      vertex 102.474 95.1329 2
      vertex 104.113 95.56 2
      vertex 102.516 95.3446 2
    endloop
  endfacet
  facet normal 0 0 1
    outer loop
      vertex 102.404 94.9286 2
      vertex 104.113 95.56 2
      vertex 102.474 95.1329 2
    endloop
  endfacet
  facet normal 0 0 1
    outer loop
      vertex 102.309 94.735 2
      vertex 104.113 95.56 2
      vertex 102.404 94.9286 2
    endloop
  endfacet
  facet normal 0 0 1
    outer loop
      vertex 104.113 95.56 2
      vertex 102.309 94.735 2
      vertex 102.497 92.76 2
    endloop
  endfacet
  facet normal -0 0 1
    outer loop
      vertex 102.189 94.5555 2
      vertex 102.497 92.76 2
      vertex 102.309 94.735 2
    endloop
  endfacet
  facet normal -0 0 1
    outer loop
      vertex 102.047 94.3933 2
      vertex 102.497 92.76 2
      vertex 102.189 94.5555 2
    endloop
  endfacet
  facet normal -0 0 1
    outer loop
      vertex 101.884 94.251 2
      vertex 102.497 92.76 2
      vertex 102.047 94.3933 2
    endloop
  endfacet
  facet normal -0 0 1
    outer loop
      vertex 101.705 94.1311 2
      vertex 102.497 92.76 2
      vertex 101.884 94.251 2
    endloop
  endfacet
  facet normal -0 0 1
    outer loop
      vertex 101.511 94.0356 2
      vertex 102.497 92.76 2
      vertex 101.705 94.1311 2
    endloop
  endfacet
  facet normal -0 0 1
    outer loop
      vertex 101.307 93.9662 2
      vertex 102.497 92.76 2
      vertex 101.511 94.0356 2
    endloop
  endfacet
  facet normal -0 0 1
    outer loop
      vertex 101.095 93.9241 2
      vertex 102.497 92.76 2
      vertex 101.307 93.9662 2
    endloop
  endfacet
  facet normal -0 0 1
    outer loop
      vertex 100.88 93.91 2
      vertex 102.497 92.76 2
      vertex 101.095 93.9241 2
    endloop
  endfacet
  facet normal 0 0 1
    outer loop
      vertex 99.2634 92.76 2
      vertex 100.88 93.91 2
      vertex 100.665 93.9241 2
    endloop
  endfacet
  facet normal 0 0 1
    outer loop
      vertex 99.2634 92.76 2
      vertex 100.665 93.9241 2
      vertex 100.453 93.9662 2
    endloop
  endfacet
  facet normal 0 0 1
    outer loop
      vertex 99.2634 92.76 2
      vertex 100.453 93.9662 2
      vertex 100.249 94.0356 2
    endloop
  endfacet
  facet normal 0 0 1
    outer loop
      vertex 99.2634 92.76 2
      vertex 100.249 94.0356 2
      vertex 100.055 94.1311 2
    endloop
  endfacet
  facet normal 0 0 1
    outer loop
      vertex 100.88 93.91 2
      vertex 99.2634 92.76 2
      vertex 102.497 92.76 2
    endloop
  endfacet
  facet normal 0 0 1
    outer loop
      vertex 99.8755 94.251 2
      vertex 99.2634 92.76 2
      vertex 100.055 94.1311 2
    endloop
  endfacet
  facet normal 0 0 1
    outer loop
      vertex 99.7133 94.3933 2
      vertex 99.2634 92.76 2
      vertex 99.8755 94.251 2
    endloop
  endfacet
  facet normal 0 0 1
    outer loop
      vertex 99.571 94.5555 2
      vertex 99.2634 92.76 2
      vertex 99.7133 94.3933 2
    endloop
  endfacet
  facet normal 0 0 1
    outer loop
      vertex 99.4511 94.735 2
      vertex 99.2634 92.76 2
      vertex 99.571 94.5555 2
    endloop
  endfacet
  facet normal 0 0 1
    outer loop
      vertex 97.6468 95.56 2
      vertex 99.4511 94.735 2
      vertex 99.3556 94.9286 2
    endloop
  endfacet
  facet normal 0 0 1
    outer loop
      vertex 97.6468 95.56 2
      vertex 99.3556 94.9286 2
      vertex 99.2862 95.1329 2
    endloop
  endfacet
  facet normal 0 0 1
    outer loop
      vertex 97.6468 95.56 2
      vertex 99.2862 95.1329 2
      vertex 99.2441 95.3446 2
    endloop
  endfacet
  facet normal -0 0 1
    outer loop
      vertex 97.6468 95.56 2
      vertex 99.2441 95.3446 2
      vertex 99.23 95.56 2
    endloop
  endfacet
  facet normal 0 0 1
    outer loop
      vertex 99.4511 94.735 2
      vertex 97.6468 95.56 2
      vertex 99.2634 92.76 2
    endloop
  endfacet
  facet normal -0.866103 0.499865 0
    outer loop
      vertex 102.497 92.76 2
      vertex 104.113 95.56 5
      vertex 104.113 95.56 2
    endloop
  endfacet
  facet normal -0.866103 0.499865 0
    outer loop
      vertex 104.113 95.56 5
      vertex 102.497 92.76 2
      vertex 102.497 92.76 5
    endloop
  endfacet
  facet normal 0 -1 0
    outer loop
      vertex 99.2634 98.36 2
      vertex 102.497 98.36 5
      vertex 99.2634 98.36 5
    endloop
  endfacet
  facet normal 0 -1 -0
    outer loop
      vertex 102.497 98.36 5
      vertex 99.2634 98.36 2
      vertex 102.497 98.36 2
    endloop
  endfacet
  facet normal 0.866023 0.500004 0
    outer loop
      vertex 99.2634 92.76 5
      vertex 97.6468 95.56 2
      vertex 97.6468 95.56 5
    endloop
  endfacet
  facet normal 0.866023 0.500004 0
    outer loop
      vertex 97.6468 95.56 2
      vertex 99.2634 92.76 5
      vertex 99.2634 92.76 2
    endloop
  endfacet
  facet normal 0 1 -0
    outer loop
      vertex 102.497 92.76 2
      vertex 99.2634 92.76 5
      vertex 102.497 92.76 5
    endloop
  endfacet
  facet normal 0 1 0
    outer loop
      vertex 99.2634 92.76 5
      vertex 102.497 92.76 2
      vertex 99.2634 92.76 2
    endloop
  endfacet
  facet normal -0.866103 -0.499865 0
    outer loop
      vertex 104.113 95.56 2
      vertex 102.497 98.36 5
      vertex 102.497 98.36 2
    endloop
  endfacet
  facet normal -0.866103 -0.499865 0
    outer loop
      vertex 102.497 98.36 5
      vertex 104.113 95.56 2
      vertex 104.113 95.56 5
    endloop
  endfacet
  facet normal 0 0.997864 0.0653198
    outer loop
      vertex 96.08 93.3641 10.7846
      vertex 89.98 93.35 11
      vertex 96.08 93.35 11
    endloop
  endfacet
  facet normal 0 0.997864 0.0653198
    outer loop
      vertex 89.98 93.35 11
      vertex 96.08 93.3641 10.7846
      vertex 89.98 93.3641 10.7846
    endloop
  endfacet
  facet normal 0 -0.659488 0.751715
    outer loop
      vertex 89.98 96.1667 9.83327
      vertex 96.08 96.0045 9.69097
      vertex 96.08 96.1667 9.83327
    endloop
  endfacet
  facet normal 0 -0.659488 0.751715
    outer loop
      vertex 96.08 96.0045 9.69097
      vertex 89.98 96.1667 9.83327
      vertex 89.98 96.0045 9.69097
    endloop
  endfacet
  facet normal 0 -0.997864 0.0653198
    outer loop
      vertex 89.98 96.6359 10.7846
      vertex 96.08 96.65 11
      vertex 89.98 96.65 11
    endloop
  endfacet
  facet normal 0 -0.997864 0.0653198
    outer loop
      vertex 96.08 96.65 11
      vertex 89.98 96.6359 10.7846
      vertex 96.08 96.6359 10.7846
    endloop
  endfacet
  facet normal 0 -0.0653659 0.997861
    outer loop
      vertex 89.98 95.2154 9.36411
      vertex 96.08 95 9.35
      vertex 96.08 95.2154 9.36411
    endloop
  endfacet
  facet normal 0 -0.0653659 0.997861
    outer loop
      vertex 96.08 95 9.35
      vertex 89.98 95.2154 9.36411
      vertex 89.98 95 9.35
    endloop
  endfacet
  facet normal 0 -0.831551 -0.555448
    outer loop
      vertex 89.98 96.4289 11.825
      vertex 96.08 96.309 12.0045
      vertex 89.98 96.309 12.0045
    endloop
  endfacet
  facet normal 0 -0.831551 -0.555448
    outer loop
      vertex 96.08 96.309 12.0045
      vertex 89.98 96.4289 11.825
      vertex 96.08 96.4289 11.825
    endloop
  endfacet
  facet normal 0 -0.55548 0.83153
    outer loop
      vertex 89.98 96.0045 9.69097
      vertex 96.08 95.825 9.57106
      vertex 96.08 96.0045 9.69097
    endloop
  endfacet
  facet normal 0 -0.55548 0.83153
    outer loop
      vertex 96.08 95.825 9.57106
      vertex 89.98 96.0045 9.69097
      vertex 89.98 95.825 9.57106
    endloop
  endfacet
  facet normal -0 0.19518 0.980767
    outer loop
      vertex 89.98 94.7846 9.36411
      vertex 96.08 94.573 9.40622
      vertex 96.08 94.7846 9.36411
    endloop
  endfacet
  facet normal 0 0.19518 0.980767
    outer loop
      vertex 96.08 94.573 9.40622
      vertex 89.98 94.7846 9.36411
      vertex 89.98 94.573 9.40622
    endloop
  endfacet
  facet normal 0 -0.442389 -0.896823
    outer loop
      vertex 89.98 95.6314 12.5244
      vertex 96.08 95.825 12.4289
      vertex 96.08 95.6314 12.5244
    endloop
  endfacet
  facet normal -0 -0.442389 -0.896823
    outer loop
      vertex 96.08 95.825 12.4289
      vertex 89.98 95.6314 12.5244
      vertex 89.98 95.825 12.4289
    endloop
  endfacet
  facet normal 0 -0.896823 0.442389
    outer loop
      vertex 89.98 96.4289 10.175
      vertex 96.08 96.5244 10.3686
      vertex 89.98 96.5244 10.3686
    endloop
  endfacet
  facet normal 0 -0.896823 0.442389
    outer loop
      vertex 96.08 96.5244 10.3686
      vertex 89.98 96.4289 10.175
      vertex 96.08 96.4289 10.175
    endloop
  endfacet
  facet normal -0 0.55548 0.83153
    outer loop
      vertex 89.98 94.175 9.57106
      vertex 96.08 93.9955 9.69097
      vertex 96.08 94.175 9.57106
    endloop
  endfacet
  facet normal 0 0.55548 0.83153
    outer loop
      vertex 96.08 93.9955 9.69097
      vertex 89.98 94.175 9.57106
      vertex 89.98 93.9955 9.69097
    endloop
  endfacet
  facet normal 0 0.896823 -0.442389
    outer loop
      vertex 96.08 93.4756 11.6314
      vertex 89.98 93.5711 11.825
      vertex 96.08 93.5711 11.825
    endloop
  endfacet
  facet normal 0 0.896823 -0.442389
    outer loop
      vertex 89.98 93.5711 11.825
      vertex 96.08 93.4756 11.6314
      vertex 89.98 93.4756 11.6314
    endloop
  endfacet
  facet normal 0 -0.751856 0.659328
    outer loop
      vertex 89.98 96.1667 9.83327
      vertex 96.08 96.309 9.99554
      vertex 89.98 96.309 9.99554
    endloop
  endfacet
  facet normal 0 -0.751856 0.659328
    outer loop
      vertex 96.08 96.309 9.99554
      vertex 89.98 96.1667 9.83327
      vertex 96.08 96.1667 9.83327
    endloop
  endfacet
  facet normal 0 0.896823 0.442389
    outer loop
      vertex 96.08 93.5711 10.175
      vertex 89.98 93.4756 10.3686
      vertex 96.08 93.4756 10.3686
    endloop
  endfacet
  facet normal 0 0.896823 0.442389
    outer loop
      vertex 89.98 93.4756 10.3686
      vertex 96.08 93.5711 10.175
      vertex 89.98 93.5711 10.175
    endloop
  endfacet
  facet normal 0 0.831551 -0.555448
    outer loop
      vertex 96.08 93.5711 11.825
      vertex 89.98 93.691 12.0045
      vertex 96.08 93.691 12.0045
    endloop
  endfacet
  facet normal 0 0.831551 -0.555448
    outer loop
      vertex 89.98 93.691 12.0045
      vertex 96.08 93.5711 11.825
      vertex 89.98 93.5711 11.825
    endloop
  endfacet
  facet normal 0 -0.0653198 -0.997864
    outer loop
      vertex 89.98 95 12.65
      vertex 96.08 95.2154 12.6359
      vertex 96.08 95 12.65
    endloop
  endfacet
  facet normal -0 -0.0653198 -0.997864
    outer loop
      vertex 96.08 95.2154 12.6359
      vertex 89.98 95 12.65
      vertex 89.98 95.2154 12.6359
    endloop
  endfacet
  facet normal 0 -0.94686 0.321645
    outer loop
      vertex 89.98 96.5244 10.3686
      vertex 96.08 96.5938 10.5729
      vertex 89.98 96.5938 10.5729
    endloop
  endfacet
  facet normal 0 -0.94686 0.321645
    outer loop
      vertex 96.08 96.5938 10.5729
      vertex 89.98 96.5244 10.3686
      vertex 96.08 96.5244 10.3686
    endloop
  endfacet
  facet normal 0 -0.94686 -0.321645
    outer loop
      vertex 89.98 96.5938 11.4271
      vertex 96.08 96.5244 11.6314
      vertex 89.98 96.5244 11.6314
    endloop
  endfacet
  facet normal 0 -0.94686 -0.321645
    outer loop
      vertex 96.08 96.5244 11.6314
      vertex 89.98 96.5938 11.4271
      vertex 96.08 96.5938 11.4271
    endloop
  endfacet
  facet normal 0 -0.321504 -0.946908
    outer loop
      vertex 89.98 95.427 12.5938
      vertex 96.08 95.6314 12.5244
      vertex 96.08 95.427 12.5938
    endloop
  endfacet
  facet normal -0 -0.321504 -0.946908
    outer loop
      vertex 96.08 95.6314 12.5244
      vertex 89.98 95.427 12.5938
      vertex 89.98 95.6314 12.5244
    endloop
  endfacet
  facet normal 0 -0.195136 -0.980776
    outer loop
      vertex 89.98 95.2154 12.6359
      vertex 96.08 95.427 12.5938
      vertex 96.08 95.2154 12.6359
    endloop
  endfacet
  facet normal -0 -0.195136 -0.980776
    outer loop
      vertex 96.08 95.427 12.5938
      vertex 89.98 95.2154 12.6359
      vertex 89.98 95.427 12.5938
    endloop
  endfacet
  facet normal 0 -0.19518 0.980767
    outer loop
      vertex 89.98 95.427 9.40622
      vertex 96.08 95.2154 9.36411
      vertex 96.08 95.427 9.40622
    endloop
  endfacet
  facet normal 0 -0.19518 0.980767
    outer loop
      vertex 96.08 95.2154 9.36411
      vertex 89.98 95.427 9.40622
      vertex 89.98 95.2154 9.36411
    endloop
  endfacet
  facet normal 0 -0.751715 -0.659488
    outer loop
      vertex 89.98 96.309 12.0045
      vertex 96.08 96.1667 12.1667
      vertex 89.98 96.1667 12.1667
    endloop
  endfacet
  facet normal 0 -0.751715 -0.659488
    outer loop
      vertex 96.08 96.1667 12.1667
      vertex 89.98 96.309 12.0045
      vertex 96.08 96.309 12.0045
    endloop
  endfacet
  facet normal 0 0.442389 -0.896823
    outer loop
      vertex 89.98 94.175 12.4289
      vertex 96.08 94.3686 12.5244
      vertex 96.08 94.175 12.4289
    endloop
  endfacet
  facet normal 0 0.442389 -0.896823
    outer loop
      vertex 96.08 94.3686 12.5244
      vertex 89.98 94.175 12.4289
      vertex 89.98 94.3686 12.5244
    endloop
  endfacet
  facet normal 0 -0.896823 -0.442389
    outer loop
      vertex 89.98 96.5244 11.6314
      vertex 96.08 96.4289 11.825
      vertex 89.98 96.4289 11.825
    endloop
  endfacet
  facet normal 0 -0.896823 -0.442389
    outer loop
      vertex 96.08 96.4289 11.825
      vertex 89.98 96.5244 11.6314
      vertex 96.08 96.5244 11.6314
    endloop
  endfacet
  facet normal 0 -0.659488 -0.751715
    outer loop
      vertex 89.98 96.0045 12.309
      vertex 96.08 96.1667 12.1667
      vertex 96.08 96.0045 12.309
    endloop
  endfacet
  facet normal -0 -0.659488 -0.751715
    outer loop
      vertex 96.08 96.1667 12.1667
      vertex 89.98 96.0045 12.309
      vertex 89.98 96.1667 12.1667
    endloop
  endfacet
  facet normal 0 0.751715 -0.659488
    outer loop
      vertex 96.08 93.691 12.0045
      vertex 89.98 93.8333 12.1667
      vertex 96.08 93.8333 12.1667
    endloop
  endfacet
  facet normal 0 0.751715 -0.659488
    outer loop
      vertex 89.98 93.8333 12.1667
      vertex 96.08 93.691 12.0045
      vertex 89.98 93.691 12.0045
    endloop
  endfacet
  facet normal -0 0.0653659 0.997861
    outer loop
      vertex 89.98 95 9.35
      vertex 96.08 94.7846 9.36411
      vertex 96.08 95 9.35
    endloop
  endfacet
  facet normal 0 0.0653659 0.997861
    outer loop
      vertex 96.08 94.7846 9.36411
      vertex 89.98 95 9.35
      vertex 89.98 94.7846 9.36411
    endloop
  endfacet
  facet normal -0 0.321421 0.946936
    outer loop
      vertex 89.98 94.573 9.40622
      vertex 96.08 94.3686 9.4756
      vertex 96.08 94.573 9.40622
    endloop
  endfacet
  facet normal 0 0.321421 0.946936
    outer loop
      vertex 96.08 94.3686 9.4756
      vertex 89.98 94.573 9.40622
      vertex 89.98 94.3686 9.4756
    endloop
  endfacet
  facet normal 0 0.321504 -0.946908
    outer loop
      vertex 89.98 94.3686 12.5244
      vertex 96.08 94.573 12.5938
      vertex 96.08 94.3686 12.5244
    endloop
  endfacet
  facet normal 0 0.321504 -0.946908
    outer loop
      vertex 96.08 94.573 12.5938
      vertex 89.98 94.3686 12.5244
      vertex 89.98 94.573 12.5938
    endloop
  endfacet
  facet normal 0 -0.44224 0.896897
    outer loop
      vertex 89.98 95.825 9.57106
      vertex 96.08 95.6314 9.4756
      vertex 96.08 95.825 9.57106
    endloop
  endfacet
  facet normal 0 -0.44224 0.896897
    outer loop
      vertex 96.08 95.6314 9.4756
      vertex 89.98 95.825 9.57106
      vertex 89.98 95.6314 9.4756
    endloop
  endfacet
  facet normal 0 -0.997864 -0.0653198
    outer loop
      vertex 89.98 96.65 11
      vertex 96.08 96.6359 11.2154
      vertex 89.98 96.6359 11.2154
    endloop
  endfacet
  facet normal 0 -0.997864 -0.0653198
    outer loop
      vertex 96.08 96.6359 11.2154
      vertex 89.98 96.65 11
      vertex 96.08 96.65 11
    endloop
  endfacet
  facet normal -0 0.659488 0.751715
    outer loop
      vertex 89.98 93.9955 9.69097
      vertex 96.08 93.8333 9.83327
      vertex 96.08 93.9955 9.69097
    endloop
  endfacet
  facet normal 0 0.659488 0.751715
    outer loop
      vertex 96.08 93.8333 9.83327
      vertex 89.98 93.9955 9.69097
      vertex 89.98 93.8333 9.83327
    endloop
  endfacet
  facet normal 0 0.659488 -0.751715
    outer loop
      vertex 89.98 93.8333 12.1667
      vertex 96.08 93.9955 12.309
      vertex 96.08 93.8333 12.1667
    endloop
  endfacet
  facet normal 0 0.659488 -0.751715
    outer loop
      vertex 96.08 93.9955 12.309
      vertex 89.98 93.8333 12.1667
      vertex 89.98 93.9955 12.309
    endloop
  endfacet
  facet normal 0 0.0653198 -0.997864
    outer loop
      vertex 89.98 94.7846 12.6359
      vertex 96.08 95 12.65
      vertex 96.08 94.7846 12.6359
    endloop
  endfacet
  facet normal 0 0.0653198 -0.997864
    outer loop
      vertex 96.08 95 12.65
      vertex 89.98 94.7846 12.6359
      vertex 89.98 95 12.65
    endloop
  endfacet
  facet normal 0 -0.831494 0.555534
    outer loop
      vertex 89.98 96.309 9.99554
      vertex 96.08 96.4289 10.175
      vertex 89.98 96.4289 10.175
    endloop
  endfacet
  facet normal 0 -0.831494 0.555534
    outer loop
      vertex 96.08 96.4289 10.175
      vertex 89.98 96.309 9.99554
      vertex 96.08 96.309 9.99554
    endloop
  endfacet
  facet normal 0 0.997864 -0.0653198
    outer loop
      vertex 96.08 93.35 11
      vertex 89.98 93.3641 11.2154
      vertex 96.08 93.3641 11.2154
    endloop
  endfacet
  facet normal 0 0.997864 -0.0653198
    outer loop
      vertex 89.98 93.3641 11.2154
      vertex 96.08 93.35 11
      vertex 89.98 93.35 11
    endloop
  endfacet
  facet normal 0 0.94686 -0.321645
    outer loop
      vertex 96.08 93.4062 11.4271
      vertex 89.98 93.4756 11.6314
      vertex 96.08 93.4756 11.6314
    endloop
  endfacet
  facet normal 0 0.94686 -0.321645
    outer loop
      vertex 89.98 93.4756 11.6314
      vertex 96.08 93.4062 11.4271
      vertex 89.98 93.4062 11.4271
    endloop
  endfacet
  facet normal 0 -0.321421 0.946936
    outer loop
      vertex 89.98 95.6314 9.4756
      vertex 96.08 95.427 9.40622
      vertex 96.08 95.6314 9.4756
    endloop
  endfacet
  facet normal 0 -0.321421 0.946936
    outer loop
      vertex 96.08 95.427 9.40622
      vertex 89.98 95.6314 9.4756
      vertex 89.98 95.427 9.40622
    endloop
  endfacet
  facet normal 0 -0.555448 -0.831551
    outer loop
      vertex 89.98 95.825 12.4289
      vertex 96.08 96.0045 12.309
      vertex 96.08 95.825 12.4289
    endloop
  endfacet
  facet normal -0 -0.555448 -0.831551
    outer loop
      vertex 96.08 96.0045 12.309
      vertex 89.98 95.825 12.4289
      vertex 89.98 96.0045 12.309
    endloop
  endfacet
  facet normal 0 0.980794 -0.195047
    outer loop
      vertex 96.08 93.3641 11.2154
      vertex 89.98 93.4062 11.4271
      vertex 96.08 93.4062 11.4271
    endloop
  endfacet
  facet normal 0 0.980794 -0.195047
    outer loop
      vertex 89.98 93.4062 11.4271
      vertex 96.08 93.3641 11.2154
      vertex 89.98 93.3641 11.2154
    endloop
  endfacet
  facet normal -0 0.44224 0.896897
    outer loop
      vertex 89.98 94.3686 9.4756
      vertex 96.08 94.175 9.57106
      vertex 96.08 94.3686 9.4756
    endloop
  endfacet
  facet normal 0 0.44224 0.896897
    outer loop
      vertex 96.08 94.175 9.57106
      vertex 89.98 94.3686 9.4756
      vertex 89.98 94.175 9.57106
    endloop
  endfacet
  facet normal 0 -0.980794 -0.195047
    outer loop
      vertex 89.98 96.6359 11.2154
      vertex 96.08 96.5938 11.4271
      vertex 89.98 96.5938 11.4271
    endloop
  endfacet
  facet normal 0 -0.980794 -0.195047
    outer loop
      vertex 96.08 96.5938 11.4271
      vertex 89.98 96.6359 11.2154
      vertex 96.08 96.6359 11.2154
    endloop
  endfacet
  facet normal 0 0.94686 0.321645
    outer loop
      vertex 96.08 93.4756 10.3686
      vertex 89.98 93.4062 10.5729
      vertex 96.08 93.4062 10.5729
    endloop
  endfacet
  facet normal 0 0.94686 0.321645
    outer loop
      vertex 89.98 93.4062 10.5729
      vertex 96.08 93.4756 10.3686
      vertex 89.98 93.4756 10.3686
    endloop
  endfacet
  facet normal 0 0.980794 0.195047
    outer loop
      vertex 96.08 93.4062 10.5729
      vertex 89.98 93.3641 10.7846
      vertex 96.08 93.3641 10.7846
    endloop
  endfacet
  facet normal 0 0.980794 0.195047
    outer loop
      vertex 89.98 93.3641 10.7846
      vertex 96.08 93.4062 10.5729
      vertex 89.98 93.4062 10.5729
    endloop
  endfacet
  facet normal 0 0.195136 -0.980776
    outer loop
      vertex 89.98 94.573 12.5938
      vertex 96.08 94.7846 12.6359
      vertex 96.08 94.573 12.5938
    endloop
  endfacet
  facet normal 0 0.195136 -0.980776
    outer loop
      vertex 96.08 94.7846 12.6359
      vertex 89.98 94.573 12.5938
      vertex 89.98 94.7846 12.6359
    endloop
  endfacet
  facet normal 0 0.751856 0.659328
    outer loop
      vertex 96.08 93.8333 9.83327
      vertex 89.98 93.691 9.99554
      vertex 96.08 93.691 9.99554
    endloop
  endfacet
  facet normal 0 0.751856 0.659328
    outer loop
      vertex 89.98 93.691 9.99554
      vertex 96.08 93.8333 9.83327
      vertex 89.98 93.8333 9.83327
    endloop
  endfacet
  facet normal 0 0.555448 -0.831551
    outer loop
      vertex 89.98 93.9955 12.309
      vertex 96.08 94.175 12.4289
      vertex 96.08 93.9955 12.309
    endloop
  endfacet
  facet normal 0 0.555448 -0.831551
    outer loop
      vertex 96.08 94.175 12.4289
      vertex 89.98 93.9955 12.309
      vertex 89.98 94.175 12.4289
    endloop
  endfacet
  facet normal 0 -0.980794 0.195047
    outer loop
      vertex 89.98 96.5938 10.5729
      vertex 96.08 96.6359 10.7846
      vertex 89.98 96.6359 10.7846
    endloop
  endfacet
  facet normal 0 -0.980794 0.195047
    outer loop
      vertex 96.08 96.6359 10.7846
      vertex 89.98 96.5938 10.5729
      vertex 96.08 96.5938 10.5729
    endloop
  endfacet
  facet normal 0 0.831494 0.555534
    outer loop
      vertex 96.08 93.691 9.99554
      vertex 89.98 93.5711 10.175
      vertex 96.08 93.5711 10.175
    endloop
  endfacet
  facet normal 0 0.831494 0.555534
    outer loop
      vertex 89.98 93.5711 10.175
      vertex 96.08 93.691 9.99554
      vertex 89.98 93.691 9.99554
    endloop
  endfacet
  facet normal 0 0 -1
    outer loop
      vertex 87.48 93.3834 13.8
      vertex 89.98 96.6166 13.8
      vertex 89.98 93.3834 13.8
    endloop
  endfacet
  facet normal -0 0 -1
    outer loop
      vertex 89.98 96.6166 13.8
      vertex 87.48 93.3834 13.8
      vertex 87.48 96.6166 13.8
    endloop
  endfacet
  facet normal -0 0 1
    outer loop
      vertex 87.48 96.6166 8.2
      vertex 89.98 93.3834 8.2
      vertex 89.98 96.6166 8.2
    endloop
  endfacet
  facet normal 0 0 1
    outer loop
      vertex 89.98 93.3834 8.2
      vertex 87.48 96.6166 8.2
      vertex 87.48 93.3834 8.2
    endloop
  endfacet
  facet normal -1 -0 0
    outer loop
      vertex 89.98 98.2332 11
      vertex 89.98 96.6359 10.7846
      vertex 89.98 96.65 11
    endloop
  endfacet
  facet normal -1 0 0
    outer loop
      vertex 89.98 96.4289 10.175
      vertex 89.98 98.2332 11
      vertex 89.98 96.6166 8.2
    endloop
  endfacet
  facet normal -1 0 0
    outer loop
      vertex 89.98 98.2332 11
      vertex 89.98 96.5938 10.5729
      vertex 89.98 96.6359 10.7846
    endloop
  endfacet
  facet normal -1 0 0
    outer loop
      vertex 89.98 98.2332 11
      vertex 89.98 96.5244 10.3686
      vertex 89.98 96.5938 10.5729
    endloop
  endfacet
  facet normal -1 0 0
    outer loop
      vertex 89.98 98.2332 11
      vertex 89.98 96.4289 10.175
      vertex 89.98 96.5244 10.3686
    endloop
  endfacet
  facet normal -1 0 0
    outer loop
      vertex 89.98 96.6166 8.2
      vertex 89.98 96.309 9.99554
      vertex 89.98 96.4289 10.175
    endloop
  endfacet
  facet normal -1 0 0
    outer loop
      vertex 89.98 96.6166 8.2
      vertex 89.98 96.1667 9.83327
      vertex 89.98 96.309 9.99554
    endloop
  endfacet
  facet normal -1 0 0
    outer loop
      vertex 89.98 96.6166 8.2
      vertex 89.98 96.0045 9.69097
      vertex 89.98 96.1667 9.83327
    endloop
  endfacet
  facet normal -1 0 0
    outer loop
      vertex 89.98 96.6166 8.2
      vertex 89.98 95.825 9.57106
      vertex 89.98 96.0045 9.69097
    endloop
  endfacet
  facet normal -1 0 0
    outer loop
      vertex 89.98 96.6166 8.2
      vertex 89.98 95.6314 9.4756
      vertex 89.98 95.825 9.57106
    endloop
  endfacet
  facet normal -1 0 0
    outer loop
      vertex 89.98 96.6166 8.2
      vertex 89.98 95.427 9.40622
      vertex 89.98 95.6314 9.4756
    endloop
  endfacet
  facet normal -1 0 0
    outer loop
      vertex 89.98 96.6166 8.2
      vertex 89.98 95.2154 9.36411
      vertex 89.98 95.427 9.40622
    endloop
  endfacet
  facet normal -1 0 0
    outer loop
      vertex 89.98 96.6166 8.2
      vertex 89.98 95 9.35
      vertex 89.98 95.2154 9.36411
    endloop
  endfacet
  facet normal -1 0 0
    outer loop
      vertex 89.98 93.3834 8.2
      vertex 89.98 95 9.35
      vertex 89.98 96.6166 8.2
    endloop
  endfacet
  facet normal -1 -0 0
    outer loop
      vertex 89.98 95 9.35
      vertex 89.98 93.3834 8.2
      vertex 89.98 94.7846 9.36411
    endloop
  endfacet
  facet normal -1 -0 0
    outer loop
      vertex 89.98 94.7846 9.36411
      vertex 89.98 93.3834 8.2
      vertex 89.98 94.573 9.40622
    endloop
  endfacet
  facet normal -1 -0 0
    outer loop
      vertex 89.98 94.573 9.40622
      vertex 89.98 93.3834 8.2
      vertex 89.98 94.3686 9.4756
    endloop
  endfacet
  facet normal -1 -0 0
    outer loop
      vertex 89.98 94.3686 9.4756
      vertex 89.98 93.3834 8.2
      vertex 89.98 94.175 9.57106
    endloop
  endfacet
  facet normal -1 0 0
    outer loop
      vertex 89.98 93.3834 8.2
      vertex 89.98 93.9955 9.69097
      vertex 89.98 94.175 9.57106
    endloop
  endfacet
  facet normal -1 0 0
    outer loop
      vertex 89.98 93.3834 8.2
      vertex 89.98 93.8333 9.83327
      vertex 89.98 93.9955 9.69097
    endloop
  endfacet
  facet normal -1 0 0
    outer loop
      vertex 89.98 93.3834 8.2
      vertex 89.98 93.691 9.99554
      vertex 89.98 93.8333 9.83327
    endloop
  endfacet
  facet normal -1 0 0
    outer loop
      vertex 89.98 93.3834 8.2
      vertex 89.98 93.5711 10.175
      vertex 89.98 93.691 9.99554
    endloop
  endfacet
  facet normal -1 0 0
    outer loop
      vertex 89.98 91.7668 11
      vertex 89.98 93.5711 10.175
      vertex 89.98 93.3834 8.2
    endloop
  endfacet
  facet normal -1 0 0
    outer loop
      vertex 89.98 93.5711 10.175
      vertex 89.98 91.7668 11
      vertex 89.98 93.4756 10.3686
    endloop
  endfacet
  facet normal -1 0 0
    outer loop
      vertex 89.98 93.4756 10.3686
      vertex 89.98 91.7668 11
      vertex 89.98 93.4062 10.5729
    endloop
  endfacet
  facet normal -1 0 0
    outer loop
      vertex 89.98 93.4062 10.5729
      vertex 89.98 91.7668 11
      vertex 89.98 93.3641 10.7846
    endloop
  endfacet
  facet normal -1 0 0
    outer loop
      vertex 89.98 93.3641 10.7846
      vertex 89.98 91.7668 11
      vertex 89.98 93.35 11
    endloop
  endfacet
  facet normal -1 0 0
    outer loop
      vertex 89.98 96.6359 11.2154
      vertex 89.98 98.2332 11
      vertex 89.98 96.65 11
    endloop
  endfacet
  facet normal -1 0 0
    outer loop
      vertex 89.98 96.5938 11.4271
      vertex 89.98 98.2332 11
      vertex 89.98 96.6359 11.2154
    endloop
  endfacet
  facet normal -1 0 0
    outer loop
      vertex 89.98 96.5244 11.6314
      vertex 89.98 98.2332 11
      vertex 89.98 96.5938 11.4271
    endloop
  endfacet
  facet normal -1 0 0
    outer loop
      vertex 89.98 96.4289 11.825
      vertex 89.98 98.2332 11
      vertex 89.98 96.5244 11.6314
    endloop
  endfacet
  facet normal -1 0 0
    outer loop
      vertex 89.98 98.2332 11
      vertex 89.98 96.4289 11.825
      vertex 89.98 96.6166 13.8
    endloop
  endfacet
  facet normal -1 0 0
    outer loop
      vertex 89.98 96.309 12.0045
      vertex 89.98 96.6166 13.8
      vertex 89.98 96.4289 11.825
    endloop
  endfacet
  facet normal -1 0 0
    outer loop
      vertex 89.98 96.1667 12.1667
      vertex 89.98 96.6166 13.8
      vertex 89.98 96.309 12.0045
    endloop
  endfacet
  facet normal -1 0 0
    outer loop
      vertex 89.98 96.0045 12.309
      vertex 89.98 96.6166 13.8
      vertex 89.98 96.1667 12.1667
    endloop
  endfacet
  facet normal -1 0 0
    outer loop
      vertex 89.98 95.825 12.4289
      vertex 89.98 96.6166 13.8
      vertex 89.98 96.0045 12.309
    endloop
  endfacet
  facet normal -1 0 0
    outer loop
      vertex 89.98 95.6314 12.5244
      vertex 89.98 96.6166 13.8
      vertex 89.98 95.825 12.4289
    endloop
  endfacet
  facet normal -1 0 0
    outer loop
      vertex 89.98 95.427 12.5938
      vertex 89.98 96.6166 13.8
      vertex 89.98 95.6314 12.5244
    endloop
  endfacet
  facet normal -1 0 0
    outer loop
      vertex 89.98 95.2154 12.6359
      vertex 89.98 96.6166 13.8
      vertex 89.98 95.427 12.5938
    endloop
  endfacet
  facet normal -1 0 0
    outer loop
      vertex 89.98 95 12.65
      vertex 89.98 96.6166 13.8
      vertex 89.98 95.2154 12.6359
    endloop
  endfacet
  facet normal -1 0 0
    outer loop
      vertex 89.98 93.3834 13.8
      vertex 89.98 95 12.65
      vertex 89.98 94.7846 12.6359
    endloop
  endfacet
  facet normal -1 0 0
    outer loop
      vertex 89.98 93.3834 13.8
      vertex 89.98 94.7846 12.6359
      vertex 89.98 94.573 12.5938
    endloop
  endfacet
  facet normal -1 0 0
    outer loop
      vertex 89.98 93.3834 13.8
      vertex 89.98 94.573 12.5938
      vertex 89.98 94.3686 12.5244
    endloop
  endfacet
  facet normal -1 0 0
    outer loop
      vertex 89.98 93.3834 13.8
      vertex 89.98 94.3686 12.5244
      vertex 89.98 94.175 12.4289
    endloop
  endfacet
  facet normal -1 0 0
    outer loop
      vertex 89.98 95 12.65
      vertex 89.98 93.3834 13.8
      vertex 89.98 96.6166 13.8
    endloop
  endfacet
  facet normal -1 0 0
    outer loop
      vertex 89.98 93.9955 12.309
      vertex 89.98 93.3834 13.8
      vertex 89.98 94.175 12.4289
    endloop
  endfacet
  facet normal -1 0 0
    outer loop
      vertex 89.98 93.8333 12.1667
      vertex 89.98 93.3834 13.8
      vertex 89.98 93.9955 12.309
    endloop
  endfacet
  facet normal -1 0 0
    outer loop
      vertex 89.98 93.691 12.0045
      vertex 89.98 93.3834 13.8
      vertex 89.98 93.8333 12.1667
    endloop
  endfacet
  facet normal -1 0 0
    outer loop
      vertex 89.98 93.5711 11.825
      vertex 89.98 93.3834 13.8
      vertex 89.98 93.691 12.0045
    endloop
  endfacet
  facet normal -1 0 0
    outer loop
      vertex 89.98 91.7668 11
      vertex 89.98 93.5711 11.825
      vertex 89.98 93.4756 11.6314
    endloop
  endfacet
  facet normal -1 0 0
    outer loop
      vertex 89.98 91.7668 11
      vertex 89.98 93.4756 11.6314
      vertex 89.98 93.4062 11.4271
    endloop
  endfacet
  facet normal -1 0 0
    outer loop
      vertex 89.98 91.7668 11
      vertex 89.98 93.4062 11.4271
      vertex 89.98 93.3641 11.2154
    endloop
  endfacet
  facet normal -1 0 0
    outer loop
      vertex 89.98 91.7668 11
      vertex 89.98 93.3641 11.2154
      vertex 89.98 93.35 11
    endloop
  endfacet
  facet normal -1 -0 0
    outer loop
      vertex 89.98 93.5711 11.825
      vertex 89.98 91.7668 11
      vertex 89.98 93.3834 13.8
    endloop
  endfacet
  facet normal 0 0.866023 -0.500004
    outer loop
      vertex 89.98 91.7668 11
      vertex 87.48 93.3834 13.8
      vertex 89.98 93.3834 13.8
    endloop
  endfacet
  facet normal 0 0.866023 -0.500004
    outer loop
      vertex 87.48 93.3834 13.8
      vertex 89.98 91.7668 11
      vertex 87.48 91.7668 11
    endloop
  endfacet
  facet normal 0 0.866023 0.500004
    outer loop
      vertex 89.98 93.3834 8.2
      vertex 87.48 91.7668 11
      vertex 89.98 91.7668 11
    endloop
  endfacet
  facet normal 0 0.866023 0.500004
    outer loop
      vertex 87.48 91.7668 11
      vertex 89.98 93.3834 8.2
      vertex 87.48 93.3834 8.2
    endloop
  endfacet
  facet normal 0 -0.866023 -0.500004
    outer loop
      vertex 87.48 98.2332 11
      vertex 89.98 96.6166 13.8
      vertex 87.48 96.6166 13.8
    endloop
  endfacet
  facet normal 0 -0.866023 -0.500004
    outer loop
      vertex 89.98 96.6166 13.8
      vertex 87.48 98.2332 11
      vertex 89.98 98.2332 11
    endloop
  endfacet
  facet normal 0 -0.866023 0.500004
    outer loop
      vertex 87.48 96.6166 8.2
      vertex 89.98 98.2332 11
      vertex 87.48 98.2332 11
    endloop
  endfacet
  facet normal 0 -0.866023 0.500004
    outer loop
      vertex 89.98 98.2332 11
      vertex 87.48 96.6166 8.2
      vertex 89.98 96.6166 8.2
    endloop
  endfacet
  facet normal 0 0 1
    outer loop
      vertex -99.2634 24.8 5
      vertex -90.88 86 5
      vertex -96.08 86 5
    endloop
  endfacet
  facet normal -0 0 1
    outer loop
      vertex -90.88 0.5 5
      vertex -87.48 -12 5
      vertex -87.48 0.5 5
    endloop
  endfacet
  facet normal -0 0 1
    outer loop
      vertex -99.2634 92.76 5
      vertex -96.08 86 5
      vertex -97.6468 95.56 5
    endloop
  endfacet
  facet normal 0 0 1
    outer loop
      vertex -90.88 86 5
      vertex -97.6468 22 5
      vertex -90.88 0.5 5
    endloop
  endfacet
  facet normal -0 0 1
    outer loop
      vertex -99.2634 19.2 5
      vertex -90.88 0.5 5
      vertex -97.6468 22 5
    endloop
  endfacet
  facet normal -0 0 1
    outer loop
      vertex -102.497 19.2 5
      vertex -90.88 0.5 5
      vertex -99.2634 19.2 5
    endloop
  endfacet
  facet normal 0 -0 1
    outer loop
      vertex -99.88 -12 5
      vertex -90.88 0.5 5
      vertex -104.88 -7 5
    endloop
  endfacet
  facet normal 0 0 1
    outer loop
      vertex -90.88 0.5 5
      vertex -99.88 -12 5
      vertex -87.48 -12 5
    endloop
  endfacet
  facet normal 0 0 1
    outer loop
      vertex -99.88 -12 5
      vertex -104.88 -7 5
      vertex -100.533 -11.9572 5
    endloop
  endfacet
  facet normal 0 0 1
    outer loop
      vertex -100.533 -11.9572 5
      vertex -104.88 -7 5
      vertex -101.174 -11.8296 5
    endloop
  endfacet
  facet normal 0 0 1
    outer loop
      vertex -101.174 -11.8296 5
      vertex -104.88 -7 5
      vertex -101.793 -11.6194 5
    endloop
  endfacet
  facet normal 0 0 1
    outer loop
      vertex -90.88 0.5 5
      vertex -102.497 19.2 5
      vertex -104.88 -7 5
    endloop
  endfacet
  facet normal 0 0 1
    outer loop
      vertex -101.793 -11.6194 5
      vertex -104.88 -7 5
      vertex -102.38 -11.3301 5
    endloop
  endfacet
  facet normal 0 0 1
    outer loop
      vertex -102.38 -11.3301 5
      vertex -104.88 -7 5
      vertex -102.924 -10.9668 5
    endloop
  endfacet
  facet normal 0 0 1
    outer loop
      vertex -102.924 -10.9668 5
      vertex -104.88 -7 5
      vertex -103.416 -10.5355 5
    endloop
  endfacet
  facet normal 0 0 1
    outer loop
      vertex -104.88 -7 5
      vertex -102.497 19.2 5
      vertex -104.113 22 5
    endloop
  endfacet
  facet normal 0 0 1
    outer loop
      vertex -103.416 -10.5355 5
      vertex -104.88 -7 5
      vertex -103.847 -10.0438 5
    endloop
  endfacet
  facet normal 0 0 1
    outer loop
      vertex -104.113 95.56 5
      vertex -104.88 112.56 5
      vertex -104.113 22 5
    endloop
  endfacet
  facet normal 0 0 1
    outer loop
      vertex -104.88 112.56 5
      vertex -104.21 115.06 5
      vertex -104.499 114.473 5
    endloop
  endfacet
  facet normal 0 0 1
    outer loop
      vertex -104.88 -7 5
      vertex -104.113 22 5
      vertex -104.88 112.56 5
    endloop
  endfacet
  facet normal 0 0 1
    outer loop
      vertex -104.88 112.56 5
      vertex -104.499 114.473 5
      vertex -104.71 113.854 5
    endloop
  endfacet
  facet normal 0 0 1
    outer loop
      vertex -103.847 -10.0438 5
      vertex -104.88 -7 5
      vertex -104.21 -9.5 5
    endloop
  endfacet
  facet normal 0 0 1
    outer loop
      vertex -104.88 112.56 5
      vertex -104.71 113.854 5
      vertex -104.837 113.213 5
    endloop
  endfacet
  facet normal 0 0 1
    outer loop
      vertex -104.21 -9.5 5
      vertex -104.88 -7 5
      vertex -104.499 -8.91342 5
    endloop
  endfacet
  facet normal 0 0 1
    outer loop
      vertex -104.499 -8.91342 5
      vertex -104.88 -7 5
      vertex -104.71 -8.2941 5
    endloop
  endfacet
  facet normal 0 0 1
    outer loop
      vertex -104.71 -8.2941 5
      vertex -104.88 -7 5
      vertex -104.837 -7.65263 5
    endloop
  endfacet
  facet normal -0 0 1
    outer loop
      vertex -102.497 92.76 5
      vertex -96.08 86 5
      vertex -99.2634 92.76 5
    endloop
  endfacet
  facet normal 0 0 1
    outer loop
      vertex -90.88 86 5
      vertex -99.2634 24.8 5
      vertex -97.6468 22 5
    endloop
  endfacet
  facet normal 0 0 1
    outer loop
      vertex -102.497 24.8 5
      vertex -96.08 86 5
      vertex -102.497 92.76 5
    endloop
  endfacet
  facet normal 0 0 1
    outer loop
      vertex -96.08 86 5
      vertex -102.497 24.8 5
      vertex -99.2634 24.8 5
    endloop
  endfacet
  facet normal 0 0 1
    outer loop
      vertex -104.113 95.56 5
      vertex -102.497 24.8 5
      vertex -102.497 92.76 5
    endloop
  endfacet
  facet normal 0 0 1
    outer loop
      vertex -102.497 24.8 5
      vertex -104.113 95.56 5
      vertex -104.113 22 5
    endloop
  endfacet
  facet normal 0 0 1
    outer loop
      vertex -87.48 117.56 5
      vertex -90.88 117.06 5
      vertex -87.48 117.06 5
    endloop
  endfacet
  facet normal 0 0 1
    outer loop
      vertex -90.88 117.06 5
      vertex -96.08 104 5
      vertex -90.88 104 5
    endloop
  endfacet
  facet normal 0 0 1
    outer loop
      vertex -96.08 104 5
      vertex -97.6468 95.56 5
      vertex -96.08 86 5
    endloop
  endfacet
  facet normal 0 0 1
    outer loop
      vertex -96.08 104 5
      vertex -99.2634 98.36 5
      vertex -97.6468 95.56 5
    endloop
  endfacet
  facet normal 0 0 1
    outer loop
      vertex -99.88 117.56 5
      vertex -96.08 104 5
      vertex -90.88 117.06 5
    endloop
  endfacet
  facet normal -0 0 1
    outer loop
      vertex -99.88 117.56 5
      vertex -90.88 117.06 5
      vertex -87.48 117.56 5
    endloop
  endfacet
  facet normal 0 0 1
    outer loop
      vertex -104.88 112.56 5
      vertex -99.88 117.56 5
      vertex -104.21 115.06 5
    endloop
  endfacet
  facet normal 0 0 1
    outer loop
      vertex -104.21 115.06 5
      vertex -99.88 117.56 5
      vertex -100.533 117.517 5
    endloop
  endfacet
  facet normal 0 0 1
    outer loop
      vertex -104.21 115.06 5
      vertex -100.533 117.517 5
      vertex -101.174 117.39 5
    endloop
  endfacet
  facet normal 0 0 1
    outer loop
      vertex -104.21 115.06 5
      vertex -101.174 117.39 5
      vertex -101.793 117.179 5
    endloop
  endfacet
  facet normal 0 0 1
    outer loop
      vertex -104.21 115.06 5
      vertex -101.793 117.179 5
      vertex -102.38 116.89 5
    endloop
  endfacet
  facet normal 0 0 1
    outer loop
      vertex -99.88 117.56 5
      vertex -104.88 112.56 5
      vertex -96.08 104 5
    endloop
  endfacet
  facet normal 0 0 1
    outer loop
      vertex -104.21 115.06 5
      vertex -102.38 116.89 5
      vertex -102.924 116.527 5
    endloop
  endfacet
  facet normal 0 0 1
    outer loop
      vertex -104.21 115.06 5
      vertex -102.924 116.527 5
      vertex -103.416 116.096 5
    endloop
  endfacet
  facet normal 0 0 1
    outer loop
      vertex -104.21 115.06 5
      vertex -103.416 116.096 5
      vertex -103.847 115.604 5
    endloop
  endfacet
  facet normal 0 0 1
    outer loop
      vertex -96.08 104 5
      vertex -102.497 98.36 5
      vertex -99.2634 98.36 5
    endloop
  endfacet
  facet normal 0 0 1
    outer loop
      vertex -102.497 98.36 5
      vertex -104.88 112.56 5
      vertex -104.113 95.56 5
    endloop
  endfacet
  facet normal 0 0 1
    outer loop
      vertex -96.08 104 5
      vertex -104.88 112.56 5
      vertex -102.497 98.36 5
    endloop
  endfacet
  facet normal 1 -0 0
    outer loop
      vertex -87.48 -12 5
      vertex -87.48 0.5 -5.72205e-07
      vertex -87.48 0.5 5
    endloop
  endfacet
  facet normal 1 0 0
    outer loop
      vertex -87.48 0.5 -5.72205e-07
      vertex -87.48 -12 5
      vertex -87.48 -12 -5.72205e-07
    endloop
  endfacet
  facet normal 1 -0 0
    outer loop
      vertex -87.48 117.06 5
      vertex -87.48 117.56 -5.72205e-07
      vertex -87.48 117.56 5
    endloop
  endfacet
  facet normal 1 0 0
    outer loop
      vertex -87.48 117.56 -5.72205e-07
      vertex -87.48 117.06 5
      vertex -87.48 117.06 -5.72205e-07
    endloop
  endfacet
  facet normal 1 0 0
    outer loop
      vertex -87.48 114.56 22.2
      vertex -87.48 98.2332 11
      vertex -87.48 114.56 -5.72205e-07
    endloop
  endfacet
  facet normal 1 0 0
    outer loop
      vertex -87.48 114.56 22.2
      vertex -87.48 96.6166 13.8
      vertex -87.48 98.2332 11
    endloop
  endfacet
  facet normal 1 0 0
    outer loop
      vertex -87.48 114.56 22.2
      vertex -87.48 93.3834 13.8
      vertex -87.48 96.6166 13.8
    endloop
  endfacet
  facet normal 1 -0 0
    outer loop
      vertex -87.48 82.3234 11.635
      vertex -87.48 91.7668 11
      vertex -87.48 93.3834 13.8
    endloop
  endfacet
  facet normal 1 0 0
    outer loop
      vertex -87.48 91.7668 11
      vertex -87.48 83.1158 9.72209
      vertex -87.48 83.15 9.2
    endloop
  endfacet
  facet normal 1 0 0
    outer loop
      vertex -87.48 91.7668 11
      vertex -87.48 83.0137 10.2353
      vertex -87.48 83.1158 9.72209
    endloop
  endfacet
  facet normal 1 0 0
    outer loop
      vertex -87.48 79.6721 13.1658
      vertex -87.48 93.3834 13.8
      vertex -87.48 114.56 22.2
    endloop
  endfacet
  facet normal 1 0 0
    outer loop
      vertex -87.48 91.7668 11
      vertex -87.48 82.8455 10.7307
      vertex -87.48 83.0137 10.2353
    endloop
  endfacet
  facet normal 1 0 0
    outer loop
      vertex -87.48 91.7668 11
      vertex -87.48 82.6141 11.2
      vertex -87.48 82.8455 10.7307
    endloop
  endfacet
  facet normal 1 0 0
    outer loop
      vertex -87.48 91.7668 11
      vertex -87.48 82.3234 11.635
      vertex -87.48 82.6141 11.2
    endloop
  endfacet
  facet normal 1 0 0
    outer loop
      vertex -87.48 93.3834 13.8
      vertex -87.48 81.9784 12.0284
      vertex -87.48 82.3234 11.635
    endloop
  endfacet
  facet normal 1 0 0
    outer loop
      vertex -87.48 93.3834 13.8
      vertex -87.48 81.585 12.3734
      vertex -87.48 81.9784 12.0284
    endloop
  endfacet
  facet normal 1 0 0
    outer loop
      vertex -87.48 93.3834 13.8
      vertex -87.48 81.15 12.6641
      vertex -87.48 81.585 12.3734
    endloop
  endfacet
  facet normal 1 0 0
    outer loop
      vertex -87.48 93.3834 13.8
      vertex -87.48 80.6807 12.8955
      vertex -87.48 81.15 12.6641
    endloop
  endfacet
  facet normal 1 0 0
    outer loop
      vertex -87.48 93.3834 13.8
      vertex -87.48 80.1853 13.0637
      vertex -87.48 80.6807 12.8955
    endloop
  endfacet
  facet normal 1 0 0
    outer loop
      vertex -87.48 93.3834 13.8
      vertex -87.48 79.6721 13.1658
      vertex -87.48 80.1853 13.0637
    endloop
  endfacet
  facet normal 1 0 0
    outer loop
      vertex -87.48 114.56 22.2
      vertex -87.48 79.15 13.2
      vertex -87.48 79.6721 13.1658
    endloop
  endfacet
  facet normal 1 0 0
    outer loop
      vertex -87.48 114.56 22.2
      vertex -87.48 73.65 13.2
      vertex -87.48 79.15 13.2
    endloop
  endfacet
  facet normal 1 0 0
    outer loop
      vertex -87.48 114.56 22.2
      vertex -87.48 73.1279 13.1658
      vertex -87.48 73.65 13.2
    endloop
  endfacet
  facet normal 1 0 0
    outer loop
      vertex -87.48 55.6721 13.1658
      vertex -87.48 73.1279 13.1658
      vertex -87.48 114.56 22.2
    endloop
  endfacet
  facet normal 1 0 0
    outer loop
      vertex -87.48 69.6842 9.72209
      vertex -87.48 59.15 9.2
      vertex -87.48 69.65 9.2
    endloop
  endfacet
  facet normal 1 0 0
    outer loop
      vertex -87.48 59.1158 9.72209
      vertex -87.48 69.6842 9.72209
      vertex -87.48 69.7863 10.2353
    endloop
  endfacet
  facet normal 1 0 0
    outer loop
      vertex -87.48 59.0137 10.2353
      vertex -87.48 69.7863 10.2353
      vertex -87.48 69.9545 10.7307
    endloop
  endfacet
  facet normal 1 0 0
    outer loop
      vertex -87.48 58.8455 10.7307
      vertex -87.48 69.9545 10.7307
      vertex -87.48 70.1859 11.2
    endloop
  endfacet
  facet normal 1 0 0
    outer loop
      vertex -87.48 58.6141 11.2
      vertex -87.48 70.1859 11.2
      vertex -87.48 70.4766 11.635
    endloop
  endfacet
  facet normal 1 0 0
    outer loop
      vertex -87.48 58.3234 11.635
      vertex -87.48 70.4766 11.635
      vertex -87.48 70.8216 12.0284
    endloop
  endfacet
  facet normal 1 0 0
    outer loop
      vertex -87.48 57.9784 12.0284
      vertex -87.48 70.8216 12.0284
      vertex -87.48 71.215 12.3734
    endloop
  endfacet
  facet normal 1 0 0
    outer loop
      vertex -87.48 57.585 12.3734
      vertex -87.48 71.215 12.3734
      vertex -87.48 71.65 12.6641
    endloop
  endfacet
  facet normal 1 0 0
    outer loop
      vertex -87.48 57.15 12.6641
      vertex -87.48 71.65 12.6641
      vertex -87.48 72.1193 12.8955
    endloop
  endfacet
  facet normal 1 0 0
    outer loop
      vertex -87.48 56.6807 12.8955
      vertex -87.48 72.1193 12.8955
      vertex -87.48 72.6147 13.0637
    endloop
  endfacet
  facet normal 1 0 0
    outer loop
      vertex -87.48 69.6842 9.72209
      vertex -87.48 59.1158 9.72209
      vertex -87.48 59.15 9.2
    endloop
  endfacet
  facet normal 1 0 0
    outer loop
      vertex -87.48 69.7863 10.2353
      vertex -87.48 59.0137 10.2353
      vertex -87.48 59.1158 9.72209
    endloop
  endfacet
  facet normal 1 0 0
    outer loop
      vertex -87.48 73.1279 13.1658
      vertex -87.48 55.6721 13.1658
      vertex -87.48 72.6147 13.0637
    endloop
  endfacet
  facet normal 1 0 0
    outer loop
      vertex -87.48 69.9545 10.7307
      vertex -87.48 58.8455 10.7307
      vertex -87.48 59.0137 10.2353
    endloop
  endfacet
  facet normal 1 0 0
    outer loop
      vertex -87.48 70.1859 11.2
      vertex -87.48 58.6141 11.2
      vertex -87.48 58.8455 10.7307
    endloop
  endfacet
  facet normal 1 0 0
    outer loop
      vertex -87.48 70.4766 11.635
      vertex -87.48 58.3234 11.635
      vertex -87.48 58.6141 11.2
    endloop
  endfacet
  facet normal 1 0 0
    outer loop
      vertex -87.48 70.8216 12.0284
      vertex -87.48 57.9784 12.0284
      vertex -87.48 58.3234 11.635
    endloop
  endfacet
  facet normal 1 0 0
    outer loop
      vertex -87.48 71.215 12.3734
      vertex -87.48 57.585 12.3734
      vertex -87.48 57.9784 12.0284
    endloop
  endfacet
  facet normal 1 0 0
    outer loop
      vertex -87.48 71.65 12.6641
      vertex -87.48 57.15 12.6641
      vertex -87.48 57.585 12.3734
    endloop
  endfacet
  facet normal 1 0 0
    outer loop
      vertex -87.48 72.1193 12.8955
      vertex -87.48 56.6807 12.8955
      vertex -87.48 57.15 12.6641
    endloop
  endfacet
  facet normal 1 0 0
    outer loop
      vertex -87.48 72.6147 13.0637
      vertex -87.48 56.1853 13.0637
      vertex -87.48 56.6807 12.8955
    endloop
  endfacet
  facet normal 1 0 0
    outer loop
      vertex -87.48 72.6147 13.0637
      vertex -87.48 55.6721 13.1658
      vertex -87.48 56.1853 13.0637
    endloop
  endfacet
  facet normal 1 0 0
    outer loop
      vertex -87.48 114.56 22.2
      vertex -87.48 55.15 13.2
      vertex -87.48 55.6721 13.1658
    endloop
  endfacet
  facet normal 1 -0 0
    outer loop
      vertex -87.48 3 22.2
      vertex -87.48 55.15 13.2
      vertex -87.48 114.56 22.2
    endloop
  endfacet
  facet normal 1 0 0
    outer loop
      vertex -87.48 55.15 13.2
      vertex -87.48 3 22.2
      vertex -87.48 49.65 13.2
    endloop
  endfacet
  facet normal 1 0 0
    outer loop
      vertex -87.48 45.6842 9.72209
      vertex -87.48 3 22.2
      vertex -87.48 45.65 9.2
    endloop
  endfacet
  facet normal 1 0 0
    outer loop
      vertex -87.48 45.7863 10.2353
      vertex -87.48 3 22.2
      vertex -87.48 45.6842 9.72209
    endloop
  endfacet
  facet normal 1 0 0
    outer loop
      vertex -87.48 45.9545 10.7307
      vertex -87.48 3 22.2
      vertex -87.48 45.7863 10.2353
    endloop
  endfacet
  facet normal 1 0 0
    outer loop
      vertex -87.48 46.1859 11.2
      vertex -87.48 3 22.2
      vertex -87.48 45.9545 10.7307
    endloop
  endfacet
  facet normal 1 0 0
    outer loop
      vertex -87.48 46.4766 11.635
      vertex -87.48 3 22.2
      vertex -87.48 46.1859 11.2
    endloop
  endfacet
  facet normal 1 0 0
    outer loop
      vertex -87.48 46.8216 12.0284
      vertex -87.48 3 22.2
      vertex -87.48 46.4766 11.635
    endloop
  endfacet
  facet normal 1 0 0
    outer loop
      vertex -87.48 47.215 12.3734
      vertex -87.48 3 22.2
      vertex -87.48 46.8216 12.0284
    endloop
  endfacet
  facet normal 1 0 0
    outer loop
      vertex -87.48 47.65 12.6641
      vertex -87.48 3 22.2
      vertex -87.48 47.215 12.3734
    endloop
  endfacet
  facet normal 1 0 0
    outer loop
      vertex -87.48 48.1193 12.8955
      vertex -87.48 3 22.2
      vertex -87.48 47.65 12.6641
    endloop
  endfacet
  facet normal 1 0 0
    outer loop
      vertex -87.48 48.6147 13.0637
      vertex -87.48 3 22.2
      vertex -87.48 48.1193 12.8955
    endloop
  endfacet
  facet normal 1 0 0
    outer loop
      vertex -87.48 49.1279 13.1658
      vertex -87.48 3 22.2
      vertex -87.48 48.6147 13.0637
    endloop
  endfacet
  facet normal 1 0 0
    outer loop
      vertex -87.48 49.65 13.2
      vertex -87.48 3 22.2
      vertex -87.48 49.1279 13.1658
    endloop
  endfacet
  facet normal 1 -0 0
    outer loop
      vertex -87.48 96.6166 8.2
      vertex -87.48 114.56 -5.72205e-07
      vertex -87.48 98.2332 11
    endloop
  endfacet
  facet normal 1 -0 0
    outer loop
      vertex -87.48 93.3834 8.2
      vertex -87.48 114.56 -5.72205e-07
      vertex -87.48 96.6166 8.2
    endloop
  endfacet
  facet normal 1 0 0
    outer loop
      vertex -87.48 83.1158 8.6779
      vertex -87.48 91.7668 11
      vertex -87.48 83.15 9.2
    endloop
  endfacet
  facet normal 1 0 0
    outer loop
      vertex -87.48 83.0137 8.16474
      vertex -87.48 91.7668 11
      vertex -87.48 83.1158 8.6779
    endloop
  endfacet
  facet normal 1 0 0
    outer loop
      vertex -87.48 91.7668 11
      vertex -87.48 83.0137 8.16474
      vertex -87.48 93.3834 8.2
    endloop
  endfacet
  facet normal 1 0 0
    outer loop
      vertex -87.48 82.8455 7.66927
      vertex -87.48 93.3834 8.2
      vertex -87.48 83.0137 8.16474
    endloop
  endfacet
  facet normal 1 0 0
    outer loop
      vertex -87.48 82.6141 7.2
      vertex -87.48 93.3834 8.2
      vertex -87.48 82.8455 7.66927
    endloop
  endfacet
  facet normal 1 0 0
    outer loop
      vertex -87.48 82.3234 6.76496
      vertex -87.48 93.3834 8.2
      vertex -87.48 82.6141 7.2
    endloop
  endfacet
  facet normal 1 0 0
    outer loop
      vertex -87.48 81.9784 6.37158
      vertex -87.48 93.3834 8.2
      vertex -87.48 82.3234 6.76496
    endloop
  endfacet
  facet normal 1 0 0
    outer loop
      vertex -87.48 81.585 6.0266
      vertex -87.48 93.3834 8.2
      vertex -87.48 81.9784 6.37158
    endloop
  endfacet
  facet normal 1 0 0
    outer loop
      vertex -87.48 81.15 5.7359
      vertex -87.48 93.3834 8.2
      vertex -87.48 81.585 6.0266
    endloop
  endfacet
  facet normal 1 0 0
    outer loop
      vertex -87.48 80.6807 5.50449
      vertex -87.48 93.3834 8.2
      vertex -87.48 81.15 5.7359
    endloop
  endfacet
  facet normal 1 0 0
    outer loop
      vertex -87.48 93.3834 8.2
      vertex -87.48 80.6807 5.50449
      vertex -87.48 114.56 -5.72205e-07
    endloop
  endfacet
  facet normal 1 -0 0
    outer loop
      vertex -87.48 80.1853 5.33631
      vertex -87.48 114.56 -5.72205e-07
      vertex -87.48 80.6807 5.50449
    endloop
  endfacet
  facet normal 1 -0 0
    outer loop
      vertex -87.48 79.6721 5.23422
      vertex -87.48 114.56 -5.72205e-07
      vertex -87.48 80.1853 5.33631
    endloop
  endfacet
  facet normal 1 -0 0
    outer loop
      vertex -87.48 79.15 5.2
      vertex -87.48 114.56 -5.72205e-07
      vertex -87.48 79.6721 5.23422
    endloop
  endfacet
  facet normal 1 -0 0
    outer loop
      vertex -87.48 73.65 5.2
      vertex -87.48 114.56 -5.72205e-07
      vertex -87.48 79.15 5.2
    endloop
  endfacet
  facet normal 1 0 0
    outer loop
      vertex -87.48 55.15 5.2
      vertex -87.48 73.65 5.2
      vertex -87.48 73.1279 5.23422
    endloop
  endfacet
  facet normal 1 -0 0
    outer loop
      vertex -87.48 59.15 9.2
      vertex -87.48 69.6842 8.6779
      vertex -87.48 69.65 9.2
    endloop
  endfacet
  facet normal 1 0 0
    outer loop
      vertex -87.48 59.1158 8.6779
      vertex -87.48 69.6842 8.6779
      vertex -87.48 59.15 9.2
    endloop
  endfacet
  facet normal 1 0 0
    outer loop
      vertex -87.48 69.6842 8.6779
      vertex -87.48 59.1158 8.6779
      vertex -87.48 69.7863 8.16474
    endloop
  endfacet
  facet normal 1 0 0
    outer loop
      vertex -87.48 59.0137 8.16474
      vertex -87.48 69.7863 8.16474
      vertex -87.48 59.1158 8.6779
    endloop
  endfacet
  facet normal 1 0 0
    outer loop
      vertex -87.48 69.7863 8.16474
      vertex -87.48 59.0137 8.16474
      vertex -87.48 69.9545 7.66927
    endloop
  endfacet
  facet normal 1 0 0
    outer loop
      vertex -87.48 58.8455 7.66927
      vertex -87.48 69.9545 7.66927
      vertex -87.48 59.0137 8.16474
    endloop
  endfacet
  facet normal 1 0 0
    outer loop
      vertex -87.48 69.9545 7.66927
      vertex -87.48 58.8455 7.66927
      vertex -87.48 70.1859 7.2
    endloop
  endfacet
  facet normal 1 0 0
    outer loop
      vertex -87.48 58.6141 7.2
      vertex -87.48 70.1859 7.2
      vertex -87.48 58.8455 7.66927
    endloop
  endfacet
  facet normal 1 0 0
    outer loop
      vertex -87.48 70.1859 7.2
      vertex -87.48 58.6141 7.2
      vertex -87.48 70.4766 6.76496
    endloop
  endfacet
  facet normal 1 0 0
    outer loop
      vertex -87.48 58.3234 6.76496
      vertex -87.48 70.4766 6.76496
      vertex -87.48 58.6141 7.2
    endloop
  endfacet
  facet normal 1 0 0
    outer loop
      vertex -87.48 70.4766 6.76496
      vertex -87.48 58.3234 6.76496
      vertex -87.48 70.8216 6.37158
    endloop
  endfacet
  facet normal 1 0 0
    outer loop
      vertex -87.48 57.9784 6.37158
      vertex -87.48 70.8216 6.37158
      vertex -87.48 58.3234 6.76496
    endloop
  endfacet
  facet normal 1 0 0
    outer loop
      vertex -87.48 70.8216 6.37158
      vertex -87.48 57.9784 6.37158
      vertex -87.48 71.215 6.0266
    endloop
  endfacet
  facet normal 1 0 0
    outer loop
      vertex -87.48 57.585 6.0266
      vertex -87.48 71.215 6.0266
      vertex -87.48 57.9784 6.37158
    endloop
  endfacet
  facet normal 1 0 0
    outer loop
      vertex -87.48 71.215 6.0266
      vertex -87.48 57.585 6.0266
      vertex -87.48 71.65 5.7359
    endloop
  endfacet
  facet normal 1 0 0
    outer loop
      vertex -87.48 57.15 5.7359
      vertex -87.48 71.65 5.7359
      vertex -87.48 57.585 6.0266
    endloop
  endfacet
  facet normal 1 0 0
    outer loop
      vertex -87.48 71.65 5.7359
      vertex -87.48 57.15 5.7359
      vertex -87.48 72.1193 5.50449
    endloop
  endfacet
  facet normal 1 0 0
    outer loop
      vertex -87.48 56.6807 5.50449
      vertex -87.48 72.1193 5.50449
      vertex -87.48 57.15 5.7359
    endloop
  endfacet
  facet normal 1 0 0
    outer loop
      vertex -87.48 72.1193 5.50449
      vertex -87.48 56.6807 5.50449
      vertex -87.48 72.6147 5.33631
    endloop
  endfacet
  facet normal 1 0 0
    outer loop
      vertex -87.48 56.1853 5.33631
      vertex -87.48 72.6147 5.33631
      vertex -87.48 56.6807 5.50449
    endloop
  endfacet
  facet normal 1 0 0
    outer loop
      vertex -87.48 72.6147 5.33631
      vertex -87.48 56.1853 5.33631
      vertex -87.48 73.1279 5.23422
    endloop
  endfacet
  facet normal 1 0 0
    outer loop
      vertex -87.48 55.6721 5.23422
      vertex -87.48 73.1279 5.23422
      vertex -87.48 56.1853 5.33631
    endloop
  endfacet
  facet normal 1 0 0
    outer loop
      vertex -87.48 55.15 5.2
      vertex -87.48 73.1279 5.23422
      vertex -87.48 55.6721 5.23422
    endloop
  endfacet
  facet normal 1 0 0
    outer loop
      vertex -87.48 73.65 5.2
      vertex -87.48 55.15 5.2
      vertex -87.48 114.56 -5.72205e-07
    endloop
  endfacet
  facet normal 1 0 0
    outer loop
      vertex -87.48 3 -5.72205e-07
      vertex -87.48 55.15 5.2
      vertex -87.48 49.65 5.2
    endloop
  endfacet
  facet normal 1 0 0
    outer loop
      vertex -87.48 3 -5.72205e-07
      vertex -87.48 49.65 5.2
      vertex -87.48 49.1279 5.23422
    endloop
  endfacet
  facet normal 1 0 0
    outer loop
      vertex -87.48 3 -5.72205e-07
      vertex -87.48 45.65 9.2
      vertex -87.48 3 22.2
    endloop
  endfacet
  facet normal 1 0 0
    outer loop
      vertex -87.48 45.65 9.2
      vertex -87.48 3 -5.72205e-07
      vertex -87.48 45.6842 8.6779
    endloop
  endfacet
  facet normal 1 0 0
    outer loop
      vertex -87.48 45.6842 8.6779
      vertex -87.48 3 -5.72205e-07
      vertex -87.48 45.7863 8.16474
    endloop
  endfacet
  facet normal 1 0 0
    outer loop
      vertex -87.48 45.7863 8.16474
      vertex -87.48 3 -5.72205e-07
      vertex -87.48 45.9545 7.66927
    endloop
  endfacet
  facet normal 1 0 0
    outer loop
      vertex -87.48 45.9545 7.66927
      vertex -87.48 3 -5.72205e-07
      vertex -87.48 46.1859 7.2
    endloop
  endfacet
  facet normal 1 0 0
    outer loop
      vertex -87.48 46.1859 7.2
      vertex -87.48 3 -5.72205e-07
      vertex -87.48 46.4766 6.76496
    endloop
  endfacet
  facet normal 1 0 0
    outer loop
      vertex -87.48 46.4766 6.76496
      vertex -87.48 3 -5.72205e-07
      vertex -87.48 46.8216 6.37158
    endloop
  endfacet
  facet normal 1 0 0
    outer loop
      vertex -87.48 46.8216 6.37158
      vertex -87.48 3 -5.72205e-07
      vertex -87.48 47.215 6.0266
    endloop
  endfacet
  facet normal 1 0 0
    outer loop
      vertex -87.48 47.215 6.0266
      vertex -87.48 3 -5.72205e-07
      vertex -87.48 47.65 5.7359
    endloop
  endfacet
  facet normal 1 0 0
    outer loop
      vertex -87.48 55.15 5.2
      vertex -87.48 3 -5.72205e-07
      vertex -87.48 114.56 -5.72205e-07
    endloop
  endfacet
  facet normal 1 0 0
    outer loop
      vertex -87.48 48.6147 5.33631
      vertex -87.48 3 -5.72205e-07
      vertex -87.48 49.1279 5.23422
    endloop
  endfacet
  facet normal 1 0 0
    outer loop
      vertex -87.48 48.1193 5.50449
      vertex -87.48 3 -5.72205e-07
      vertex -87.48 48.6147 5.33631
    endloop
  endfacet
  facet normal 1 0 0
    outer loop
      vertex -87.48 47.65 5.7359
      vertex -87.48 3 -5.72205e-07
      vertex -87.48 48.1193 5.50449
    endloop
  endfacet
  facet normal 0 -1 0
    outer loop
      vertex -99.88 -12 -5.72205e-07
      vertex -87.48 -12 5
      vertex -99.88 -12 5
    endloop
  endfacet
  facet normal 0 -1 -0
    outer loop
      vertex -87.48 -12 5
      vertex -99.88 -12 -5.72205e-07
      vertex -87.48 -12 -5.72205e-07
    endloop
  endfacet
  facet normal -0.321546 -0.946894 0
    outer loop
      vertex -101.793 -11.6194 -5.72205e-07
      vertex -101.174 -11.8296 5
      vertex -101.793 -11.6194 5
    endloop
  endfacet
  facet normal -0.321546 -0.946894 -0
    outer loop
      vertex -101.174 -11.8296 5
      vertex -101.793 -11.6194 -5.72205e-07
      vertex -101.174 -11.8296 -5.72205e-07
    endloop
  endfacet
  facet normal -0.997839 0.0657076 0
    outer loop
      vertex -104.88 112.56 -5.72205e-07
      vertex -104.837 113.213 5
      vertex -104.837 113.213 -5.72205e-07
    endloop
  endfacet
  facet normal -0.997839 0.0657076 0
    outer loop
      vertex -104.837 113.213 5
      vertex -104.88 112.56 -5.72205e-07
      vertex -104.88 112.56 5
    endloop
  endfacet
  facet normal -0.195233 -0.980757 0
    outer loop
      vertex -101.174 -11.8296 -5.72205e-07
      vertex -100.533 -11.9572 5
      vertex -101.174 -11.8296 5
    endloop
  endfacet
  facet normal -0.195233 -0.980757 -0
    outer loop
      vertex -100.533 -11.9572 5
      vertex -101.174 -11.8296 -5.72205e-07
      vertex -100.533 -11.9572 -5.72205e-07
    endloop
  endfacet
  facet normal -0.0657076 0.997839 0
    outer loop
      vertex -99.88 117.56 -5.72205e-07
      vertex -100.533 117.517 5
      vertex -99.88 117.56 5
    endloop
  endfacet
  facet normal -0.0657076 0.997839 0
    outer loop
      vertex -100.533 117.517 5
      vertex -99.88 117.56 -5.72205e-07
      vertex -100.533 117.517 -5.72205e-07
    endloop
  endfacet
  facet normal -0.0654033 -0.997859 0
    outer loop
      vertex -100.533 -11.9572 -5.72205e-07
      vertex -99.88 -12 5
      vertex -100.533 -11.9572 5
    endloop
  endfacet
  facet normal -0.0654033 -0.997859 -0
    outer loop
      vertex -99.88 -12 5
      vertex -100.533 -11.9572 -5.72205e-07
      vertex -99.88 -12 -5.72205e-07
    endloop
  endfacet
  facet normal -1 0 0
    outer loop
      vertex -104.88 -7 -5.72205e-07
      vertex -104.88 112.56 5
      vertex -104.88 112.56 -5.72205e-07
    endloop
  endfacet
  facet normal -1 -0 0
    outer loop
      vertex -104.88 112.56 5
      vertex -104.88 -7 -5.72205e-07
      vertex -104.88 -7 5
    endloop
  endfacet
  facet normal -0.831815 0.555053 0
    outer loop
      vertex -104.21 115.06 -5.72205e-07
      vertex -103.847 115.604 5
      vertex -103.847 115.604 -5.72205e-07
    endloop
  endfacet
  facet normal -0.831815 0.555053 0
    outer loop
      vertex -103.847 115.604 5
      vertex -104.21 115.06 -5.72205e-07
      vertex -104.21 115.06 5
    endloop
  endfacet
  facet normal -0.322643 0.946521 0
    outer loop
      vertex -101.174 117.39 -5.72205e-07
      vertex -101.793 117.179 5
      vertex -101.174 117.39 5
    endloop
  endfacet
  facet normal -0.322643 0.946521 0
    outer loop
      vertex -101.793 117.179 5
      vertex -101.174 117.39 -5.72205e-07
      vertex -101.793 117.179 -5.72205e-07
    endloop
  endfacet
  facet normal -0.555053 0.831815 0
    outer loop
      vertex -102.38 116.89 -5.72205e-07
      vertex -102.924 116.527 5
      vertex -102.38 116.89 5
    endloop
  endfacet
  facet normal -0.555053 0.831815 0
    outer loop
      vertex -102.924 116.527 5
      vertex -102.38 116.89 -5.72205e-07
      vertex -102.924 116.527 -5.72205e-07
    endloop
  endfacet
  facet normal -0.980959 -0.194213 0
    outer loop
      vertex -104.71 -8.2941 -5.72205e-07
      vertex -104.837 -7.65263 5
      vertex -104.837 -7.65263 -5.72205e-07
    endloop
  endfacet
  facet normal -0.980959 -0.194213 0
    outer loop
      vertex -104.837 -7.65263 5
      vertex -104.71 -8.2941 -5.72205e-07
      vertex -104.71 -8.2941 5
    endloop
  endfacet
  facet normal 0 1 -0
    outer loop
      vertex -87.48 117.56 -5.72205e-07
      vertex -99.88 117.56 5
      vertex -87.48 117.56 5
    endloop
  endfacet
  facet normal 0 1 0
    outer loop
      vertex -99.88 117.56 5
      vertex -87.48 117.56 -5.72205e-07
      vertex -99.88 117.56 -5.72205e-07
    endloop
  endfacet
  facet normal -0.19435 0.980932 0
    outer loop
      vertex -100.533 117.517 -5.72205e-07
      vertex -101.174 117.39 5
      vertex -100.533 117.517 5
    endloop
  endfacet
  facet normal -0.19435 0.980932 0
    outer loop
      vertex -101.174 117.39 5
      vertex -100.533 117.517 -5.72205e-07
      vertex -101.174 117.39 -5.72205e-07
    endloop
  endfacet
  facet normal -0.55537 -0.831603 0
    outer loop
      vertex -102.924 -10.9668 -5.72205e-07
      vertex -102.38 -11.3301 5
      vertex -102.924 -10.9668 5
    endloop
  endfacet
  facet normal -0.55537 -0.831603 -0
    outer loop
      vertex -102.38 -11.3301 5
      vertex -102.924 -10.9668 -5.72205e-07
      vertex -102.38 -11.3301 -5.72205e-07
    endloop
  endfacet
  facet normal -0.441703 0.897161 0
    outer loop
      vertex -101.793 117.179 -5.72205e-07
      vertex -102.38 116.89 5
      vertex -101.793 117.179 5
    endloop
  endfacet
  facet normal -0.441703 0.897161 0
    outer loop
      vertex -102.38 116.89 5
      vertex -101.793 117.179 -5.72205e-07
      vertex -102.38 116.89 -5.72205e-07
    endloop
  endfacet
  facet normal -0.946521 0.322643 0
    outer loop
      vertex -104.71 113.854 -5.72205e-07
      vertex -104.499 114.473 5
      vertex -104.499 114.473 -5.72205e-07
    endloop
  endfacet
  facet normal -0.946521 0.322643 0
    outer loop
      vertex -104.499 114.473 5
      vertex -104.71 113.854 -5.72205e-07
      vertex -104.71 113.854 5
    endloop
  endfacet
  facet normal -0.751998 -0.659165 0
    outer loop
      vertex -103.416 -10.5355 -5.72205e-07
      vertex -103.847 -10.0438 5
      vertex -103.847 -10.0438 -5.72205e-07
    endloop
  endfacet
  facet normal -0.751998 -0.659165 0
    outer loop
      vertex -103.847 -10.0438 5
      vertex -103.416 -10.5355 -5.72205e-07
      vertex -103.416 -10.5355 5
    endloop
  endfacet
  facet normal -0.659197 -0.75197 0
    outer loop
      vertex -103.416 -10.5355 -5.72205e-07
      vertex -102.924 -10.9668 5
      vertex -103.416 -10.5355 5
    endloop
  endfacet
  facet normal -0.659197 -0.75197 -0
    outer loop
      vertex -102.924 -10.9668 5
      vertex -103.416 -10.5355 -5.72205e-07
      vertex -102.924 -10.9668 -5.72205e-07
    endloop
  endfacet
  facet normal -0.752198 0.658937 0
    outer loop
      vertex -103.847 115.604 -5.72205e-07
      vertex -103.416 116.096 5
      vertex -103.416 116.096 -5.72205e-07
    endloop
  endfacet
  facet normal -0.752198 0.658937 0
    outer loop
      vertex -103.416 116.096 5
      vertex -103.847 115.604 -5.72205e-07
      vertex -103.847 115.604 5
    endloop
  endfacet
  facet normal -0.946572 -0.322493 0
    outer loop
      vertex -104.499 -8.91342 -5.72205e-07
      vertex -104.71 -8.2941 5
      vertex -104.71 -8.2941 -5.72205e-07
    endloop
  endfacet
  facet normal -0.946572 -0.322493 0
    outer loop
      vertex -104.71 -8.2941 5
      vertex -104.499 -8.91342 -5.72205e-07
      vertex -104.499 -8.91342 5
    endloop
  endfacet
  facet normal -0.658937 0.752198 0
    outer loop
      vertex -102.924 116.527 -5.72205e-07
      vertex -103.416 116.096 5
      vertex -102.924 116.527 5
    endloop
  endfacet
  facet normal -0.658937 0.752198 0
    outer loop
      vertex -103.416 116.096 5
      vertex -102.924 116.527 -5.72205e-07
      vertex -103.416 116.096 -5.72205e-07
    endloop
  endfacet
  facet normal -0.897161 0.441703 0
    outer loop
      vertex -104.499 114.473 -5.72205e-07
      vertex -104.21 115.06 5
      vertex -104.21 115.06 -5.72205e-07
    endloop
  endfacet
  facet normal -0.897161 0.441703 0
    outer loop
      vertex -104.21 115.06 5
      vertex -104.499 114.473 -5.72205e-07
      vertex -104.499 114.473 5
    endloop
  endfacet
  facet normal -0.980932 0.19435 0
    outer loop
      vertex -104.837 113.213 -5.72205e-07
      vertex -104.71 113.854 5
      vertex -104.71 113.854 -5.72205e-07
    endloop
  endfacet
  facet normal -0.980932 0.19435 0
    outer loop
      vertex -104.71 113.854 5
      vertex -104.837 113.213 -5.72205e-07
      vertex -104.837 113.213 5
    endloop
  endfacet
  facet normal -0.997836 -0.0657447 0
    outer loop
      vertex -104.837 -7.65263 -5.72205e-07
      vertex -104.88 -7 5
      vertex -104.88 -7 -5.72205e-07
    endloop
  endfacet
  facet normal -0.997836 -0.0657447 0
    outer loop
      vertex -104.88 -7 5
      vertex -104.837 -7.65263 -5.72205e-07
      vertex -104.837 -7.65263 5
    endloop
  endfacet
  facet normal -0.831721 -0.555194 0
    outer loop
      vertex -103.847 -10.0438 -5.72205e-07
      vertex -104.21 -9.5 5
      vertex -104.21 -9.5 -5.72205e-07
    endloop
  endfacet
  facet normal -0.831721 -0.555194 0
    outer loop
      vertex -104.21 -9.5 5
      vertex -103.847 -10.0438 -5.72205e-07
      vertex -103.847 -10.0438 5
    endloop
  endfacet
  facet normal -0.897036 -0.441957 0
    outer loop
      vertex -104.21 -9.5 -5.72205e-07
      vertex -104.499 -8.91342 5
      vertex -104.499 -8.91342 -5.72205e-07
    endloop
  endfacet
  facet normal -0.897036 -0.441957 0
    outer loop
      vertex -104.499 -8.91342 5
      vertex -104.21 -9.5 -5.72205e-07
      vertex -104.21 -9.5 5
    endloop
  endfacet
  facet normal -0.442072 -0.89698 0
    outer loop
      vertex -102.38 -11.3301 -5.72205e-07
      vertex -101.793 -11.6194 5
      vertex -102.38 -11.3301 5
    endloop
  endfacet
  facet normal -0.442072 -0.89698 -0
    outer loop
      vertex -101.793 -11.6194 5
      vertex -102.38 -11.3301 -5.72205e-07
      vertex -101.793 -11.6194 -5.72205e-07
    endloop
  endfacet
  facet normal -1 0 0
    outer loop
      vertex -90.88 81.9784 6.37158
      vertex -90.88 86 5.01
      vertex -90.88 86 5
    endloop
  endfacet
  facet normal -1 0 0
    outer loop
      vertex -90.88 86 5.01
      vertex -90.88 83.1158 8.6779
      vertex -90.88 83.15 9.2
    endloop
  endfacet
  facet normal -1 0 0
    outer loop
      vertex -90.88 86 5.01
      vertex -90.88 83.0137 8.16474
      vertex -90.88 83.1158 8.6779
    endloop
  endfacet
  facet normal -1 0 0
    outer loop
      vertex -90.88 86 5.01
      vertex -90.88 82.8455 7.66927
      vertex -90.88 83.0137 8.16474
    endloop
  endfacet
  facet normal -1 0 0
    outer loop
      vertex -90.88 86 5.01
      vertex -90.88 82.6141 7.2
      vertex -90.88 82.8455 7.66927
    endloop
  endfacet
  facet normal -1 0 0
    outer loop
      vertex -90.88 86 5.01
      vertex -90.88 82.3234 6.76496
      vertex -90.88 82.6141 7.2
    endloop
  endfacet
  facet normal -1 0 0
    outer loop
      vertex -90.88 86 5.01
      vertex -90.88 81.9784 6.37158
      vertex -90.88 82.3234 6.76496
    endloop
  endfacet
  facet normal -1 0 0
    outer loop
      vertex -90.88 86 5
      vertex -90.88 81.585 6.0266
      vertex -90.88 81.9784 6.37158
    endloop
  endfacet
  facet normal -1 0 0
    outer loop
      vertex -90.88 86 5
      vertex -90.88 81.15 5.7359
      vertex -90.88 81.585 6.0266
    endloop
  endfacet
  facet normal -1 0 0
    outer loop
      vertex -90.88 86 5
      vertex -90.88 80.6807 5.50449
      vertex -90.88 81.15 5.7359
    endloop
  endfacet
  facet normal -1 0 0
    outer loop
      vertex -90.88 86 5
      vertex -90.88 80.1853 5.33631
      vertex -90.88 80.6807 5.50449
    endloop
  endfacet
  facet normal -1 0 0
    outer loop
      vertex -90.88 86 5
      vertex -90.88 79.6721 5.23422
      vertex -90.88 80.1853 5.33631
    endloop
  endfacet
  facet normal -1 0 0
    outer loop
      vertex -90.88 86 5
      vertex -90.88 79.15 5.2
      vertex -90.88 79.6721 5.23422
    endloop
  endfacet
  facet normal -1 0 0
    outer loop
      vertex -90.88 86 5
      vertex -90.88 73.65 5.2
      vertex -90.88 79.15 5.2
    endloop
  endfacet
  facet normal -1 0 0
    outer loop
      vertex -90.88 69.6842 8.6779
      vertex -90.88 59.15 9.2
      vertex -90.88 69.65 9.2
    endloop
  endfacet
  facet normal -1 0 0
    outer loop
      vertex -90.88 59.1158 8.6779
      vertex -90.88 69.6842 8.6779
      vertex -90.88 69.7863 8.16474
    endloop
  endfacet
  facet normal -1 0 0
    outer loop
      vertex -90.88 59.0137 8.16474
      vertex -90.88 69.7863 8.16474
      vertex -90.88 69.9545 7.66927
    endloop
  endfacet
  facet normal -1 0 0
    outer loop
      vertex -90.88 58.8455 7.66927
      vertex -90.88 69.9545 7.66927
      vertex -90.88 70.1859 7.2
    endloop
  endfacet
  facet normal -1 0 0
    outer loop
      vertex -90.88 58.6141 7.2
      vertex -90.88 70.1859 7.2
      vertex -90.88 70.4766 6.76496
    endloop
  endfacet
  facet normal -1 0 0
    outer loop
      vertex -90.88 58.3234 6.76496
      vertex -90.88 70.4766 6.76496
      vertex -90.88 70.8216 6.37158
    endloop
  endfacet
  facet normal -1 0 0
    outer loop
      vertex -90.88 57.9784 6.37158
      vertex -90.88 70.8216 6.37158
      vertex -90.88 71.215 6.0266
    endloop
  endfacet
  facet normal -1 0 0
    outer loop
      vertex -90.88 57.585 6.0266
      vertex -90.88 71.215 6.0266
      vertex -90.88 71.65 5.7359
    endloop
  endfacet
  facet normal -1 0 0
    outer loop
      vertex -90.88 57.15 5.7359
      vertex -90.88 71.65 5.7359
      vertex -90.88 72.1193 5.50449
    endloop
  endfacet
  facet normal -1 0 0
    outer loop
      vertex -90.88 56.6807 5.50449
      vertex -90.88 72.1193 5.50449
      vertex -90.88 72.6147 5.33631
    endloop
  endfacet
  facet normal -1 0 0
    outer loop
      vertex -90.88 69.6842 8.6779
      vertex -90.88 59.1158 8.6779
      vertex -90.88 59.15 9.2
    endloop
  endfacet
  facet normal -1 0 0
    outer loop
      vertex -90.88 69.7863 8.16474
      vertex -90.88 59.0137 8.16474
      vertex -90.88 59.1158 8.6779
    endloop
  endfacet
  facet normal -1 0 0
    outer loop
      vertex -90.88 69.9545 7.66927
      vertex -90.88 58.8455 7.66927
      vertex -90.88 59.0137 8.16474
    endloop
  endfacet
  facet normal -1 0 0
    outer loop
      vertex -90.88 56.1853 5.33631
      vertex -90.88 72.6147 5.33631
      vertex -90.88 73.1279 5.23422
    endloop
  endfacet
  facet normal -1 0 0
    outer loop
      vertex -90.88 70.1859 7.2
      vertex -90.88 58.6141 7.2
      vertex -90.88 58.8455 7.66927
    endloop
  endfacet
  facet normal -1 0 0
    outer loop
      vertex -90.88 70.4766 6.76496
      vertex -90.88 58.3234 6.76496
      vertex -90.88 58.6141 7.2
    endloop
  endfacet
  facet normal -1 0 0
    outer loop
      vertex -90.88 70.8216 6.37158
      vertex -90.88 57.9784 6.37158
      vertex -90.88 58.3234 6.76496
    endloop
  endfacet
  facet normal -1 0 0
    outer loop
      vertex -90.88 71.215 6.0266
      vertex -90.88 57.585 6.0266
      vertex -90.88 57.9784 6.37158
    endloop
  endfacet
  facet normal -1 0 0
    outer loop
      vertex -90.88 55.6721 5.23422
      vertex -90.88 73.1279 5.23422
      vertex -90.88 73.65 5.2
    endloop
  endfacet
  facet normal -1 0 0
    outer loop
      vertex -90.88 71.65 5.7359
      vertex -90.88 57.15 5.7359
      vertex -90.88 57.585 6.0266
    endloop
  endfacet
  facet normal -1 0 0
    outer loop
      vertex -90.88 72.1193 5.50449
      vertex -90.88 56.6807 5.50449
      vertex -90.88 57.15 5.7359
    endloop
  endfacet
  facet normal -1 0 0
    outer loop
      vertex -90.88 72.6147 5.33631
      vertex -90.88 56.1853 5.33631
      vertex -90.88 56.6807 5.50449
    endloop
  endfacet
  facet normal -1 0 0
    outer loop
      vertex -90.88 55.15 5.2
      vertex -90.88 73.65 5.2
      vertex -90.88 86 5
    endloop
  endfacet
  facet normal -1 0 0
    outer loop
      vertex -90.88 73.1279 5.23422
      vertex -90.88 55.6721 5.23422
      vertex -90.88 56.1853 5.33631
    endloop
  endfacet
  facet normal -1 0 0
    outer loop
      vertex -90.88 73.65 5.2
      vertex -90.88 55.15 5.2
      vertex -90.88 55.6721 5.23422
    endloop
  endfacet
  facet normal -1 0 0
    outer loop
      vertex -90.88 86 5
      vertex -90.88 49.65 5.2
      vertex -90.88 55.15 5.2
    endloop
  endfacet
  facet normal -1 -0 0
    outer loop
      vertex -90.88 45.6842 8.6779
      vertex -90.88 0.5 5
      vertex -90.88 45.65 9.2
    endloop
  endfacet
  facet normal -1 -0 0
    outer loop
      vertex -90.88 45.7863 8.16474
      vertex -90.88 0.5 5
      vertex -90.88 45.6842 8.6779
    endloop
  endfacet
  facet normal -1 -0 0
    outer loop
      vertex -90.88 45.9545 7.66927
      vertex -90.88 0.5 5
      vertex -90.88 45.7863 8.16474
    endloop
  endfacet
  facet normal -1 -0 0
    outer loop
      vertex -90.88 46.1859 7.2
      vertex -90.88 0.5 5
      vertex -90.88 45.9545 7.66927
    endloop
  endfacet
  facet normal -1 -0 0
    outer loop
      vertex -90.88 46.4766 6.76496
      vertex -90.88 0.5 5
      vertex -90.88 46.1859 7.2
    endloop
  endfacet
  facet normal -1 -0 0
    outer loop
      vertex -90.88 46.8216 6.37158
      vertex -90.88 0.5 5
      vertex -90.88 46.4766 6.76496
    endloop
  endfacet
  facet normal -1 -0 0
    outer loop
      vertex -90.88 47.215 6.0266
      vertex -90.88 0.5 5
      vertex -90.88 46.8216 6.37158
    endloop
  endfacet
  facet normal -1 -0 0
    outer loop
      vertex -90.88 47.65 5.7359
      vertex -90.88 0.5 5
      vertex -90.88 47.215 6.0266
    endloop
  endfacet
  facet normal -1 -0 0
    outer loop
      vertex -90.88 48.1193 5.50449
      vertex -90.88 0.5 5
      vertex -90.88 47.65 5.7359
    endloop
  endfacet
  facet normal -1 -0 0
    outer loop
      vertex -90.88 48.6147 5.33631
      vertex -90.88 0.5 5
      vertex -90.88 48.1193 5.50449
    endloop
  endfacet
  facet normal -1 -0 0
    outer loop
      vertex -90.88 49.1279 5.23422
      vertex -90.88 0.5 5
      vertex -90.88 48.6147 5.33631
    endloop
  endfacet
  facet normal -1 -0 0
    outer loop
      vertex -90.88 49.65 5.2
      vertex -90.88 0.5 5
      vertex -90.88 49.1279 5.23422
    endloop
  endfacet
  facet normal -1 0 0
    outer loop
      vertex -90.88 0.5 5
      vertex -90.88 49.65 5.2
      vertex -90.88 86 5
    endloop
  endfacet
  facet normal -1 0 0
    outer loop
      vertex -90.88 104 5.01
      vertex -90.88 117.06 5
      vertex -90.88 104 5
    endloop
  endfacet
  facet normal -1 0 0
    outer loop
      vertex -90.88 117.06 5
      vertex -90.88 104 5.01
      vertex -90.88 117.06 22.2
    endloop
  endfacet
  facet normal -1 0 0
    outer loop
      vertex -90.88 99.3301 13.5
      vertex -90.88 117.06 22.2
      vertex -90.88 104 5.01
    endloop
  endfacet
  facet normal -1 0 0
    outer loop
      vertex -90.88 98.9668 14.0438
      vertex -90.88 117.06 22.2
      vertex -90.88 99.3301 13.5
    endloop
  endfacet
  facet normal -1 0 0
    outer loop
      vertex -90.88 98.5355 14.5355
      vertex -90.88 117.06 22.2
      vertex -90.88 98.9668 14.0438
    endloop
  endfacet
  facet normal -1 0 0
    outer loop
      vertex -90.88 98.0438 14.9668
      vertex -90.88 117.06 22.2
      vertex -90.88 98.5355 14.5355
    endloop
  endfacet
  facet normal -1 0 0
    outer loop
      vertex -90.88 97.5 15.3301
      vertex -90.88 117.06 22.2
      vertex -90.88 98.0438 14.9668
    endloop
  endfacet
  facet normal -1 0 0
    outer loop
      vertex -90.88 96.9134 15.6194
      vertex -90.88 117.06 22.2
      vertex -90.88 97.5 15.3301
    endloop
  endfacet
  facet normal -1 0 0
    outer loop
      vertex -90.88 96.2941 15.8296
      vertex -90.88 117.06 22.2
      vertex -90.88 96.9134 15.6194
    endloop
  endfacet
  facet normal -1 0 0
    outer loop
      vertex -90.88 95.6526 15.9572
      vertex -90.88 117.06 22.2
      vertex -90.88 96.2941 15.8296
    endloop
  endfacet
  facet normal -1 0 0
    outer loop
      vertex -90.88 95 16
      vertex -90.88 117.06 22.2
      vertex -90.88 95.6526 15.9572
    endloop
  endfacet
  facet normal -1 0 0
    outer loop
      vertex -90.88 94.3474 15.9572
      vertex -90.88 117.06 22.2
      vertex -90.88 95 16
    endloop
  endfacet
  facet normal -1 0 0
    outer loop
      vertex -90.88 93.7059 15.8296
      vertex -90.88 117.06 22.2
      vertex -90.88 94.3474 15.9572
    endloop
  endfacet
  facet normal -1 0 0
    outer loop
      vertex -90.88 83.15 9.2
      vertex -90.88 90.6699 13.5
      vertex -90.88 86 5.01
    endloop
  endfacet
  facet normal -1 0 0
    outer loop
      vertex -90.88 83.1158 9.72209
      vertex -90.88 90.6699 13.5
      vertex -90.88 83.15 9.2
    endloop
  endfacet
  facet normal -1 0 0
    outer loop
      vertex -90.88 83.0137 10.2353
      vertex -90.88 90.6699 13.5
      vertex -90.88 83.1158 9.72209
    endloop
  endfacet
  facet normal -1 0 0
    outer loop
      vertex -90.88 82.8455 10.7307
      vertex -90.88 90.6699 13.5
      vertex -90.88 83.0137 10.2353
    endloop
  endfacet
  facet normal -1 0 0
    outer loop
      vertex -90.88 82.6141 11.2
      vertex -90.88 90.6699 13.5
      vertex -90.88 82.8455 10.7307
    endloop
  endfacet
  facet normal -1 0 0
    outer loop
      vertex -90.88 82.3234 11.635
      vertex -90.88 90.6699 13.5
      vertex -90.88 82.6141 11.2
    endloop
  endfacet
  facet normal -1 0 0
    outer loop
      vertex -90.88 81.9784 12.0284
      vertex -90.88 90.6699 13.5
      vertex -90.88 82.3234 11.635
    endloop
  endfacet
  facet normal -1 0 0
    outer loop
      vertex -90.88 81.585 12.3734
      vertex -90.88 90.6699 13.5
      vertex -90.88 81.9784 12.0284
    endloop
  endfacet
  facet normal -1 -0 0
    outer loop
      vertex -90.88 90.6699 13.5
      vertex -90.88 81.585 12.3734
      vertex -90.88 91.0332 14.0438
    endloop
  endfacet
  facet normal -1 0 0
    outer loop
      vertex -90.88 81.15 12.6641
      vertex -90.88 91.0332 14.0438
      vertex -90.88 81.585 12.3734
    endloop
  endfacet
  facet normal -1 -0 0
    outer loop
      vertex -90.88 91.0332 14.0438
      vertex -90.88 81.15 12.6641
      vertex -90.88 91.4645 14.5355
    endloop
  endfacet
  facet normal -1 0 0
    outer loop
      vertex -90.88 80.6807 12.8955
      vertex -90.88 91.4645 14.5355
      vertex -90.88 81.15 12.6641
    endloop
  endfacet
  facet normal -1 -0 0
    outer loop
      vertex -90.88 91.4645 14.5355
      vertex -90.88 80.6807 12.8955
      vertex -90.88 91.9562 14.9668
    endloop
  endfacet
  facet normal -1 0 0
    outer loop
      vertex -90.88 80.1853 13.0637
      vertex -90.88 91.9562 14.9668
      vertex -90.88 80.6807 12.8955
    endloop
  endfacet
  facet normal -1 -0 0
    outer loop
      vertex -90.88 91.9562 14.9668
      vertex -90.88 80.1853 13.0637
      vertex -90.88 92.5 15.3301
    endloop
  endfacet
  facet normal -1 0 0
    outer loop
      vertex -90.88 79.6721 13.1658
      vertex -90.88 92.5 15.3301
      vertex -90.88 80.1853 13.0637
    endloop
  endfacet
  facet normal -1 -0 0
    outer loop
      vertex -90.88 92.5 15.3301
      vertex -90.88 79.6721 13.1658
      vertex -90.88 93.0866 15.6194
    endloop
  endfacet
  facet normal -1 0 0
    outer loop
      vertex -90.88 79.15 13.2
      vertex -90.88 93.0866 15.6194
      vertex -90.88 79.6721 13.1658
    endloop
  endfacet
  facet normal -1 -0 0
    outer loop
      vertex -90.88 93.0866 15.6194
      vertex -90.88 79.15 13.2
      vertex -90.88 93.7059 15.8296
    endloop
  endfacet
  facet normal -1 0 0
    outer loop
      vertex -90.88 73.65 13.2
      vertex -90.88 93.7059 15.8296
      vertex -90.88 79.15 13.2
    endloop
  endfacet
  facet normal -1 -0 0
    outer loop
      vertex -90.88 93.7059 15.8296
      vertex -90.88 73.65 13.2
      vertex -90.88 117.06 22.2
    endloop
  endfacet
  facet normal -1 0 0
    outer loop
      vertex -90.88 73.1279 13.1658
      vertex -90.88 117.06 22.2
      vertex -90.88 73.65 13.2
    endloop
  endfacet
  facet normal -1 0 0
    outer loop
      vertex -90.88 55.6721 13.1658
      vertex -90.88 73.1279 13.1658
      vertex -90.88 72.6147 13.0637
    endloop
  endfacet
  facet normal -1 0 0
    outer loop
      vertex -90.88 59.15 9.2
      vertex -90.88 69.6842 9.72209
      vertex -90.88 69.65 9.2
    endloop
  endfacet
  facet normal -1 0 0
    outer loop
      vertex -90.88 59.1158 9.72209
      vertex -90.88 69.6842 9.72209
      vertex -90.88 59.15 9.2
    endloop
  endfacet
  facet normal -1 0 0
    outer loop
      vertex -90.88 69.6842 9.72209
      vertex -90.88 59.1158 9.72209
      vertex -90.88 69.7863 10.2353
    endloop
  endfacet
  facet normal -1 0 0
    outer loop
      vertex -90.88 59.0137 10.2353
      vertex -90.88 69.7863 10.2353
      vertex -90.88 59.1158 9.72209
    endloop
  endfacet
  facet normal -1 0 0
    outer loop
      vertex -90.88 69.7863 10.2353
      vertex -90.88 59.0137 10.2353
      vertex -90.88 69.9545 10.7307
    endloop
  endfacet
  facet normal -1 0 0
    outer loop
      vertex -90.88 58.8455 10.7307
      vertex -90.88 69.9545 10.7307
      vertex -90.88 59.0137 10.2353
    endloop
  endfacet
  facet normal -1 0 0
    outer loop
      vertex -90.88 69.9545 10.7307
      vertex -90.88 58.8455 10.7307
      vertex -90.88 70.1859 11.2
    endloop
  endfacet
  facet normal -1 0 0
    outer loop
      vertex -90.88 58.6141 11.2
      vertex -90.88 70.1859 11.2
      vertex -90.88 58.8455 10.7307
    endloop
  endfacet
  facet normal -1 0 0
    outer loop
      vertex -90.88 70.1859 11.2
      vertex -90.88 58.6141 11.2
      vertex -90.88 70.4766 11.635
    endloop
  endfacet
  facet normal -1 0 0
    outer loop
      vertex -90.88 58.3234 11.635
      vertex -90.88 70.4766 11.635
      vertex -90.88 58.6141 11.2
    endloop
  endfacet
  facet normal -1 0 0
    outer loop
      vertex -90.88 70.4766 11.635
      vertex -90.88 58.3234 11.635
      vertex -90.88 70.8216 12.0284
    endloop
  endfacet
  facet normal -1 0 0
    outer loop
      vertex -90.88 57.9784 12.0284
      vertex -90.88 70.8216 12.0284
      vertex -90.88 58.3234 11.635
    endloop
  endfacet
  facet normal -1 0 0
    outer loop
      vertex -90.88 70.8216 12.0284
      vertex -90.88 57.9784 12.0284
      vertex -90.88 71.215 12.3734
    endloop
  endfacet
  facet normal -1 0 0
    outer loop
      vertex -90.88 57.585 12.3734
      vertex -90.88 71.215 12.3734
      vertex -90.88 57.9784 12.0284
    endloop
  endfacet
  facet normal -1 0 0
    outer loop
      vertex -90.88 71.215 12.3734
      vertex -90.88 57.585 12.3734
      vertex -90.88 71.65 12.6641
    endloop
  endfacet
  facet normal -1 0 0
    outer loop
      vertex -90.88 57.15 12.6641
      vertex -90.88 71.65 12.6641
      vertex -90.88 57.585 12.3734
    endloop
  endfacet
  facet normal -1 0 0
    outer loop
      vertex -90.88 71.65 12.6641
      vertex -90.88 57.15 12.6641
      vertex -90.88 72.1193 12.8955
    endloop
  endfacet
  facet normal -1 0 0
    outer loop
      vertex -90.88 56.6807 12.8955
      vertex -90.88 72.1193 12.8955
      vertex -90.88 57.15 12.6641
    endloop
  endfacet
  facet normal -1 0 0
    outer loop
      vertex -90.88 72.1193 12.8955
      vertex -90.88 56.6807 12.8955
      vertex -90.88 72.6147 13.0637
    endloop
  endfacet
  facet normal -1 0 0
    outer loop
      vertex -90.88 56.1853 13.0637
      vertex -90.88 72.6147 13.0637
      vertex -90.88 56.6807 12.8955
    endloop
  endfacet
  facet normal -1 0 0
    outer loop
      vertex -90.88 55.6721 13.1658
      vertex -90.88 72.6147 13.0637
      vertex -90.88 56.1853 13.0637
    endloop
  endfacet
  facet normal -1 0 0
    outer loop
      vertex -90.88 73.1279 13.1658
      vertex -90.88 55.6721 13.1658
      vertex -90.88 117.06 22.2
    endloop
  endfacet
  facet normal -1 0 0
    outer loop
      vertex -90.88 55.15 13.2
      vertex -90.88 117.06 22.2
      vertex -90.88 55.6721 13.1658
    endloop
  endfacet
  facet normal -1 0 0
    outer loop
      vertex -90.88 0.5 22.2
      vertex -90.88 55.15 13.2
      vertex -90.88 49.65 13.2
    endloop
  endfacet
  facet normal -1 0 0
    outer loop
      vertex -90.88 0.5 22.2
      vertex -90.88 49.65 13.2
      vertex -90.88 49.1279 13.1658
    endloop
  endfacet
  facet normal -1 0 0
    outer loop
      vertex -90.88 0.5 5
      vertex -90.88 45.6842 9.72209
      vertex -90.88 45.65 9.2
    endloop
  endfacet
  facet normal -1 0 0
    outer loop
      vertex -90.88 0.5 22.2
      vertex -90.88 45.6842 9.72209
      vertex -90.88 0.5 5
    endloop
  endfacet
  facet normal -1 0 0
    outer loop
      vertex -90.88 45.6842 9.72209
      vertex -90.88 0.5 22.2
      vertex -90.88 45.7863 10.2353
    endloop
  endfacet
  facet normal -1 0 0
    outer loop
      vertex -90.88 45.7863 10.2353
      vertex -90.88 0.5 22.2
      vertex -90.88 45.9545 10.7307
    endloop
  endfacet
  facet normal -1 0 0
    outer loop
      vertex -90.88 45.9545 10.7307
      vertex -90.88 0.5 22.2
      vertex -90.88 46.1859 11.2
    endloop
  endfacet
  facet normal -1 0 0
    outer loop
      vertex -90.88 46.1859 11.2
      vertex -90.88 0.5 22.2
      vertex -90.88 46.4766 11.635
    endloop
  endfacet
  facet normal -1 0 0
    outer loop
      vertex -90.88 46.4766 11.635
      vertex -90.88 0.5 22.2
      vertex -90.88 46.8216 12.0284
    endloop
  endfacet
  facet normal -1 0 0
    outer loop
      vertex -90.88 46.8216 12.0284
      vertex -90.88 0.5 22.2
      vertex -90.88 47.215 12.3734
    endloop
  endfacet
  facet normal -1 0 0
    outer loop
      vertex -90.88 47.215 12.3734
      vertex -90.88 0.5 22.2
      vertex -90.88 47.65 12.6641
    endloop
  endfacet
  facet normal -1 0 0
    outer loop
      vertex -90.88 47.65 12.6641
      vertex -90.88 0.5 22.2
      vertex -90.88 48.1193 12.8955
    endloop
  endfacet
  facet normal -1 0 0
    outer loop
      vertex -90.88 48.1193 12.8955
      vertex -90.88 0.5 22.2
      vertex -90.88 48.6147 13.0637
    endloop
  endfacet
  facet normal -1 0 0
    outer loop
      vertex -90.88 55.15 13.2
      vertex -90.88 0.5 22.2
      vertex -90.88 117.06 22.2
    endloop
  endfacet
  facet normal -1 0 0
    outer loop
      vertex -90.88 48.6147 13.0637
      vertex -90.88 0.5 22.2
      vertex -90.88 49.1279 13.1658
    endloop
  endfacet
  facet normal 0 -1 0
    outer loop
      vertex -96.08 86 5
      vertex -90.88 86 5.01
      vertex -96.08 86 5.01
    endloop
  endfacet
  facet normal 0 -1 -0
    outer loop
      vertex -90.88 86 5.01
      vertex -96.08 86 5
      vertex -90.88 86 5
    endloop
  endfacet
  facet normal 0 1 -0
    outer loop
      vertex -90.88 104 5
      vertex -96.08 104 5.01
      vertex -90.88 104 5.01
    endloop
  endfacet
  facet normal 0 1 0
    outer loop
      vertex -96.08 104 5.01
      vertex -90.88 104 5
      vertex -96.08 104 5
    endloop
  endfacet
  facet normal 0 -0.751771 0.659424
    outer loop
      vertex -96.08 91.0332 14.0438
      vertex -90.88 91.4645 14.5355
      vertex -96.08 91.4645 14.5355
    endloop
  endfacet
  facet normal 0 -0.751771 0.659424
    outer loop
      vertex -90.88 91.4645 14.5355
      vertex -96.08 91.0332 14.0438
      vertex -90.88 91.0332 14.0438
    endloop
  endfacet
  facet normal 0 0.831509 0.555512
    outer loop
      vertex -90.88 99.3301 13.5
      vertex -96.08 98.9668 14.0438
      vertex -90.88 98.9668 14.0438
    endloop
  endfacet
  facet normal 0 0.831509 0.555512
    outer loop
      vertex -96.08 98.9668 14.0438
      vertex -90.88 99.3301 13.5
      vertex -96.08 99.3301 13.5
    endloop
  endfacet
  facet normal -0 0.0654432 0.997856
    outer loop
      vertex -96.08 95.6526 15.9572
      vertex -90.88 95 16
      vertex -90.88 95.6526 15.9572
    endloop
  endfacet
  facet normal 0 0.0654432 0.997856
    outer loop
      vertex -90.88 95 16
      vertex -96.08 95.6526 15.9572
      vertex -96.08 95 16
    endloop
  endfacet
  facet normal 0 -0.831509 0.555512
    outer loop
      vertex -96.08 90.6699 13.5
      vertex -90.88 91.0332 14.0438
      vertex -96.08 91.0332 14.0438
    endloop
  endfacet
  facet normal 0 -0.831509 0.555512
    outer loop
      vertex -90.88 91.0332 14.0438
      vertex -96.08 90.6699 13.5
      vertex -90.88 90.6699 13.5
    endloop
  endfacet
  facet normal 0 -0.876198 0.48195
    outer loop
      vertex -96.08 86 5.01
      vertex -90.88 90.6699 13.5
      vertex -96.08 90.6699 13.5
    endloop
  endfacet
  facet normal 0 -0.876198 0.48195
    outer loop
      vertex -90.88 90.6699 13.5
      vertex -96.08 86 5.01
      vertex -90.88 86 5.01
    endloop
  endfacet
  facet normal 0 0.876198 0.48195
    outer loop
      vertex -90.88 104 5.01
      vertex -96.08 99.3301 13.5
      vertex -90.88 99.3301 13.5
    endloop
  endfacet
  facet normal 0 0.876198 0.48195
    outer loop
      vertex -96.08 99.3301 13.5
      vertex -90.88 104 5.01
      vertex -96.08 104 5.01
    endloop
  endfacet
  facet normal 0 -0.442314 0.89686
    outer loop
      vertex -96.08 93.0866 15.6194
      vertex -90.88 92.5 15.3301
      vertex -90.88 93.0866 15.6194
    endloop
  endfacet
  facet normal 0 -0.442314 0.89686
    outer loop
      vertex -90.88 92.5 15.3301
      vertex -96.08 93.0866 15.6194
      vertex -96.08 92.5 15.3301
    endloop
  endfacet
  facet normal -0 0.321407 0.946941
    outer loop
      vertex -96.08 96.9134 15.6194
      vertex -90.88 96.2941 15.8296
      vertex -90.88 96.9134 15.6194
    endloop
  endfacet
  facet normal 0 0.321407 0.946941
    outer loop
      vertex -90.88 96.2941 15.8296
      vertex -96.08 96.9134 15.6194
      vertex -96.08 96.2941 15.8296
    endloop
  endfacet
  facet normal 0 -0.0654432 0.997856
    outer loop
      vertex -96.08 95 16
      vertex -90.88 94.3474 15.9572
      vertex -90.88 95 16
    endloop
  endfacet
  facet normal 0 -0.0654432 0.997856
    outer loop
      vertex -90.88 94.3474 15.9572
      vertex -96.08 95 16
      vertex -96.08 94.3474 15.9572
    endloop
  endfacet
  facet normal 0 -0.555512 0.831509
    outer loop
      vertex -96.08 92.5 15.3301
      vertex -90.88 91.9562 14.9668
      vertex -90.88 92.5 15.3301
    endloop
  endfacet
  facet normal 0 -0.555512 0.831509
    outer loop
      vertex -90.88 91.9562 14.9668
      vertex -96.08 92.5 15.3301
      vertex -96.08 91.9562 14.9668
    endloop
  endfacet
  facet normal -0 0.555512 0.831509
    outer loop
      vertex -96.08 98.0438 14.9668
      vertex -90.88 97.5 15.3301
      vertex -90.88 98.0438 14.9668
    endloop
  endfacet
  facet normal 0 0.555512 0.831509
    outer loop
      vertex -90.88 97.5 15.3301
      vertex -96.08 98.0438 14.9668
      vertex -96.08 97.5 15.3301
    endloop
  endfacet
  facet normal -1 0 0
    outer loop
      vertex -96.08 95.825 9.57106
      vertex -96.08 104 5.01
      vertex -96.08 104 5
    endloop
  endfacet
  facet normal -1 0 0
    outer loop
      vertex -96.08 104 5.01
      vertex -96.08 96.5938 10.5729
      vertex -96.08 99.3301 13.5
    endloop
  endfacet
  facet normal -1 0 -0
    outer loop
      vertex -96.08 96.65 11
      vertex -96.08 99.3301 13.5
      vertex -96.08 96.6359 10.7846
    endloop
  endfacet
  facet normal -1 0 0
    outer loop
      vertex -96.08 96.6359 11.2154
      vertex -96.08 99.3301 13.5
      vertex -96.08 96.65 11
    endloop
  endfacet
  facet normal -1 0 0
    outer loop
      vertex -96.08 96.5244 11.6314
      vertex -96.08 99.3301 13.5
      vertex -96.08 96.5938 11.4271
    endloop
  endfacet
  facet normal -1 -0 0
    outer loop
      vertex -96.08 99.3301 13.5
      vertex -96.08 96.4289 11.825
      vertex -96.08 98.9668 14.0438
    endloop
  endfacet
  facet normal -1 0 0
    outer loop
      vertex -96.08 96.4289 11.825
      vertex -96.08 99.3301 13.5
      vertex -96.08 96.5244 11.6314
    endloop
  endfacet
  facet normal -1 0 0
    outer loop
      vertex -96.08 96.5938 11.4271
      vertex -96.08 99.3301 13.5
      vertex -96.08 96.6359 11.2154
    endloop
  endfacet
  facet normal -1 0 0
    outer loop
      vertex -96.08 99.3301 13.5
      vertex -96.08 96.5938 10.5729
      vertex -96.08 96.6359 10.7846
    endloop
  endfacet
  facet normal -1 0 0
    outer loop
      vertex -96.08 104 5.01
      vertex -96.08 96.5244 10.3686
      vertex -96.08 96.5938 10.5729
    endloop
  endfacet
  facet normal -1 0 0
    outer loop
      vertex -96.08 104 5.01
      vertex -96.08 96.4289 10.175
      vertex -96.08 96.5244 10.3686
    endloop
  endfacet
  facet normal -1 0 0
    outer loop
      vertex -96.08 104 5.01
      vertex -96.08 96.309 9.99554
      vertex -96.08 96.4289 10.175
    endloop
  endfacet
  facet normal -1 0 0
    outer loop
      vertex -96.08 104 5.01
      vertex -96.08 96.1667 9.83327
      vertex -96.08 96.309 9.99554
    endloop
  endfacet
  facet normal -1 0 0
    outer loop
      vertex -96.08 104 5.01
      vertex -96.08 96.0045 9.69097
      vertex -96.08 96.1667 9.83327
    endloop
  endfacet
  facet normal -1 0 0
    outer loop
      vertex -96.08 104 5.01
      vertex -96.08 95.825 9.57106
      vertex -96.08 96.0045 9.69097
    endloop
  endfacet
  facet normal -1 0 0
    outer loop
      vertex -96.08 104 5
      vertex -96.08 95.6314 9.4756
      vertex -96.08 95.825 9.57106
    endloop
  endfacet
  facet normal -1 0 0
    outer loop
      vertex -96.08 104 5
      vertex -96.08 95.427 9.40622
      vertex -96.08 95.6314 9.4756
    endloop
  endfacet
  facet normal -1 0 0
    outer loop
      vertex -96.08 104 5
      vertex -96.08 95.2154 9.36411
      vertex -96.08 95.427 9.40622
    endloop
  endfacet
  facet normal -1 0 0
    outer loop
      vertex -96.08 104 5
      vertex -96.08 95 9.35
      vertex -96.08 95.2154 9.36411
    endloop
  endfacet
  facet normal -1 0 0
    outer loop
      vertex -96.08 86 5
      vertex -96.08 95 9.35
      vertex -96.08 104 5
    endloop
  endfacet
  facet normal -1 -0 0
    outer loop
      vertex -96.08 95 9.35
      vertex -96.08 86 5
      vertex -96.08 94.7846 9.36411
    endloop
  endfacet
  facet normal -1 -0 0
    outer loop
      vertex -96.08 94.7846 9.36411
      vertex -96.08 86 5
      vertex -96.08 94.573 9.40622
    endloop
  endfacet
  facet normal -1 0 0
    outer loop
      vertex -96.08 94.175 12.4289
      vertex -96.08 92.5 15.3301
      vertex -96.08 93.0866 15.6194
    endloop
  endfacet
  facet normal -1 0 0
    outer loop
      vertex -96.08 90.6699 13.5
      vertex -96.08 93.35 11
      vertex -96.08 93.3641 10.7846
    endloop
  endfacet
  facet normal -1 0 0
    outer loop
      vertex -96.08 93.3641 11.2154
      vertex -96.08 91.9562 14.9668
      vertex -96.08 92.5 15.3301
    endloop
  endfacet
  facet normal -1 0 0
    outer loop
      vertex -96.08 90.6699 13.5
      vertex -96.08 93.3641 10.7846
      vertex -96.08 93.4062 10.5729
    endloop
  endfacet
  facet normal -1 0 0
    outer loop
      vertex -96.08 93.3641 11.2154
      vertex -96.08 91.4645 14.5355
      vertex -96.08 91.9562 14.9668
    endloop
  endfacet
  facet normal -1 0 0
    outer loop
      vertex -96.08 86 5.01
      vertex -96.08 93.4062 10.5729
      vertex -96.08 93.4756 10.3686
    endloop
  endfacet
  facet normal -1 0 0
    outer loop
      vertex -96.08 93.3641 11.2154
      vertex -96.08 91.0332 14.0438
      vertex -96.08 91.4645 14.5355
    endloop
  endfacet
  facet normal -1 0 0
    outer loop
      vertex -96.08 86 5.01
      vertex -96.08 93.4756 10.3686
      vertex -96.08 93.5711 10.175
    endloop
  endfacet
  facet normal -1 0 0
    outer loop
      vertex -96.08 93.3641 11.2154
      vertex -96.08 90.6699 13.5
      vertex -96.08 91.0332 14.0438
    endloop
  endfacet
  facet normal -1 0 0
    outer loop
      vertex -96.08 86 5.01
      vertex -96.08 93.5711 10.175
      vertex -96.08 93.691 9.99554
    endloop
  endfacet
  facet normal -1 -0 0
    outer loop
      vertex -96.08 94.573 9.40622
      vertex -96.08 86 5
      vertex -96.08 94.3686 9.4756
    endloop
  endfacet
  facet normal -1 0 0
    outer loop
      vertex -96.08 86 5
      vertex -96.08 94.175 9.57106
      vertex -96.08 94.3686 9.4756
    endloop
  endfacet
  facet normal -1 0 0
    outer loop
      vertex -96.08 86 5.01
      vertex -96.08 94.175 9.57106
      vertex -96.08 86 5
    endloop
  endfacet
  facet normal -1 -0 0
    outer loop
      vertex -96.08 94.175 9.57106
      vertex -96.08 86 5.01
      vertex -96.08 93.9955 9.69097
    endloop
  endfacet
  facet normal -1 -0 0
    outer loop
      vertex -96.08 93.9955 9.69097
      vertex -96.08 86 5.01
      vertex -96.08 93.8333 9.83327
    endloop
  endfacet
  facet normal -1 -0 0
    outer loop
      vertex -96.08 93.8333 9.83327
      vertex -96.08 86 5.01
      vertex -96.08 93.691 9.99554
    endloop
  endfacet
  facet normal -1 -0 0
    outer loop
      vertex -96.08 93.4062 10.5729
      vertex -96.08 86 5.01
      vertex -96.08 90.6699 13.5
    endloop
  endfacet
  facet normal -1 0 0
    outer loop
      vertex -96.08 96.309 12.0045
      vertex -96.08 98.9668 14.0438
      vertex -96.08 96.4289 11.825
    endloop
  endfacet
  facet normal -1 -0 0
    outer loop
      vertex -96.08 98.9668 14.0438
      vertex -96.08 96.309 12.0045
      vertex -96.08 98.5355 14.5355
    endloop
  endfacet
  facet normal -1 0 0
    outer loop
      vertex -96.08 96.1667 12.1667
      vertex -96.08 98.5355 14.5355
      vertex -96.08 96.309 12.0045
    endloop
  endfacet
  facet normal -1 -0 0
    outer loop
      vertex -96.08 98.5355 14.5355
      vertex -96.08 96.1667 12.1667
      vertex -96.08 98.0438 14.9668
    endloop
  endfacet
  facet normal -1 0 0
    outer loop
      vertex -96.08 96.0045 12.309
      vertex -96.08 98.0438 14.9668
      vertex -96.08 96.1667 12.1667
    endloop
  endfacet
  facet normal -1 -0 0
    outer loop
      vertex -96.08 98.0438 14.9668
      vertex -96.08 96.0045 12.309
      vertex -96.08 97.5 15.3301
    endloop
  endfacet
  facet normal -1 0 0
    outer loop
      vertex -96.08 95.825 12.4289
      vertex -96.08 97.5 15.3301
      vertex -96.08 96.0045 12.309
    endloop
  endfacet
  facet normal -1 -0 0
    outer loop
      vertex -96.08 97.5 15.3301
      vertex -96.08 95.825 12.4289
      vertex -96.08 96.9134 15.6194
    endloop
  endfacet
  facet normal -1 0 0
    outer loop
      vertex -96.08 95.6314 12.5244
      vertex -96.08 96.9134 15.6194
      vertex -96.08 95.825 12.4289
    endloop
  endfacet
  facet normal -1 -0 0
    outer loop
      vertex -96.08 96.9134 15.6194
      vertex -96.08 95.6314 12.5244
      vertex -96.08 96.2941 15.8296
    endloop
  endfacet
  facet normal -1 0 0
    outer loop
      vertex -96.08 95.427 12.5938
      vertex -96.08 96.2941 15.8296
      vertex -96.08 95.6314 12.5244
    endloop
  endfacet
  facet normal -1 -0 0
    outer loop
      vertex -96.08 96.2941 15.8296
      vertex -96.08 95.427 12.5938
      vertex -96.08 95.6526 15.9572
    endloop
  endfacet
  facet normal -1 0 0
    outer loop
      vertex -96.08 95.2154 12.6359
      vertex -96.08 95.6526 15.9572
      vertex -96.08 95.427 12.5938
    endloop
  endfacet
  facet normal -1 0 0
    outer loop
      vertex -96.08 95 12.65
      vertex -96.08 95.6526 15.9572
      vertex -96.08 95.2154 12.6359
    endloop
  endfacet
  facet normal -1 0 0
    outer loop
      vertex -96.08 95 12.65
      vertex -96.08 95 16
      vertex -96.08 95.6526 15.9572
    endloop
  endfacet
  facet normal -1 0 0
    outer loop
      vertex -96.08 94.7846 12.6359
      vertex -96.08 95 16
      vertex -96.08 95 12.65
    endloop
  endfacet
  facet normal -1 0 0
    outer loop
      vertex -96.08 94.3474 15.9572
      vertex -96.08 94.7846 12.6359
      vertex -96.08 94.573 12.5938
    endloop
  endfacet
  facet normal -1 0 0
    outer loop
      vertex -96.08 93.7059 15.8296
      vertex -96.08 94.573 12.5938
      vertex -96.08 94.3686 12.5244
    endloop
  endfacet
  facet normal -1 0 0
    outer loop
      vertex -96.08 94.7846 12.6359
      vertex -96.08 94.3474 15.9572
      vertex -96.08 95 16
    endloop
  endfacet
  facet normal -1 0 0
    outer loop
      vertex -96.08 93.0866 15.6194
      vertex -96.08 94.3686 12.5244
      vertex -96.08 94.175 12.4289
    endloop
  endfacet
  facet normal -1 0 0
    outer loop
      vertex -96.08 92.5 15.3301
      vertex -96.08 94.175 12.4289
      vertex -96.08 93.9955 12.309
    endloop
  endfacet
  facet normal -1 0 0
    outer loop
      vertex -96.08 92.5 15.3301
      vertex -96.08 93.9955 12.309
      vertex -96.08 93.8333 12.1667
    endloop
  endfacet
  facet normal -1 0 0
    outer loop
      vertex -96.08 94.573 12.5938
      vertex -96.08 93.7059 15.8296
      vertex -96.08 94.3474 15.9572
    endloop
  endfacet
  facet normal -1 0 0
    outer loop
      vertex -96.08 92.5 15.3301
      vertex -96.08 93.8333 12.1667
      vertex -96.08 93.691 12.0045
    endloop
  endfacet
  facet normal -1 0 0
    outer loop
      vertex -96.08 92.5 15.3301
      vertex -96.08 93.691 12.0045
      vertex -96.08 93.5711 11.825
    endloop
  endfacet
  facet normal -1 0 0
    outer loop
      vertex -96.08 92.5 15.3301
      vertex -96.08 93.5711 11.825
      vertex -96.08 93.4756 11.6314
    endloop
  endfacet
  facet normal -1 0 0
    outer loop
      vertex -96.08 92.5 15.3301
      vertex -96.08 93.4756 11.6314
      vertex -96.08 93.4062 11.4271
    endloop
  endfacet
  facet normal -1 0 0
    outer loop
      vertex -96.08 92.5 15.3301
      vertex -96.08 93.4062 11.4271
      vertex -96.08 93.3641 11.2154
    endloop
  endfacet
  facet normal -1 0 0
    outer loop
      vertex -96.08 94.3686 12.5244
      vertex -96.08 93.0866 15.6194
      vertex -96.08 93.7059 15.8296
    endloop
  endfacet
  facet normal -1 0 0
    outer loop
      vertex -96.08 90.6699 13.5
      vertex -96.08 93.3641 11.2154
      vertex -96.08 93.35 11
    endloop
  endfacet
  facet normal 0 0.751771 0.659424
    outer loop
      vertex -90.88 98.9668 14.0438
      vertex -96.08 98.5355 14.5355
      vertex -90.88 98.5355 14.5355
    endloop
  endfacet
  facet normal 0 0.751771 0.659424
    outer loop
      vertex -96.08 98.5355 14.5355
      vertex -90.88 98.9668 14.0438
      vertex -96.08 98.9668 14.0438
    endloop
  endfacet
  facet normal 0 -0.195087 0.980786
    outer loop
      vertex -96.08 94.3474 15.9572
      vertex -90.88 93.7059 15.8296
      vertex -90.88 94.3474 15.9572
    endloop
  endfacet
  facet normal 0 -0.195087 0.980786
    outer loop
      vertex -90.88 93.7059 15.8296
      vertex -96.08 94.3474 15.9572
      vertex -96.08 93.7059 15.8296
    endloop
  endfacet
  facet normal -0 0.442314 0.89686
    outer loop
      vertex -96.08 97.5 15.3301
      vertex -90.88 96.9134 15.6194
      vertex -90.88 97.5 15.3301
    endloop
  endfacet
  facet normal 0 0.442314 0.89686
    outer loop
      vertex -90.88 96.9134 15.6194
      vertex -96.08 97.5 15.3301
      vertex -96.08 96.9134 15.6194
    endloop
  endfacet
  facet normal 0 -0.321407 0.946941
    outer loop
      vertex -96.08 93.7059 15.8296
      vertex -90.88 93.0866 15.6194
      vertex -90.88 93.7059 15.8296
    endloop
  endfacet
  facet normal 0 -0.321407 0.946941
    outer loop
      vertex -90.88 93.0866 15.6194
      vertex -96.08 93.7059 15.8296
      vertex -96.08 93.0866 15.6194
    endloop
  endfacet
  facet normal -0 0.195087 0.980786
    outer loop
      vertex -96.08 96.2941 15.8296
      vertex -90.88 95.6526 15.9572
      vertex -90.88 96.2941 15.8296
    endloop
  endfacet
  facet normal 0 0.195087 0.980786
    outer loop
      vertex -90.88 95.6526 15.9572
      vertex -96.08 96.2941 15.8296
      vertex -96.08 95.6526 15.9572
    endloop
  endfacet
  facet normal 0 -0.659424 0.751771
    outer loop
      vertex -96.08 91.9562 14.9668
      vertex -90.88 91.4645 14.5355
      vertex -90.88 91.9562 14.9668
    endloop
  endfacet
  facet normal 0 -0.659424 0.751771
    outer loop
      vertex -90.88 91.4645 14.5355
      vertex -96.08 91.9562 14.9668
      vertex -96.08 91.4645 14.5355
    endloop
  endfacet
  facet normal -0 0.659424 0.751771
    outer loop
      vertex -96.08 98.5355 14.5355
      vertex -90.88 98.0438 14.9668
      vertex -90.88 98.5355 14.5355
    endloop
  endfacet
  facet normal 0 0.659424 0.751771
    outer loop
      vertex -90.88 98.0438 14.9668
      vertex -96.08 98.5355 14.5355
      vertex -96.08 98.0438 14.9668
    endloop
  endfacet
  facet normal -0.997864 0.0653198 0
    outer loop
      vertex -99.2441 21.7846 -5.72205e-07
      vertex -99.23 22 2
      vertex -99.23 22 -5.72205e-07
    endloop
  endfacet
  facet normal -0.997864 0.0653198 0
    outer loop
      vertex -99.23 22 2
      vertex -99.2441 21.7846 -5.72205e-07
      vertex -99.2441 21.7846 2
    endloop
  endfacet
  facet normal 0.0654408 0.997856 -0
    outer loop
      vertex -100.88 20.35 -5.72205e-07
      vertex -101.095 20.3641 2
      vertex -100.88 20.35 2
    endloop
  endfacet
  facet normal 0.0654408 0.997856 0
    outer loop
      vertex -101.095 20.3641 2
      vertex -100.88 20.35 -5.72205e-07
      vertex -101.095 20.3641 -5.72205e-07
    endloop
  endfacet
  facet normal 0.831337 -0.555769 0
    outer loop
      vertex -102.309 22.825 2
      vertex -102.189 23.0045 -5.72205e-07
      vertex -102.189 23.0045 2
    endloop
  endfacet
  facet normal 0.831337 -0.555769 0
    outer loop
      vertex -102.189 23.0045 -5.72205e-07
      vertex -102.309 22.825 2
      vertex -102.309 22.825 -5.72205e-07
    endloop
  endfacet
  facet normal -0.751715 -0.659488 0
    outer loop
      vertex -99.571 23.0045 -5.72205e-07
      vertex -99.7133 23.1667 2
      vertex -99.7133 23.1667 -5.72205e-07
    endloop
  endfacet
  facet normal -0.751715 -0.659488 0
    outer loop
      vertex -99.7133 23.1667 2
      vertex -99.571 23.0045 -5.72205e-07
      vertex -99.571 23.0045 2
    endloop
  endfacet
  facet normal -0.0654408 0.997856 0
    outer loop
      vertex -100.665 20.3641 -5.72205e-07
      vertex -100.88 20.35 2
      vertex -100.665 20.3641 2
    endloop
  endfacet
  facet normal -0.0654408 0.997856 0
    outer loop
      vertex -100.88 20.35 2
      vertex -100.665 20.3641 -5.72205e-07
      vertex -100.88 20.35 -5.72205e-07
    endloop
  endfacet
  facet normal -0.980794 -0.195047 0
    outer loop
      vertex -99.2441 22.2154 -5.72205e-07
      vertex -99.2862 22.4271 2
      vertex -99.2862 22.4271 -5.72205e-07
    endloop
  endfacet
  facet normal -0.980794 -0.195047 0
    outer loop
      vertex -99.2862 22.4271 2
      vertex -99.2441 22.2154 -5.72205e-07
      vertex -99.2441 22.2154 2
    endloop
  endfacet
  facet normal -0.0654408 -0.997856 0
    outer loop
      vertex -100.88 23.65 -5.72205e-07
      vertex -100.665 23.6359 2
      vertex -100.88 23.65 2
    endloop
  endfacet
  facet normal -0.0654408 -0.997856 -0
    outer loop
      vertex -100.665 23.6359 2
      vertex -100.88 23.65 -5.72205e-07
      vertex -100.665 23.6359 -5.72205e-07
    endloop
  endfacet
  facet normal -0.896823 -0.442389 0
    outer loop
      vertex -99.3556 22.6314 -5.72205e-07
      vertex -99.4511 22.825 2
      vertex -99.4511 22.825 -5.72205e-07
    endloop
  endfacet
  facet normal -0.896823 -0.442389 0
    outer loop
      vertex -99.4511 22.825 2
      vertex -99.3556 22.6314 -5.72205e-07
      vertex -99.3556 22.6314 2
    endloop
  endfacet
  facet normal -0.751715 0.659488 0
    outer loop
      vertex -99.7133 20.8333 -5.72205e-07
      vertex -99.571 20.9955 2
      vertex -99.571 20.9955 -5.72205e-07
    endloop
  endfacet
  facet normal -0.751715 0.659488 0
    outer loop
      vertex -99.571 20.9955 2
      vertex -99.7133 20.8333 -5.72205e-07
      vertex -99.7133 20.8333 2
    endloop
  endfacet
  facet normal -0.194781 -0.980847 0
    outer loop
      vertex -100.665 23.6359 -5.72205e-07
      vertex -100.453 23.5938 2
      vertex -100.665 23.6359 2
    endloop
  endfacet
  facet normal -0.194781 -0.980847 -0
    outer loop
      vertex -100.453 23.5938 2
      vertex -100.665 23.6359 -5.72205e-07
      vertex -100.453 23.5938 -5.72205e-07
    endloop
  endfacet
  facet normal 0.946011 0.324135 0
    outer loop
      vertex -102.404 21.3686 2
      vertex -102.474 21.5729 -5.72205e-07
      vertex -102.474 21.5729 2
    endloop
  endfacet
  facet normal 0.946011 0.324135 0
    outer loop
      vertex -102.474 21.5729 -5.72205e-07
      vertex -102.404 21.3686 2
      vertex -102.404 21.3686 -5.72205e-07
    endloop
  endfacet
  facet normal 0.946011 -0.324135 0
    outer loop
      vertex -102.474 22.4271 2
      vertex -102.404 22.6314 -5.72205e-07
      vertex -102.404 22.6314 2
    endloop
  endfacet
  facet normal 0.946011 -0.324135 0
    outer loop
      vertex -102.404 22.6314 -5.72205e-07
      vertex -102.474 22.4271 2
      vertex -102.474 22.4271 -5.72205e-07
    endloop
  endfacet
  facet normal 0.897741 -0.440524 0
    outer loop
      vertex -102.404 22.6314 2
      vertex -102.309 22.825 -5.72205e-07
      vertex -102.309 22.825 2
    endloop
  endfacet
  facet normal 0.897741 -0.440524 0
    outer loop
      vertex -102.309 22.825 -5.72205e-07
      vertex -102.404 22.6314 2
      vertex -102.404 22.6314 -5.72205e-07
    endloop
  endfacet
  facet normal 0.997894 0.0648585 0
    outer loop
      vertex -102.516 21.7846 2
      vertex -102.53 22 -5.72205e-07
      vertex -102.53 22 2
    endloop
  endfacet
  facet normal 0.997894 0.0648585 0
    outer loop
      vertex -102.53 22 -5.72205e-07
      vertex -102.516 21.7846 2
      vertex -102.516 21.7846 -5.72205e-07
    endloop
  endfacet
  facet normal 0.322069 -0.946716 0
    outer loop
      vertex -101.511 23.5244 -5.72205e-07
      vertex -101.307 23.5938 2
      vertex -101.511 23.5244 2
    endloop
  endfacet
  facet normal 0.322069 -0.946716 0
    outer loop
      vertex -101.307 23.5938 2
      vertex -101.511 23.5244 -5.72205e-07
      vertex -101.307 23.5938 -5.72205e-07
    endloop
  endfacet
  facet normal -0.831551 0.555448 0
    outer loop
      vertex -99.571 20.9955 -5.72205e-07
      vertex -99.4511 21.175 2
      vertex -99.4511 21.175 -5.72205e-07
    endloop
  endfacet
  facet normal -0.831551 0.555448 0
    outer loop
      vertex -99.4511 21.175 2
      vertex -99.571 20.9955 -5.72205e-07
      vertex -99.571 20.9955 2
    endloop
  endfacet
  facet normal 0.997894 -0.0648585 0
    outer loop
      vertex -102.53 22 2
      vertex -102.516 22.2154 -5.72205e-07
      vertex -102.516 22.2154 2
    endloop
  endfacet
  facet normal 0.997894 -0.0648585 0
    outer loop
      vertex -102.516 22.2154 -5.72205e-07
      vertex -102.53 22 2
      vertex -102.53 22 -5.72205e-07
    endloop
  endfacet
  facet normal -0.441655 -0.897185 0
    outer loop
      vertex -100.249 23.5244 -5.72205e-07
      vertex -100.055 23.4289 2
      vertex -100.249 23.5244 2
    endloop
  endfacet
  facet normal -0.441655 -0.897185 -0
    outer loop
      vertex -100.055 23.4289 2
      vertex -100.249 23.5244 -5.72205e-07
      vertex -100.055 23.4289 -5.72205e-07
    endloop
  endfacet
  facet normal 0.657653 -0.753321 0
    outer loop
      vertex -102.047 23.1667 -5.72205e-07
      vertex -101.884 23.309 2
      vertex -102.047 23.1667 2
    endloop
  endfacet
  facet normal 0.657653 -0.753321 0
    outer loop
      vertex -101.884 23.309 2
      vertex -102.047 23.1667 -5.72205e-07
      vertex -101.884 23.309 -5.72205e-07
    endloop
  endfacet
  facet normal -0.94686 0.321645 0
    outer loop
      vertex -99.3556 21.3686 -5.72205e-07
      vertex -99.2862 21.5729 2
      vertex -99.2862 21.5729 -5.72205e-07
    endloop
  endfacet
  facet normal -0.94686 0.321645 0
    outer loop
      vertex -99.2862 21.5729 2
      vertex -99.3556 21.3686 -5.72205e-07
      vertex -99.3556 21.3686 2
    endloop
  endfacet
  facet normal 0.657653 0.753321 -0
    outer loop
      vertex -101.884 20.691 -5.72205e-07
      vertex -102.047 20.8333 2
      vertex -101.884 20.691 2
    endloop
  endfacet
  facet normal 0.657653 0.753321 0
    outer loop
      vertex -102.047 20.8333 2
      vertex -101.884 20.691 -5.72205e-07
      vertex -102.047 20.8333 -5.72205e-07
    endloop
  endfacet
  facet normal 0.980882 0.194601 0
    outer loop
      vertex -102.474 21.5729 2
      vertex -102.516 21.7846 -5.72205e-07
      vertex -102.516 21.7846 2
    endloop
  endfacet
  facet normal 0.980882 0.194601 0
    outer loop
      vertex -102.516 21.7846 -5.72205e-07
      vertex -102.474 21.5729 2
      vertex -102.474 21.5729 -5.72205e-07
    endloop
  endfacet
  facet normal -0.94686 -0.321645 0
    outer loop
      vertex -99.2862 22.4271 -5.72205e-07
      vertex -99.3556 22.6314 2
      vertex -99.3556 22.6314 -5.72205e-07
    endloop
  endfacet
  facet normal -0.94686 -0.321645 0
    outer loop
      vertex -99.3556 22.6314 2
      vertex -99.2862 22.4271 -5.72205e-07
      vertex -99.2862 22.4271 2
    endloop
  endfacet
  facet normal 0.752404 -0.658702 0
    outer loop
      vertex -102.189 23.0045 2
      vertex -102.047 23.1667 -5.72205e-07
      vertex -102.047 23.1667 2
    endloop
  endfacet
  facet normal 0.752404 -0.658702 0
    outer loop
      vertex -102.047 23.1667 -5.72205e-07
      vertex -102.189 23.0045 2
      vertex -102.189 23.0045 -5.72205e-07
    endloop
  endfacet
  facet normal 0.752404 0.658702 0
    outer loop
      vertex -102.047 20.8333 2
      vertex -102.189 20.9955 -5.72205e-07
      vertex -102.189 20.9955 2
    endloop
  endfacet
  facet normal 0.752404 0.658702 0
    outer loop
      vertex -102.189 20.9955 -5.72205e-07
      vertex -102.047 20.8333 2
      vertex -102.047 20.8333 -5.72205e-07
    endloop
  endfacet
  facet normal 0.980882 -0.194601 0
    outer loop
      vertex -102.516 22.2154 2
      vertex -102.474 22.4271 -5.72205e-07
      vertex -102.474 22.4271 2
    endloop
  endfacet
  facet normal 0.980882 -0.194601 0
    outer loop
      vertex -102.474 22.4271 -5.72205e-07
      vertex -102.516 22.2154 2
      vertex -102.516 22.2154 -5.72205e-07
    endloop
  endfacet
  facet normal 0.441655 0.897185 -0
    outer loop
      vertex -101.511 20.4756 -5.72205e-07
      vertex -101.705 20.5711 2
      vertex -101.511 20.4756 2
    endloop
  endfacet
  facet normal 0.441655 0.897185 0
    outer loop
      vertex -101.705 20.5711 2
      vertex -101.511 20.4756 -5.72205e-07
      vertex -101.705 20.5711 -5.72205e-07
    endloop
  endfacet
  facet normal 0.441655 -0.897185 0
    outer loop
      vertex -101.705 23.4289 -5.72205e-07
      vertex -101.511 23.5244 2
      vertex -101.705 23.4289 2
    endloop
  endfacet
  facet normal 0.441655 -0.897185 0
    outer loop
      vertex -101.511 23.5244 2
      vertex -101.705 23.4289 -5.72205e-07
      vertex -101.511 23.5244 -5.72205e-07
    endloop
  endfacet
  facet normal -0.659488 0.751715 0
    outer loop
      vertex -99.7133 20.8333 -5.72205e-07
      vertex -99.8755 20.691 2
      vertex -99.7133 20.8333 2
    endloop
  endfacet
  facet normal -0.659488 0.751715 0
    outer loop
      vertex -99.8755 20.691 2
      vertex -99.7133 20.8333 -5.72205e-07
      vertex -99.8755 20.691 -5.72205e-07
    endloop
  endfacet
  facet normal -0.555448 -0.831551 0
    outer loop
      vertex -100.055 23.4289 -5.72205e-07
      vertex -99.8755 23.309 2
      vertex -100.055 23.4289 2
    endloop
  endfacet
  facet normal -0.555448 -0.831551 -0
    outer loop
      vertex -99.8755 23.309 2
      vertex -100.055 23.4289 -5.72205e-07
      vertex -99.8755 23.309 -5.72205e-07
    endloop
  endfacet
  facet normal -0.555448 0.831551 0
    outer loop
      vertex -99.8755 20.691 -5.72205e-07
      vertex -100.055 20.5711 2
      vertex -99.8755 20.691 2
    endloop
  endfacet
  facet normal -0.555448 0.831551 0
    outer loop
      vertex -100.055 20.5711 2
      vertex -99.8755 20.691 -5.72205e-07
      vertex -100.055 20.5711 -5.72205e-07
    endloop
  endfacet
  facet normal 0.55652 0.830834 -0
    outer loop
      vertex -101.705 20.5711 -5.72205e-07
      vertex -101.884 20.691 2
      vertex -101.705 20.5711 2
    endloop
  endfacet
  facet normal 0.55652 0.830834 0
    outer loop
      vertex -101.884 20.691 2
      vertex -101.705 20.5711 -5.72205e-07
      vertex -101.884 20.691 -5.72205e-07
    endloop
  endfacet
  facet normal 0.55652 -0.830834 0
    outer loop
      vertex -101.884 23.309 -5.72205e-07
      vertex -101.705 23.4289 2
      vertex -101.884 23.309 2
    endloop
  endfacet
  facet normal 0.55652 -0.830834 0
    outer loop
      vertex -101.705 23.4289 2
      vertex -101.884 23.309 -5.72205e-07
      vertex -101.705 23.4289 -5.72205e-07
    endloop
  endfacet
  facet normal -0.896823 0.442389 0
    outer loop
      vertex -99.4511 21.175 -5.72205e-07
      vertex -99.3556 21.3686 2
      vertex -99.3556 21.3686 -5.72205e-07
    endloop
  endfacet
  facet normal -0.896823 0.442389 0
    outer loop
      vertex -99.3556 21.3686 2
      vertex -99.4511 21.175 -5.72205e-07
      vertex -99.4511 21.175 2
    endloop
  endfacet
  facet normal -0.659488 -0.751715 0
    outer loop
      vertex -99.8755 23.309 -5.72205e-07
      vertex -99.7133 23.1667 2
      vertex -99.8755 23.309 2
    endloop
  endfacet
  facet normal -0.659488 -0.751715 -0
    outer loop
      vertex -99.7133 23.1667 2
      vertex -99.8755 23.309 -5.72205e-07
      vertex -99.7133 23.1667 -5.72205e-07
    endloop
  endfacet
  facet normal 0.0654408 -0.997856 0
    outer loop
      vertex -101.095 23.6359 -5.72205e-07
      vertex -100.88 23.65 2
      vertex -101.095 23.6359 2
    endloop
  endfacet
  facet normal 0.0654408 -0.997856 0
    outer loop
      vertex -100.88 23.65 2
      vertex -101.095 23.6359 -5.72205e-07
      vertex -100.88 23.65 -5.72205e-07
    endloop
  endfacet
  facet normal -0.997864 -0.0653198 0
    outer loop
      vertex -99.23 22 -5.72205e-07
      vertex -99.2441 22.2154 2
      vertex -99.2441 22.2154 -5.72205e-07
    endloop
  endfacet
  facet normal -0.997864 -0.0653198 0
    outer loop
      vertex -99.2441 22.2154 2
      vertex -99.23 22 -5.72205e-07
      vertex -99.23 22 2
    endloop
  endfacet
  facet normal -0.322069 -0.946716 0
    outer loop
      vertex -100.453 23.5938 -5.72205e-07
      vertex -100.249 23.5244 2
      vertex -100.453 23.5938 2
    endloop
  endfacet
  facet normal -0.322069 -0.946716 -0
    outer loop
      vertex -100.249 23.5244 2
      vertex -100.453 23.5938 -5.72205e-07
      vertex -100.249 23.5244 -5.72205e-07
    endloop
  endfacet
  facet normal 0.194781 0.980847 -0
    outer loop
      vertex -101.095 20.3641 -5.72205e-07
      vertex -101.307 20.4062 2
      vertex -101.095 20.3641 2
    endloop
  endfacet
  facet normal 0.194781 0.980847 0
    outer loop
      vertex -101.307 20.4062 2
      vertex -101.095 20.3641 -5.72205e-07
      vertex -101.307 20.4062 -5.72205e-07
    endloop
  endfacet
  facet normal 0.897741 0.440524 0
    outer loop
      vertex -102.309 21.175 2
      vertex -102.404 21.3686 -5.72205e-07
      vertex -102.404 21.3686 2
    endloop
  endfacet
  facet normal 0.897741 0.440524 0
    outer loop
      vertex -102.404 21.3686 -5.72205e-07
      vertex -102.309 21.175 2
      vertex -102.309 21.175 -5.72205e-07
    endloop
  endfacet
  facet normal -0.980794 0.195047 0
    outer loop
      vertex -99.2862 21.5729 -5.72205e-07
      vertex -99.2441 21.7846 2
      vertex -99.2441 21.7846 -5.72205e-07
    endloop
  endfacet
  facet normal -0.980794 0.195047 0
    outer loop
      vertex -99.2441 21.7846 2
      vertex -99.2862 21.5729 -5.72205e-07
      vertex -99.2862 21.5729 2
    endloop
  endfacet
  facet normal 0.194781 -0.980847 0
    outer loop
      vertex -101.307 23.5938 -5.72205e-07
      vertex -101.095 23.6359 2
      vertex -101.307 23.5938 2
    endloop
  endfacet
  facet normal 0.194781 -0.980847 0
    outer loop
      vertex -101.095 23.6359 2
      vertex -101.307 23.5938 -5.72205e-07
      vertex -101.095 23.6359 -5.72205e-07
    endloop
  endfacet
  facet normal -0.441655 0.897185 0
    outer loop
      vertex -100.055 20.5711 -5.72205e-07
      vertex -100.249 20.4756 2
      vertex -100.055 20.5711 2
    endloop
  endfacet
  facet normal -0.441655 0.897185 0
    outer loop
      vertex -100.249 20.4756 2
      vertex -100.055 20.5711 -5.72205e-07
      vertex -100.249 20.4756 -5.72205e-07
    endloop
  endfacet
  facet normal 0.831337 0.555769 0
    outer loop
      vertex -102.189 20.9955 2
      vertex -102.309 21.175 -5.72205e-07
      vertex -102.309 21.175 2
    endloop
  endfacet
  facet normal 0.831337 0.555769 0
    outer loop
      vertex -102.309 21.175 -5.72205e-07
      vertex -102.189 20.9955 2
      vertex -102.189 20.9955 -5.72205e-07
    endloop
  endfacet
  facet normal 0.322069 0.946716 -0
    outer loop
      vertex -101.307 20.4062 -5.72205e-07
      vertex -101.511 20.4756 2
      vertex -101.307 20.4062 2
    endloop
  endfacet
  facet normal 0.322069 0.946716 0
    outer loop
      vertex -101.511 20.4756 2
      vertex -101.307 20.4062 -5.72205e-07
      vertex -101.511 20.4756 -5.72205e-07
    endloop
  endfacet
  facet normal -0.322069 0.946716 0
    outer loop
      vertex -100.249 20.4756 -5.72205e-07
      vertex -100.453 20.4062 2
      vertex -100.249 20.4756 2
    endloop
  endfacet
  facet normal -0.322069 0.946716 0
    outer loop
      vertex -100.453 20.4062 2
      vertex -100.249 20.4756 -5.72205e-07
      vertex -100.453 20.4062 -5.72205e-07
    endloop
  endfacet
  facet normal -0.194781 0.980847 0
    outer loop
      vertex -100.453 20.4062 -5.72205e-07
      vertex -100.665 20.3641 2
      vertex -100.453 20.4062 2
    endloop
  endfacet
  facet normal -0.194781 0.980847 0
    outer loop
      vertex -100.665 20.3641 2
      vertex -100.453 20.4062 -5.72205e-07
      vertex -100.665 20.3641 -5.72205e-07
    endloop
  endfacet
  facet normal -0.831551 -0.555448 0
    outer loop
      vertex -99.4511 22.825 -5.72205e-07
      vertex -99.571 23.0045 2
      vertex -99.571 23.0045 -5.72205e-07
    endloop
  endfacet
  facet normal -0.831551 -0.555448 0
    outer loop
      vertex -99.571 23.0045 2
      vertex -99.4511 22.825 -5.72205e-07
      vertex -99.4511 22.825 2
    endloop
  endfacet
  facet normal -0.866023 -0.500004 0
    outer loop
      vertex -97.6468 22 2
      vertex -99.2634 24.8 5
      vertex -99.2634 24.8 2
    endloop
  endfacet
  facet normal -0.866023 -0.500004 0
    outer loop
      vertex -99.2634 24.8 5
      vertex -97.6468 22 2
      vertex -97.6468 22 5
    endloop
  endfacet
  facet normal 0 0 1
    outer loop
      vertex -97.6468 22 2
      vertex -99.2441 22.2154 2
      vertex -99.23 22 2
    endloop
  endfacet
  facet normal -0 0 1
    outer loop
      vertex -99.4511 22.825 2
      vertex -97.6468 22 2
      vertex -99.2634 24.8 2
    endloop
  endfacet
  facet normal 0 0 1
    outer loop
      vertex -97.6468 22 2
      vertex -99.2862 22.4271 2
      vertex -99.2441 22.2154 2
    endloop
  endfacet
  facet normal 0 0 1
    outer loop
      vertex -97.6468 22 2
      vertex -99.3556 22.6314 2
      vertex -99.2862 22.4271 2
    endloop
  endfacet
  facet normal 0 0 1
    outer loop
      vertex -97.6468 22 2
      vertex -99.4511 22.825 2
      vertex -99.3556 22.6314 2
    endloop
  endfacet
  facet normal 0 0 1
    outer loop
      vertex -99.2634 24.8 2
      vertex -99.571 23.0045 2
      vertex -99.4511 22.825 2
    endloop
  endfacet
  facet normal 0 0 1
    outer loop
      vertex -99.2634 24.8 2
      vertex -99.7133 23.1667 2
      vertex -99.571 23.0045 2
    endloop
  endfacet
  facet normal 0 0 1
    outer loop
      vertex -99.2634 24.8 2
      vertex -99.8755 23.309 2
      vertex -99.7133 23.1667 2
    endloop
  endfacet
  facet normal 0 0 1
    outer loop
      vertex -99.2634 24.8 2
      vertex -100.055 23.4289 2
      vertex -99.8755 23.309 2
    endloop
  endfacet
  facet normal 0 0 1
    outer loop
      vertex -99.2634 24.8 2
      vertex -100.249 23.5244 2
      vertex -100.055 23.4289 2
    endloop
  endfacet
  facet normal 0 0 1
    outer loop
      vertex -99.2634 24.8 2
      vertex -100.453 23.5938 2
      vertex -100.249 23.5244 2
    endloop
  endfacet
  facet normal 0 0 1
    outer loop
      vertex -99.2634 24.8 2
      vertex -100.665 23.6359 2
      vertex -100.453 23.5938 2
    endloop
  endfacet
  facet normal 0 0 1
    outer loop
      vertex -99.2634 24.8 2
      vertex -100.88 23.65 2
      vertex -100.665 23.6359 2
    endloop
  endfacet
  facet normal -0 0 1
    outer loop
      vertex -102.497 24.8 2
      vertex -100.88 23.65 2
      vertex -99.2634 24.8 2
    endloop
  endfacet
  facet normal 0 0 1
    outer loop
      vertex -100.88 23.65 2
      vertex -102.497 24.8 2
      vertex -101.095 23.6359 2
    endloop
  endfacet
  facet normal 0 0 1
    outer loop
      vertex -101.095 23.6359 2
      vertex -102.497 24.8 2
      vertex -101.307 23.5938 2
    endloop
  endfacet
  facet normal 0 0 1
    outer loop
      vertex -101.307 23.5938 2
      vertex -102.497 24.8 2
      vertex -101.511 23.5244 2
    endloop
  endfacet
  facet normal 0 0 1
    outer loop
      vertex -101.511 23.5244 2
      vertex -102.497 24.8 2
      vertex -101.705 23.4289 2
    endloop
  endfacet
  facet normal 0 0 1
    outer loop
      vertex -102.497 24.8 2
      vertex -101.884 23.309 2
      vertex -101.705 23.4289 2
    endloop
  endfacet
  facet normal 0 0 1
    outer loop
      vertex -102.497 24.8 2
      vertex -102.047 23.1667 2
      vertex -101.884 23.309 2
    endloop
  endfacet
  facet normal 0 0 1
    outer loop
      vertex -102.497 24.8 2
      vertex -102.189 23.0045 2
      vertex -102.047 23.1667 2
    endloop
  endfacet
  facet normal 0 0 1
    outer loop
      vertex -102.497 24.8 2
      vertex -102.309 22.825 2
      vertex -102.189 23.0045 2
    endloop
  endfacet
  facet normal 0 0 1
    outer loop
      vertex -104.113 22 2
      vertex -102.309 22.825 2
      vertex -102.497 24.8 2
    endloop
  endfacet
  facet normal 0 0 1
    outer loop
      vertex -102.309 22.825 2
      vertex -104.113 22 2
      vertex -102.404 22.6314 2
    endloop
  endfacet
  facet normal 0 0 1
    outer loop
      vertex -102.404 22.6314 2
      vertex -104.113 22 2
      vertex -102.474 22.4271 2
    endloop
  endfacet
  facet normal 0 0 1
    outer loop
      vertex -102.474 22.4271 2
      vertex -104.113 22 2
      vertex -102.516 22.2154 2
    endloop
  endfacet
  facet normal 0 0 1
    outer loop
      vertex -102.516 22.2154 2
      vertex -104.113 22 2
      vertex -102.53 22 2
    endloop
  endfacet
  facet normal 0 0 1
    outer loop
      vertex -99.2441 21.7846 2
      vertex -97.6468 22 2
      vertex -99.23 22 2
    endloop
  endfacet
  facet normal 0 0 1
    outer loop
      vertex -99.2862 21.5729 2
      vertex -97.6468 22 2
      vertex -99.2441 21.7846 2
    endloop
  endfacet
  facet normal 0 0 1
    outer loop
      vertex -99.3556 21.3686 2
      vertex -97.6468 22 2
      vertex -99.2862 21.5729 2
    endloop
  endfacet
  facet normal 0 0 1
    outer loop
      vertex -99.4511 21.175 2
      vertex -97.6468 22 2
      vertex -99.3556 21.3686 2
    endloop
  endfacet
  facet normal 0 0 1
    outer loop
      vertex -97.6468 22 2
      vertex -99.4511 21.175 2
      vertex -99.2634 19.2 2
    endloop
  endfacet
  facet normal -0 0 1
    outer loop
      vertex -99.571 20.9955 2
      vertex -99.2634 19.2 2
      vertex -99.4511 21.175 2
    endloop
  endfacet
  facet normal -0 0 1
    outer loop
      vertex -99.7133 20.8333 2
      vertex -99.2634 19.2 2
      vertex -99.571 20.9955 2
    endloop
  endfacet
  facet normal -0 0 1
    outer loop
      vertex -99.8755 20.691 2
      vertex -99.2634 19.2 2
      vertex -99.7133 20.8333 2
    endloop
  endfacet
  facet normal -0 0 1
    outer loop
      vertex -100.055 20.5711 2
      vertex -99.2634 19.2 2
      vertex -99.8755 20.691 2
    endloop
  endfacet
  facet normal -0 0 1
    outer loop
      vertex -100.249 20.4756 2
      vertex -99.2634 19.2 2
      vertex -100.055 20.5711 2
    endloop
  endfacet
  facet normal -0 0 1
    outer loop
      vertex -100.453 20.4062 2
      vertex -99.2634 19.2 2
      vertex -100.249 20.4756 2
    endloop
  endfacet
  facet normal -0 0 1
    outer loop
      vertex -100.665 20.3641 2
      vertex -99.2634 19.2 2
      vertex -100.453 20.4062 2
    endloop
  endfacet
  facet normal -0 0 1
    outer loop
      vertex -100.88 20.35 2
      vertex -99.2634 19.2 2
      vertex -100.665 20.3641 2
    endloop
  endfacet
  facet normal 0 0 1
    outer loop
      vertex -102.497 19.2 2
      vertex -100.88 20.35 2
      vertex -101.095 20.3641 2
    endloop
  endfacet
  facet normal 0 0 1
    outer loop
      vertex -102.497 19.2 2
      vertex -101.095 20.3641 2
      vertex -101.307 20.4062 2
    endloop
  endfacet
  facet normal 0 0 1
    outer loop
      vertex -102.497 19.2 2
      vertex -101.307 20.4062 2
      vertex -101.511 20.4756 2
    endloop
  endfacet
  facet normal 0 0 1
    outer loop
      vertex -102.497 19.2 2
      vertex -101.511 20.4756 2
      vertex -101.705 20.5711 2
    endloop
  endfacet
  facet normal 0 0 1
    outer loop
      vertex -100.88 20.35 2
      vertex -102.497 19.2 2
      vertex -99.2634 19.2 2
    endloop
  endfacet
  facet normal 0 0 1
    outer loop
      vertex -101.884 20.691 2
      vertex -102.497 19.2 2
      vertex -101.705 20.5711 2
    endloop
  endfacet
  facet normal 0 0 1
    outer loop
      vertex -102.047 20.8333 2
      vertex -102.497 19.2 2
      vertex -101.884 20.691 2
    endloop
  endfacet
  facet normal 0 0 1
    outer loop
      vertex -102.189 20.9955 2
      vertex -102.497 19.2 2
      vertex -102.047 20.8333 2
    endloop
  endfacet
  facet normal 0 0 1
    outer loop
      vertex -102.309 21.175 2
      vertex -102.497 19.2 2
      vertex -102.189 20.9955 2
    endloop
  endfacet
  facet normal 0 0 1
    outer loop
      vertex -104.113 22 2
      vertex -102.309 21.175 2
      vertex -102.404 21.3686 2
    endloop
  endfacet
  facet normal 0 0 1
    outer loop
      vertex -104.113 22 2
      vertex -102.404 21.3686 2
      vertex -102.474 21.5729 2
    endloop
  endfacet
  facet normal 0 0 1
    outer loop
      vertex -104.113 22 2
      vertex -102.474 21.5729 2
      vertex -102.516 21.7846 2
    endloop
  endfacet
  facet normal -0 0 1
    outer loop
      vertex -104.113 22 2
      vertex -102.516 21.7846 2
      vertex -102.53 22 2
    endloop
  endfacet
  facet normal 0 0 1
    outer loop
      vertex -102.309 21.175 2
      vertex -104.113 22 2
      vertex -102.497 19.2 2
    endloop
  endfacet
  facet normal 0.866103 0.499865 0
    outer loop
      vertex -102.497 19.2 5
      vertex -104.113 22 2
      vertex -104.113 22 5
    endloop
  endfacet
  facet normal 0.866103 0.499865 0
    outer loop
      vertex -104.113 22 2
      vertex -102.497 19.2 5
      vertex -102.497 19.2 2
    endloop
  endfacet
  facet normal -0.866023 0.500004 0
    outer loop
      vertex -99.2634 19.2 2
      vertex -97.6468 22 5
      vertex -97.6468 22 2
    endloop
  endfacet
  facet normal -0.866023 0.500004 0
    outer loop
      vertex -97.6468 22 5
      vertex -99.2634 19.2 2
      vertex -99.2634 19.2 5
    endloop
  endfacet
  facet normal 0 1 -0
    outer loop
      vertex -99.2634 19.2 2
      vertex -102.497 19.2 5
      vertex -99.2634 19.2 5
    endloop
  endfacet
  facet normal 0 1 0
    outer loop
      vertex -102.497 19.2 5
      vertex -99.2634 19.2 2
      vertex -102.497 19.2 2
    endloop
  endfacet
  facet normal 0 -1 0
    outer loop
      vertex -102.497 24.8 2
      vertex -99.2634 24.8 5
      vertex -102.497 24.8 5
    endloop
  endfacet
  facet normal 0 -1 -0
    outer loop
      vertex -99.2634 24.8 5
      vertex -102.497 24.8 2
      vertex -99.2634 24.8 2
    endloop
  endfacet
  facet normal 0.866103 -0.499865 0
    outer loop
      vertex -104.113 22 5
      vertex -102.497 24.8 2
      vertex -102.497 24.8 5
    endloop
  endfacet
  facet normal 0.866103 -0.499865 0
    outer loop
      vertex -102.497 24.8 2
      vertex -104.113 22 5
      vertex -104.113 22 2
    endloop
  endfacet
  facet normal 0.0654408 0.997856 -0
    outer loop
      vertex -100.88 93.91 -5.72205e-07
      vertex -101.095 93.9241 2
      vertex -100.88 93.91 2
    endloop
  endfacet
  facet normal 0.0654408 0.997856 0
    outer loop
      vertex -101.095 93.9241 2
      vertex -100.88 93.91 -5.72205e-07
      vertex -101.095 93.9241 -5.72205e-07
    endloop
  endfacet
  facet normal 0.980882 -0.194601 0
    outer loop
      vertex -102.516 95.7754 2
      vertex -102.474 95.9871 -5.72205e-07
      vertex -102.474 95.9871 2
    endloop
  endfacet
  facet normal 0.980882 -0.194601 0
    outer loop
      vertex -102.474 95.9871 -5.72205e-07
      vertex -102.516 95.7754 2
      vertex -102.516 95.7754 -5.72205e-07
    endloop
  endfacet
  facet normal 0.997894 -0.0648585 0
    outer loop
      vertex -102.53 95.56 2
      vertex -102.516 95.7754 -5.72205e-07
      vertex -102.516 95.7754 2
    endloop
  endfacet
  facet normal 0.997894 -0.0648585 0
    outer loop
      vertex -102.516 95.7754 -5.72205e-07
      vertex -102.53 95.56 2
      vertex -102.53 95.56 -5.72205e-07
    endloop
  endfacet
  facet normal 0.946011 -0.324135 0
    outer loop
      vertex -102.474 95.9871 2
      vertex -102.404 96.1914 -5.72205e-07
      vertex -102.404 96.1914 2
    endloop
  endfacet
  facet normal 0.946011 -0.324135 0
    outer loop
      vertex -102.404 96.1914 -5.72205e-07
      vertex -102.474 95.9871 2
      vertex -102.474 95.9871 -5.72205e-07
    endloop
  endfacet
  facet normal 0.0654408 -0.997856 0
    outer loop
      vertex -101.095 97.1959 -5.72205e-07
      vertex -100.88 97.21 2
      vertex -101.095 97.1959 2
    endloop
  endfacet
  facet normal 0.0654408 -0.997856 0
    outer loop
      vertex -100.88 97.21 2
      vertex -101.095 97.1959 -5.72205e-07
      vertex -100.88 97.21 -5.72205e-07
    endloop
  endfacet
  facet normal -0.659488 0.751715 0
    outer loop
      vertex -99.7133 94.3933 -5.72205e-07
      vertex -99.8755 94.251 2
      vertex -99.7133 94.3933 2
    endloop
  endfacet
  facet normal -0.659488 0.751715 0
    outer loop
      vertex -99.8755 94.251 2
      vertex -99.7133 94.3933 -5.72205e-07
      vertex -99.8755 94.251 -5.72205e-07
    endloop
  endfacet
  facet normal -0.997864 0.0653198 0
    outer loop
      vertex -99.2441 95.3446 -5.72205e-07
      vertex -99.23 95.56 2
      vertex -99.23 95.56 -5.72205e-07
    endloop
  endfacet
  facet normal -0.997864 0.0653198 0
    outer loop
      vertex -99.23 95.56 2
      vertex -99.2441 95.3446 -5.72205e-07
      vertex -99.2441 95.3446 2
    endloop
  endfacet
  facet normal -0.659488 -0.751715 0
    outer loop
      vertex -99.8755 96.869 -5.72205e-07
      vertex -99.7133 96.7267 2
      vertex -99.8755 96.869 2
    endloop
  endfacet
  facet normal -0.659488 -0.751715 -0
    outer loop
      vertex -99.7133 96.7267 2
      vertex -99.8755 96.869 -5.72205e-07
      vertex -99.7133 96.7267 -5.72205e-07
    endloop
  endfacet
  facet normal 0.752404 -0.658702 0
    outer loop
      vertex -102.189 96.5645 2
      vertex -102.047 96.7267 -5.72205e-07
      vertex -102.047 96.7267 2
    endloop
  endfacet
  facet normal 0.752404 -0.658702 0
    outer loop
      vertex -102.047 96.7267 -5.72205e-07
      vertex -102.189 96.5645 2
      vertex -102.189 96.5645 -5.72205e-07
    endloop
  endfacet
  facet normal 0.997894 0.0648585 0
    outer loop
      vertex -102.516 95.3446 2
      vertex -102.53 95.56 -5.72205e-07
      vertex -102.53 95.56 2
    endloop
  endfacet
  facet normal 0.997894 0.0648585 0
    outer loop
      vertex -102.53 95.56 -5.72205e-07
      vertex -102.516 95.3446 2
      vertex -102.516 95.3446 -5.72205e-07
    endloop
  endfacet
  facet normal 0.441655 -0.897185 0
    outer loop
      vertex -101.705 96.9889 -5.72205e-07
      vertex -101.511 97.0844 2
      vertex -101.705 96.9889 2
    endloop
  endfacet
  facet normal 0.441655 -0.897185 0
    outer loop
      vertex -101.511 97.0844 2
      vertex -101.705 96.9889 -5.72205e-07
      vertex -101.511 97.0844 -5.72205e-07
    endloop
  endfacet
  facet normal 0.897741 0.440524 0
    outer loop
      vertex -102.309 94.735 2
      vertex -102.404 94.9286 -5.72205e-07
      vertex -102.404 94.9286 2
    endloop
  endfacet
  facet normal 0.897741 0.440524 0
    outer loop
      vertex -102.404 94.9286 -5.72205e-07
      vertex -102.309 94.735 2
      vertex -102.309 94.735 -5.72205e-07
    endloop
  endfacet
  facet normal -0.322069 0.946716 0
    outer loop
      vertex -100.249 94.0356 -5.72205e-07
      vertex -100.453 93.9662 2
      vertex -100.249 94.0356 2
    endloop
  endfacet
  facet normal -0.322069 0.946716 0
    outer loop
      vertex -100.453 93.9662 2
      vertex -100.249 94.0356 -5.72205e-07
      vertex -100.453 93.9662 -5.72205e-07
    endloop
  endfacet
  facet normal 0.831337 -0.555769 0
    outer loop
      vertex -102.309 96.385 2
      vertex -102.189 96.5645 -5.72205e-07
      vertex -102.189 96.5645 2
    endloop
  endfacet
  facet normal 0.831337 -0.555769 0
    outer loop
      vertex -102.189 96.5645 -5.72205e-07
      vertex -102.309 96.385 2
      vertex -102.309 96.385 -5.72205e-07
    endloop
  endfacet
  facet normal 0.897741 -0.440524 0
    outer loop
      vertex -102.404 96.1914 2
      vertex -102.309 96.385 -5.72205e-07
      vertex -102.309 96.385 2
    endloop
  endfacet
  facet normal 0.897741 -0.440524 0
    outer loop
      vertex -102.309 96.385 -5.72205e-07
      vertex -102.404 96.1914 2
      vertex -102.404 96.1914 -5.72205e-07
    endloop
  endfacet
  facet normal -0.831551 0.555448 0
    outer loop
      vertex -99.571 94.5555 -5.72205e-07
      vertex -99.4511 94.735 2
      vertex -99.4511 94.735 -5.72205e-07
    endloop
  endfacet
  facet normal -0.831551 0.555448 0
    outer loop
      vertex -99.4511 94.735 2
      vertex -99.571 94.5555 -5.72205e-07
      vertex -99.571 94.5555 2
    endloop
  endfacet
  facet normal 0.441655 0.897185 -0
    outer loop
      vertex -101.511 94.0356 -5.72205e-07
      vertex -101.705 94.1311 2
      vertex -101.511 94.0356 2
    endloop
  endfacet
  facet normal 0.441655 0.897185 0
    outer loop
      vertex -101.705 94.1311 2
      vertex -101.511 94.0356 -5.72205e-07
      vertex -101.705 94.1311 -5.72205e-07
    endloop
  endfacet
  facet normal -0.997864 -0.0653198 0
    outer loop
      vertex -99.23 95.56 -5.72205e-07
      vertex -99.2441 95.7754 2
      vertex -99.2441 95.7754 -5.72205e-07
    endloop
  endfacet
  facet normal -0.997864 -0.0653198 0
    outer loop
      vertex -99.2441 95.7754 2
      vertex -99.23 95.56 -5.72205e-07
      vertex -99.23 95.56 2
    endloop
  endfacet
  facet normal -0.441655 -0.897185 0
    outer loop
      vertex -100.249 97.0844 -5.72205e-07
      vertex -100.055 96.9889 2
      vertex -100.249 97.0844 2
    endloop
  endfacet
  facet normal -0.441655 -0.897185 -0
    outer loop
      vertex -100.055 96.9889 2
      vertex -100.249 97.0844 -5.72205e-07
      vertex -100.055 96.9889 -5.72205e-07
    endloop
  endfacet
  facet normal 0.194781 -0.980847 0
    outer loop
      vertex -101.307 97.1538 -5.72205e-07
      vertex -101.095 97.1959 2
      vertex -101.307 97.1538 2
    endloop
  endfacet
  facet normal 0.194781 -0.980847 0
    outer loop
      vertex -101.095 97.1959 2
      vertex -101.307 97.1538 -5.72205e-07
      vertex -101.095 97.1959 -5.72205e-07
    endloop
  endfacet
  facet normal -0.751715 -0.659488 0
    outer loop
      vertex -99.571 96.5645 -5.72205e-07
      vertex -99.7133 96.7267 2
      vertex -99.7133 96.7267 -5.72205e-07
    endloop
  endfacet
  facet normal -0.751715 -0.659488 0
    outer loop
      vertex -99.7133 96.7267 2
      vertex -99.571 96.5645 -5.72205e-07
      vertex -99.571 96.5645 2
    endloop
  endfacet
  facet normal -0.94686 0.321645 0
    outer loop
      vertex -99.3556 94.9286 -5.72205e-07
      vertex -99.2862 95.1329 2
      vertex -99.2862 95.1329 -5.72205e-07
    endloop
  endfacet
  facet normal -0.94686 0.321645 0
    outer loop
      vertex -99.2862 95.1329 2
      vertex -99.3556 94.9286 -5.72205e-07
      vertex -99.3556 94.9286 2
    endloop
  endfacet
  facet normal 0.946011 0.324135 0
    outer loop
      vertex -102.404 94.9286 2
      vertex -102.474 95.1329 -5.72205e-07
      vertex -102.474 95.1329 2
    endloop
  endfacet
  facet normal 0.946011 0.324135 0
    outer loop
      vertex -102.474 95.1329 -5.72205e-07
      vertex -102.404 94.9286 2
      vertex -102.404 94.9286 -5.72205e-07
    endloop
  endfacet
  facet normal -0.980794 -0.195047 0
    outer loop
      vertex -99.2441 95.7754 -5.72205e-07
      vertex -99.2862 95.9871 2
      vertex -99.2862 95.9871 -5.72205e-07
    endloop
  endfacet
  facet normal -0.980794 -0.195047 0
    outer loop
      vertex -99.2862 95.9871 2
      vertex -99.2441 95.7754 -5.72205e-07
      vertex -99.2441 95.7754 2
    endloop
  endfacet
  facet normal -0.441655 0.897185 0
    outer loop
      vertex -100.055 94.1311 -5.72205e-07
      vertex -100.249 94.0356 2
      vertex -100.055 94.1311 2
    endloop
  endfacet
  facet normal -0.441655 0.897185 0
    outer loop
      vertex -100.249 94.0356 2
      vertex -100.055 94.1311 -5.72205e-07
      vertex -100.249 94.0356 -5.72205e-07
    endloop
  endfacet
  facet normal -0.555448 -0.831551 0
    outer loop
      vertex -100.055 96.9889 -5.72205e-07
      vertex -99.8755 96.869 2
      vertex -100.055 96.9889 2
    endloop
  endfacet
  facet normal -0.555448 -0.831551 -0
    outer loop
      vertex -99.8755 96.869 2
      vertex -100.055 96.9889 -5.72205e-07
      vertex -99.8755 96.869 -5.72205e-07
    endloop
  endfacet
  facet normal 0.657653 0.753321 -0
    outer loop
      vertex -101.884 94.251 -5.72205e-07
      vertex -102.047 94.3933 2
      vertex -101.884 94.251 2
    endloop
  endfacet
  facet normal 0.657653 0.753321 0
    outer loop
      vertex -102.047 94.3933 2
      vertex -101.884 94.251 -5.72205e-07
      vertex -102.047 94.3933 -5.72205e-07
    endloop
  endfacet
  facet normal -0.322069 -0.946716 0
    outer loop
      vertex -100.453 97.1538 -5.72205e-07
      vertex -100.249 97.0844 2
      vertex -100.453 97.1538 2
    endloop
  endfacet
  facet normal -0.322069 -0.946716 -0
    outer loop
      vertex -100.249 97.0844 2
      vertex -100.453 97.1538 -5.72205e-07
      vertex -100.249 97.0844 -5.72205e-07
    endloop
  endfacet
  facet normal 0.831337 0.555769 0
    outer loop
      vertex -102.189 94.5555 2
      vertex -102.309 94.735 -5.72205e-07
      vertex -102.309 94.735 2
    endloop
  endfacet
  facet normal 0.831337 0.555769 0
    outer loop
      vertex -102.309 94.735 -5.72205e-07
      vertex -102.189 94.5555 2
      vertex -102.189 94.5555 -5.72205e-07
    endloop
  endfacet
  facet normal 0.55652 0.830834 -0
    outer loop
      vertex -101.705 94.1311 -5.72205e-07
      vertex -101.884 94.251 2
      vertex -101.705 94.1311 2
    endloop
  endfacet
  facet normal 0.55652 0.830834 0
    outer loop
      vertex -101.884 94.251 2
      vertex -101.705 94.1311 -5.72205e-07
      vertex -101.884 94.251 -5.72205e-07
    endloop
  endfacet
  facet normal 0.752404 0.658702 0
    outer loop
      vertex -102.047 94.3933 2
      vertex -102.189 94.5555 -5.72205e-07
      vertex -102.189 94.5555 2
    endloop
  endfacet
  facet normal 0.752404 0.658702 0
    outer loop
      vertex -102.189 94.5555 -5.72205e-07
      vertex -102.047 94.3933 2
      vertex -102.047 94.3933 -5.72205e-07
    endloop
  endfacet
  facet normal 0.980882 0.194601 0
    outer loop
      vertex -102.474 95.1329 2
      vertex -102.516 95.3446 -5.72205e-07
      vertex -102.516 95.3446 2
    endloop
  endfacet
  facet normal 0.980882 0.194601 0
    outer loop
      vertex -102.516 95.3446 -5.72205e-07
      vertex -102.474 95.1329 2
      vertex -102.474 95.1329 -5.72205e-07
    endloop
  endfacet
  facet normal -0.0654408 -0.997856 0
    outer loop
      vertex -100.88 97.21 -5.72205e-07
      vertex -100.665 97.1959 2
      vertex -100.88 97.21 2
    endloop
  endfacet
  facet normal -0.0654408 -0.997856 -0
    outer loop
      vertex -100.665 97.1959 2
      vertex -100.88 97.21 -5.72205e-07
      vertex -100.665 97.1959 -5.72205e-07
    endloop
  endfacet
  facet normal -0.896823 0.442389 0
    outer loop
      vertex -99.4511 94.735 -5.72205e-07
      vertex -99.3556 94.9286 2
      vertex -99.3556 94.9286 -5.72205e-07
    endloop
  endfacet
  facet normal -0.896823 0.442389 0
    outer loop
      vertex -99.3556 94.9286 2
      vertex -99.4511 94.735 -5.72205e-07
      vertex -99.4511 94.735 2
    endloop
  endfacet
  facet normal -0.896823 -0.442389 0
    outer loop
      vertex -99.3556 96.1914 -5.72205e-07
      vertex -99.4511 96.385 2
      vertex -99.4511 96.385 -5.72205e-07
    endloop
  endfacet
  facet normal -0.896823 -0.442389 0
    outer loop
      vertex -99.4511 96.385 2
      vertex -99.3556 96.1914 -5.72205e-07
      vertex -99.3556 96.1914 2
    endloop
  endfacet
  facet normal 0.55652 -0.830834 0
    outer loop
      vertex -101.884 96.869 -5.72205e-07
      vertex -101.705 96.9889 2
      vertex -101.884 96.869 2
    endloop
  endfacet
  facet normal 0.55652 -0.830834 0
    outer loop
      vertex -101.705 96.9889 2
      vertex -101.884 96.869 -5.72205e-07
      vertex -101.705 96.9889 -5.72205e-07
    endloop
  endfacet
  facet normal -0.980794 0.195047 0
    outer loop
      vertex -99.2862 95.1329 -5.72205e-07
      vertex -99.2441 95.3446 2
      vertex -99.2441 95.3446 -5.72205e-07
    endloop
  endfacet
  facet normal -0.980794 0.195047 0
    outer loop
      vertex -99.2441 95.3446 2
      vertex -99.2862 95.1329 -5.72205e-07
      vertex -99.2862 95.1329 2
    endloop
  endfacet
  facet normal 0.322069 0.946716 -0
    outer loop
      vertex -101.307 93.9662 -5.72205e-07
      vertex -101.511 94.0356 2
      vertex -101.307 93.9662 2
    endloop
  endfacet
  facet normal 0.322069 0.946716 0
    outer loop
      vertex -101.511 94.0356 2
      vertex -101.307 93.9662 -5.72205e-07
      vertex -101.511 94.0356 -5.72205e-07
    endloop
  endfacet
  facet normal 0.657653 -0.753321 0
    outer loop
      vertex -102.047 96.7267 -5.72205e-07
      vertex -101.884 96.869 2
      vertex -102.047 96.7267 2
    endloop
  endfacet
  facet normal 0.657653 -0.753321 0
    outer loop
      vertex -101.884 96.869 2
      vertex -102.047 96.7267 -5.72205e-07
      vertex -101.884 96.869 -5.72205e-07
    endloop
  endfacet
  facet normal 0.194781 0.980847 -0
    outer loop
      vertex -101.095 93.9241 -5.72205e-07
      vertex -101.307 93.9662 2
      vertex -101.095 93.9241 2
    endloop
  endfacet
  facet normal 0.194781 0.980847 0
    outer loop
      vertex -101.307 93.9662 2
      vertex -101.095 93.9241 -5.72205e-07
      vertex -101.307 93.9662 -5.72205e-07
    endloop
  endfacet
  facet normal -0.94686 -0.321645 0
    outer loop
      vertex -99.2862 95.9871 -5.72205e-07
      vertex -99.3556 96.1914 2
      vertex -99.3556 96.1914 -5.72205e-07
    endloop
  endfacet
  facet normal -0.94686 -0.321645 0
    outer loop
      vertex -99.3556 96.1914 2
      vertex -99.2862 95.9871 -5.72205e-07
      vertex -99.2862 95.9871 2
    endloop
  endfacet
  facet normal -0.194781 -0.980847 0
    outer loop
      vertex -100.665 97.1959 -5.72205e-07
      vertex -100.453 97.1538 2
      vertex -100.665 97.1959 2
    endloop
  endfacet
  facet normal -0.194781 -0.980847 -0
    outer loop
      vertex -100.453 97.1538 2
      vertex -100.665 97.1959 -5.72205e-07
      vertex -100.453 97.1538 -5.72205e-07
    endloop
  endfacet
  facet normal -0.0654408 0.997856 0
    outer loop
      vertex -100.665 93.9241 -5.72205e-07
      vertex -100.88 93.91 2
      vertex -100.665 93.9241 2
    endloop
  endfacet
  facet normal -0.0654408 0.997856 0
    outer loop
      vertex -100.88 93.91 2
      vertex -100.665 93.9241 -5.72205e-07
      vertex -100.88 93.91 -5.72205e-07
    endloop
  endfacet
  facet normal -0.751715 0.659488 0
    outer loop
      vertex -99.7133 94.3933 -5.72205e-07
      vertex -99.571 94.5555 2
      vertex -99.571 94.5555 -5.72205e-07
    endloop
  endfacet
  facet normal -0.751715 0.659488 0
    outer loop
      vertex -99.571 94.5555 2
      vertex -99.7133 94.3933 -5.72205e-07
      vertex -99.7133 94.3933 2
    endloop
  endfacet
  facet normal -0.194781 0.980847 0
    outer loop
      vertex -100.453 93.9662 -5.72205e-07
      vertex -100.665 93.9241 2
      vertex -100.453 93.9662 2
    endloop
  endfacet
  facet normal -0.194781 0.980847 0
    outer loop
      vertex -100.665 93.9241 2
      vertex -100.453 93.9662 -5.72205e-07
      vertex -100.665 93.9241 -5.72205e-07
    endloop
  endfacet
  facet normal -0.555448 0.831551 0
    outer loop
      vertex -99.8755 94.251 -5.72205e-07
      vertex -100.055 94.1311 2
      vertex -99.8755 94.251 2
    endloop
  endfacet
  facet normal -0.555448 0.831551 0
    outer loop
      vertex -100.055 94.1311 2
      vertex -99.8755 94.251 -5.72205e-07
      vertex -100.055 94.1311 -5.72205e-07
    endloop
  endfacet
  facet normal 0.322069 -0.946716 0
    outer loop
      vertex -101.511 97.0844 -5.72205e-07
      vertex -101.307 97.1538 2
      vertex -101.511 97.0844 2
    endloop
  endfacet
  facet normal 0.322069 -0.946716 0
    outer loop
      vertex -101.307 97.1538 2
      vertex -101.511 97.0844 -5.72205e-07
      vertex -101.307 97.1538 -5.72205e-07
    endloop
  endfacet
  facet normal -0.831551 -0.555448 0
    outer loop
      vertex -99.4511 96.385 -5.72205e-07
      vertex -99.571 96.5645 2
      vertex -99.571 96.5645 -5.72205e-07
    endloop
  endfacet
  facet normal -0.831551 -0.555448 0
    outer loop
      vertex -99.571 96.5645 2
      vertex -99.4511 96.385 -5.72205e-07
      vertex -99.4511 96.385 2
    endloop
  endfacet
  facet normal -0.866023 -0.500004 0
    outer loop
      vertex -97.6468 95.56 2
      vertex -99.2634 98.36 5
      vertex -99.2634 98.36 2
    endloop
  endfacet
  facet normal -0.866023 -0.500004 0
    outer loop
      vertex -99.2634 98.36 5
      vertex -97.6468 95.56 2
      vertex -97.6468 95.56 5
    endloop
  endfacet
  facet normal 0 0 1
    outer loop
      vertex -97.6468 95.56 2
      vertex -99.2441 95.7754 2
      vertex -99.23 95.56 2
    endloop
  endfacet
  facet normal -0 0 1
    outer loop
      vertex -99.4511 96.385 2
      vertex -97.6468 95.56 2
      vertex -99.2634 98.36 2
    endloop
  endfacet
  facet normal 0 0 1
    outer loop
      vertex -97.6468 95.56 2
      vertex -99.2862 95.9871 2
      vertex -99.2441 95.7754 2
    endloop
  endfacet
  facet normal 0 0 1
    outer loop
      vertex -97.6468 95.56 2
      vertex -99.3556 96.1914 2
      vertex -99.2862 95.9871 2
    endloop
  endfacet
  facet normal 0 0 1
    outer loop
      vertex -97.6468 95.56 2
      vertex -99.4511 96.385 2
      vertex -99.3556 96.1914 2
    endloop
  endfacet
  facet normal 0 0 1
    outer loop
      vertex -99.2634 98.36 2
      vertex -99.571 96.5645 2
      vertex -99.4511 96.385 2
    endloop
  endfacet
  facet normal 0 0 1
    outer loop
      vertex -99.2634 98.36 2
      vertex -99.7133 96.7267 2
      vertex -99.571 96.5645 2
    endloop
  endfacet
  facet normal 0 0 1
    outer loop
      vertex -99.2634 98.36 2
      vertex -99.8755 96.869 2
      vertex -99.7133 96.7267 2
    endloop
  endfacet
  facet normal 0 0 1
    outer loop
      vertex -99.2634 98.36 2
      vertex -100.055 96.9889 2
      vertex -99.8755 96.869 2
    endloop
  endfacet
  facet normal 0 0 1
    outer loop
      vertex -99.2634 98.36 2
      vertex -100.249 97.0844 2
      vertex -100.055 96.9889 2
    endloop
  endfacet
  facet normal 0 0 1
    outer loop
      vertex -99.2634 98.36 2
      vertex -100.453 97.1538 2
      vertex -100.249 97.0844 2
    endloop
  endfacet
  facet normal 0 0 1
    outer loop
      vertex -99.2634 98.36 2
      vertex -100.665 97.1959 2
      vertex -100.453 97.1538 2
    endloop
  endfacet
  facet normal 0 0 1
    outer loop
      vertex -99.2634 98.36 2
      vertex -100.88 97.21 2
      vertex -100.665 97.1959 2
    endloop
  endfacet
  facet normal -0 0 1
    outer loop
      vertex -102.497 98.36 2
      vertex -100.88 97.21 2
      vertex -99.2634 98.36 2
    endloop
  endfacet
  facet normal 0 0 1
    outer loop
      vertex -100.88 97.21 2
      vertex -102.497 98.36 2
      vertex -101.095 97.1959 2
    endloop
  endfacet
  facet normal 0 0 1
    outer loop
      vertex -101.095 97.1959 2
      vertex -102.497 98.36 2
      vertex -101.307 97.1538 2
    endloop
  endfacet
  facet normal 0 0 1
    outer loop
      vertex -101.307 97.1538 2
      vertex -102.497 98.36 2
      vertex -101.511 97.0844 2
    endloop
  endfacet
  facet normal 0 0 1
    outer loop
      vertex -101.511 97.0844 2
      vertex -102.497 98.36 2
      vertex -101.705 96.9889 2
    endloop
  endfacet
  facet normal 0 0 1
    outer loop
      vertex -102.497 98.36 2
      vertex -101.884 96.869 2
      vertex -101.705 96.9889 2
    endloop
  endfacet
  facet normal 0 0 1
    outer loop
      vertex -102.497 98.36 2
      vertex -102.047 96.7267 2
      vertex -101.884 96.869 2
    endloop
  endfacet
  facet normal 0 0 1
    outer loop
      vertex -102.497 98.36 2
      vertex -102.189 96.5645 2
      vertex -102.047 96.7267 2
    endloop
  endfacet
  facet normal 0 0 1
    outer loop
      vertex -102.497 98.36 2
      vertex -102.309 96.385 2
      vertex -102.189 96.5645 2
    endloop
  endfacet
  facet normal 0 0 1
    outer loop
      vertex -104.113 95.56 2
      vertex -102.309 96.385 2
      vertex -102.497 98.36 2
    endloop
  endfacet
  facet normal 0 0 1
    outer loop
      vertex -102.309 96.385 2
      vertex -104.113 95.56 2
      vertex -102.404 96.1914 2
    endloop
  endfacet
  facet normal 0 0 1
    outer loop
      vertex -102.404 96.1914 2
      vertex -104.113 95.56 2
      vertex -102.474 95.9871 2
    endloop
  endfacet
  facet normal 0 0 1
    outer loop
      vertex -102.474 95.9871 2
      vertex -104.113 95.56 2
      vertex -102.516 95.7754 2
    endloop
  endfacet
  facet normal 0 0 1
    outer loop
      vertex -102.516 95.7754 2
      vertex -104.113 95.56 2
      vertex -102.53 95.56 2
    endloop
  endfacet
  facet normal 0 0 1
    outer loop
      vertex -99.2441 95.3446 2
      vertex -97.6468 95.56 2
      vertex -99.23 95.56 2
    endloop
  endfacet
  facet normal 0 0 1
    outer loop
      vertex -99.2862 95.1329 2
      vertex -97.6468 95.56 2
      vertex -99.2441 95.3446 2
    endloop
  endfacet
  facet normal 0 0 1
    outer loop
      vertex -99.3556 94.9286 2
      vertex -97.6468 95.56 2
      vertex -99.2862 95.1329 2
    endloop
  endfacet
  facet normal 0 0 1
    outer loop
      vertex -99.4511 94.735 2
      vertex -97.6468 95.56 2
      vertex -99.3556 94.9286 2
    endloop
  endfacet
  facet normal 0 0 1
    outer loop
      vertex -97.6468 95.56 2
      vertex -99.4511 94.735 2
      vertex -99.2634 92.76 2
    endloop
  endfacet
  facet normal -0 0 1
    outer loop
      vertex -99.571 94.5555 2
      vertex -99.2634 92.76 2
      vertex -99.4511 94.735 2
    endloop
  endfacet
  facet normal -0 0 1
    outer loop
      vertex -99.7133 94.3933 2
      vertex -99.2634 92.76 2
      vertex -99.571 94.5555 2
    endloop
  endfacet
  facet normal -0 0 1
    outer loop
      vertex -99.8755 94.251 2
      vertex -99.2634 92.76 2
      vertex -99.7133 94.3933 2
    endloop
  endfacet
  facet normal -0 0 1
    outer loop
      vertex -100.055 94.1311 2
      vertex -99.2634 92.76 2
      vertex -99.8755 94.251 2
    endloop
  endfacet
  facet normal -0 0 1
    outer loop
      vertex -100.249 94.0356 2
      vertex -99.2634 92.76 2
      vertex -100.055 94.1311 2
    endloop
  endfacet
  facet normal -0 0 1
    outer loop
      vertex -100.453 93.9662 2
      vertex -99.2634 92.76 2
      vertex -100.249 94.0356 2
    endloop
  endfacet
  facet normal -0 0 1
    outer loop
      vertex -100.665 93.9241 2
      vertex -99.2634 92.76 2
      vertex -100.453 93.9662 2
    endloop
  endfacet
  facet normal -0 0 1
    outer loop
      vertex -100.88 93.91 2
      vertex -99.2634 92.76 2
      vertex -100.665 93.9241 2
    endloop
  endfacet
  facet normal 0 0 1
    outer loop
      vertex -102.497 92.76 2
      vertex -100.88 93.91 2
      vertex -101.095 93.9241 2
    endloop
  endfacet
  facet normal 0 0 1
    outer loop
      vertex -102.497 92.76 2
      vertex -101.095 93.9241 2
      vertex -101.307 93.9662 2
    endloop
  endfacet
  facet normal 0 0 1
    outer loop
      vertex -102.497 92.76 2
      vertex -101.307 93.9662 2
      vertex -101.511 94.0356 2
    endloop
  endfacet
  facet normal 0 0 1
    outer loop
      vertex -102.497 92.76 2
      vertex -101.511 94.0356 2
      vertex -101.705 94.1311 2
    endloop
  endfacet
  facet normal 0 0 1
    outer loop
      vertex -100.88 93.91 2
      vertex -102.497 92.76 2
      vertex -99.2634 92.76 2
    endloop
  endfacet
  facet normal 0 0 1
    outer loop
      vertex -101.884 94.251 2
      vertex -102.497 92.76 2
      vertex -101.705 94.1311 2
    endloop
  endfacet
  facet normal 0 0 1
    outer loop
      vertex -102.047 94.3933 2
      vertex -102.497 92.76 2
      vertex -101.884 94.251 2
    endloop
  endfacet
  facet normal 0 0 1
    outer loop
      vertex -102.189 94.5555 2
      vertex -102.497 92.76 2
      vertex -102.047 94.3933 2
    endloop
  endfacet
  facet normal 0 0 1
    outer loop
      vertex -102.309 94.735 2
      vertex -102.497 92.76 2
      vertex -102.189 94.5555 2
    endloop
  endfacet
  facet normal 0 0 1
    outer loop
      vertex -104.113 95.56 2
      vertex -102.309 94.735 2
      vertex -102.404 94.9286 2
    endloop
  endfacet
  facet normal 0 0 1
    outer loop
      vertex -104.113 95.56 2
      vertex -102.404 94.9286 2
      vertex -102.474 95.1329 2
    endloop
  endfacet
  facet normal 0 0 1
    outer loop
      vertex -104.113 95.56 2
      vertex -102.474 95.1329 2
      vertex -102.516 95.3446 2
    endloop
  endfacet
  facet normal -0 0 1
    outer loop
      vertex -104.113 95.56 2
      vertex -102.516 95.3446 2
      vertex -102.53 95.56 2
    endloop
  endfacet
  facet normal 0 0 1
    outer loop
      vertex -102.309 94.735 2
      vertex -104.113 95.56 2
      vertex -102.497 92.76 2
    endloop
  endfacet
  facet normal 0.866103 0.499865 0
    outer loop
      vertex -102.497 92.76 5
      vertex -104.113 95.56 2
      vertex -104.113 95.56 5
    endloop
  endfacet
  facet normal 0.866103 0.499865 0
    outer loop
      vertex -104.113 95.56 2
      vertex -102.497 92.76 5
      vertex -102.497 92.76 2
    endloop
  endfacet
  facet normal 0 -1 0
    outer loop
      vertex -102.497 98.36 2
      vertex -99.2634 98.36 5
      vertex -102.497 98.36 5
    endloop
  endfacet
  facet normal 0 -1 -0
    outer loop
      vertex -99.2634 98.36 5
      vertex -102.497 98.36 2
      vertex -99.2634 98.36 2
    endloop
  endfacet
  facet normal -0.866023 0.500004 0
    outer loop
      vertex -99.2634 92.76 2
      vertex -97.6468 95.56 5
      vertex -97.6468 95.56 2
    endloop
  endfacet
  facet normal -0.866023 0.500004 0
    outer loop
      vertex -97.6468 95.56 5
      vertex -99.2634 92.76 2
      vertex -99.2634 92.76 5
    endloop
  endfacet
  facet normal 0 1 -0
    outer loop
      vertex -99.2634 92.76 2
      vertex -102.497 92.76 5
      vertex -99.2634 92.76 5
    endloop
  endfacet
  facet normal 0 1 0
    outer loop
      vertex -102.497 92.76 5
      vertex -99.2634 92.76 2
      vertex -102.497 92.76 2
    endloop
  endfacet
  facet normal 0.866103 -0.499865 0
    outer loop
      vertex -104.113 95.56 5
      vertex -102.497 98.36 2
      vertex -102.497 98.36 5
    endloop
  endfacet
  facet normal 0.866103 -0.499865 0
    outer loop
      vertex -102.497 98.36 2
      vertex -104.113 95.56 5
      vertex -104.113 95.56 2
    endloop
  endfacet
  facet normal 0 0.997864 0.0653198
    outer loop
      vertex -89.98 93.3641 10.7846
      vertex -96.08 93.35 11
      vertex -89.98 93.35 11
    endloop
  endfacet
  facet normal 0 0.997864 0.0653198
    outer loop
      vertex -96.08 93.35 11
      vertex -89.98 93.3641 10.7846
      vertex -96.08 93.3641 10.7846
    endloop
  endfacet
  facet normal 0 -0.659488 0.751715
    outer loop
      vertex -96.08 96.1667 9.83327
      vertex -89.98 96.0045 9.69097
      vertex -89.98 96.1667 9.83327
    endloop
  endfacet
  facet normal 0 -0.659488 0.751715
    outer loop
      vertex -89.98 96.0045 9.69097
      vertex -96.08 96.1667 9.83327
      vertex -96.08 96.0045 9.69097
    endloop
  endfacet
  facet normal 0 -0.997864 0.0653198
    outer loop
      vertex -96.08 96.6359 10.7846
      vertex -89.98 96.65 11
      vertex -96.08 96.65 11
    endloop
  endfacet
  facet normal 0 -0.997864 0.0653198
    outer loop
      vertex -89.98 96.65 11
      vertex -96.08 96.6359 10.7846
      vertex -89.98 96.6359 10.7846
    endloop
  endfacet
  facet normal 0 -0.0653659 0.997861
    outer loop
      vertex -96.08 95.2154 9.36411
      vertex -89.98 95 9.35
      vertex -89.98 95.2154 9.36411
    endloop
  endfacet
  facet normal 0 -0.0653659 0.997861
    outer loop
      vertex -89.98 95 9.35
      vertex -96.08 95.2154 9.36411
      vertex -96.08 95 9.35
    endloop
  endfacet
  facet normal 0 -0.831551 -0.555448
    outer loop
      vertex -96.08 96.4289 11.825
      vertex -89.98 96.309 12.0045
      vertex -96.08 96.309 12.0045
    endloop
  endfacet
  facet normal 0 -0.831551 -0.555448
    outer loop
      vertex -89.98 96.309 12.0045
      vertex -96.08 96.4289 11.825
      vertex -89.98 96.4289 11.825
    endloop
  endfacet
  facet normal 0 -0.55548 0.83153
    outer loop
      vertex -96.08 96.0045 9.69097
      vertex -89.98 95.825 9.57106
      vertex -89.98 96.0045 9.69097
    endloop
  endfacet
  facet normal 0 -0.55548 0.83153
    outer loop
      vertex -89.98 95.825 9.57106
      vertex -96.08 96.0045 9.69097
      vertex -96.08 95.825 9.57106
    endloop
  endfacet
  facet normal -0 0.19518 0.980767
    outer loop
      vertex -96.08 94.7846 9.36411
      vertex -89.98 94.573 9.40622
      vertex -89.98 94.7846 9.36411
    endloop
  endfacet
  facet normal 0 0.19518 0.980767
    outer loop
      vertex -89.98 94.573 9.40622
      vertex -96.08 94.7846 9.36411
      vertex -96.08 94.573 9.40622
    endloop
  endfacet
  facet normal 0 -0.442389 -0.896823
    outer loop
      vertex -96.08 95.6314 12.5244
      vertex -89.98 95.825 12.4289
      vertex -89.98 95.6314 12.5244
    endloop
  endfacet
  facet normal -0 -0.442389 -0.896823
    outer loop
      vertex -89.98 95.825 12.4289
      vertex -96.08 95.6314 12.5244
      vertex -96.08 95.825 12.4289
    endloop
  endfacet
  facet normal 0 -0.896823 0.442389
    outer loop
      vertex -96.08 96.4289 10.175
      vertex -89.98 96.5244 10.3686
      vertex -96.08 96.5244 10.3686
    endloop
  endfacet
  facet normal 0 -0.896823 0.442389
    outer loop
      vertex -89.98 96.5244 10.3686
      vertex -96.08 96.4289 10.175
      vertex -89.98 96.4289 10.175
    endloop
  endfacet
  facet normal -0 0.55548 0.83153
    outer loop
      vertex -96.08 94.175 9.57106
      vertex -89.98 93.9955 9.69097
      vertex -89.98 94.175 9.57106
    endloop
  endfacet
  facet normal 0 0.55548 0.83153
    outer loop
      vertex -89.98 93.9955 9.69097
      vertex -96.08 94.175 9.57106
      vertex -96.08 93.9955 9.69097
    endloop
  endfacet
  facet normal 0 0.896823 -0.442389
    outer loop
      vertex -89.98 93.4756 11.6314
      vertex -96.08 93.5711 11.825
      vertex -89.98 93.5711 11.825
    endloop
  endfacet
  facet normal 0 0.896823 -0.442389
    outer loop
      vertex -96.08 93.5711 11.825
      vertex -89.98 93.4756 11.6314
      vertex -96.08 93.4756 11.6314
    endloop
  endfacet
  facet normal 0 -0.751856 0.659328
    outer loop
      vertex -96.08 96.1667 9.83327
      vertex -89.98 96.309 9.99554
      vertex -96.08 96.309 9.99554
    endloop
  endfacet
  facet normal 0 -0.751856 0.659328
    outer loop
      vertex -89.98 96.309 9.99554
      vertex -96.08 96.1667 9.83327
      vertex -89.98 96.1667 9.83327
    endloop
  endfacet
  facet normal 0 0.896823 0.442389
    outer loop
      vertex -89.98 93.5711 10.175
      vertex -96.08 93.4756 10.3686
      vertex -89.98 93.4756 10.3686
    endloop
  endfacet
  facet normal 0 0.896823 0.442389
    outer loop
      vertex -96.08 93.4756 10.3686
      vertex -89.98 93.5711 10.175
      vertex -96.08 93.5711 10.175
    endloop
  endfacet
  facet normal 0 0.831551 -0.555448
    outer loop
      vertex -89.98 93.5711 11.825
      vertex -96.08 93.691 12.0045
      vertex -89.98 93.691 12.0045
    endloop
  endfacet
  facet normal 0 0.831551 -0.555448
    outer loop
      vertex -96.08 93.691 12.0045
      vertex -89.98 93.5711 11.825
      vertex -96.08 93.5711 11.825
    endloop
  endfacet
  facet normal 0 -0.0653198 -0.997864
    outer loop
      vertex -96.08 95 12.65
      vertex -89.98 95.2154 12.6359
      vertex -89.98 95 12.65
    endloop
  endfacet
  facet normal -0 -0.0653198 -0.997864
    outer loop
      vertex -89.98 95.2154 12.6359
      vertex -96.08 95 12.65
      vertex -96.08 95.2154 12.6359
    endloop
  endfacet
  facet normal 0 -0.94686 0.321645
    outer loop
      vertex -96.08 96.5244 10.3686
      vertex -89.98 96.5938 10.5729
      vertex -96.08 96.5938 10.5729
    endloop
  endfacet
  facet normal 0 -0.94686 0.321645
    outer loop
      vertex -89.98 96.5938 10.5729
      vertex -96.08 96.5244 10.3686
      vertex -89.98 96.5244 10.3686
    endloop
  endfacet
  facet normal 0 -0.94686 -0.321645
    outer loop
      vertex -96.08 96.5938 11.4271
      vertex -89.98 96.5244 11.6314
      vertex -96.08 96.5244 11.6314
    endloop
  endfacet
  facet normal 0 -0.94686 -0.321645
    outer loop
      vertex -89.98 96.5244 11.6314
      vertex -96.08 96.5938 11.4271
      vertex -89.98 96.5938 11.4271
    endloop
  endfacet
  facet normal 0 -0.321504 -0.946908
    outer loop
      vertex -96.08 95.427 12.5938
      vertex -89.98 95.6314 12.5244
      vertex -89.98 95.427 12.5938
    endloop
  endfacet
  facet normal -0 -0.321504 -0.946908
    outer loop
      vertex -89.98 95.6314 12.5244
      vertex -96.08 95.427 12.5938
      vertex -96.08 95.6314 12.5244
    endloop
  endfacet
  facet normal 0 -0.195136 -0.980776
    outer loop
      vertex -96.08 95.2154 12.6359
      vertex -89.98 95.427 12.5938
      vertex -89.98 95.2154 12.6359
    endloop
  endfacet
  facet normal -0 -0.195136 -0.980776
    outer loop
      vertex -89.98 95.427 12.5938
      vertex -96.08 95.2154 12.6359
      vertex -96.08 95.427 12.5938
    endloop
  endfacet
  facet normal 0 -0.19518 0.980767
    outer loop
      vertex -96.08 95.427 9.40622
      vertex -89.98 95.2154 9.36411
      vertex -89.98 95.427 9.40622
    endloop
  endfacet
  facet normal 0 -0.19518 0.980767
    outer loop
      vertex -89.98 95.2154 9.36411
      vertex -96.08 95.427 9.40622
      vertex -96.08 95.2154 9.36411
    endloop
  endfacet
  facet normal 0 -0.751715 -0.659488
    outer loop
      vertex -96.08 96.309 12.0045
      vertex -89.98 96.1667 12.1667
      vertex -96.08 96.1667 12.1667
    endloop
  endfacet
  facet normal 0 -0.751715 -0.659488
    outer loop
      vertex -89.98 96.1667 12.1667
      vertex -96.08 96.309 12.0045
      vertex -89.98 96.309 12.0045
    endloop
  endfacet
  facet normal 0 0.442389 -0.896823
    outer loop
      vertex -96.08 94.175 12.4289
      vertex -89.98 94.3686 12.5244
      vertex -89.98 94.175 12.4289
    endloop
  endfacet
  facet normal 0 0.442389 -0.896823
    outer loop
      vertex -89.98 94.3686 12.5244
      vertex -96.08 94.175 12.4289
      vertex -96.08 94.3686 12.5244
    endloop
  endfacet
  facet normal 0 -0.896823 -0.442389
    outer loop
      vertex -96.08 96.5244 11.6314
      vertex -89.98 96.4289 11.825
      vertex -96.08 96.4289 11.825
    endloop
  endfacet
  facet normal 0 -0.896823 -0.442389
    outer loop
      vertex -89.98 96.4289 11.825
      vertex -96.08 96.5244 11.6314
      vertex -89.98 96.5244 11.6314
    endloop
  endfacet
  facet normal 0 -0.659488 -0.751715
    outer loop
      vertex -96.08 96.0045 12.309
      vertex -89.98 96.1667 12.1667
      vertex -89.98 96.0045 12.309
    endloop
  endfacet
  facet normal -0 -0.659488 -0.751715
    outer loop
      vertex -89.98 96.1667 12.1667
      vertex -96.08 96.0045 12.309
      vertex -96.08 96.1667 12.1667
    endloop
  endfacet
  facet normal 0 0.751715 -0.659488
    outer loop
      vertex -89.98 93.691 12.0045
      vertex -96.08 93.8333 12.1667
      vertex -89.98 93.8333 12.1667
    endloop
  endfacet
  facet normal 0 0.751715 -0.659488
    outer loop
      vertex -96.08 93.8333 12.1667
      vertex -89.98 93.691 12.0045
      vertex -96.08 93.691 12.0045
    endloop
  endfacet
  facet normal -0 0.0653659 0.997861
    outer loop
      vertex -96.08 95 9.35
      vertex -89.98 94.7846 9.36411
      vertex -89.98 95 9.35
    endloop
  endfacet
  facet normal 0 0.0653659 0.997861
    outer loop
      vertex -89.98 94.7846 9.36411
      vertex -96.08 95 9.35
      vertex -96.08 94.7846 9.36411
    endloop
  endfacet
  facet normal -0 0.321421 0.946936
    outer loop
      vertex -96.08 94.573 9.40622
      vertex -89.98 94.3686 9.4756
      vertex -89.98 94.573 9.40622
    endloop
  endfacet
  facet normal 0 0.321421 0.946936
    outer loop
      vertex -89.98 94.3686 9.4756
      vertex -96.08 94.573 9.40622
      vertex -96.08 94.3686 9.4756
    endloop
  endfacet
  facet normal 0 0.321504 -0.946908
    outer loop
      vertex -96.08 94.3686 12.5244
      vertex -89.98 94.573 12.5938
      vertex -89.98 94.3686 12.5244
    endloop
  endfacet
  facet normal 0 0.321504 -0.946908
    outer loop
      vertex -89.98 94.573 12.5938
      vertex -96.08 94.3686 12.5244
      vertex -96.08 94.573 12.5938
    endloop
  endfacet
  facet normal 0 -0.44224 0.896897
    outer loop
      vertex -96.08 95.825 9.57106
      vertex -89.98 95.6314 9.4756
      vertex -89.98 95.825 9.57106
    endloop
  endfacet
  facet normal 0 -0.44224 0.896897
    outer loop
      vertex -89.98 95.6314 9.4756
      vertex -96.08 95.825 9.57106
      vertex -96.08 95.6314 9.4756
    endloop
  endfacet
  facet normal 0 -0.997864 -0.0653198
    outer loop
      vertex -96.08 96.65 11
      vertex -89.98 96.6359 11.2154
      vertex -96.08 96.6359 11.2154
    endloop
  endfacet
  facet normal 0 -0.997864 -0.0653198
    outer loop
      vertex -89.98 96.6359 11.2154
      vertex -96.08 96.65 11
      vertex -89.98 96.65 11
    endloop
  endfacet
  facet normal -0 0.659488 0.751715
    outer loop
      vertex -96.08 93.9955 9.69097
      vertex -89.98 93.8333 9.83327
      vertex -89.98 93.9955 9.69097
    endloop
  endfacet
  facet normal 0 0.659488 0.751715
    outer loop
      vertex -89.98 93.8333 9.83327
      vertex -96.08 93.9955 9.69097
      vertex -96.08 93.8333 9.83327
    endloop
  endfacet
  facet normal 0 0.659488 -0.751715
    outer loop
      vertex -96.08 93.8333 12.1667
      vertex -89.98 93.9955 12.309
      vertex -89.98 93.8333 12.1667
    endloop
  endfacet
  facet normal 0 0.659488 -0.751715
    outer loop
      vertex -89.98 93.9955 12.309
      vertex -96.08 93.8333 12.1667
      vertex -96.08 93.9955 12.309
    endloop
  endfacet
  facet normal 0 0.0653198 -0.997864
    outer loop
      vertex -96.08 94.7846 12.6359
      vertex -89.98 95 12.65
      vertex -89.98 94.7846 12.6359
    endloop
  endfacet
  facet normal 0 0.0653198 -0.997864
    outer loop
      vertex -89.98 95 12.65
      vertex -96.08 94.7846 12.6359
      vertex -96.08 95 12.65
    endloop
  endfacet
  facet normal 0 -0.831494 0.555534
    outer loop
      vertex -96.08 96.309 9.99554
      vertex -89.98 96.4289 10.175
      vertex -96.08 96.4289 10.175
    endloop
  endfacet
  facet normal 0 -0.831494 0.555534
    outer loop
      vertex -89.98 96.4289 10.175
      vertex -96.08 96.309 9.99554
      vertex -89.98 96.309 9.99554
    endloop
  endfacet
  facet normal 0 0.997864 -0.0653198
    outer loop
      vertex -89.98 93.35 11
      vertex -96.08 93.3641 11.2154
      vertex -89.98 93.3641 11.2154
    endloop
  endfacet
  facet normal 0 0.997864 -0.0653198
    outer loop
      vertex -96.08 93.3641 11.2154
      vertex -89.98 93.35 11
      vertex -96.08 93.35 11
    endloop
  endfacet
  facet normal 0 0.94686 -0.321645
    outer loop
      vertex -89.98 93.4062 11.4271
      vertex -96.08 93.4756 11.6314
      vertex -89.98 93.4756 11.6314
    endloop
  endfacet
  facet normal 0 0.94686 -0.321645
    outer loop
      vertex -96.08 93.4756 11.6314
      vertex -89.98 93.4062 11.4271
      vertex -96.08 93.4062 11.4271
    endloop
  endfacet
  facet normal 0 -0.321421 0.946936
    outer loop
      vertex -96.08 95.6314 9.4756
      vertex -89.98 95.427 9.40622
      vertex -89.98 95.6314 9.4756
    endloop
  endfacet
  facet normal 0 -0.321421 0.946936
    outer loop
      vertex -89.98 95.427 9.40622
      vertex -96.08 95.6314 9.4756
      vertex -96.08 95.427 9.40622
    endloop
  endfacet
  facet normal 0 -0.555448 -0.831551
    outer loop
      vertex -96.08 95.825 12.4289
      vertex -89.98 96.0045 12.309
      vertex -89.98 95.825 12.4289
    endloop
  endfacet
  facet normal -0 -0.555448 -0.831551
    outer loop
      vertex -89.98 96.0045 12.309
      vertex -96.08 95.825 12.4289
      vertex -96.08 96.0045 12.309
    endloop
  endfacet
  facet normal 0 0.980794 -0.195047
    outer loop
      vertex -89.98 93.3641 11.2154
      vertex -96.08 93.4062 11.4271
      vertex -89.98 93.4062 11.4271
    endloop
  endfacet
  facet normal 0 0.980794 -0.195047
    outer loop
      vertex -96.08 93.4062 11.4271
      vertex -89.98 93.3641 11.2154
      vertex -96.08 93.3641 11.2154
    endloop
  endfacet
  facet normal -0 0.44224 0.896897
    outer loop
      vertex -96.08 94.3686 9.4756
      vertex -89.98 94.175 9.57106
      vertex -89.98 94.3686 9.4756
    endloop
  endfacet
  facet normal 0 0.44224 0.896897
    outer loop
      vertex -89.98 94.175 9.57106
      vertex -96.08 94.3686 9.4756
      vertex -96.08 94.175 9.57106
    endloop
  endfacet
  facet normal 0 -0.980794 -0.195047
    outer loop
      vertex -96.08 96.6359 11.2154
      vertex -89.98 96.5938 11.4271
      vertex -96.08 96.5938 11.4271
    endloop
  endfacet
  facet normal 0 -0.980794 -0.195047
    outer loop
      vertex -89.98 96.5938 11.4271
      vertex -96.08 96.6359 11.2154
      vertex -89.98 96.6359 11.2154
    endloop
  endfacet
  facet normal 0 0.94686 0.321645
    outer loop
      vertex -89.98 93.4756 10.3686
      vertex -96.08 93.4062 10.5729
      vertex -89.98 93.4062 10.5729
    endloop
  endfacet
  facet normal 0 0.94686 0.321645
    outer loop
      vertex -96.08 93.4062 10.5729
      vertex -89.98 93.4756 10.3686
      vertex -96.08 93.4756 10.3686
    endloop
  endfacet
  facet normal 0 0.980794 0.195047
    outer loop
      vertex -89.98 93.4062 10.5729
      vertex -96.08 93.3641 10.7846
      vertex -89.98 93.3641 10.7846
    endloop
  endfacet
  facet normal 0 0.980794 0.195047
    outer loop
      vertex -96.08 93.3641 10.7846
      vertex -89.98 93.4062 10.5729
      vertex -96.08 93.4062 10.5729
    endloop
  endfacet
  facet normal 0 0.195136 -0.980776
    outer loop
      vertex -96.08 94.573 12.5938
      vertex -89.98 94.7846 12.6359
      vertex -89.98 94.573 12.5938
    endloop
  endfacet
  facet normal 0 0.195136 -0.980776
    outer loop
      vertex -89.98 94.7846 12.6359
      vertex -96.08 94.573 12.5938
      vertex -96.08 94.7846 12.6359
    endloop
  endfacet
  facet normal 0 0.751856 0.659328
    outer loop
      vertex -89.98 93.8333 9.83327
      vertex -96.08 93.691 9.99554
      vertex -89.98 93.691 9.99554
    endloop
  endfacet
  facet normal 0 0.751856 0.659328
    outer loop
      vertex -96.08 93.691 9.99554
      vertex -89.98 93.8333 9.83327
      vertex -96.08 93.8333 9.83327
    endloop
  endfacet
  facet normal 0 0.555448 -0.831551
    outer loop
      vertex -96.08 93.9955 12.309
      vertex -89.98 94.175 12.4289
      vertex -89.98 93.9955 12.309
    endloop
  endfacet
  facet normal 0 0.555448 -0.831551
    outer loop
      vertex -89.98 94.175 12.4289
      vertex -96.08 93.9955 12.309
      vertex -96.08 94.175 12.4289
    endloop
  endfacet
  facet normal 0 -0.980794 0.195047
    outer loop
      vertex -96.08 96.5938 10.5729
      vertex -89.98 96.6359 10.7846
      vertex -96.08 96.6359 10.7846
    endloop
  endfacet
  facet normal 0 -0.980794 0.195047
    outer loop
      vertex -89.98 96.6359 10.7846
      vertex -96.08 96.5938 10.5729
      vertex -89.98 96.5938 10.5729
    endloop
  endfacet
  facet normal 0 0.831494 0.555534
    outer loop
      vertex -89.98 93.691 9.99554
      vertex -96.08 93.5711 10.175
      vertex -89.98 93.5711 10.175
    endloop
  endfacet
  facet normal 0 0.831494 0.555534
    outer loop
      vertex -96.08 93.5711 10.175
      vertex -89.98 93.691 9.99554
      vertex -96.08 93.691 9.99554
    endloop
  endfacet
  facet normal 0 0 -1
    outer loop
      vertex -89.98 93.3834 13.8
      vertex -87.48 96.6166 13.8
      vertex -87.48 93.3834 13.8
    endloop
  endfacet
  facet normal -0 0 -1
    outer loop
      vertex -87.48 96.6166 13.8
      vertex -89.98 93.3834 13.8
      vertex -89.98 96.6166 13.8
    endloop
  endfacet
  facet normal -0 0 1
    outer loop
      vertex -89.98 96.6166 8.2
      vertex -87.48 93.3834 8.2
      vertex -87.48 96.6166 8.2
    endloop
  endfacet
  facet normal 0 0 1
    outer loop
      vertex -87.48 93.3834 8.2
      vertex -89.98 96.6166 8.2
      vertex -89.98 93.3834 8.2
    endloop
  endfacet
  facet normal 1 0 0
    outer loop
      vertex -89.98 98.2332 11
      vertex -89.98 96.6359 11.2154
      vertex -89.98 96.65 11
    endloop
  endfacet
  facet normal 1 -0 0
    outer loop
      vertex -89.98 96.4289 11.825
      vertex -89.98 98.2332 11
      vertex -89.98 96.6166 13.8
    endloop
  endfacet
  facet normal 1 0 0
    outer loop
      vertex -89.98 98.2332 11
      vertex -89.98 96.5938 11.4271
      vertex -89.98 96.6359 11.2154
    endloop
  endfacet
  facet normal 1 0 0
    outer loop
      vertex -89.98 98.2332 11
      vertex -89.98 96.5244 11.6314
      vertex -89.98 96.5938 11.4271
    endloop
  endfacet
  facet normal 1 0 0
    outer loop
      vertex -89.98 98.2332 11
      vertex -89.98 96.4289 11.825
      vertex -89.98 96.5244 11.6314
    endloop
  endfacet
  facet normal 1 0 0
    outer loop
      vertex -89.98 96.6166 13.8
      vertex -89.98 96.309 12.0045
      vertex -89.98 96.4289 11.825
    endloop
  endfacet
  facet normal 1 0 0
    outer loop
      vertex -89.98 96.6166 13.8
      vertex -89.98 96.1667 12.1667
      vertex -89.98 96.309 12.0045
    endloop
  endfacet
  facet normal 1 0 0
    outer loop
      vertex -89.98 96.6166 13.8
      vertex -89.98 96.0045 12.309
      vertex -89.98 96.1667 12.1667
    endloop
  endfacet
  facet normal 1 0 0
    outer loop
      vertex -89.98 96.6166 13.8
      vertex -89.98 95.825 12.4289
      vertex -89.98 96.0045 12.309
    endloop
  endfacet
  facet normal 1 0 0
    outer loop
      vertex -89.98 96.6166 13.8
      vertex -89.98 95.6314 12.5244
      vertex -89.98 95.825 12.4289
    endloop
  endfacet
  facet normal 1 0 0
    outer loop
      vertex -89.98 96.6166 13.8
      vertex -89.98 95.427 12.5938
      vertex -89.98 95.6314 12.5244
    endloop
  endfacet
  facet normal 1 0 0
    outer loop
      vertex -89.98 96.6166 13.8
      vertex -89.98 95.2154 12.6359
      vertex -89.98 95.427 12.5938
    endloop
  endfacet
  facet normal 1 0 0
    outer loop
      vertex -89.98 96.6166 13.8
      vertex -89.98 95 12.65
      vertex -89.98 95.2154 12.6359
    endloop
  endfacet
  facet normal 1 -0 0
    outer loop
      vertex -89.98 93.3834 13.8
      vertex -89.98 95 12.65
      vertex -89.98 96.6166 13.8
    endloop
  endfacet
  facet normal 1 0 0
    outer loop
      vertex -89.98 95 12.65
      vertex -89.98 93.3834 13.8
      vertex -89.98 94.7846 12.6359
    endloop
  endfacet
  facet normal 1 0 0
    outer loop
      vertex -89.98 94.7846 12.6359
      vertex -89.98 93.3834 13.8
      vertex -89.98 94.573 12.5938
    endloop
  endfacet
  facet normal 1 0 0
    outer loop
      vertex -89.98 94.573 12.5938
      vertex -89.98 93.3834 13.8
      vertex -89.98 94.3686 12.5244
    endloop
  endfacet
  facet normal 1 0 0
    outer loop
      vertex -89.98 94.3686 12.5244
      vertex -89.98 93.3834 13.8
      vertex -89.98 94.175 12.4289
    endloop
  endfacet
  facet normal 1 0 0
    outer loop
      vertex -89.98 93.3834 13.8
      vertex -89.98 93.9955 12.309
      vertex -89.98 94.175 12.4289
    endloop
  endfacet
  facet normal 1 0 0
    outer loop
      vertex -89.98 93.3834 13.8
      vertex -89.98 93.8333 12.1667
      vertex -89.98 93.9955 12.309
    endloop
  endfacet
  facet normal 1 0 0
    outer loop
      vertex -89.98 93.3834 13.8
      vertex -89.98 93.691 12.0045
      vertex -89.98 93.8333 12.1667
    endloop
  endfacet
  facet normal 1 0 0
    outer loop
      vertex -89.98 93.3834 13.8
      vertex -89.98 93.5711 11.825
      vertex -89.98 93.691 12.0045
    endloop
  endfacet
  facet normal 1 0 0
    outer loop
      vertex -89.98 91.7668 11
      vertex -89.98 93.5711 11.825
      vertex -89.98 93.3834 13.8
    endloop
  endfacet
  facet normal 1 0 0
    outer loop
      vertex -89.98 93.5711 11.825
      vertex -89.98 91.7668 11
      vertex -89.98 93.4756 11.6314
    endloop
  endfacet
  facet normal 1 0 0
    outer loop
      vertex -89.98 93.4756 11.6314
      vertex -89.98 91.7668 11
      vertex -89.98 93.4062 11.4271
    endloop
  endfacet
  facet normal 1 0 0
    outer loop
      vertex -89.98 93.4062 11.4271
      vertex -89.98 91.7668 11
      vertex -89.98 93.3641 11.2154
    endloop
  endfacet
  facet normal 1 0 0
    outer loop
      vertex -89.98 93.3641 11.2154
      vertex -89.98 91.7668 11
      vertex -89.98 93.35 11
    endloop
  endfacet
  facet normal 1 0 0
    outer loop
      vertex -89.98 96.6359 10.7846
      vertex -89.98 98.2332 11
      vertex -89.98 96.65 11
    endloop
  endfacet
  facet normal 1 0 0
    outer loop
      vertex -89.98 96.5938 10.5729
      vertex -89.98 98.2332 11
      vertex -89.98 96.6359 10.7846
    endloop
  endfacet
  facet normal 1 0 0
    outer loop
      vertex -89.98 96.5244 10.3686
      vertex -89.98 98.2332 11
      vertex -89.98 96.5938 10.5729
    endloop
  endfacet
  facet normal 1 0 0
    outer loop
      vertex -89.98 96.4289 10.175
      vertex -89.98 98.2332 11
      vertex -89.98 96.5244 10.3686
    endloop
  endfacet
  facet normal 1 0 0
    outer loop
      vertex -89.98 98.2332 11
      vertex -89.98 96.4289 10.175
      vertex -89.98 96.6166 8.2
    endloop
  endfacet
  facet normal 1 -0 0
    outer loop
      vertex -89.98 96.309 9.99554
      vertex -89.98 96.6166 8.2
      vertex -89.98 96.4289 10.175
    endloop
  endfacet
  facet normal 1 -0 0
    outer loop
      vertex -89.98 96.1667 9.83327
      vertex -89.98 96.6166 8.2
      vertex -89.98 96.309 9.99554
    endloop
  endfacet
  facet normal 1 -0 0
    outer loop
      vertex -89.98 96.0045 9.69097
      vertex -89.98 96.6166 8.2
      vertex -89.98 96.1667 9.83327
    endloop
  endfacet
  facet normal 1 -0 0
    outer loop
      vertex -89.98 95.825 9.57106
      vertex -89.98 96.6166 8.2
      vertex -89.98 96.0045 9.69097
    endloop
  endfacet
  facet normal 1 -0 0
    outer loop
      vertex -89.98 95.6314 9.4756
      vertex -89.98 96.6166 8.2
      vertex -89.98 95.825 9.57106
    endloop
  endfacet
  facet normal 1 -0 0
    outer loop
      vertex -89.98 95.427 9.40622
      vertex -89.98 96.6166 8.2
      vertex -89.98 95.6314 9.4756
    endloop
  endfacet
  facet normal 1 -0 0
    outer loop
      vertex -89.98 95.2154 9.36411
      vertex -89.98 96.6166 8.2
      vertex -89.98 95.427 9.40622
    endloop
  endfacet
  facet normal 1 -0 0
    outer loop
      vertex -89.98 95 9.35
      vertex -89.98 96.6166 8.2
      vertex -89.98 95.2154 9.36411
    endloop
  endfacet
  facet normal 1 0 0
    outer loop
      vertex -89.98 93.3834 8.2
      vertex -89.98 95 9.35
      vertex -89.98 94.7846 9.36411
    endloop
  endfacet
  facet normal 1 0 0
    outer loop
      vertex -89.98 93.3834 8.2
      vertex -89.98 94.7846 9.36411
      vertex -89.98 94.573 9.40622
    endloop
  endfacet
  facet normal 1 0 0
    outer loop
      vertex -89.98 93.3834 8.2
      vertex -89.98 94.573 9.40622
      vertex -89.98 94.3686 9.4756
    endloop
  endfacet
  facet normal 1 0 0
    outer loop
      vertex -89.98 93.3834 8.2
      vertex -89.98 94.3686 9.4756
      vertex -89.98 94.175 9.57106
    endloop
  endfacet
  facet normal 1 0 0
    outer loop
      vertex -89.98 95 9.35
      vertex -89.98 93.3834 8.2
      vertex -89.98 96.6166 8.2
    endloop
  endfacet
  facet normal 1 0 0
    outer loop
      vertex -89.98 93.9955 9.69097
      vertex -89.98 93.3834 8.2
      vertex -89.98 94.175 9.57106
    endloop
  endfacet
  facet normal 1 0 0
    outer loop
      vertex -89.98 93.8333 9.83327
      vertex -89.98 93.3834 8.2
      vertex -89.98 93.9955 9.69097
    endloop
  endfacet
  facet normal 1 0 0
    outer loop
      vertex -89.98 93.691 9.99554
      vertex -89.98 93.3834 8.2
      vertex -89.98 93.8333 9.83327
    endloop
  endfacet
  facet normal 1 0 0
    outer loop
      vertex -89.98 93.5711 10.175
      vertex -89.98 93.3834 8.2
      vertex -89.98 93.691 9.99554
    endloop
  endfacet
  facet normal 1 0 0
    outer loop
      vertex -89.98 91.7668 11
      vertex -89.98 93.5711 10.175
      vertex -89.98 93.4756 10.3686
    endloop
  endfacet
  facet normal 1 0 0
    outer loop
      vertex -89.98 91.7668 11
      vertex -89.98 93.4756 10.3686
      vertex -89.98 93.4062 10.5729
    endloop
  endfacet
  facet normal 1 0 0
    outer loop
      vertex -89.98 91.7668 11
      vertex -89.98 93.4062 10.5729
      vertex -89.98 93.3641 10.7846
    endloop
  endfacet
  facet normal 1 -0 0
    outer loop
      vertex -89.98 91.7668 11
      vertex -89.98 93.3641 10.7846
      vertex -89.98 93.35 11
    endloop
  endfacet
  facet normal 1 0 0
    outer loop
      vertex -89.98 93.5711 10.175
      vertex -89.98 91.7668 11
      vertex -89.98 93.3834 8.2
    endloop
  endfacet
  facet normal 0 0.866023 -0.500004
    outer loop
      vertex -87.48 91.7668 11
      vertex -89.98 93.3834 13.8
      vertex -87.48 93.3834 13.8
    endloop
  endfacet
  facet normal 0 0.866023 -0.500004
    outer loop
      vertex -89.98 93.3834 13.8
      vertex -87.48 91.7668 11
      vertex -89.98 91.7668 11
    endloop
  endfacet
  facet normal 0 0.866023 0.500004
    outer loop
      vertex -87.48 93.3834 8.2
      vertex -89.98 91.7668 11
      vertex -87.48 91.7668 11
    endloop
  endfacet
  facet normal 0 0.866023 0.500004
    outer loop
      vertex -89.98 91.7668 11
      vertex -87.48 93.3834 8.2
      vertex -89.98 93.3834 8.2
    endloop
  endfacet
  facet normal 0 -0.866023 -0.500004
    outer loop
      vertex -89.98 98.2332 11
      vertex -87.48 96.6166 13.8
      vertex -89.98 96.6166 13.8
    endloop
  endfacet
  facet normal 0 -0.866023 -0.500004
    outer loop
      vertex -87.48 96.6166 13.8
      vertex -89.98 98.2332 11
      vertex -87.48 98.2332 11
    endloop
  endfacet
  facet normal 0 -0.866023 0.500004
    outer loop
      vertex -89.98 96.6166 8.2
      vertex -87.48 98.2332 11
      vertex -89.98 98.2332 11
    endloop
  endfacet
  facet normal 0 -0.866023 0.500004
    outer loop
      vertex -87.48 98.2332 11
      vertex -89.98 96.6166 8.2
      vertex -87.48 96.6166 8.2
    endloop
  endfacet
  facet normal 0 1 -0
    outer loop
      vertex -64.5 3 -5.72205e-07
      vertex -87.48 3 22.2
      vertex -64.5 3 22.2
    endloop
  endfacet
  facet normal 0 1 0
    outer loop
      vertex -87.48 3 22.2
      vertex -64.5 3 -5.72205e-07
      vertex -87.48 3 -5.72205e-07
    endloop
  endfacet
  facet normal 0 1 -0
    outer loop
      vertex 55.5 3 -5.72205e-07
      vertex -55.5 3 22.2
      vertex 55.5 3 22.2
    endloop
  endfacet
  facet normal 0 1 0
    outer loop
      vertex -55.5 3 22.2
      vertex 55.5 3 -5.72205e-07
      vertex -55.5 3 -5.72205e-07
    endloop
  endfacet
  facet normal 0 1 -0
    outer loop
      vertex 87.48 3 -5.72205e-07
      vertex 64.5 3 22.2
      vertex 87.48 3 22.2
    endloop
  endfacet
  facet normal 0 1 0
    outer loop
      vertex 64.5 3 22.2
      vertex 87.48 3 -5.72205e-07
      vertex 64.5 3 -5.72205e-07
    endloop
  endfacet
  facet normal 0 -1 0
    outer loop
      vertex -87.48 114.56 -5.72205e-07
      vertex -64.5 114.56 22.2
      vertex -87.48 114.56 22.2
    endloop
  endfacet
  facet normal 0 -1 -0
    outer loop
      vertex -64.5 114.56 22.2
      vertex -87.48 114.56 -5.72205e-07
      vertex -64.5 114.56 -5.72205e-07
    endloop
  endfacet
  facet normal 0 -1 0
    outer loop
      vertex -55.5 114.56 -5.72205e-07
      vertex 55.5 114.56 22.2
      vertex -55.5 114.56 22.2
    endloop
  endfacet
  facet normal 0 -1 -0
    outer loop
      vertex 55.5 114.56 22.2
      vertex -55.5 114.56 -5.72205e-07
      vertex 55.5 114.56 -5.72205e-07
    endloop
  endfacet
  facet normal 0 -1 0
    outer loop
      vertex 64.5 114.56 -5.72205e-07
      vertex 87.48 114.56 22.2
      vertex 64.5 114.56 22.2
    endloop
  endfacet
  facet normal 0 -1 -0
    outer loop
      vertex 87.48 114.56 22.2
      vertex 64.5 114.56 -5.72205e-07
      vertex 87.48 114.56 -5.72205e-07
    endloop
  endfacet
  facet normal 1 -0 0
    outer loop
      vertex -55.5 3 22.2
      vertex -55.5 8 -5.72205e-07
      vertex -55.5 8 22.2
    endloop
  endfacet
  facet normal 1 0 0
    outer loop
      vertex -55.5 8 -5.72205e-07
      vertex -55.5 3 22.2
      vertex -55.5 3 -5.72205e-07
    endloop
  endfacet
  facet normal -1 0 0
    outer loop
      vertex -64.5 3 -5.72205e-07
      vertex -64.5 8 22.2
      vertex -64.5 8 -5.72205e-07
    endloop
  endfacet
  facet normal -1 -0 0
    outer loop
      vertex -64.5 8 22.2
      vertex -64.5 3 -5.72205e-07
      vertex -64.5 3 22.2
    endloop
  endfacet
  facet normal 0 1 -0
    outer loop
      vertex -55.5 8 -5.72205e-07
      vertex -64.5 8 22.2
      vertex -55.5 8 22.2
    endloop
  endfacet
  facet normal 0 1 0
    outer loop
      vertex -64.5 8 22.2
      vertex -55.5 8 -5.72205e-07
      vertex -64.5 8 -5.72205e-07
    endloop
  endfacet
  facet normal 1 -0 0
    outer loop
      vertex -55.5 109.56 22.2
      vertex -55.5 114.56 -5.72205e-07
      vertex -55.5 114.56 22.2
    endloop
  endfacet
  facet normal 1 0 0
    outer loop
      vertex -55.5 114.56 -5.72205e-07
      vertex -55.5 109.56 22.2
      vertex -55.5 109.56 -5.72205e-07
    endloop
  endfacet
  facet normal -1 0 0
    outer loop
      vertex -64.5 109.56 -5.72205e-07
      vertex -64.5 114.56 22.2
      vertex -64.5 114.56 -5.72205e-07
    endloop
  endfacet
  facet normal -1 -0 0
    outer loop
      vertex -64.5 114.56 22.2
      vertex -64.5 109.56 -5.72205e-07
      vertex -64.5 109.56 22.2
    endloop
  endfacet
  facet normal 0 -1 0
    outer loop
      vertex -64.5 109.56 -5.72205e-07
      vertex -55.5 109.56 22.2
      vertex -64.5 109.56 22.2
    endloop
  endfacet
  facet normal 0 -1 -0
    outer loop
      vertex -55.5 109.56 22.2
      vertex -64.5 109.56 -5.72205e-07
      vertex -55.5 109.56 -5.72205e-07
    endloop
  endfacet
  facet normal 1 -0 0
    outer loop
      vertex 64.5 3 22.2
      vertex 64.5 8 -5.72205e-07
      vertex 64.5 8 22.2
    endloop
  endfacet
  facet normal 1 0 0
    outer loop
      vertex 64.5 8 -5.72205e-07
      vertex 64.5 3 22.2
      vertex 64.5 3 -5.72205e-07
    endloop
  endfacet
  facet normal -1 0 0
    outer loop
      vertex 55.5 3 -5.72205e-07
      vertex 55.5 8 22.2
      vertex 55.5 8 -5.72205e-07
    endloop
  endfacet
  facet normal -1 -0 0
    outer loop
      vertex 55.5 8 22.2
      vertex 55.5 3 -5.72205e-07
      vertex 55.5 3 22.2
    endloop
  endfacet
  facet normal 0 1 -0
    outer loop
      vertex 64.5 8 -5.72205e-07
      vertex 55.5 8 22.2
      vertex 64.5 8 22.2
    endloop
  endfacet
  facet normal 0 1 0
    outer loop
      vertex 55.5 8 22.2
      vertex 64.5 8 -5.72205e-07
      vertex 55.5 8 -5.72205e-07
    endloop
  endfacet
  facet normal 1 -0 0
    outer loop
      vertex 64.5 109.56 22.2
      vertex 64.5 114.56 -5.72205e-07
      vertex 64.5 114.56 22.2
    endloop
  endfacet
  facet normal 1 0 0
    outer loop
      vertex 64.5 114.56 -5.72205e-07
      vertex 64.5 109.56 22.2
      vertex 64.5 109.56 -5.72205e-07
    endloop
  endfacet
  facet normal -1 0 0
    outer loop
      vertex 55.5 109.56 -5.72205e-07
      vertex 55.5 114.56 22.2
      vertex 55.5 114.56 -5.72205e-07
    endloop
  endfacet
  facet normal -1 -0 0
    outer loop
      vertex 55.5 114.56 22.2
      vertex 55.5 109.56 -5.72205e-07
      vertex 55.5 109.56 22.2
    endloop
  endfacet
  facet normal 0 -1 0
    outer loop
      vertex 55.5 109.56 -5.72205e-07
      vertex 64.5 109.56 22.2
      vertex 55.5 109.56 22.2
    endloop
  endfacet
  facet normal 0 -1 -0
    outer loop
      vertex 64.5 109.56 22.2
      vertex 55.5 109.56 -5.72205e-07
      vertex 64.5 109.56 -5.72205e-07
    endloop
  endfacet
  facet normal -0.980733 -0.195354 0
    outer loop
      vertex -58.6615 4.42621 8.2
      vertex -58.696 4.59941 22.2
      vertex -58.696 4.59941 8.2
    endloop
  endfacet
  facet normal -0.980733 -0.195354 0
    outer loop
      vertex -58.696 4.59941 22.2
      vertex -58.6615 4.42621 8.2
      vertex -58.6615 4.42621 22.2
    endloop
  endfacet
  facet normal -0.997877 -0.0651245 0
    outer loop
      vertex -58.65 4.25 8.2
      vertex -58.6615 4.42621 22.2
      vertex -58.6615 4.42621 8.2
    endloop
  endfacet
  facet normal -0.997877 -0.0651245 0
    outer loop
      vertex -58.6615 4.42621 22.2
      vertex -58.65 4.25 8.2
      vertex -58.65 4.25 22.2
    endloop
  endfacet
  facet normal -0.946861 -0.321642 0
    outer loop
      vertex -58.696 4.59941 8.2
      vertex -58.7528 4.76662 22.2
      vertex -58.7528 4.76662 8.2
    endloop
  endfacet
  facet normal -0.946861 -0.321642 0
    outer loop
      vertex -58.7528 4.76662 22.2
      vertex -58.696 4.59941 8.2
      vertex -58.696 4.59941 22.2
    endloop
  endfacet
  facet normal -0.831492 -0.555536 0
    outer loop
      vertex -58.8309 4.925 8.2
      vertex -58.929 5.07183 22.2
      vertex -58.929 5.07183 8.2
    endloop
  endfacet
  facet normal -0.831492 -0.555536 0
    outer loop
      vertex -58.929 5.07183 22.2
      vertex -58.8309 4.925 8.2
      vertex -58.8309 4.925 22.2
    endloop
  endfacet
  facet normal 0.946861 0.321642 0
    outer loop
      vertex -61.2472 3.73338 22.2
      vertex -61.304 3.90059 8.2
      vertex -61.304 3.90059 22.2
    endloop
  endfacet
  facet normal 0.946861 0.321642 0
    outer loop
      vertex -61.304 3.90059 8.2
      vertex -61.2472 3.73338 22.2
      vertex -61.2472 3.73338 8.2
    endloop
  endfacet
  facet normal -0.321456 0.946925 0
    outer loop
      vertex -59.4834 3.00276 8.2
      vertex -59.6506 2.946 22.2
      vertex -59.4834 3.00276 22.2
    endloop
  endfacet
  facet normal -0.321456 0.946925 0
    outer loop
      vertex -59.6506 2.946 22.2
      vertex -59.4834 3.00276 8.2
      vertex -59.6506 2.946 8.2
    endloop
  endfacet
  facet normal -0.896883 -0.442269 0
    outer loop
      vertex -58.7528 4.76662 8.2
      vertex -58.8309 4.925 22.2
      vertex -58.8309 4.925 8.2
    endloop
  endfacet
  facet normal -0.896883 -0.442269 0
    outer loop
      vertex -58.8309 4.925 22.2
      vertex -58.7528 4.76662 8.2
      vertex -58.7528 4.76662 22.2
    endloop
  endfacet
  facet normal 0.555615 -0.83144 0
    outer loop
      vertex -60.8218 5.32103 8.2
      vertex -60.675 5.41913 22.2
      vertex -60.8218 5.32103 22.2
    endloop
  endfacet
  facet normal 0.555615 -0.83144 0
    outer loop
      vertex -60.675 5.41913 22.2
      vertex -60.8218 5.32103 8.2
      vertex -60.675 5.41913 8.2
    endloop
  endfacet
  facet normal -0.980733 0.195354 0
    outer loop
      vertex -58.696 3.90059 8.2
      vertex -58.6615 4.07379 22.2
      vertex -58.6615 4.07379 8.2
    endloop
  endfacet
  facet normal -0.980733 0.195354 0
    outer loop
      vertex -58.6615 4.07379 22.2
      vertex -58.696 3.90059 8.2
      vertex -58.696 3.90059 22.2
    endloop
  endfacet
  facet normal 0 0 1
    outer loop
      vertex -58.6615 4.42621 8.2
      vertex -58.6615 4.07379 8.2
      vertex -58.65 4.25 8.2
    endloop
  endfacet
  facet normal 0 0 1
    outer loop
      vertex -58.696 4.59941 8.2
      vertex -58.6615 4.07379 8.2
      vertex -58.6615 4.42621 8.2
    endloop
  endfacet
  facet normal 0 0 1
    outer loop
      vertex -58.696 4.59941 8.2
      vertex -58.696 3.90059 8.2
      vertex -58.6615 4.07379 8.2
    endloop
  endfacet
  facet normal 0 0 1
    outer loop
      vertex -58.7528 4.76662 8.2
      vertex -58.696 3.90059 8.2
      vertex -58.696 4.59941 8.2
    endloop
  endfacet
  facet normal 0 0 1
    outer loop
      vertex -58.7528 4.76662 8.2
      vertex -58.7528 3.73338 8.2
      vertex -58.696 3.90059 8.2
    endloop
  endfacet
  facet normal 0 0 1
    outer loop
      vertex -58.8309 4.925 8.2
      vertex -58.7528 3.73338 8.2
      vertex -58.7528 4.76662 8.2
    endloop
  endfacet
  facet normal 0 0 1
    outer loop
      vertex -58.8309 4.925 8.2
      vertex -58.8309 3.575 8.2
      vertex -58.7528 3.73338 8.2
    endloop
  endfacet
  facet normal 0 0 1
    outer loop
      vertex -58.929 5.07183 8.2
      vertex -58.8309 3.575 8.2
      vertex -58.8309 4.925 8.2
    endloop
  endfacet
  facet normal 0 0 1
    outer loop
      vertex -58.929 5.07183 8.2
      vertex -58.929 3.42817 8.2
      vertex -58.8309 3.575 8.2
    endloop
  endfacet
  facet normal 0 0 1
    outer loop
      vertex -59.0454 5.20459 8.2
      vertex -58.929 3.42817 8.2
      vertex -58.929 5.07183 8.2
    endloop
  endfacet
  facet normal 0 0 1
    outer loop
      vertex -59.0454 5.20459 8.2
      vertex -59.0454 3.29541 8.2
      vertex -58.929 3.42817 8.2
    endloop
  endfacet
  facet normal 0 0 1
    outer loop
      vertex -59.1782 5.32103 8.2
      vertex -59.0454 3.29541 8.2
      vertex -59.0454 5.20459 8.2
    endloop
  endfacet
  facet normal 0 0 1
    outer loop
      vertex -59.1782 5.32103 8.2
      vertex -59.1782 3.17897 8.2
      vertex -59.0454 3.29541 8.2
    endloop
  endfacet
  facet normal 0 0 1
    outer loop
      vertex -59.325 5.41913 8.2
      vertex -59.1782 3.17897 8.2
      vertex -59.1782 5.32103 8.2
    endloop
  endfacet
  facet normal 0 0 1
    outer loop
      vertex -59.325 5.41913 8.2
      vertex -59.325 3.08086 8.2
      vertex -59.1782 3.17897 8.2
    endloop
  endfacet
  facet normal 0 0 1
    outer loop
      vertex -59.4834 5.49724 8.2
      vertex -59.325 3.08086 8.2
      vertex -59.325 5.41913 8.2
    endloop
  endfacet
  facet normal 0 0 1
    outer loop
      vertex -59.4834 5.49724 8.2
      vertex -59.4834 3.00276 8.2
      vertex -59.325 3.08086 8.2
    endloop
  endfacet
  facet normal 0 0 1
    outer loop
      vertex -59.6506 5.554 8.2
      vertex -59.4834 3.00276 8.2
      vertex -59.4834 5.49724 8.2
    endloop
  endfacet
  facet normal 0 0 1
    outer loop
      vertex -59.6506 5.554 8.2
      vertex -59.6506 2.946 8.2
      vertex -59.4834 3.00276 8.2
    endloop
  endfacet
  facet normal 0 0 1
    outer loop
      vertex -59.8238 5.58845 8.2
      vertex -59.6506 2.946 8.2
      vertex -59.6506 5.554 8.2
    endloop
  endfacet
  facet normal 0 0 1
    outer loop
      vertex -59.8238 5.58845 8.2
      vertex -59.8238 2.91155 8.2
      vertex -59.6506 2.946 8.2
    endloop
  endfacet
  facet normal 0 0 1
    outer loop
      vertex -60 5.6 8.2
      vertex -59.8238 2.91155 8.2
      vertex -59.8238 5.58845 8.2
    endloop
  endfacet
  facet normal 0 0 1
    outer loop
      vertex -60 5.6 8.2
      vertex -60 2.9 8.2
      vertex -59.8238 2.91155 8.2
    endloop
  endfacet
  facet normal -0 0 1
    outer loop
      vertex -60.1762 5.58845 8.2
      vertex -60 2.9 8.2
      vertex -60 5.6 8.2
    endloop
  endfacet
  facet normal 0 0 1
    outer loop
      vertex -60.1762 5.58845 8.2
      vertex -60.1762 2.91155 8.2
      vertex -60 2.9 8.2
    endloop
  endfacet
  facet normal -0 0 1
    outer loop
      vertex -60.3494 5.554 8.2
      vertex -60.1762 2.91155 8.2
      vertex -60.1762 5.58845 8.2
    endloop
  endfacet
  facet normal 0 0 1
    outer loop
      vertex -60.3494 5.554 8.2
      vertex -60.3494 2.946 8.2
      vertex -60.1762 2.91155 8.2
    endloop
  endfacet
  facet normal -0 0 1
    outer loop
      vertex -60.5166 5.49724 8.2
      vertex -60.3494 2.946 8.2
      vertex -60.3494 5.554 8.2
    endloop
  endfacet
  facet normal 0 0 1
    outer loop
      vertex -60.5166 5.49724 8.2
      vertex -60.5166 3.00276 8.2
      vertex -60.3494 2.946 8.2
    endloop
  endfacet
  facet normal -0 0 1
    outer loop
      vertex -60.675 5.41913 8.2
      vertex -60.5166 3.00276 8.2
      vertex -60.5166 5.49724 8.2
    endloop
  endfacet
  facet normal 0 0 1
    outer loop
      vertex -60.675 5.41913 8.2
      vertex -60.675 3.08086 8.2
      vertex -60.5166 3.00276 8.2
    endloop
  endfacet
  facet normal -0 0 1
    outer loop
      vertex -60.8218 5.32103 8.2
      vertex -60.675 3.08086 8.2
      vertex -60.675 5.41913 8.2
    endloop
  endfacet
  facet normal 0 0 1
    outer loop
      vertex -60.8218 5.32103 8.2
      vertex -60.8218 3.17897 8.2
      vertex -60.675 3.08086 8.2
    endloop
  endfacet
  facet normal -0 0 1
    outer loop
      vertex -60.9546 5.20459 8.2
      vertex -60.8218 3.17897 8.2
      vertex -60.8218 5.32103 8.2
    endloop
  endfacet
  facet normal 0 0 1
    outer loop
      vertex -60.9546 5.20459 8.2
      vertex -60.9546 3.29541 8.2
      vertex -60.8218 3.17897 8.2
    endloop
  endfacet
  facet normal -0 0 1
    outer loop
      vertex -61.071 5.07183 8.2
      vertex -60.9546 3.29541 8.2
      vertex -60.9546 5.20459 8.2
    endloop
  endfacet
  facet normal 0 0 1
    outer loop
      vertex -61.071 5.07183 8.2
      vertex -61.071 3.42817 8.2
      vertex -60.9546 3.29541 8.2
    endloop
  endfacet
  facet normal -0 0 1
    outer loop
      vertex -61.1691 4.925 8.2
      vertex -61.071 3.42817 8.2
      vertex -61.071 5.07183 8.2
    endloop
  endfacet
  facet normal 0 0 1
    outer loop
      vertex -61.1691 4.925 8.2
      vertex -61.1691 3.575 8.2
      vertex -61.071 3.42817 8.2
    endloop
  endfacet
  facet normal -0 0 1
    outer loop
      vertex -61.2472 4.76662 8.2
      vertex -61.1691 3.575 8.2
      vertex -61.1691 4.925 8.2
    endloop
  endfacet
  facet normal 0 0 1
    outer loop
      vertex -61.2472 4.76662 8.2
      vertex -61.2472 3.73338 8.2
      vertex -61.1691 3.575 8.2
    endloop
  endfacet
  facet normal -0 0 1
    outer loop
      vertex -61.304 4.59941 8.2
      vertex -61.2472 3.73338 8.2
      vertex -61.2472 4.76662 8.2
    endloop
  endfacet
  facet normal 0 0 1
    outer loop
      vertex -61.304 4.59941 8.2
      vertex -61.304 3.90059 8.2
      vertex -61.2472 3.73338 8.2
    endloop
  endfacet
  facet normal -0 0 1
    outer loop
      vertex -61.3385 4.42621 8.2
      vertex -61.304 3.90059 8.2
      vertex -61.304 4.59941 8.2
    endloop
  endfacet
  facet normal 0 0 1
    outer loop
      vertex -61.3385 4.42621 8.2
      vertex -61.3385 4.07379 8.2
      vertex -61.304 3.90059 8.2
    endloop
  endfacet
  facet normal 0 -0 1
    outer loop
      vertex -61.3385 4.07379 8.2
      vertex -61.3385 4.42621 8.2
      vertex -61.35 4.25 8.2
    endloop
  endfacet
  facet normal -0.321456 -0.946925 0
    outer loop
      vertex -59.6506 5.554 8.2
      vertex -59.4834 5.49724 22.2
      vertex -59.6506 5.554 22.2
    endloop
  endfacet
  facet normal -0.321456 -0.946925 -0
    outer loop
      vertex -59.4834 5.49724 22.2
      vertex -59.6506 5.554 8.2
      vertex -59.4834 5.49724 8.2
    endloop
  endfacet
  facet normal 0.659274 -0.751903 0
    outer loop
      vertex -60.9546 5.20459 8.2
      vertex -60.8218 5.32103 22.2
      vertex -60.9546 5.20459 22.2
    endloop
  endfacet
  facet normal 0.659274 -0.751903 0
    outer loop
      vertex -60.8218 5.32103 22.2
      vertex -60.9546 5.20459 8.2
      vertex -60.8218 5.32103 8.2
    endloop
  endfacet
  facet normal -0.555654 0.831414 0
    outer loop
      vertex -59.1782 3.17897 8.2
      vertex -59.325 3.08086 22.2
      vertex -59.1782 3.17897 22.2
    endloop
  endfacet
  facet normal -0.555654 0.831414 0
    outer loop
      vertex -59.325 3.08086 22.2
      vertex -59.1782 3.17897 8.2
      vertex -59.325 3.08086 8.2
    endloop
  endfacet
  facet normal 0.195081 -0.980787 0
    outer loop
      vertex -60.3494 5.554 8.2
      vertex -60.1762 5.58845 22.2
      vertex -60.3494 5.554 22.2
    endloop
  endfacet
  facet normal 0.195081 -0.980787 0
    outer loop
      vertex -60.1762 5.58845 22.2
      vertex -60.3494 5.554 8.2
      vertex -60.1762 5.58845 8.2
    endloop
  endfacet
  facet normal 0.997877 0.0651245 0
    outer loop
      vertex -61.3385 4.07379 22.2
      vertex -61.35 4.25 8.2
      vertex -61.35 4.25 22.2
    endloop
  endfacet
  facet normal 0.997877 0.0651245 0
    outer loop
      vertex -61.35 4.25 8.2
      vertex -61.3385 4.07379 22.2
      vertex -61.3385 4.07379 8.2
    endloop
  endfacet
  facet normal 0.896883 0.442269 0
    outer loop
      vertex -61.1691 3.575 22.2
      vertex -61.2472 3.73338 8.2
      vertex -61.2472 3.73338 22.2
    endloop
  endfacet
  facet normal 0.896883 0.442269 0
    outer loop
      vertex -61.2472 3.73338 8.2
      vertex -61.1691 3.575 22.2
      vertex -61.1691 3.575 8.2
    endloop
  endfacet
  facet normal -0.0654101 -0.997858 0
    outer loop
      vertex -60 5.6 8.2
      vertex -59.8238 5.58845 22.2
      vertex -60 5.6 22.2
    endloop
  endfacet
  facet normal -0.0654101 -0.997858 -0
    outer loop
      vertex -59.8238 5.58845 22.2
      vertex -60 5.6 8.2
      vertex -59.8238 5.58845 8.2
    endloop
  endfacet
  facet normal 0.321456 0.946925 -0
    outer loop
      vertex -60.3494 2.946 8.2
      vertex -60.5166 3.00276 22.2
      vertex -60.3494 2.946 22.2
    endloop
  endfacet
  facet normal 0.321456 0.946925 0
    outer loop
      vertex -60.5166 3.00276 22.2
      vertex -60.3494 2.946 8.2
      vertex -60.5166 3.00276 8.2
    endloop
  endfacet
  facet normal -0.195081 0.980787 0
    outer loop
      vertex -59.6506 2.946 8.2
      vertex -59.8238 2.91155 22.2
      vertex -59.6506 2.946 22.2
    endloop
  endfacet
  facet normal -0.195081 0.980787 0
    outer loop
      vertex -59.8238 2.91155 22.2
      vertex -59.6506 2.946 8.2
      vertex -59.8238 2.91155 8.2
    endloop
  endfacet
  facet normal 0.442269 -0.896882 0
    outer loop
      vertex -60.675 5.41913 8.2
      vertex -60.5166 5.49724 22.2
      vertex -60.675 5.41913 22.2
    endloop
  endfacet
  facet normal 0.442269 -0.896882 0
    outer loop
      vertex -60.5166 5.49724 22.2
      vertex -60.675 5.41913 8.2
      vertex -60.5166 5.49724 8.2
    endloop
  endfacet
  facet normal -0.442269 -0.896882 0
    outer loop
      vertex -59.4834 5.49724 8.2
      vertex -59.325 5.41913 22.2
      vertex -59.4834 5.49724 22.2
    endloop
  endfacet
  facet normal -0.442269 -0.896882 -0
    outer loop
      vertex -59.325 5.41913 22.2
      vertex -59.4834 5.49724 8.2
      vertex -59.325 5.41913 8.2
    endloop
  endfacet
  facet normal -0.442224 0.896905 0
    outer loop
      vertex -59.325 3.08086 8.2
      vertex -59.4834 3.00276 22.2
      vertex -59.325 3.08086 22.2
    endloop
  endfacet
  facet normal -0.442224 0.896905 0
    outer loop
      vertex -59.4834 3.00276 22.2
      vertex -59.325 3.08086 8.2
      vertex -59.4834 3.00276 8.2
    endloop
  endfacet
  facet normal 0.980733 0.195354 0
    outer loop
      vertex -61.304 3.90059 22.2
      vertex -61.3385 4.07379 8.2
      vertex -61.3385 4.07379 22.2
    endloop
  endfacet
  facet normal 0.980733 0.195354 0
    outer loop
      vertex -61.3385 4.07379 8.2
      vertex -61.304 3.90059 22.2
      vertex -61.304 3.90059 8.2
    endloop
  endfacet
  facet normal -0.997877 0.0651245 0
    outer loop
      vertex -58.6615 4.07379 8.2
      vertex -58.65 4.25 22.2
      vertex -58.65 4.25 8.2
    endloop
  endfacet
  facet normal -0.997877 0.0651245 0
    outer loop
      vertex -58.65 4.25 22.2
      vertex -58.6615 4.07379 8.2
      vertex -58.6615 4.07379 22.2
    endloop
  endfacet
  facet normal 0.555654 0.831414 -0
    outer loop
      vertex -60.675 3.08086 8.2
      vertex -60.8218 3.17897 22.2
      vertex -60.675 3.08086 22.2
    endloop
  endfacet
  facet normal 0.555654 0.831414 0
    outer loop
      vertex -60.8218 3.17897 22.2
      vertex -60.675 3.08086 8.2
      vertex -60.8218 3.17897 8.2
    endloop
  endfacet
  facet normal -0.751917 0.659258 0
    outer loop
      vertex -59.0454 3.29541 8.2
      vertex -58.929 3.42817 22.2
      vertex -58.929 3.42817 8.2
    endloop
  endfacet
  facet normal -0.751917 0.659258 0
    outer loop
      vertex -58.929 3.42817 22.2
      vertex -59.0454 3.29541 8.2
      vertex -59.0454 3.29541 22.2
    endloop
  endfacet
  facet normal -0.831492 0.555536 0
    outer loop
      vertex -58.929 3.42817 8.2
      vertex -58.8309 3.575 22.2
      vertex -58.8309 3.575 8.2
    endloop
  endfacet
  facet normal -0.831492 0.555536 0
    outer loop
      vertex -58.8309 3.575 22.2
      vertex -58.929 3.42817 8.2
      vertex -58.929 3.42817 22.2
    endloop
  endfacet
  facet normal 0.751917 0.659258 0
    outer loop
      vertex -60.9546 3.29541 22.2
      vertex -61.071 3.42817 8.2
      vertex -61.071 3.42817 22.2
    endloop
  endfacet
  facet normal 0.751917 0.659258 0
    outer loop
      vertex -61.071 3.42817 8.2
      vertex -60.9546 3.29541 22.2
      vertex -60.9546 3.29541 8.2
    endloop
  endfacet
  facet normal 0.751917 -0.659258 0
    outer loop
      vertex -61.071 5.07183 22.2
      vertex -60.9546 5.20459 8.2
      vertex -60.9546 5.20459 22.2
    endloop
  endfacet
  facet normal 0.751917 -0.659258 0
    outer loop
      vertex -60.9546 5.20459 8.2
      vertex -61.071 5.07183 22.2
      vertex -61.071 5.07183 8.2
    endloop
  endfacet
  facet normal 0.831492 -0.555536 0
    outer loop
      vertex -61.1691 4.925 22.2
      vertex -61.071 5.07183 8.2
      vertex -61.071 5.07183 22.2
    endloop
  endfacet
  facet normal 0.831492 -0.555536 0
    outer loop
      vertex -61.071 5.07183 8.2
      vertex -61.1691 4.925 22.2
      vertex -61.1691 4.925 8.2
    endloop
  endfacet
  facet normal 0.659274 0.751903 -0
    outer loop
      vertex -60.8218 3.17897 8.2
      vertex -60.9546 3.29541 22.2
      vertex -60.8218 3.17897 22.2
    endloop
  endfacet
  facet normal 0.659274 0.751903 0
    outer loop
      vertex -60.9546 3.29541 22.2
      vertex -60.8218 3.17897 8.2
      vertex -60.9546 3.29541 8.2
    endloop
  endfacet
  facet normal -0.946861 0.321642 0
    outer loop
      vertex -58.7528 3.73338 8.2
      vertex -58.696 3.90059 22.2
      vertex -58.696 3.90059 8.2
    endloop
  endfacet
  facet normal -0.946861 0.321642 0
    outer loop
      vertex -58.696 3.90059 22.2
      vertex -58.7528 3.73338 8.2
      vertex -58.7528 3.73338 22.2
    endloop
  endfacet
  facet normal 0.831492 0.555536 0
    outer loop
      vertex -61.071 3.42817 22.2
      vertex -61.1691 3.575 8.2
      vertex -61.1691 3.575 22.2
    endloop
  endfacet
  facet normal 0.831492 0.555536 0
    outer loop
      vertex -61.1691 3.575 8.2
      vertex -61.071 3.42817 22.2
      vertex -61.071 3.42817 8.2
    endloop
  endfacet
  facet normal -0.896883 0.442269 0
    outer loop
      vertex -58.8309 3.575 8.2
      vertex -58.7528 3.73338 22.2
      vertex -58.7528 3.73338 8.2
    endloop
  endfacet
  facet normal -0.896883 0.442269 0
    outer loop
      vertex -58.7528 3.73338 22.2
      vertex -58.8309 3.575 8.2
      vertex -58.8309 3.575 22.2
    endloop
  endfacet
  facet normal 0.195081 0.980787 -0
    outer loop
      vertex -60.1762 2.91155 8.2
      vertex -60.3494 2.946 22.2
      vertex -60.1762 2.91155 22.2
    endloop
  endfacet
  facet normal 0.195081 0.980787 0
    outer loop
      vertex -60.3494 2.946 22.2
      vertex -60.1762 2.91155 8.2
      vertex -60.3494 2.946 8.2
    endloop
  endfacet
  facet normal -0.0654101 0.997858 0
    outer loop
      vertex -59.8238 2.91155 8.2
      vertex -60 2.9 22.2
      vertex -59.8238 2.91155 22.2
    endloop
  endfacet
  facet normal -0.0654101 0.997858 0
    outer loop
      vertex -60 2.9 22.2
      vertex -59.8238 2.91155 8.2
      vertex -60 2.9 8.2
    endloop
  endfacet
  facet normal 0.442224 0.896905 -0
    outer loop
      vertex -60.5166 3.00276 8.2
      vertex -60.675 3.08086 22.2
      vertex -60.5166 3.00276 22.2
    endloop
  endfacet
  facet normal 0.442224 0.896905 0
    outer loop
      vertex -60.675 3.08086 22.2
      vertex -60.5166 3.00276 8.2
      vertex -60.675 3.08086 8.2
    endloop
  endfacet
  facet normal -0.195081 -0.980787 0
    outer loop
      vertex -59.8238 5.58845 8.2
      vertex -59.6506 5.554 22.2
      vertex -59.8238 5.58845 22.2
    endloop
  endfacet
  facet normal -0.195081 -0.980787 -0
    outer loop
      vertex -59.6506 5.554 22.2
      vertex -59.8238 5.58845 8.2
      vertex -59.6506 5.554 8.2
    endloop
  endfacet
  facet normal -0.659274 0.751903 0
    outer loop
      vertex -59.0454 3.29541 8.2
      vertex -59.1782 3.17897 22.2
      vertex -59.0454 3.29541 22.2
    endloop
  endfacet
  facet normal -0.659274 0.751903 0
    outer loop
      vertex -59.1782 3.17897 22.2
      vertex -59.0454 3.29541 8.2
      vertex -59.1782 3.17897 8.2
    endloop
  endfacet
  facet normal -0.555615 -0.83144 0
    outer loop
      vertex -59.325 5.41913 8.2
      vertex -59.1782 5.32103 22.2
      vertex -59.325 5.41913 22.2
    endloop
  endfacet
  facet normal -0.555615 -0.83144 -0
    outer loop
      vertex -59.1782 5.32103 22.2
      vertex -59.325 5.41913 8.2
      vertex -59.1782 5.32103 8.2
    endloop
  endfacet
  facet normal 0.321456 -0.946925 0
    outer loop
      vertex -60.5166 5.49724 8.2
      vertex -60.3494 5.554 22.2
      vertex -60.5166 5.49724 22.2
    endloop
  endfacet
  facet normal 0.321456 -0.946925 0
    outer loop
      vertex -60.3494 5.554 22.2
      vertex -60.5166 5.49724 8.2
      vertex -60.3494 5.554 8.2
    endloop
  endfacet
  facet normal 0.0654101 0.997858 -0
    outer loop
      vertex -60 2.9 8.2
      vertex -60.1762 2.91155 22.2
      vertex -60 2.9 22.2
    endloop
  endfacet
  facet normal 0.0654101 0.997858 0
    outer loop
      vertex -60.1762 2.91155 22.2
      vertex -60 2.9 8.2
      vertex -60.1762 2.91155 8.2
    endloop
  endfacet
  facet normal 0.896883 -0.442269 0
    outer loop
      vertex -61.2472 4.76662 22.2
      vertex -61.1691 4.925 8.2
      vertex -61.1691 4.925 22.2
    endloop
  endfacet
  facet normal 0.896883 -0.442269 0
    outer loop
      vertex -61.1691 4.925 8.2
      vertex -61.2472 4.76662 22.2
      vertex -61.2472 4.76662 8.2
    endloop
  endfacet
  facet normal 0.980733 -0.195354 0
    outer loop
      vertex -61.3385 4.42621 22.2
      vertex -61.304 4.59941 8.2
      vertex -61.304 4.59941 22.2
    endloop
  endfacet
  facet normal 0.980733 -0.195354 0
    outer loop
      vertex -61.304 4.59941 8.2
      vertex -61.3385 4.42621 22.2
      vertex -61.3385 4.42621 8.2
    endloop
  endfacet
  facet normal -0.751917 -0.659258 0
    outer loop
      vertex -58.929 5.07183 8.2
      vertex -59.0454 5.20459 22.2
      vertex -59.0454 5.20459 8.2
    endloop
  endfacet
  facet normal -0.751917 -0.659258 0
    outer loop
      vertex -59.0454 5.20459 22.2
      vertex -58.929 5.07183 8.2
      vertex -58.929 5.07183 22.2
    endloop
  endfacet
  facet normal -0.659274 -0.751903 0
    outer loop
      vertex -59.1782 5.32103 8.2
      vertex -59.0454 5.20459 22.2
      vertex -59.1782 5.32103 22.2
    endloop
  endfacet
  facet normal -0.659274 -0.751903 -0
    outer loop
      vertex -59.0454 5.20459 22.2
      vertex -59.1782 5.32103 8.2
      vertex -59.0454 5.20459 8.2
    endloop
  endfacet
  facet normal 0.0654101 -0.997858 0
    outer loop
      vertex -60.1762 5.58845 8.2
      vertex -60 5.6 22.2
      vertex -60.1762 5.58845 22.2
    endloop
  endfacet
  facet normal 0.0654101 -0.997858 0
    outer loop
      vertex -60 5.6 22.2
      vertex -60.1762 5.58845 8.2
      vertex -60 5.6 8.2
    endloop
  endfacet
  facet normal 0.946861 -0.321642 0
    outer loop
      vertex -61.304 4.59941 22.2
      vertex -61.2472 4.76662 8.2
      vertex -61.2472 4.76662 22.2
    endloop
  endfacet
  facet normal 0.946861 -0.321642 0
    outer loop
      vertex -61.2472 4.76662 8.2
      vertex -61.304 4.59941 22.2
      vertex -61.304 4.59941 8.2
    endloop
  endfacet
  facet normal 0.997877 -0.0651245 0
    outer loop
      vertex -61.35 4.25 22.2
      vertex -61.3385 4.42621 8.2
      vertex -61.3385 4.42621 22.2
    endloop
  endfacet
  facet normal 0.997877 -0.0651245 0
    outer loop
      vertex -61.3385 4.42621 8.2
      vertex -61.35 4.25 22.2
      vertex -61.35 4.25 8.2
    endloop
  endfacet
  facet normal -0.192628 0.981272 0
    outer loop
      vertex -59.6506 112.006 8.2
      vertex -59.8238 111.972 22.2
      vertex -59.6506 112.006 22.2
    endloop
  endfacet
  facet normal -0.192628 0.981272 0
    outer loop
      vertex -59.8238 111.972 22.2
      vertex -59.6506 112.006 8.2
      vertex -59.8238 111.972 8.2
    endloop
  endfacet
  facet normal -0.98069 -0.195571 0
    outer loop
      vertex -58.6615 113.486 8.2
      vertex -58.696 113.659 22.2
      vertex -58.696 113.659 8.2
    endloop
  endfacet
  facet normal -0.98069 -0.195571 0
    outer loop
      vertex -58.696 113.659 22.2
      vertex -58.6615 113.486 8.2
      vertex -58.6615 113.486 22.2
    endloop
  endfacet
  facet normal -0.997872 -0.0652019 0
    outer loop
      vertex -58.65 113.31 8.2
      vertex -58.6615 113.486 22.2
      vertex -58.6615 113.486 8.2
    endloop
  endfacet
  facet normal -0.997872 -0.0652019 0
    outer loop
      vertex -58.6615 113.486 22.2
      vertex -58.65 113.31 8.2
      vertex -58.65 113.31 22.2
    endloop
  endfacet
  facet normal -0.947321 -0.320285 0
    outer loop
      vertex -58.696 113.659 8.2
      vertex -58.7528 113.827 22.2
      vertex -58.7528 113.827 8.2
    endloop
  endfacet
  facet normal -0.947321 -0.320285 0
    outer loop
      vertex -58.7528 113.827 22.2
      vertex -58.696 113.659 8.2
      vertex -58.696 113.659 22.2
    endloop
  endfacet
  facet normal -0.831789 -0.555092 0
    outer loop
      vertex -58.8309 113.985 8.2
      vertex -58.929 114.132 22.2
      vertex -58.929 114.132 8.2
    endloop
  endfacet
  facet normal -0.831789 -0.555092 0
    outer loop
      vertex -58.929 114.132 22.2
      vertex -58.8309 113.985 8.2
      vertex -58.8309 113.985 22.2
    endloop
  endfacet
  facet normal 0.752507 0.658585 0
    outer loop
      vertex -60.9546 112.355 22.2
      vertex -61.071 112.488 8.2
      vertex -61.071 112.488 22.2
    endloop
  endfacet
  facet normal 0.752507 0.658585 0
    outer loop
      vertex -61.071 112.488 8.2
      vertex -60.9546 112.355 22.2
      vertex -60.9546 112.355 8.2
    endloop
  endfacet
  facet normal -0.89646 -0.443124 0
    outer loop
      vertex -58.7528 113.827 8.2
      vertex -58.8309 113.985 22.2
      vertex -58.8309 113.985 8.2
    endloop
  endfacet
  facet normal -0.89646 -0.443124 0
    outer loop
      vertex -58.8309 113.985 22.2
      vertex -58.7528 113.827 8.2
      vertex -58.7528 113.827 22.2
    endloop
  endfacet
  facet normal -0.322674 -0.94651 0
    outer loop
      vertex -59.6506 114.614 8.2
      vertex -59.4834 114.557 22.2
      vertex -59.6506 114.614 22.2
    endloop
  endfacet
  facet normal -0.322674 -0.94651 -0
    outer loop
      vertex -59.4834 114.557 22.2
      vertex -59.6506 114.614 8.2
      vertex -59.4834 114.557 8.2
    endloop
  endfacet
  facet normal -0.831789 0.555092 0
    outer loop
      vertex -58.929 112.488 8.2
      vertex -58.8309 112.635 22.2
      vertex -58.8309 112.635 8.2
    endloop
  endfacet
  facet normal -0.831789 0.555092 0
    outer loop
      vertex -58.8309 112.635 22.2
      vertex -58.929 112.488 8.2
      vertex -58.929 112.488 22.2
    endloop
  endfacet
  facet normal 0.98069 -0.195571 0
    outer loop
      vertex -61.3385 113.486 22.2
      vertex -61.304 113.659 8.2
      vertex -61.304 113.659 22.2
    endloop
  endfacet
  facet normal 0.98069 -0.195571 0
    outer loop
      vertex -61.304 113.659 8.2
      vertex -61.3385 113.486 22.2
      vertex -61.3385 113.486 8.2
    endloop
  endfacet
  facet normal 0.831789 0.555092 0
    outer loop
      vertex -61.071 112.488 22.2
      vertex -61.1691 112.635 8.2
      vertex -61.1691 112.635 22.2
    endloop
  endfacet
  facet normal 0.831789 0.555092 0
    outer loop
      vertex -61.1691 112.635 8.2
      vertex -61.071 112.488 22.2
      vertex -61.071 112.488 8.2
    endloop
  endfacet
  facet normal -0.441768 0.897129 0
    outer loop
      vertex -59.325 112.141 8.2
      vertex -59.4834 112.063 22.2
      vertex -59.325 112.141 22.2
    endloop
  endfacet
  facet normal -0.441768 0.897129 0
    outer loop
      vertex -59.4834 112.063 22.2
      vertex -59.325 112.141 8.2
      vertex -59.4834 112.063 8.2
    endloop
  endfacet
  facet normal 0.555223 0.831701 -0
    outer loop
      vertex -60.675 112.141 8.2
      vertex -60.8218 112.239 22.2
      vertex -60.675 112.141 22.2
    endloop
  endfacet
  facet normal 0.555223 0.831701 0
    outer loop
      vertex -60.8218 112.239 22.2
      vertex -60.675 112.141 8.2
      vertex -60.8218 112.239 8.2
    endloop
  endfacet
  facet normal -0.752507 -0.658585 0
    outer loop
      vertex -58.929 114.132 8.2
      vertex -59.0454 114.265 22.2
      vertex -59.0454 114.265 8.2
    endloop
  endfacet
  facet normal -0.752507 -0.658585 0
    outer loop
      vertex -59.0454 114.265 22.2
      vertex -58.929 114.132 8.2
      vertex -58.929 114.132 22.2
    endloop
  endfacet
  facet normal 0.441768 -0.897129 0
    outer loop
      vertex -60.675 114.479 8.2
      vertex -60.5166 114.557 22.2
      vertex -60.675 114.479 22.2
    endloop
  endfacet
  facet normal 0.441768 -0.897129 0
    outer loop
      vertex -60.5166 114.557 22.2
      vertex -60.675 114.479 8.2
      vertex -60.5166 114.557 8.2
    endloop
  endfacet
  facet normal 0.067947 -0.997689 0
    outer loop
      vertex -60.1762 114.648 8.2
      vertex -60 114.66 22.2
      vertex -60.1762 114.648 22.2
    endloop
  endfacet
  facet normal 0.067947 -0.997689 0
    outer loop
      vertex -60 114.66 22.2
      vertex -60.1762 114.648 8.2
      vertex -60 114.66 8.2
    endloop
  endfacet
  facet normal 0.657862 -0.753139 0
    outer loop
      vertex -60.9546 114.265 8.2
      vertex -60.8218 114.381 22.2
      vertex -60.9546 114.265 22.2
    endloop
  endfacet
  facet normal 0.657862 -0.753139 0
    outer loop
      vertex -60.8218 114.381 22.2
      vertex -60.9546 114.265 8.2
      vertex -60.8218 114.381 8.2
    endloop
  endfacet
  facet normal 0.322674 -0.94651 0
    outer loop
      vertex -60.5166 114.557 8.2
      vertex -60.3494 114.614 22.2
      vertex -60.5166 114.557 22.2
    endloop
  endfacet
  facet normal 0.322674 -0.94651 0
    outer loop
      vertex -60.3494 114.614 22.2
      vertex -60.5166 114.557 8.2
      vertex -60.3494 114.614 8.2
    endloop
  endfacet
  facet normal -0.067947 0.997689 0
    outer loop
      vertex -59.8238 111.972 8.2
      vertex -60 111.96 22.2
      vertex -59.8238 111.972 22.2
    endloop
  endfacet
  facet normal -0.067947 0.997689 0
    outer loop
      vertex -60 111.96 22.2
      vertex -59.8238 111.972 8.2
      vertex -60 111.96 8.2
    endloop
  endfacet
  facet normal -0.322674 0.94651 0
    outer loop
      vertex -59.4834 112.063 8.2
      vertex -59.6506 112.006 22.2
      vertex -59.4834 112.063 22.2
    endloop
  endfacet
  facet normal -0.322674 0.94651 0
    outer loop
      vertex -59.6506 112.006 22.2
      vertex -59.4834 112.063 8.2
      vertex -59.6506 112.006 8.2
    endloop
  endfacet
  facet normal 0.192628 0.981272 -0
    outer loop
      vertex -60.1762 111.972 8.2
      vertex -60.3494 112.006 22.2
      vertex -60.1762 111.972 22.2
    endloop
  endfacet
  facet normal 0.192628 0.981272 0
    outer loop
      vertex -60.3494 112.006 22.2
      vertex -60.1762 111.972 8.2
      vertex -60.3494 112.006 8.2
    endloop
  endfacet
  facet normal -0.997872 0.0652019 0
    outer loop
      vertex -58.6615 113.134 8.2
      vertex -58.65 113.31 22.2
      vertex -58.65 113.31 8.2
    endloop
  endfacet
  facet normal -0.997872 0.0652019 0
    outer loop
      vertex -58.65 113.31 22.2
      vertex -58.6615 113.134 8.2
      vertex -58.6615 113.134 22.2
    endloop
  endfacet
  facet normal 0.831789 -0.555092 0
    outer loop
      vertex -61.1691 113.985 22.2
      vertex -61.071 114.132 8.2
      vertex -61.071 114.132 22.2
    endloop
  endfacet
  facet normal 0.831789 -0.555092 0
    outer loop
      vertex -61.071 114.132 8.2
      vertex -61.1691 113.985 22.2
      vertex -61.1691 113.985 8.2
    endloop
  endfacet
  facet normal 0.89646 -0.443124 0
    outer loop
      vertex -61.2472 113.827 22.2
      vertex -61.1691 113.985 8.2
      vertex -61.1691 113.985 22.2
    endloop
  endfacet
  facet normal 0.89646 -0.443124 0
    outer loop
      vertex -61.1691 113.985 8.2
      vertex -61.2472 113.827 22.2
      vertex -61.2472 113.827 8.2
    endloop
  endfacet
  facet normal -0.555223 -0.831701 0
    outer loop
      vertex -59.325 114.479 8.2
      vertex -59.1782 114.381 22.2
      vertex -59.325 114.479 22.2
    endloop
  endfacet
  facet normal -0.555223 -0.831701 -0
    outer loop
      vertex -59.1782 114.381 22.2
      vertex -59.325 114.479 8.2
      vertex -59.1782 114.381 8.2
    endloop
  endfacet
  facet normal 0.322674 0.94651 -0
    outer loop
      vertex -60.3494 112.006 8.2
      vertex -60.5166 112.063 22.2
      vertex -60.3494 112.006 22.2
    endloop
  endfacet
  facet normal 0.322674 0.94651 0
    outer loop
      vertex -60.5166 112.063 22.2
      vertex -60.3494 112.006 8.2
      vertex -60.5166 112.063 8.2
    endloop
  endfacet
  facet normal 0.947321 -0.320285 0
    outer loop
      vertex -61.304 113.659 22.2
      vertex -61.2472 113.827 8.2
      vertex -61.2472 113.827 22.2
    endloop
  endfacet
  facet normal 0.947321 -0.320285 0
    outer loop
      vertex -61.2472 113.827 8.2
      vertex -61.304 113.659 22.2
      vertex -61.304 113.659 8.2
    endloop
  endfacet
  facet normal -0.657862 -0.753139 0
    outer loop
      vertex -59.1782 114.381 8.2
      vertex -59.0454 114.265 22.2
      vertex -59.1782 114.381 22.2
    endloop
  endfacet
  facet normal -0.657862 -0.753139 -0
    outer loop
      vertex -59.0454 114.265 22.2
      vertex -59.1782 114.381 8.2
      vertex -59.0454 114.265 8.2
    endloop
  endfacet
  facet normal 0.98069 0.195571 0
    outer loop
      vertex -61.304 112.961 22.2
      vertex -61.3385 113.134 8.2
      vertex -61.3385 113.134 22.2
    endloop
  endfacet
  facet normal 0.98069 0.195571 0
    outer loop
      vertex -61.3385 113.134 8.2
      vertex -61.304 112.961 22.2
      vertex -61.304 112.961 8.2
    endloop
  endfacet
  facet normal 0.067947 0.997689 -0
    outer loop
      vertex -60 111.96 8.2
      vertex -60.1762 111.972 22.2
      vertex -60 111.96 22.2
    endloop
  endfacet
  facet normal 0.067947 0.997689 0
    outer loop
      vertex -60.1762 111.972 22.2
      vertex -60 111.96 8.2
      vertex -60.1762 111.972 8.2
    endloop
  endfacet
  facet normal -0.067947 -0.997689 0
    outer loop
      vertex -60 114.66 8.2
      vertex -59.8238 114.648 22.2
      vertex -60 114.66 22.2
    endloop
  endfacet
  facet normal -0.067947 -0.997689 -0
    outer loop
      vertex -59.8238 114.648 22.2
      vertex -60 114.66 8.2
      vertex -59.8238 114.648 8.2
    endloop
  endfacet
  facet normal 0.89646 0.443124 0
    outer loop
      vertex -61.1691 112.635 22.2
      vertex -61.2472 112.793 8.2
      vertex -61.2472 112.793 22.2
    endloop
  endfacet
  facet normal 0.89646 0.443124 0
    outer loop
      vertex -61.2472 112.793 8.2
      vertex -61.1691 112.635 22.2
      vertex -61.1691 112.635 8.2
    endloop
  endfacet
  facet normal 0.947321 0.320285 0
    outer loop
      vertex -61.2472 112.793 22.2
      vertex -61.304 112.961 8.2
      vertex -61.304 112.961 22.2
    endloop
  endfacet
  facet normal 0.947321 0.320285 0
    outer loop
      vertex -61.304 112.961 8.2
      vertex -61.2472 112.793 22.2
      vertex -61.2472 112.793 8.2
    endloop
  endfacet
  facet normal -0.89646 0.443124 0
    outer loop
      vertex -58.8309 112.635 8.2
      vertex -58.7528 112.793 22.2
      vertex -58.7528 112.793 8.2
    endloop
  endfacet
  facet normal -0.89646 0.443124 0
    outer loop
      vertex -58.7528 112.793 22.2
      vertex -58.8309 112.635 8.2
      vertex -58.8309 112.635 22.2
    endloop
  endfacet
  facet normal 0.752507 -0.658585 0
    outer loop
      vertex -61.071 114.132 22.2
      vertex -60.9546 114.265 8.2
      vertex -60.9546 114.265 22.2
    endloop
  endfacet
  facet normal 0.752507 -0.658585 0
    outer loop
      vertex -60.9546 114.265 8.2
      vertex -61.071 114.132 22.2
      vertex -61.071 114.132 8.2
    endloop
  endfacet
  facet normal 0.997872 0.0652019 0
    outer loop
      vertex -61.3385 113.134 22.2
      vertex -61.35 113.31 8.2
      vertex -61.35 113.31 22.2
    endloop
  endfacet
  facet normal 0.997872 0.0652019 0
    outer loop
      vertex -61.35 113.31 8.2
      vertex -61.3385 113.134 22.2
      vertex -61.3385 113.134 8.2
    endloop
  endfacet
  facet normal 0.555223 -0.831701 0
    outer loop
      vertex -60.8218 114.381 8.2
      vertex -60.675 114.479 22.2
      vertex -60.8218 114.381 22.2
    endloop
  endfacet
  facet normal 0.555223 -0.831701 0
    outer loop
      vertex -60.675 114.479 22.2
      vertex -60.8218 114.381 8.2
      vertex -60.675 114.479 8.2
    endloop
  endfacet
  facet normal -0.441768 -0.897129 0
    outer loop
      vertex -59.4834 114.557 8.2
      vertex -59.325 114.479 22.2
      vertex -59.4834 114.557 22.2
    endloop
  endfacet
  facet normal -0.441768 -0.897129 -0
    outer loop
      vertex -59.325 114.479 22.2
      vertex -59.4834 114.557 8.2
      vertex -59.325 114.479 8.2
    endloop
  endfacet
  facet normal 0.997872 -0.0652019 0
    outer loop
      vertex -61.35 113.31 22.2
      vertex -61.3385 113.486 8.2
      vertex -61.3385 113.486 22.2
    endloop
  endfacet
  facet normal 0.997872 -0.0652019 0
    outer loop
      vertex -61.3385 113.486 8.2
      vertex -61.35 113.31 22.2
      vertex -61.35 113.31 8.2
    endloop
  endfacet
  facet normal -0.947321 0.320285 0
    outer loop
      vertex -58.7528 112.793 8.2
      vertex -58.696 112.961 22.2
      vertex -58.696 112.961 8.2
    endloop
  endfacet
  facet normal -0.947321 0.320285 0
    outer loop
      vertex -58.696 112.961 22.2
      vertex -58.7528 112.793 8.2
      vertex -58.7528 112.793 22.2
    endloop
  endfacet
  facet normal 0.192628 -0.981272 0
    outer loop
      vertex -60.3494 114.614 8.2
      vertex -60.1762 114.648 22.2
      vertex -60.3494 114.614 22.2
    endloop
  endfacet
  facet normal 0.192628 -0.981272 0
    outer loop
      vertex -60.1762 114.648 22.2
      vertex -60.3494 114.614 8.2
      vertex -60.1762 114.648 8.2
    endloop
  endfacet
  facet normal -0.98069 0.195571 0
    outer loop
      vertex -58.696 112.961 8.2
      vertex -58.6615 113.134 22.2
      vertex -58.6615 113.134 8.2
    endloop
  endfacet
  facet normal -0.98069 0.195571 0
    outer loop
      vertex -58.6615 113.134 22.2
      vertex -58.696 112.961 8.2
      vertex -58.696 112.961 22.2
    endloop
  endfacet
  facet normal -0.192628 -0.981272 0
    outer loop
      vertex -59.8238 114.648 8.2
      vertex -59.6506 114.614 22.2
      vertex -59.8238 114.648 22.2
    endloop
  endfacet
  facet normal -0.192628 -0.981272 -0
    outer loop
      vertex -59.6506 114.614 22.2
      vertex -59.8238 114.648 8.2
      vertex -59.6506 114.614 8.2
    endloop
  endfacet
  facet normal 0 0 1
    outer loop
      vertex -58.6615 113.486 8.2
      vertex -58.6615 113.134 8.2
      vertex -58.65 113.31 8.2
    endloop
  endfacet
  facet normal 0 0 1
    outer loop
      vertex -58.696 113.659 8.2
      vertex -58.6615 113.134 8.2
      vertex -58.6615 113.486 8.2
    endloop
  endfacet
  facet normal 0 0 1
    outer loop
      vertex -58.696 113.659 8.2
      vertex -58.696 112.961 8.2
      vertex -58.6615 113.134 8.2
    endloop
  endfacet
  facet normal 0 0 1
    outer loop
      vertex -58.7528 113.827 8.2
      vertex -58.696 112.961 8.2
      vertex -58.696 113.659 8.2
    endloop
  endfacet
  facet normal 0 0 1
    outer loop
      vertex -58.7528 113.827 8.2
      vertex -58.7528 112.793 8.2
      vertex -58.696 112.961 8.2
    endloop
  endfacet
  facet normal 0 0 1
    outer loop
      vertex -58.8309 113.985 8.2
      vertex -58.7528 112.793 8.2
      vertex -58.7528 113.827 8.2
    endloop
  endfacet
  facet normal 0 0 1
    outer loop
      vertex -58.8309 113.985 8.2
      vertex -58.8309 112.635 8.2
      vertex -58.7528 112.793 8.2
    endloop
  endfacet
  facet normal 0 0 1
    outer loop
      vertex -58.929 114.132 8.2
      vertex -58.8309 112.635 8.2
      vertex -58.8309 113.985 8.2
    endloop
  endfacet
  facet normal 0 0 1
    outer loop
      vertex -58.929 114.132 8.2
      vertex -58.929 112.488 8.2
      vertex -58.8309 112.635 8.2
    endloop
  endfacet
  facet normal 0 0 1
    outer loop
      vertex -59.0454 114.265 8.2
      vertex -58.929 112.488 8.2
      vertex -58.929 114.132 8.2
    endloop
  endfacet
  facet normal 0 0 1
    outer loop
      vertex -59.0454 114.265 8.2
      vertex -59.0454 112.355 8.2
      vertex -58.929 112.488 8.2
    endloop
  endfacet
  facet normal 0 0 1
    outer loop
      vertex -59.1782 114.381 8.2
      vertex -59.0454 112.355 8.2
      vertex -59.0454 114.265 8.2
    endloop
  endfacet
  facet normal 0 0 1
    outer loop
      vertex -59.1782 114.381 8.2
      vertex -59.1782 112.239 8.2
      vertex -59.0454 112.355 8.2
    endloop
  endfacet
  facet normal 0 0 1
    outer loop
      vertex -59.325 114.479 8.2
      vertex -59.1782 112.239 8.2
      vertex -59.1782 114.381 8.2
    endloop
  endfacet
  facet normal 0 0 1
    outer loop
      vertex -59.325 114.479 8.2
      vertex -59.325 112.141 8.2
      vertex -59.1782 112.239 8.2
    endloop
  endfacet
  facet normal 0 0 1
    outer loop
      vertex -59.4834 114.557 8.2
      vertex -59.325 112.141 8.2
      vertex -59.325 114.479 8.2
    endloop
  endfacet
  facet normal 0 0 1
    outer loop
      vertex -59.4834 114.557 8.2
      vertex -59.4834 112.063 8.2
      vertex -59.325 112.141 8.2
    endloop
  endfacet
  facet normal 0 0 1
    outer loop
      vertex -59.6506 114.614 8.2
      vertex -59.4834 112.063 8.2
      vertex -59.4834 114.557 8.2
    endloop
  endfacet
  facet normal 0 0 1
    outer loop
      vertex -59.6506 114.614 8.2
      vertex -59.6506 112.006 8.2
      vertex -59.4834 112.063 8.2
    endloop
  endfacet
  facet normal 0 0 1
    outer loop
      vertex -59.8238 114.648 8.2
      vertex -59.6506 112.006 8.2
      vertex -59.6506 114.614 8.2
    endloop
  endfacet
  facet normal 0 0 1
    outer loop
      vertex -59.8238 114.648 8.2
      vertex -59.8238 111.972 8.2
      vertex -59.6506 112.006 8.2
    endloop
  endfacet
  facet normal 0 0 1
    outer loop
      vertex -60 114.66 8.2
      vertex -59.8238 111.972 8.2
      vertex -59.8238 114.648 8.2
    endloop
  endfacet
  facet normal 0 0 1
    outer loop
      vertex -60 114.66 8.2
      vertex -60 111.96 8.2
      vertex -59.8238 111.972 8.2
    endloop
  endfacet
  facet normal -0 0 1
    outer loop
      vertex -60.1762 114.648 8.2
      vertex -60 111.96 8.2
      vertex -60 114.66 8.2
    endloop
  endfacet
  facet normal 0 0 1
    outer loop
      vertex -60.1762 114.648 8.2
      vertex -60.1762 111.972 8.2
      vertex -60 111.96 8.2
    endloop
  endfacet
  facet normal -0 0 1
    outer loop
      vertex -60.3494 114.614 8.2
      vertex -60.1762 111.972 8.2
      vertex -60.1762 114.648 8.2
    endloop
  endfacet
  facet normal 0 0 1
    outer loop
      vertex -60.3494 114.614 8.2
      vertex -60.3494 112.006 8.2
      vertex -60.1762 111.972 8.2
    endloop
  endfacet
  facet normal -0 0 1
    outer loop
      vertex -60.5166 114.557 8.2
      vertex -60.3494 112.006 8.2
      vertex -60.3494 114.614 8.2
    endloop
  endfacet
  facet normal 0 0 1
    outer loop
      vertex -60.5166 114.557 8.2
      vertex -60.5166 112.063 8.2
      vertex -60.3494 112.006 8.2
    endloop
  endfacet
  facet normal -0 0 1
    outer loop
      vertex -60.675 114.479 8.2
      vertex -60.5166 112.063 8.2
      vertex -60.5166 114.557 8.2
    endloop
  endfacet
  facet normal 0 0 1
    outer loop
      vertex -60.675 114.479 8.2
      vertex -60.675 112.141 8.2
      vertex -60.5166 112.063 8.2
    endloop
  endfacet
  facet normal -0 0 1
    outer loop
      vertex -60.8218 114.381 8.2
      vertex -60.675 112.141 8.2
      vertex -60.675 114.479 8.2
    endloop
  endfacet
  facet normal 0 0 1
    outer loop
      vertex -60.8218 114.381 8.2
      vertex -60.8218 112.239 8.2
      vertex -60.675 112.141 8.2
    endloop
  endfacet
  facet normal -0 0 1
    outer loop
      vertex -60.9546 114.265 8.2
      vertex -60.8218 112.239 8.2
      vertex -60.8218 114.381 8.2
    endloop
  endfacet
  facet normal 0 0 1
    outer loop
      vertex -60.9546 114.265 8.2
      vertex -60.9546 112.355 8.2
      vertex -60.8218 112.239 8.2
    endloop
  endfacet
  facet normal -0 0 1
    outer loop
      vertex -61.071 114.132 8.2
      vertex -60.9546 112.355 8.2
      vertex -60.9546 114.265 8.2
    endloop
  endfacet
  facet normal 0 0 1
    outer loop
      vertex -61.071 114.132 8.2
      vertex -61.071 112.488 8.2
      vertex -60.9546 112.355 8.2
    endloop
  endfacet
  facet normal -0 0 1
    outer loop
      vertex -61.1691 113.985 8.2
      vertex -61.071 112.488 8.2
      vertex -61.071 114.132 8.2
    endloop
  endfacet
  facet normal 0 0 1
    outer loop
      vertex -61.1691 113.985 8.2
      vertex -61.1691 112.635 8.2
      vertex -61.071 112.488 8.2
    endloop
  endfacet
  facet normal -0 0 1
    outer loop
      vertex -61.2472 113.827 8.2
      vertex -61.1691 112.635 8.2
      vertex -61.1691 113.985 8.2
    endloop
  endfacet
  facet normal 0 0 1
    outer loop
      vertex -61.2472 113.827 8.2
      vertex -61.2472 112.793 8.2
      vertex -61.1691 112.635 8.2
    endloop
  endfacet
  facet normal -0 0 1
    outer loop
      vertex -61.304 113.659 8.2
      vertex -61.2472 112.793 8.2
      vertex -61.2472 113.827 8.2
    endloop
  endfacet
  facet normal 0 0 1
    outer loop
      vertex -61.304 113.659 8.2
      vertex -61.304 112.961 8.2
      vertex -61.2472 112.793 8.2
    endloop
  endfacet
  facet normal -0 0 1
    outer loop
      vertex -61.3385 113.486 8.2
      vertex -61.304 112.961 8.2
      vertex -61.304 113.659 8.2
    endloop
  endfacet
  facet normal 0 0 1
    outer loop
      vertex -61.3385 113.486 8.2
      vertex -61.3385 113.134 8.2
      vertex -61.304 112.961 8.2
    endloop
  endfacet
  facet normal 0 -0 1
    outer loop
      vertex -61.3385 113.134 8.2
      vertex -61.3385 113.486 8.2
      vertex -61.35 113.31 8.2
    endloop
  endfacet
  facet normal -0.555223 0.831701 0
    outer loop
      vertex -59.1782 112.239 8.2
      vertex -59.325 112.141 22.2
      vertex -59.1782 112.239 22.2
    endloop
  endfacet
  facet normal -0.555223 0.831701 0
    outer loop
      vertex -59.325 112.141 22.2
      vertex -59.1782 112.239 8.2
      vertex -59.325 112.141 8.2
    endloop
  endfacet
  facet normal 0.657862 0.753139 -0
    outer loop
      vertex -60.8218 112.239 8.2
      vertex -60.9546 112.355 22.2
      vertex -60.8218 112.239 22.2
    endloop
  endfacet
  facet normal 0.657862 0.753139 0
    outer loop
      vertex -60.9546 112.355 22.2
      vertex -60.8218 112.239 8.2
      vertex -60.9546 112.355 8.2
    endloop
  endfacet
  facet normal 0.441768 0.897129 -0
    outer loop
      vertex -60.5166 112.063 8.2
      vertex -60.675 112.141 22.2
      vertex -60.5166 112.063 22.2
    endloop
  endfacet
  facet normal 0.441768 0.897129 0
    outer loop
      vertex -60.675 112.141 22.2
      vertex -60.5166 112.063 8.2
      vertex -60.675 112.141 8.2
    endloop
  endfacet
  facet normal -0.657862 0.753139 0
    outer loop
      vertex -59.0454 112.355 8.2
      vertex -59.1782 112.239 22.2
      vertex -59.0454 112.355 22.2
    endloop
  endfacet
  facet normal -0.657862 0.753139 0
    outer loop
      vertex -59.1782 112.239 22.2
      vertex -59.0454 112.355 8.2
      vertex -59.1782 112.239 8.2
    endloop
  endfacet
  facet normal -0.752507 0.658585 0
    outer loop
      vertex -59.0454 112.355 8.2
      vertex -58.929 112.488 22.2
      vertex -58.929 112.488 8.2
    endloop
  endfacet
  facet normal -0.752507 0.658585 0
    outer loop
      vertex -58.929 112.488 22.2
      vertex -59.0454 112.355 8.2
      vertex -59.0454 112.355 22.2
    endloop
  endfacet
  facet normal -0.980733 -0.195354 0
    outer loop
      vertex 61.3385 4.42621 8.2
      vertex 61.304 4.59941 22.2
      vertex 61.304 4.59941 8.2
    endloop
  endfacet
  facet normal -0.980733 -0.195354 0
    outer loop
      vertex 61.304 4.59941 22.2
      vertex 61.3385 4.42621 8.2
      vertex 61.3385 4.42621 22.2
    endloop
  endfacet
  facet normal -0.997877 -0.0651245 0
    outer loop
      vertex 61.35 4.25 8.2
      vertex 61.3385 4.42621 22.2
      vertex 61.3385 4.42621 8.2
    endloop
  endfacet
  facet normal -0.997877 -0.0651245 0
    outer loop
      vertex 61.3385 4.42621 22.2
      vertex 61.35 4.25 8.2
      vertex 61.35 4.25 22.2
    endloop
  endfacet
  facet normal -0.946861 -0.321642 0
    outer loop
      vertex 61.304 4.59941 8.2
      vertex 61.2472 4.76662 22.2
      vertex 61.2472 4.76662 8.2
    endloop
  endfacet
  facet normal -0.946861 -0.321642 0
    outer loop
      vertex 61.2472 4.76662 22.2
      vertex 61.304 4.59941 8.2
      vertex 61.304 4.59941 22.2
    endloop
  endfacet
  facet normal -0.831492 -0.555536 0
    outer loop
      vertex 61.1691 4.925 8.2
      vertex 61.071 5.07183 22.2
      vertex 61.071 5.07183 8.2
    endloop
  endfacet
  facet normal -0.831492 -0.555536 0
    outer loop
      vertex 61.071 5.07183 22.2
      vertex 61.1691 4.925 8.2
      vertex 61.1691 4.925 22.2
    endloop
  endfacet
  facet normal 0.946861 0.321642 0
    outer loop
      vertex 58.7528 3.73338 22.2
      vertex 58.696 3.90059 8.2
      vertex 58.696 3.90059 22.2
    endloop
  endfacet
  facet normal 0.946861 0.321642 0
    outer loop
      vertex 58.696 3.90059 8.2
      vertex 58.7528 3.73338 22.2
      vertex 58.7528 3.73338 8.2
    endloop
  endfacet
  facet normal -0.321456 0.946925 0
    outer loop
      vertex 60.5166 3.00276 8.2
      vertex 60.3494 2.946 22.2
      vertex 60.5166 3.00276 22.2
    endloop
  endfacet
  facet normal -0.321456 0.946925 0
    outer loop
      vertex 60.3494 2.946 22.2
      vertex 60.5166 3.00276 8.2
      vertex 60.3494 2.946 8.2
    endloop
  endfacet
  facet normal -0.896883 -0.442269 0
    outer loop
      vertex 61.2472 4.76662 8.2
      vertex 61.1691 4.925 22.2
      vertex 61.1691 4.925 8.2
    endloop
  endfacet
  facet normal -0.896883 -0.442269 0
    outer loop
      vertex 61.1691 4.925 22.2
      vertex 61.2472 4.76662 8.2
      vertex 61.2472 4.76662 22.2
    endloop
  endfacet
  facet normal 0.555615 -0.83144 0
    outer loop
      vertex 59.1782 5.32103 8.2
      vertex 59.325 5.41913 22.2
      vertex 59.1782 5.32103 22.2
    endloop
  endfacet
  facet normal 0.555615 -0.83144 0
    outer loop
      vertex 59.325 5.41913 22.2
      vertex 59.1782 5.32103 8.2
      vertex 59.325 5.41913 8.2
    endloop
  endfacet
  facet normal -0.980733 0.195354 0
    outer loop
      vertex 61.304 3.90059 8.2
      vertex 61.3385 4.07379 22.2
      vertex 61.3385 4.07379 8.2
    endloop
  endfacet
  facet normal -0.980733 0.195354 0
    outer loop
      vertex 61.3385 4.07379 22.2
      vertex 61.304 3.90059 8.2
      vertex 61.304 3.90059 22.2
    endloop
  endfacet
  facet normal 0 0 1
    outer loop
      vertex 61.3385 4.42621 8.2
      vertex 61.3385 4.07379 8.2
      vertex 61.35 4.25 8.2
    endloop
  endfacet
  facet normal 0 0 1
    outer loop
      vertex 61.304 4.59941 8.2
      vertex 61.3385 4.07379 8.2
      vertex 61.3385 4.42621 8.2
    endloop
  endfacet
  facet normal 0 0 1
    outer loop
      vertex 61.304 4.59941 8.2
      vertex 61.304 3.90059 8.2
      vertex 61.3385 4.07379 8.2
    endloop
  endfacet
  facet normal 0 0 1
    outer loop
      vertex 61.2472 4.76662 8.2
      vertex 61.304 3.90059 8.2
      vertex 61.304 4.59941 8.2
    endloop
  endfacet
  facet normal 0 0 1
    outer loop
      vertex 61.2472 4.76662 8.2
      vertex 61.2472 3.73338 8.2
      vertex 61.304 3.90059 8.2
    endloop
  endfacet
  facet normal 0 0 1
    outer loop
      vertex 61.1691 4.925 8.2
      vertex 61.2472 3.73338 8.2
      vertex 61.2472 4.76662 8.2
    endloop
  endfacet
  facet normal 0 0 1
    outer loop
      vertex 61.1691 4.925 8.2
      vertex 61.1691 3.575 8.2
      vertex 61.2472 3.73338 8.2
    endloop
  endfacet
  facet normal 0 0 1
    outer loop
      vertex 61.071 5.07183 8.2
      vertex 61.1691 3.575 8.2
      vertex 61.1691 4.925 8.2
    endloop
  endfacet
  facet normal 0 0 1
    outer loop
      vertex 61.071 5.07183 8.2
      vertex 61.071 3.42817 8.2
      vertex 61.1691 3.575 8.2
    endloop
  endfacet
  facet normal 0 0 1
    outer loop
      vertex 60.9546 5.20459 8.2
      vertex 61.071 3.42817 8.2
      vertex 61.071 5.07183 8.2
    endloop
  endfacet
  facet normal 0 0 1
    outer loop
      vertex 60.9546 5.20459 8.2
      vertex 60.9546 3.29541 8.2
      vertex 61.071 3.42817 8.2
    endloop
  endfacet
  facet normal 0 0 1
    outer loop
      vertex 60.8218 5.32103 8.2
      vertex 60.9546 3.29541 8.2
      vertex 60.9546 5.20459 8.2
    endloop
  endfacet
  facet normal 0 0 1
    outer loop
      vertex 60.8218 5.32103 8.2
      vertex 60.8218 3.17897 8.2
      vertex 60.9546 3.29541 8.2
    endloop
  endfacet
  facet normal 0 0 1
    outer loop
      vertex 60.675 5.41913 8.2
      vertex 60.8218 3.17897 8.2
      vertex 60.8218 5.32103 8.2
    endloop
  endfacet
  facet normal 0 0 1
    outer loop
      vertex 60.675 5.41913 8.2
      vertex 60.675 3.08086 8.2
      vertex 60.8218 3.17897 8.2
    endloop
  endfacet
  facet normal 0 0 1
    outer loop
      vertex 60.5166 5.49724 8.2
      vertex 60.675 3.08086 8.2
      vertex 60.675 5.41913 8.2
    endloop
  endfacet
  facet normal 0 0 1
    outer loop
      vertex 60.5166 5.49724 8.2
      vertex 60.5166 3.00276 8.2
      vertex 60.675 3.08086 8.2
    endloop
  endfacet
  facet normal 0 0 1
    outer loop
      vertex 60.3494 5.554 8.2
      vertex 60.5166 3.00276 8.2
      vertex 60.5166 5.49724 8.2
    endloop
  endfacet
  facet normal 0 0 1
    outer loop
      vertex 60.3494 5.554 8.2
      vertex 60.3494 2.946 8.2
      vertex 60.5166 3.00276 8.2
    endloop
  endfacet
  facet normal 0 0 1
    outer loop
      vertex 60.1762 5.58845 8.2
      vertex 60.3494 2.946 8.2
      vertex 60.3494 5.554 8.2
    endloop
  endfacet
  facet normal 0 0 1
    outer loop
      vertex 60.1762 5.58845 8.2
      vertex 60.1762 2.91155 8.2
      vertex 60.3494 2.946 8.2
    endloop
  endfacet
  facet normal 0 0 1
    outer loop
      vertex 60 5.6 8.2
      vertex 60.1762 2.91155 8.2
      vertex 60.1762 5.58845 8.2
    endloop
  endfacet
  facet normal 0 0 1
    outer loop
      vertex 60 5.6 8.2
      vertex 60 2.9 8.2
      vertex 60.1762 2.91155 8.2
    endloop
  endfacet
  facet normal -0 0 1
    outer loop
      vertex 59.8238 5.58845 8.2
      vertex 60 2.9 8.2
      vertex 60 5.6 8.2
    endloop
  endfacet
  facet normal 0 0 1
    outer loop
      vertex 59.8238 5.58845 8.2
      vertex 59.8238 2.91155 8.2
      vertex 60 2.9 8.2
    endloop
  endfacet
  facet normal -0 0 1
    outer loop
      vertex 59.6506 5.554 8.2
      vertex 59.8238 2.91155 8.2
      vertex 59.8238 5.58845 8.2
    endloop
  endfacet
  facet normal 0 0 1
    outer loop
      vertex 59.6506 5.554 8.2
      vertex 59.6506 2.946 8.2
      vertex 59.8238 2.91155 8.2
    endloop
  endfacet
  facet normal -0 0 1
    outer loop
      vertex 59.4834 5.49724 8.2
      vertex 59.6506 2.946 8.2
      vertex 59.6506 5.554 8.2
    endloop
  endfacet
  facet normal 0 0 1
    outer loop
      vertex 59.4834 5.49724 8.2
      vertex 59.4834 3.00276 8.2
      vertex 59.6506 2.946 8.2
    endloop
  endfacet
  facet normal -0 0 1
    outer loop
      vertex 59.325 5.41913 8.2
      vertex 59.4834 3.00276 8.2
      vertex 59.4834 5.49724 8.2
    endloop
  endfacet
  facet normal 0 0 1
    outer loop
      vertex 59.325 5.41913 8.2
      vertex 59.325 3.08086 8.2
      vertex 59.4834 3.00276 8.2
    endloop
  endfacet
  facet normal -0 0 1
    outer loop
      vertex 59.1782 5.32103 8.2
      vertex 59.325 3.08086 8.2
      vertex 59.325 5.41913 8.2
    endloop
  endfacet
  facet normal 0 0 1
    outer loop
      vertex 59.1782 5.32103 8.2
      vertex 59.1782 3.17897 8.2
      vertex 59.325 3.08086 8.2
    endloop
  endfacet
  facet normal -0 0 1
    outer loop
      vertex 59.0454 5.20459 8.2
      vertex 59.1782 3.17897 8.2
      vertex 59.1782 5.32103 8.2
    endloop
  endfacet
  facet normal 0 0 1
    outer loop
      vertex 59.0454 5.20459 8.2
      vertex 59.0454 3.29541 8.2
      vertex 59.1782 3.17897 8.2
    endloop
  endfacet
  facet normal -0 0 1
    outer loop
      vertex 58.929 5.07183 8.2
      vertex 59.0454 3.29541 8.2
      vertex 59.0454 5.20459 8.2
    endloop
  endfacet
  facet normal 0 0 1
    outer loop
      vertex 58.929 5.07183 8.2
      vertex 58.929 3.42817 8.2
      vertex 59.0454 3.29541 8.2
    endloop
  endfacet
  facet normal -0 0 1
    outer loop
      vertex 58.8309 4.925 8.2
      vertex 58.929 3.42817 8.2
      vertex 58.929 5.07183 8.2
    endloop
  endfacet
  facet normal 0 0 1
    outer loop
      vertex 58.8309 4.925 8.2
      vertex 58.8309 3.575 8.2
      vertex 58.929 3.42817 8.2
    endloop
  endfacet
  facet normal -0 0 1
    outer loop
      vertex 58.7528 4.76662 8.2
      vertex 58.8309 3.575 8.2
      vertex 58.8309 4.925 8.2
    endloop
  endfacet
  facet normal 0 0 1
    outer loop
      vertex 58.7528 4.76662 8.2
      vertex 58.7528 3.73338 8.2
      vertex 58.8309 3.575 8.2
    endloop
  endfacet
  facet normal -0 0 1
    outer loop
      vertex 58.696 4.59941 8.2
      vertex 58.7528 3.73338 8.2
      vertex 58.7528 4.76662 8.2
    endloop
  endfacet
  facet normal 0 0 1
    outer loop
      vertex 58.696 4.59941 8.2
      vertex 58.696 3.90059 8.2
      vertex 58.7528 3.73338 8.2
    endloop
  endfacet
  facet normal -0 0 1
    outer loop
      vertex 58.6615 4.42621 8.2
      vertex 58.696 3.90059 8.2
      vertex 58.696 4.59941 8.2
    endloop
  endfacet
  facet normal 0 0 1
    outer loop
      vertex 58.6615 4.42621 8.2
      vertex 58.6615 4.07379 8.2
      vertex 58.696 3.90059 8.2
    endloop
  endfacet
  facet normal 0 -0 1
    outer loop
      vertex 58.6615 4.07379 8.2
      vertex 58.6615 4.42621 8.2
      vertex 58.65 4.25 8.2
    endloop
  endfacet
  facet normal -0.321456 -0.946925 0
    outer loop
      vertex 60.3494 5.554 8.2
      vertex 60.5166 5.49724 22.2
      vertex 60.3494 5.554 22.2
    endloop
  endfacet
  facet normal -0.321456 -0.946925 -0
    outer loop
      vertex 60.5166 5.49724 22.2
      vertex 60.3494 5.554 8.2
      vertex 60.5166 5.49724 8.2
    endloop
  endfacet
  facet normal 0.659274 -0.751903 0
    outer loop
      vertex 59.0454 5.20459 8.2
      vertex 59.1782 5.32103 22.2
      vertex 59.0454 5.20459 22.2
    endloop
  endfacet
  facet normal 0.659274 -0.751903 0
    outer loop
      vertex 59.1782 5.32103 22.2
      vertex 59.0454 5.20459 8.2
      vertex 59.1782 5.32103 8.2
    endloop
  endfacet
  facet normal -0.555654 0.831414 0
    outer loop
      vertex 60.8218 3.17897 8.2
      vertex 60.675 3.08086 22.2
      vertex 60.8218 3.17897 22.2
    endloop
  endfacet
  facet normal -0.555654 0.831414 0
    outer loop
      vertex 60.675 3.08086 22.2
      vertex 60.8218 3.17897 8.2
      vertex 60.675 3.08086 8.2
    endloop
  endfacet
  facet normal 0.195081 -0.980787 0
    outer loop
      vertex 59.6506 5.554 8.2
      vertex 59.8238 5.58845 22.2
      vertex 59.6506 5.554 22.2
    endloop
  endfacet
  facet normal 0.195081 -0.980787 0
    outer loop
      vertex 59.8238 5.58845 22.2
      vertex 59.6506 5.554 8.2
      vertex 59.8238 5.58845 8.2
    endloop
  endfacet
  facet normal 0.997877 0.0651245 0
    outer loop
      vertex 58.6615 4.07379 22.2
      vertex 58.65 4.25 8.2
      vertex 58.65 4.25 22.2
    endloop
  endfacet
  facet normal 0.997877 0.0651245 0
    outer loop
      vertex 58.65 4.25 8.2
      vertex 58.6615 4.07379 22.2
      vertex 58.6615 4.07379 8.2
    endloop
  endfacet
  facet normal 0.896883 0.442269 0
    outer loop
      vertex 58.8309 3.575 22.2
      vertex 58.7528 3.73338 8.2
      vertex 58.7528 3.73338 22.2
    endloop
  endfacet
  facet normal 0.896883 0.442269 0
    outer loop
      vertex 58.7528 3.73338 8.2
      vertex 58.8309 3.575 22.2
      vertex 58.8309 3.575 8.2
    endloop
  endfacet
  facet normal -0.0654101 -0.997858 0
    outer loop
      vertex 60 5.6 8.2
      vertex 60.1762 5.58845 22.2
      vertex 60 5.6 22.2
    endloop
  endfacet
  facet normal -0.0654101 -0.997858 -0
    outer loop
      vertex 60.1762 5.58845 22.2
      vertex 60 5.6 8.2
      vertex 60.1762 5.58845 8.2
    endloop
  endfacet
  facet normal 0.321456 0.946925 -0
    outer loop
      vertex 59.6506 2.946 8.2
      vertex 59.4834 3.00276 22.2
      vertex 59.6506 2.946 22.2
    endloop
  endfacet
  facet normal 0.321456 0.946925 0
    outer loop
      vertex 59.4834 3.00276 22.2
      vertex 59.6506 2.946 8.2
      vertex 59.4834 3.00276 8.2
    endloop
  endfacet
  facet normal -0.195081 0.980787 0
    outer loop
      vertex 60.3494 2.946 8.2
      vertex 60.1762 2.91155 22.2
      vertex 60.3494 2.946 22.2
    endloop
  endfacet
  facet normal -0.195081 0.980787 0
    outer loop
      vertex 60.1762 2.91155 22.2
      vertex 60.3494 2.946 8.2
      vertex 60.1762 2.91155 8.2
    endloop
  endfacet
  facet normal 0.442269 -0.896882 0
    outer loop
      vertex 59.325 5.41913 8.2
      vertex 59.4834 5.49724 22.2
      vertex 59.325 5.41913 22.2
    endloop
  endfacet
  facet normal 0.442269 -0.896882 0
    outer loop
      vertex 59.4834 5.49724 22.2
      vertex 59.325 5.41913 8.2
      vertex 59.4834 5.49724 8.2
    endloop
  endfacet
  facet normal 0.0654101 -0.997858 0
    outer loop
      vertex 59.8238 5.58845 8.2
      vertex 60 5.6 22.2
      vertex 59.8238 5.58845 22.2
    endloop
  endfacet
  facet normal 0.0654101 -0.997858 0
    outer loop
      vertex 60 5.6 22.2
      vertex 59.8238 5.58845 8.2
      vertex 60 5.6 8.2
    endloop
  endfacet
  facet normal -0.442269 -0.896882 0
    outer loop
      vertex 60.5166 5.49724 8.2
      vertex 60.675 5.41913 22.2
      vertex 60.5166 5.49724 22.2
    endloop
  endfacet
  facet normal -0.442269 -0.896882 -0
    outer loop
      vertex 60.675 5.41913 22.2
      vertex 60.5166 5.49724 8.2
      vertex 60.675 5.41913 8.2
    endloop
  endfacet
  facet normal -0.442224 0.896905 0
    outer loop
      vertex 60.675 3.08086 8.2
      vertex 60.5166 3.00276 22.2
      vertex 60.675 3.08086 22.2
    endloop
  endfacet
  facet normal -0.442224 0.896905 0
    outer loop
      vertex 60.5166 3.00276 22.2
      vertex 60.675 3.08086 8.2
      vertex 60.5166 3.00276 8.2
    endloop
  endfacet
  facet normal 0.980733 0.195354 0
    outer loop
      vertex 58.696 3.90059 22.2
      vertex 58.6615 4.07379 8.2
      vertex 58.6615 4.07379 22.2
    endloop
  endfacet
  facet normal 0.980733 0.195354 0
    outer loop
      vertex 58.6615 4.07379 8.2
      vertex 58.696 3.90059 22.2
      vertex 58.696 3.90059 8.2
    endloop
  endfacet
  facet normal -0.997877 0.0651245 0
    outer loop
      vertex 61.3385 4.07379 8.2
      vertex 61.35 4.25 22.2
      vertex 61.35 4.25 8.2
    endloop
  endfacet
  facet normal -0.997877 0.0651245 0
    outer loop
      vertex 61.35 4.25 22.2
      vertex 61.3385 4.07379 8.2
      vertex 61.3385 4.07379 22.2
    endloop
  endfacet
  facet normal 0.555654 0.831414 -0
    outer loop
      vertex 59.325 3.08086 8.2
      vertex 59.1782 3.17897 22.2
      vertex 59.325 3.08086 22.2
    endloop
  endfacet
  facet normal 0.555654 0.831414 0
    outer loop
      vertex 59.1782 3.17897 22.2
      vertex 59.325 3.08086 8.2
      vertex 59.1782 3.17897 8.2
    endloop
  endfacet
  facet normal -0.751917 0.659258 0
    outer loop
      vertex 60.9546 3.29541 8.2
      vertex 61.071 3.42817 22.2
      vertex 61.071 3.42817 8.2
    endloop
  endfacet
  facet normal -0.751917 0.659258 0
    outer loop
      vertex 61.071 3.42817 22.2
      vertex 60.9546 3.29541 8.2
      vertex 60.9546 3.29541 22.2
    endloop
  endfacet
  facet normal -0.831492 0.555536 0
    outer loop
      vertex 61.071 3.42817 8.2
      vertex 61.1691 3.575 22.2
      vertex 61.1691 3.575 8.2
    endloop
  endfacet
  facet normal -0.831492 0.555536 0
    outer loop
      vertex 61.1691 3.575 22.2
      vertex 61.071 3.42817 8.2
      vertex 61.071 3.42817 22.2
    endloop
  endfacet
  facet normal 0.751917 0.659258 0
    outer loop
      vertex 59.0454 3.29541 22.2
      vertex 58.929 3.42817 8.2
      vertex 58.929 3.42817 22.2
    endloop
  endfacet
  facet normal 0.751917 0.659258 0
    outer loop
      vertex 58.929 3.42817 8.2
      vertex 59.0454 3.29541 22.2
      vertex 59.0454 3.29541 8.2
    endloop
  endfacet
  facet normal 0.751917 -0.659258 0
    outer loop
      vertex 58.929 5.07183 22.2
      vertex 59.0454 5.20459 8.2
      vertex 59.0454 5.20459 22.2
    endloop
  endfacet
  facet normal 0.751917 -0.659258 0
    outer loop
      vertex 59.0454 5.20459 8.2
      vertex 58.929 5.07183 22.2
      vertex 58.929 5.07183 8.2
    endloop
  endfacet
  facet normal 0.659274 0.751903 -0
    outer loop
      vertex 59.1782 3.17897 8.2
      vertex 59.0454 3.29541 22.2
      vertex 59.1782 3.17897 22.2
    endloop
  endfacet
  facet normal 0.659274 0.751903 0
    outer loop
      vertex 59.0454 3.29541 22.2
      vertex 59.1782 3.17897 8.2
      vertex 59.0454 3.29541 8.2
    endloop
  endfacet
  facet normal -0.946861 0.321642 0
    outer loop
      vertex 61.2472 3.73338 8.2
      vertex 61.304 3.90059 22.2
      vertex 61.304 3.90059 8.2
    endloop
  endfacet
  facet normal -0.946861 0.321642 0
    outer loop
      vertex 61.304 3.90059 22.2
      vertex 61.2472 3.73338 8.2
      vertex 61.2472 3.73338 22.2
    endloop
  endfacet
  facet normal 0.831492 0.555536 0
    outer loop
      vertex 58.929 3.42817 22.2
      vertex 58.8309 3.575 8.2
      vertex 58.8309 3.575 22.2
    endloop
  endfacet
  facet normal 0.831492 0.555536 0
    outer loop
      vertex 58.8309 3.575 8.2
      vertex 58.929 3.42817 22.2
      vertex 58.929 3.42817 8.2
    endloop
  endfacet
  facet normal -0.896883 0.442269 0
    outer loop
      vertex 61.1691 3.575 8.2
      vertex 61.2472 3.73338 22.2
      vertex 61.2472 3.73338 8.2
    endloop
  endfacet
  facet normal -0.896883 0.442269 0
    outer loop
      vertex 61.2472 3.73338 22.2
      vertex 61.1691 3.575 8.2
      vertex 61.1691 3.575 22.2
    endloop
  endfacet
  facet normal 0.195081 0.980787 -0
    outer loop
      vertex 59.8238 2.91155 8.2
      vertex 59.6506 2.946 22.2
      vertex 59.8238 2.91155 22.2
    endloop
  endfacet
  facet normal 0.195081 0.980787 0
    outer loop
      vertex 59.6506 2.946 22.2
      vertex 59.8238 2.91155 8.2
      vertex 59.6506 2.946 8.2
    endloop
  endfacet
  facet normal -0.0654101 0.997858 0
    outer loop
      vertex 60.1762 2.91155 8.2
      vertex 60 2.9 22.2
      vertex 60.1762 2.91155 22.2
    endloop
  endfacet
  facet normal -0.0654101 0.997858 0
    outer loop
      vertex 60 2.9 22.2
      vertex 60.1762 2.91155 8.2
      vertex 60 2.9 8.2
    endloop
  endfacet
  facet normal 0.442224 0.896905 -0
    outer loop
      vertex 59.4834 3.00276 8.2
      vertex 59.325 3.08086 22.2
      vertex 59.4834 3.00276 22.2
    endloop
  endfacet
  facet normal 0.442224 0.896905 0
    outer loop
      vertex 59.325 3.08086 22.2
      vertex 59.4834 3.00276 8.2
      vertex 59.325 3.08086 8.2
    endloop
  endfacet
  facet normal -0.195081 -0.980787 0
    outer loop
      vertex 60.1762 5.58845 8.2
      vertex 60.3494 5.554 22.2
      vertex 60.1762 5.58845 22.2
    endloop
  endfacet
  facet normal -0.195081 -0.980787 -0
    outer loop
      vertex 60.3494 5.554 22.2
      vertex 60.1762 5.58845 8.2
      vertex 60.3494 5.554 8.2
    endloop
  endfacet
  facet normal -0.659274 0.751903 0
    outer loop
      vertex 60.9546 3.29541 8.2
      vertex 60.8218 3.17897 22.2
      vertex 60.9546 3.29541 22.2
    endloop
  endfacet
  facet normal -0.659274 0.751903 0
    outer loop
      vertex 60.8218 3.17897 22.2
      vertex 60.9546 3.29541 8.2
      vertex 60.8218 3.17897 8.2
    endloop
  endfacet
  facet normal -0.555615 -0.83144 0
    outer loop
      vertex 60.675 5.41913 8.2
      vertex 60.8218 5.32103 22.2
      vertex 60.675 5.41913 22.2
    endloop
  endfacet
  facet normal -0.555615 -0.83144 -0
    outer loop
      vertex 60.8218 5.32103 22.2
      vertex 60.675 5.41913 8.2
      vertex 60.8218 5.32103 8.2
    endloop
  endfacet
  facet normal 0.321456 -0.946925 0
    outer loop
      vertex 59.4834 5.49724 8.2
      vertex 59.6506 5.554 22.2
      vertex 59.4834 5.49724 22.2
    endloop
  endfacet
  facet normal 0.321456 -0.946925 0
    outer loop
      vertex 59.6506 5.554 22.2
      vertex 59.4834 5.49724 8.2
      vertex 59.6506 5.554 8.2
    endloop
  endfacet
  facet normal 0.0654101 0.997858 -0
    outer loop
      vertex 60 2.9 8.2
      vertex 59.8238 2.91155 22.2
      vertex 60 2.9 22.2
    endloop
  endfacet
  facet normal 0.0654101 0.997858 0
    outer loop
      vertex 59.8238 2.91155 22.2
      vertex 60 2.9 8.2
      vertex 59.8238 2.91155 8.2
    endloop
  endfacet
  facet normal 0.896883 -0.442269 0
    outer loop
      vertex 58.7528 4.76662 22.2
      vertex 58.8309 4.925 8.2
      vertex 58.8309 4.925 22.2
    endloop
  endfacet
  facet normal 0.896883 -0.442269 0
    outer loop
      vertex 58.8309 4.925 8.2
      vertex 58.7528 4.76662 22.2
      vertex 58.7528 4.76662 8.2
    endloop
  endfacet
  facet normal 0.980733 -0.195354 0
    outer loop
      vertex 58.6615 4.42621 22.2
      vertex 58.696 4.59941 8.2
      vertex 58.696 4.59941 22.2
    endloop
  endfacet
  facet normal 0.980733 -0.195354 0
    outer loop
      vertex 58.696 4.59941 8.2
      vertex 58.6615 4.42621 22.2
      vertex 58.6615 4.42621 8.2
    endloop
  endfacet
  facet normal -0.751917 -0.659258 0
    outer loop
      vertex 61.071 5.07183 8.2
      vertex 60.9546 5.20459 22.2
      vertex 60.9546 5.20459 8.2
    endloop
  endfacet
  facet normal -0.751917 -0.659258 0
    outer loop
      vertex 60.9546 5.20459 22.2
      vertex 61.071 5.07183 8.2
      vertex 61.071 5.07183 22.2
    endloop
  endfacet
  facet normal -0.659274 -0.751903 0
    outer loop
      vertex 60.8218 5.32103 8.2
      vertex 60.9546 5.20459 22.2
      vertex 60.8218 5.32103 22.2
    endloop
  endfacet
  facet normal -0.659274 -0.751903 -0
    outer loop
      vertex 60.9546 5.20459 22.2
      vertex 60.8218 5.32103 8.2
      vertex 60.9546 5.20459 8.2
    endloop
  endfacet
  facet normal 0.946861 -0.321642 0
    outer loop
      vertex 58.696 4.59941 22.2
      vertex 58.7528 4.76662 8.2
      vertex 58.7528 4.76662 22.2
    endloop
  endfacet
  facet normal 0.946861 -0.321642 0
    outer loop
      vertex 58.7528 4.76662 8.2
      vertex 58.696 4.59941 22.2
      vertex 58.696 4.59941 8.2
    endloop
  endfacet
  facet normal 0.997877 -0.0651245 0
    outer loop
      vertex 58.65 4.25 22.2
      vertex 58.6615 4.42621 8.2
      vertex 58.6615 4.42621 22.2
    endloop
  endfacet
  facet normal 0.997877 -0.0651245 0
    outer loop
      vertex 58.6615 4.42621 8.2
      vertex 58.65 4.25 22.2
      vertex 58.65 4.25 8.2
    endloop
  endfacet
  facet normal 0.831492 -0.555536 0
    outer loop
      vertex 58.8309 4.925 22.2
      vertex 58.929 5.07183 8.2
      vertex 58.929 5.07183 22.2
    endloop
  endfacet
  facet normal 0.831492 -0.555536 0
    outer loop
      vertex 58.929 5.07183 8.2
      vertex 58.8309 4.925 22.2
      vertex 58.8309 4.925 8.2
    endloop
  endfacet
  facet normal -0.192628 0.981272 0
    outer loop
      vertex 60.3494 112.006 8.2
      vertex 60.1762 111.972 22.2
      vertex 60.3494 112.006 22.2
    endloop
  endfacet
  facet normal -0.192628 0.981272 0
    outer loop
      vertex 60.1762 111.972 22.2
      vertex 60.3494 112.006 8.2
      vertex 60.1762 111.972 8.2
    endloop
  endfacet
  facet normal -0.98069 -0.195571 0
    outer loop
      vertex 61.3385 113.486 8.2
      vertex 61.304 113.659 22.2
      vertex 61.304 113.659 8.2
    endloop
  endfacet
  facet normal -0.98069 -0.195571 0
    outer loop
      vertex 61.304 113.659 22.2
      vertex 61.3385 113.486 8.2
      vertex 61.3385 113.486 22.2
    endloop
  endfacet
  facet normal -0.997872 -0.0652019 0
    outer loop
      vertex 61.35 113.31 8.2
      vertex 61.3385 113.486 22.2
      vertex 61.3385 113.486 8.2
    endloop
  endfacet
  facet normal -0.997872 -0.0652019 0
    outer loop
      vertex 61.3385 113.486 22.2
      vertex 61.35 113.31 8.2
      vertex 61.35 113.31 22.2
    endloop
  endfacet
  facet normal -0.947321 -0.320285 0
    outer loop
      vertex 61.304 113.659 8.2
      vertex 61.2472 113.827 22.2
      vertex 61.2472 113.827 8.2
    endloop
  endfacet
  facet normal -0.947321 -0.320285 0
    outer loop
      vertex 61.2472 113.827 22.2
      vertex 61.304 113.659 8.2
      vertex 61.304 113.659 22.2
    endloop
  endfacet
  facet normal -0.831789 -0.555092 0
    outer loop
      vertex 61.1691 113.985 8.2
      vertex 61.071 114.132 22.2
      vertex 61.071 114.132 8.2
    endloop
  endfacet
  facet normal -0.831789 -0.555092 0
    outer loop
      vertex 61.071 114.132 22.2
      vertex 61.1691 113.985 8.2
      vertex 61.1691 113.985 22.2
    endloop
  endfacet
  facet normal -0.89646 -0.443124 0
    outer loop
      vertex 61.2472 113.827 8.2
      vertex 61.1691 113.985 22.2
      vertex 61.1691 113.985 8.2
    endloop
  endfacet
  facet normal -0.89646 -0.443124 0
    outer loop
      vertex 61.1691 113.985 22.2
      vertex 61.2472 113.827 8.2
      vertex 61.2472 113.827 22.2
    endloop
  endfacet
  facet normal -0.322674 -0.94651 0
    outer loop
      vertex 60.3494 114.614 8.2
      vertex 60.5166 114.557 22.2
      vertex 60.3494 114.614 22.2
    endloop
  endfacet
  facet normal -0.322674 -0.94651 -0
    outer loop
      vertex 60.5166 114.557 22.2
      vertex 60.3494 114.614 8.2
      vertex 60.5166 114.557 8.2
    endloop
  endfacet
  facet normal -0.831789 0.555092 0
    outer loop
      vertex 61.071 112.488 8.2
      vertex 61.1691 112.635 22.2
      vertex 61.1691 112.635 8.2
    endloop
  endfacet
  facet normal -0.831789 0.555092 0
    outer loop
      vertex 61.1691 112.635 22.2
      vertex 61.071 112.488 8.2
      vertex 61.071 112.488 22.2
    endloop
  endfacet
  facet normal 0.98069 -0.195571 0
    outer loop
      vertex 58.6615 113.486 22.2
      vertex 58.696 113.659 8.2
      vertex 58.696 113.659 22.2
    endloop
  endfacet
  facet normal 0.98069 -0.195571 0
    outer loop
      vertex 58.696 113.659 8.2
      vertex 58.6615 113.486 22.2
      vertex 58.6615 113.486 8.2
    endloop
  endfacet
  facet normal 0.831789 0.555092 0
    outer loop
      vertex 58.929 112.488 22.2
      vertex 58.8309 112.635 8.2
      vertex 58.8309 112.635 22.2
    endloop
  endfacet
  facet normal 0.831789 0.555092 0
    outer loop
      vertex 58.8309 112.635 8.2
      vertex 58.929 112.488 22.2
      vertex 58.929 112.488 8.2
    endloop
  endfacet
  facet normal -0.441768 0.897129 0
    outer loop
      vertex 60.675 112.141 8.2
      vertex 60.5166 112.063 22.2
      vertex 60.675 112.141 22.2
    endloop
  endfacet
  facet normal -0.441768 0.897129 0
    outer loop
      vertex 60.5166 112.063 22.2
      vertex 60.675 112.141 8.2
      vertex 60.5166 112.063 8.2
    endloop
  endfacet
  facet normal 0.555223 0.831701 -0
    outer loop
      vertex 59.325 112.141 8.2
      vertex 59.1782 112.239 22.2
      vertex 59.325 112.141 22.2
    endloop
  endfacet
  facet normal 0.555223 0.831701 0
    outer loop
      vertex 59.1782 112.239 22.2
      vertex 59.325 112.141 8.2
      vertex 59.1782 112.239 8.2
    endloop
  endfacet
  facet normal -0.752507 -0.658585 0
    outer loop
      vertex 61.071 114.132 8.2
      vertex 60.9546 114.265 22.2
      vertex 60.9546 114.265 8.2
    endloop
  endfacet
  facet normal -0.752507 -0.658585 0
    outer loop
      vertex 60.9546 114.265 22.2
      vertex 61.071 114.132 8.2
      vertex 61.071 114.132 22.2
    endloop
  endfacet
  facet normal 0.441768 -0.897129 0
    outer loop
      vertex 59.325 114.479 8.2
      vertex 59.4834 114.557 22.2
      vertex 59.325 114.479 22.2
    endloop
  endfacet
  facet normal 0.441768 -0.897129 0
    outer loop
      vertex 59.4834 114.557 22.2
      vertex 59.325 114.479 8.2
      vertex 59.4834 114.557 8.2
    endloop
  endfacet
  facet normal 0.067947 -0.997689 0
    outer loop
      vertex 59.8238 114.648 8.2
      vertex 60 114.66 22.2
      vertex 59.8238 114.648 22.2
    endloop
  endfacet
  facet normal 0.067947 -0.997689 0
    outer loop
      vertex 60 114.66 22.2
      vertex 59.8238 114.648 8.2
      vertex 60 114.66 8.2
    endloop
  endfacet
  facet normal 0.657862 -0.753139 0
    outer loop
      vertex 59.0454 114.265 8.2
      vertex 59.1782 114.381 22.2
      vertex 59.0454 114.265 22.2
    endloop
  endfacet
  facet normal 0.657862 -0.753139 0
    outer loop
      vertex 59.1782 114.381 22.2
      vertex 59.0454 114.265 8.2
      vertex 59.1782 114.381 8.2
    endloop
  endfacet
  facet normal 0.322674 -0.94651 0
    outer loop
      vertex 59.4834 114.557 8.2
      vertex 59.6506 114.614 22.2
      vertex 59.4834 114.557 22.2
    endloop
  endfacet
  facet normal 0.322674 -0.94651 0
    outer loop
      vertex 59.6506 114.614 22.2
      vertex 59.4834 114.557 8.2
      vertex 59.6506 114.614 8.2
    endloop
  endfacet
  facet normal -0.067947 0.997689 0
    outer loop
      vertex 60.1762 111.972 8.2
      vertex 60 111.96 22.2
      vertex 60.1762 111.972 22.2
    endloop
  endfacet
  facet normal -0.067947 0.997689 0
    outer loop
      vertex 60 111.96 22.2
      vertex 60.1762 111.972 8.2
      vertex 60 111.96 8.2
    endloop
  endfacet
  facet normal -0.322674 0.94651 0
    outer loop
      vertex 60.5166 112.063 8.2
      vertex 60.3494 112.006 22.2
      vertex 60.5166 112.063 22.2
    endloop
  endfacet
  facet normal -0.322674 0.94651 0
    outer loop
      vertex 60.3494 112.006 22.2
      vertex 60.5166 112.063 8.2
      vertex 60.3494 112.006 8.2
    endloop
  endfacet
  facet normal 0.192628 0.981272 -0
    outer loop
      vertex 59.8238 111.972 8.2
      vertex 59.6506 112.006 22.2
      vertex 59.8238 111.972 22.2
    endloop
  endfacet
  facet normal 0.192628 0.981272 0
    outer loop
      vertex 59.6506 112.006 22.2
      vertex 59.8238 111.972 8.2
      vertex 59.6506 112.006 8.2
    endloop
  endfacet
  facet normal -0.997872 0.0652019 0
    outer loop
      vertex 61.3385 113.134 8.2
      vertex 61.35 113.31 22.2
      vertex 61.35 113.31 8.2
    endloop
  endfacet
  facet normal -0.997872 0.0652019 0
    outer loop
      vertex 61.35 113.31 22.2
      vertex 61.3385 113.134 8.2
      vertex 61.3385 113.134 22.2
    endloop
  endfacet
  facet normal 0.555223 -0.831701 0
    outer loop
      vertex 59.1782 114.381 8.2
      vertex 59.325 114.479 22.2
      vertex 59.1782 114.381 22.2
    endloop
  endfacet
  facet normal 0.555223 -0.831701 0
    outer loop
      vertex 59.325 114.479 22.2
      vertex 59.1782 114.381 8.2
      vertex 59.325 114.479 8.2
    endloop
  endfacet
  facet normal 0.831789 -0.555092 0
    outer loop
      vertex 58.8309 113.985 22.2
      vertex 58.929 114.132 8.2
      vertex 58.929 114.132 22.2
    endloop
  endfacet
  facet normal 0.831789 -0.555092 0
    outer loop
      vertex 58.929 114.132 8.2
      vertex 58.8309 113.985 22.2
      vertex 58.8309 113.985 8.2
    endloop
  endfacet
  facet normal 0.89646 -0.443124 0
    outer loop
      vertex 58.7528 113.827 22.2
      vertex 58.8309 113.985 8.2
      vertex 58.8309 113.985 22.2
    endloop
  endfacet
  facet normal 0.89646 -0.443124 0
    outer loop
      vertex 58.8309 113.985 8.2
      vertex 58.7528 113.827 22.2
      vertex 58.7528 113.827 8.2
    endloop
  endfacet
  facet normal -0.555223 -0.831701 0
    outer loop
      vertex 60.675 114.479 8.2
      vertex 60.8218 114.381 22.2
      vertex 60.675 114.479 22.2
    endloop
  endfacet
  facet normal -0.555223 -0.831701 -0
    outer loop
      vertex 60.8218 114.381 22.2
      vertex 60.675 114.479 8.2
      vertex 60.8218 114.381 8.2
    endloop
  endfacet
  facet normal 0.322674 0.94651 -0
    outer loop
      vertex 59.6506 112.006 8.2
      vertex 59.4834 112.063 22.2
      vertex 59.6506 112.006 22.2
    endloop
  endfacet
  facet normal 0.322674 0.94651 0
    outer loop
      vertex 59.4834 112.063 22.2
      vertex 59.6506 112.006 8.2
      vertex 59.4834 112.063 8.2
    endloop
  endfacet
  facet normal 0.947321 -0.320285 0
    outer loop
      vertex 58.696 113.659 22.2
      vertex 58.7528 113.827 8.2
      vertex 58.7528 113.827 22.2
    endloop
  endfacet
  facet normal 0.947321 -0.320285 0
    outer loop
      vertex 58.7528 113.827 8.2
      vertex 58.696 113.659 22.2
      vertex 58.696 113.659 8.2
    endloop
  endfacet
  facet normal -0.657862 -0.753139 0
    outer loop
      vertex 60.8218 114.381 8.2
      vertex 60.9546 114.265 22.2
      vertex 60.8218 114.381 22.2
    endloop
  endfacet
  facet normal -0.657862 -0.753139 -0
    outer loop
      vertex 60.9546 114.265 22.2
      vertex 60.8218 114.381 8.2
      vertex 60.9546 114.265 8.2
    endloop
  endfacet
  facet normal 0.98069 0.195571 0
    outer loop
      vertex 58.696 112.961 22.2
      vertex 58.6615 113.134 8.2
      vertex 58.6615 113.134 22.2
    endloop
  endfacet
  facet normal 0.98069 0.195571 0
    outer loop
      vertex 58.6615 113.134 8.2
      vertex 58.696 112.961 22.2
      vertex 58.696 112.961 8.2
    endloop
  endfacet
  facet normal 0.067947 0.997689 -0
    outer loop
      vertex 60 111.96 8.2
      vertex 59.8238 111.972 22.2
      vertex 60 111.96 22.2
    endloop
  endfacet
  facet normal 0.067947 0.997689 0
    outer loop
      vertex 59.8238 111.972 22.2
      vertex 60 111.96 8.2
      vertex 59.8238 111.972 8.2
    endloop
  endfacet
  facet normal -0.067947 -0.997689 0
    outer loop
      vertex 60 114.66 8.2
      vertex 60.1762 114.648 22.2
      vertex 60 114.66 22.2
    endloop
  endfacet
  facet normal -0.067947 -0.997689 -0
    outer loop
      vertex 60.1762 114.648 22.2
      vertex 60 114.66 8.2
      vertex 60.1762 114.648 8.2
    endloop
  endfacet
  facet normal 0.89646 0.443124 0
    outer loop
      vertex 58.8309 112.635 22.2
      vertex 58.7528 112.793 8.2
      vertex 58.7528 112.793 22.2
    endloop
  endfacet
  facet normal 0.89646 0.443124 0
    outer loop
      vertex 58.7528 112.793 8.2
      vertex 58.8309 112.635 22.2
      vertex 58.8309 112.635 8.2
    endloop
  endfacet
  facet normal 0.947321 0.320285 0
    outer loop
      vertex 58.7528 112.793 22.2
      vertex 58.696 112.961 8.2
      vertex 58.696 112.961 22.2
    endloop
  endfacet
  facet normal 0.947321 0.320285 0
    outer loop
      vertex 58.696 112.961 8.2
      vertex 58.7528 112.793 22.2
      vertex 58.7528 112.793 8.2
    endloop
  endfacet
  facet normal -0.89646 0.443124 0
    outer loop
      vertex 61.1691 112.635 8.2
      vertex 61.2472 112.793 22.2
      vertex 61.2472 112.793 8.2
    endloop
  endfacet
  facet normal -0.89646 0.443124 0
    outer loop
      vertex 61.2472 112.793 22.2
      vertex 61.1691 112.635 8.2
      vertex 61.1691 112.635 22.2
    endloop
  endfacet
  facet normal 0.752507 -0.658585 0
    outer loop
      vertex 58.929 114.132 22.2
      vertex 59.0454 114.265 8.2
      vertex 59.0454 114.265 22.2
    endloop
  endfacet
  facet normal 0.752507 -0.658585 0
    outer loop
      vertex 59.0454 114.265 8.2
      vertex 58.929 114.132 22.2
      vertex 58.929 114.132 8.2
    endloop
  endfacet
  facet normal 0.997872 0.0652019 0
    outer loop
      vertex 58.6615 113.134 22.2
      vertex 58.65 113.31 8.2
      vertex 58.65 113.31 22.2
    endloop
  endfacet
  facet normal 0.997872 0.0652019 0
    outer loop
      vertex 58.65 113.31 8.2
      vertex 58.6615 113.134 22.2
      vertex 58.6615 113.134 8.2
    endloop
  endfacet
  facet normal -0.441768 -0.897129 0
    outer loop
      vertex 60.5166 114.557 8.2
      vertex 60.675 114.479 22.2
      vertex 60.5166 114.557 22.2
    endloop
  endfacet
  facet normal -0.441768 -0.897129 -0
    outer loop
      vertex 60.675 114.479 22.2
      vertex 60.5166 114.557 8.2
      vertex 60.675 114.479 8.2
    endloop
  endfacet
  facet normal 0.997872 -0.0652019 0
    outer loop
      vertex 58.65 113.31 22.2
      vertex 58.6615 113.486 8.2
      vertex 58.6615 113.486 22.2
    endloop
  endfacet
  facet normal 0.997872 -0.0652019 0
    outer loop
      vertex 58.6615 113.486 8.2
      vertex 58.65 113.31 22.2
      vertex 58.65 113.31 8.2
    endloop
  endfacet
  facet normal -0.947321 0.320285 0
    outer loop
      vertex 61.2472 112.793 8.2
      vertex 61.304 112.961 22.2
      vertex 61.304 112.961 8.2
    endloop
  endfacet
  facet normal -0.947321 0.320285 0
    outer loop
      vertex 61.304 112.961 22.2
      vertex 61.2472 112.793 8.2
      vertex 61.2472 112.793 22.2
    endloop
  endfacet
  facet normal 0.192628 -0.981272 0
    outer loop
      vertex 59.6506 114.614 8.2
      vertex 59.8238 114.648 22.2
      vertex 59.6506 114.614 22.2
    endloop
  endfacet
  facet normal 0.192628 -0.981272 0
    outer loop
      vertex 59.8238 114.648 22.2
      vertex 59.6506 114.614 8.2
      vertex 59.8238 114.648 8.2
    endloop
  endfacet
  facet normal -0.98069 0.195571 0
    outer loop
      vertex 61.304 112.961 8.2
      vertex 61.3385 113.134 22.2
      vertex 61.3385 113.134 8.2
    endloop
  endfacet
  facet normal -0.98069 0.195571 0
    outer loop
      vertex 61.3385 113.134 22.2
      vertex 61.304 112.961 8.2
      vertex 61.304 112.961 22.2
    endloop
  endfacet
  facet normal 0.752507 0.658585 0
    outer loop
      vertex 59.0454 112.355 22.2
      vertex 58.929 112.488 8.2
      vertex 58.929 112.488 22.2
    endloop
  endfacet
  facet normal 0.752507 0.658585 0
    outer loop
      vertex 58.929 112.488 8.2
      vertex 59.0454 112.355 22.2
      vertex 59.0454 112.355 8.2
    endloop
  endfacet
  facet normal -0.192628 -0.981272 0
    outer loop
      vertex 60.1762 114.648 8.2
      vertex 60.3494 114.614 22.2
      vertex 60.1762 114.648 22.2
    endloop
  endfacet
  facet normal -0.192628 -0.981272 -0
    outer loop
      vertex 60.3494 114.614 22.2
      vertex 60.1762 114.648 8.2
      vertex 60.3494 114.614 8.2
    endloop
  endfacet
  facet normal 0 0 1
    outer loop
      vertex 61.3385 113.486 8.2
      vertex 61.3385 113.134 8.2
      vertex 61.35 113.31 8.2
    endloop
  endfacet
  facet normal 0 0 1
    outer loop
      vertex 61.304 113.659 8.2
      vertex 61.3385 113.134 8.2
      vertex 61.3385 113.486 8.2
    endloop
  endfacet
  facet normal 0 0 1
    outer loop
      vertex 61.304 113.659 8.2
      vertex 61.304 112.961 8.2
      vertex 61.3385 113.134 8.2
    endloop
  endfacet
  facet normal 0 0 1
    outer loop
      vertex 61.2472 113.827 8.2
      vertex 61.304 112.961 8.2
      vertex 61.304 113.659 8.2
    endloop
  endfacet
  facet normal 0 0 1
    outer loop
      vertex 61.2472 113.827 8.2
      vertex 61.2472 112.793 8.2
      vertex 61.304 112.961 8.2
    endloop
  endfacet
  facet normal 0 0 1
    outer loop
      vertex 61.1691 113.985 8.2
      vertex 61.2472 112.793 8.2
      vertex 61.2472 113.827 8.2
    endloop
  endfacet
  facet normal 0 0 1
    outer loop
      vertex 61.1691 113.985 8.2
      vertex 61.1691 112.635 8.2
      vertex 61.2472 112.793 8.2
    endloop
  endfacet
  facet normal 0 0 1
    outer loop
      vertex 61.071 114.132 8.2
      vertex 61.1691 112.635 8.2
      vertex 61.1691 113.985 8.2
    endloop
  endfacet
  facet normal 0 0 1
    outer loop
      vertex 61.071 114.132 8.2
      vertex 61.071 112.488 8.2
      vertex 61.1691 112.635 8.2
    endloop
  endfacet
  facet normal 0 0 1
    outer loop
      vertex 60.9546 114.265 8.2
      vertex 61.071 112.488 8.2
      vertex 61.071 114.132 8.2
    endloop
  endfacet
  facet normal 0 0 1
    outer loop
      vertex 60.9546 114.265 8.2
      vertex 60.9546 112.355 8.2
      vertex 61.071 112.488 8.2
    endloop
  endfacet
  facet normal 0 0 1
    outer loop
      vertex 60.8218 114.381 8.2
      vertex 60.9546 112.355 8.2
      vertex 60.9546 114.265 8.2
    endloop
  endfacet
  facet normal 0 0 1
    outer loop
      vertex 60.8218 114.381 8.2
      vertex 60.8218 112.239 8.2
      vertex 60.9546 112.355 8.2
    endloop
  endfacet
  facet normal 0 0 1
    outer loop
      vertex 60.675 114.479 8.2
      vertex 60.8218 112.239 8.2
      vertex 60.8218 114.381 8.2
    endloop
  endfacet
  facet normal 0 0 1
    outer loop
      vertex 60.675 114.479 8.2
      vertex 60.675 112.141 8.2
      vertex 60.8218 112.239 8.2
    endloop
  endfacet
  facet normal 0 0 1
    outer loop
      vertex 60.5166 114.557 8.2
      vertex 60.675 112.141 8.2
      vertex 60.675 114.479 8.2
    endloop
  endfacet
  facet normal 0 0 1
    outer loop
      vertex 60.5166 114.557 8.2
      vertex 60.5166 112.063 8.2
      vertex 60.675 112.141 8.2
    endloop
  endfacet
  facet normal 0 0 1
    outer loop
      vertex 60.3494 114.614 8.2
      vertex 60.5166 112.063 8.2
      vertex 60.5166 114.557 8.2
    endloop
  endfacet
  facet normal 0 0 1
    outer loop
      vertex 60.3494 114.614 8.2
      vertex 60.3494 112.006 8.2
      vertex 60.5166 112.063 8.2
    endloop
  endfacet
  facet normal 0 0 1
    outer loop
      vertex 60.1762 114.648 8.2
      vertex 60.3494 112.006 8.2
      vertex 60.3494 114.614 8.2
    endloop
  endfacet
  facet normal 0 0 1
    outer loop
      vertex 60.1762 114.648 8.2
      vertex 60.1762 111.972 8.2
      vertex 60.3494 112.006 8.2
    endloop
  endfacet
  facet normal 0 0 1
    outer loop
      vertex 60 114.66 8.2
      vertex 60.1762 111.972 8.2
      vertex 60.1762 114.648 8.2
    endloop
  endfacet
  facet normal 0 0 1
    outer loop
      vertex 60 114.66 8.2
      vertex 60 111.96 8.2
      vertex 60.1762 111.972 8.2
    endloop
  endfacet
  facet normal -0 0 1
    outer loop
      vertex 59.8238 114.648 8.2
      vertex 60 111.96 8.2
      vertex 60 114.66 8.2
    endloop
  endfacet
  facet normal 0 0 1
    outer loop
      vertex 59.8238 114.648 8.2
      vertex 59.8238 111.972 8.2
      vertex 60 111.96 8.2
    endloop
  endfacet
  facet normal -0 0 1
    outer loop
      vertex 59.6506 114.614 8.2
      vertex 59.8238 111.972 8.2
      vertex 59.8238 114.648 8.2
    endloop
  endfacet
  facet normal 0 0 1
    outer loop
      vertex 59.6506 114.614 8.2
      vertex 59.6506 112.006 8.2
      vertex 59.8238 111.972 8.2
    endloop
  endfacet
  facet normal -0 0 1
    outer loop
      vertex 59.4834 114.557 8.2
      vertex 59.6506 112.006 8.2
      vertex 59.6506 114.614 8.2
    endloop
  endfacet
  facet normal 0 0 1
    outer loop
      vertex 59.4834 114.557 8.2
      vertex 59.4834 112.063 8.2
      vertex 59.6506 112.006 8.2
    endloop
  endfacet
  facet normal -0 0 1
    outer loop
      vertex 59.325 114.479 8.2
      vertex 59.4834 112.063 8.2
      vertex 59.4834 114.557 8.2
    endloop
  endfacet
  facet normal 0 0 1
    outer loop
      vertex 59.325 114.479 8.2
      vertex 59.325 112.141 8.2
      vertex 59.4834 112.063 8.2
    endloop
  endfacet
  facet normal -0 0 1
    outer loop
      vertex 59.1782 114.381 8.2
      vertex 59.325 112.141 8.2
      vertex 59.325 114.479 8.2
    endloop
  endfacet
  facet normal 0 0 1
    outer loop
      vertex 59.1782 114.381 8.2
      vertex 59.1782 112.239 8.2
      vertex 59.325 112.141 8.2
    endloop
  endfacet
  facet normal -0 0 1
    outer loop
      vertex 59.0454 114.265 8.2
      vertex 59.1782 112.239 8.2
      vertex 59.1782 114.381 8.2
    endloop
  endfacet
  facet normal 0 0 1
    outer loop
      vertex 59.0454 114.265 8.2
      vertex 59.0454 112.355 8.2
      vertex 59.1782 112.239 8.2
    endloop
  endfacet
  facet normal -0 0 1
    outer loop
      vertex 58.929 114.132 8.2
      vertex 59.0454 112.355 8.2
      vertex 59.0454 114.265 8.2
    endloop
  endfacet
  facet normal 0 0 1
    outer loop
      vertex 58.929 114.132 8.2
      vertex 58.929 112.488 8.2
      vertex 59.0454 112.355 8.2
    endloop
  endfacet
  facet normal -0 0 1
    outer loop
      vertex 58.8309 113.985 8.2
      vertex 58.929 112.488 8.2
      vertex 58.929 114.132 8.2
    endloop
  endfacet
  facet normal 0 0 1
    outer loop
      vertex 58.8309 113.985 8.2
      vertex 58.8309 112.635 8.2
      vertex 58.929 112.488 8.2
    endloop
  endfacet
  facet normal -0 0 1
    outer loop
      vertex 58.7528 113.827 8.2
      vertex 58.8309 112.635 8.2
      vertex 58.8309 113.985 8.2
    endloop
  endfacet
  facet normal 0 0 1
    outer loop
      vertex 58.7528 113.827 8.2
      vertex 58.7528 112.793 8.2
      vertex 58.8309 112.635 8.2
    endloop
  endfacet
  facet normal -0 0 1
    outer loop
      vertex 58.696 113.659 8.2
      vertex 58.7528 112.793 8.2
      vertex 58.7528 113.827 8.2
    endloop
  endfacet
  facet normal 0 0 1
    outer loop
      vertex 58.696 113.659 8.2
      vertex 58.696 112.961 8.2
      vertex 58.7528 112.793 8.2
    endloop
  endfacet
  facet normal -0 0 1
    outer loop
      vertex 58.6615 113.486 8.2
      vertex 58.696 112.961 8.2
      vertex 58.696 113.659 8.2
    endloop
  endfacet
  facet normal 0 0 1
    outer loop
      vertex 58.6615 113.486 8.2
      vertex 58.6615 113.134 8.2
      vertex 58.696 112.961 8.2
    endloop
  endfacet
  facet normal 0 -0 1
    outer loop
      vertex 58.6615 113.134 8.2
      vertex 58.6615 113.486 8.2
      vertex 58.65 113.31 8.2
    endloop
  endfacet
  facet normal -0.555223 0.831701 0
    outer loop
      vertex 60.8218 112.239 8.2
      vertex 60.675 112.141 22.2
      vertex 60.8218 112.239 22.2
    endloop
  endfacet
  facet normal -0.555223 0.831701 0
    outer loop
      vertex 60.675 112.141 22.2
      vertex 60.8218 112.239 8.2
      vertex 60.675 112.141 8.2
    endloop
  endfacet
  facet normal 0.657862 0.753139 -0
    outer loop
      vertex 59.1782 112.239 8.2
      vertex 59.0454 112.355 22.2
      vertex 59.1782 112.239 22.2
    endloop
  endfacet
  facet normal 0.657862 0.753139 0
    outer loop
      vertex 59.0454 112.355 22.2
      vertex 59.1782 112.239 8.2
      vertex 59.0454 112.355 8.2
    endloop
  endfacet
  facet normal 0.441768 0.897129 -0
    outer loop
      vertex 59.4834 112.063 8.2
      vertex 59.325 112.141 22.2
      vertex 59.4834 112.063 22.2
    endloop
  endfacet
  facet normal 0.441768 0.897129 0
    outer loop
      vertex 59.325 112.141 22.2
      vertex 59.4834 112.063 8.2
      vertex 59.325 112.141 8.2
    endloop
  endfacet
  facet normal -0.657862 0.753139 0
    outer loop
      vertex 60.9546 112.355 8.2
      vertex 60.8218 112.239 22.2
      vertex 60.9546 112.355 22.2
    endloop
  endfacet
  facet normal -0.657862 0.753139 0
    outer loop
      vertex 60.8218 112.239 22.2
      vertex 60.9546 112.355 8.2
      vertex 60.8218 112.239 8.2
    endloop
  endfacet
  facet normal -0.752507 0.658585 0
    outer loop
      vertex 60.9546 112.355 8.2
      vertex 61.071 112.488 22.2
      vertex 61.071 112.488 8.2
    endloop
  endfacet
  facet normal -0.752507 0.658585 0
    outer loop
      vertex 61.071 112.488 22.2
      vertex 60.9546 112.355 8.2
      vertex 60.9546 112.355 22.2
    endloop
  endfacet
  facet normal 0 -0.442238 -0.896898
    outer loop
      vertex -90.88 56.6807 12.8955
      vertex -87.48 57.15 12.6641
      vertex -87.48 56.6807 12.8955
    endloop
  endfacet
  facet normal -0 -0.442238 -0.896898
    outer loop
      vertex -87.48 57.15 12.6641
      vertex -90.88 56.6807 12.8955
      vertex -90.88 57.15 12.6641
    endloop
  endfacet
  facet normal 0 0.980776 0.195138
    outer loop
      vertex -87.48 45.7863 8.16474
      vertex -90.88 45.6842 8.6779
      vertex -87.48 45.6842 8.6779
    endloop
  endfacet
  facet normal 0 0.980776 0.195138
    outer loop
      vertex -90.88 45.6842 8.6779
      vertex -87.48 45.7863 8.16474
      vertex -90.88 45.7863 8.16474
    endloop
  endfacet
  facet normal -0 0.195105 0.980782
    outer loop
      vertex -90.88 49.1279 5.23422
      vertex -87.48 48.6147 5.33631
      vertex -87.48 49.1279 5.23422
    endloop
  endfacet
  facet normal 0 0.195105 0.980782
    outer loop
      vertex -87.48 48.6147 5.33631
      vertex -90.88 49.1279 5.23422
      vertex -90.88 48.6147 5.33631
    endloop
  endfacet
  facet normal -0 0.0654027 0.997859
    outer loop
      vertex -90.88 49.65 5.2
      vertex -87.48 49.1279 5.23422
      vertex -87.48 49.65 5.2
    endloop
  endfacet
  facet normal 0 0.0654027 0.997859
    outer loop
      vertex -87.48 49.1279 5.23422
      vertex -90.88 49.65 5.2
      vertex -90.88 49.1279 5.23422
    endloop
  endfacet
  facet normal -0 0 1
    outer loop
      vertex -90.88 55.15 5.2
      vertex -87.48 49.65 5.2
      vertex -87.48 55.15 5.2
    endloop
  endfacet
  facet normal 0 0 1
    outer loop
      vertex -87.48 49.65 5.2
      vertex -90.88 55.15 5.2
      vertex -90.88 49.65 5.2
    endloop
  endfacet
  facet normal 0 -0.980776 0.195138
    outer loop
      vertex -90.88 59.0137 8.16474
      vertex -87.48 59.1158 8.6779
      vertex -90.88 59.1158 8.6779
    endloop
  endfacet
  facet normal 0 -0.980776 0.195138
    outer loop
      vertex -87.48 59.1158 8.6779
      vertex -90.88 59.0137 8.16474
      vertex -87.48 59.0137 8.16474
    endloop
  endfacet
  facet normal 0 -0.195124 -0.980779
    outer loop
      vertex -90.88 55.6721 13.1658
      vertex -87.48 56.1853 13.0637
      vertex -87.48 55.6721 13.1658
    endloop
  endfacet
  facet normal -0 -0.195124 -0.980779
    outer loop
      vertex -87.48 56.1853 13.0637
      vertex -90.88 55.6721 13.1658
      vertex -90.88 56.1853 13.0637
    endloop
  endfacet
  facet normal 0 0.997861 0.0653646
    outer loop
      vertex -87.48 45.6842 8.6779
      vertex -90.88 45.65 9.2
      vertex -87.48 45.65 9.2
    endloop
  endfacet
  facet normal 0 0.997861 0.0653646
    outer loop
      vertex -90.88 45.65 9.2
      vertex -87.48 45.6842 8.6779
      vertex -90.88 45.6842 8.6779
    endloop
  endfacet
  facet normal 0 0 -1
    outer loop
      vertex -90.88 49.65 13.2
      vertex -87.48 55.15 13.2
      vertex -87.48 49.65 13.2
    endloop
  endfacet
  facet normal -0 0 -1
    outer loop
      vertex -87.48 55.15 13.2
      vertex -90.88 49.65 13.2
      vertex -90.88 55.15 13.2
    endloop
  endfacet
  facet normal 0 -0.321498 -0.94691
    outer loop
      vertex -90.88 56.1853 13.0637
      vertex -87.48 56.6807 12.8955
      vertex -87.48 56.1853 13.0637
    endloop
  endfacet
  facet normal -0 -0.321498 -0.94691
    outer loop
      vertex -87.48 56.6807 12.8955
      vertex -90.88 56.1853 13.0637
      vertex -90.88 56.6807 12.8955
    endloop
  endfacet
  facet normal 0 -0.751826 0.659362
    outer loop
      vertex -90.88 57.9784 6.37158
      vertex -87.48 58.3234 6.76496
      vertex -90.88 58.3234 6.76496
    endloop
  endfacet
  facet normal 0 -0.751826 0.659362
    outer loop
      vertex -87.48 58.3234 6.76496
      vertex -90.88 57.9784 6.37158
      vertex -87.48 57.9784 6.37158
    endloop
  endfacet
  facet normal 0 -0.555626 0.831432
    outer loop
      vertex -90.88 57.585 6.0266
      vertex -87.48 57.15 5.7359
      vertex -87.48 57.585 6.0266
    endloop
  endfacet
  facet normal 0 -0.555626 0.831432
    outer loop
      vertex -87.48 57.15 5.7359
      vertex -90.88 57.585 6.0266
      vertex -90.88 57.15 5.7359
    endloop
  endfacet
  facet normal 0 -0.0653646 -0.997861
    outer loop
      vertex -90.88 55.15 13.2
      vertex -87.48 55.6721 13.1658
      vertex -87.48 55.15 13.2
    endloop
  endfacet
  facet normal -0 -0.0653646 -0.997861
    outer loop
      vertex -87.48 55.6721 13.1658
      vertex -90.88 55.15 13.2
      vertex -90.88 55.6721 13.1658
    endloop
  endfacet
  facet normal -0 0.442253 0.89689
    outer loop
      vertex -90.88 48.1193 5.50449
      vertex -87.48 47.65 5.7359
      vertex -87.48 48.1193 5.50449
    endloop
  endfacet
  facet normal 0 0.442253 0.89689
    outer loop
      vertex -87.48 47.65 5.7359
      vertex -90.88 48.1193 5.50449
      vertex -90.88 47.65 5.7359
    endloop
  endfacet
  facet normal 0 -0.980779 -0.19512
    outer loop
      vertex -90.88 59.1158 9.72209
      vertex -87.48 59.0137 10.2353
      vertex -90.88 59.0137 10.2353
    endloop
  endfacet
  facet normal 0 -0.980779 -0.19512
    outer loop
      vertex -87.48 59.0137 10.2353
      vertex -90.88 59.1158 9.72209
      vertex -87.48 59.1158 9.72209
    endloop
  endfacet
  facet normal 0 -0.0654027 0.997859
    outer loop
      vertex -90.88 55.6721 5.23422
      vertex -87.48 55.15 5.2
      vertex -87.48 55.6721 5.23422
    endloop
  endfacet
  facet normal 0 -0.0654027 0.997859
    outer loop
      vertex -87.48 55.15 5.2
      vertex -90.88 55.6721 5.23422
      vertex -90.88 55.15 5.2
    endloop
  endfacet
  facet normal 0 -0.896898 -0.442238
    outer loop
      vertex -90.88 58.8455 10.7307
      vertex -87.48 58.6141 11.2
      vertex -90.88 58.6141 11.2
    endloop
  endfacet
  facet normal 0 -0.896898 -0.442238
    outer loop
      vertex -87.48 58.6141 11.2
      vertex -90.88 58.8455 10.7307
      vertex -87.48 58.8455 10.7307
    endloop
  endfacet
  facet normal 0 0.896898 -0.442238
    outer loop
      vertex -87.48 45.9545 10.7307
      vertex -90.88 46.1859 11.2
      vertex -87.48 46.1859 11.2
    endloop
  endfacet
  facet normal 0 0.896898 -0.442238
    outer loop
      vertex -90.88 46.1859 11.2
      vertex -87.48 45.9545 10.7307
      vertex -90.88 45.9545 10.7307
    endloop
  endfacet
  facet normal -0 0.321464 0.946922
    outer loop
      vertex -90.88 48.6147 5.33631
      vertex -87.48 48.1193 5.50449
      vertex -87.48 48.6147 5.33631
    endloop
  endfacet
  facet normal 0 0.321464 0.946922
    outer loop
      vertex -87.48 48.1193 5.50449
      vertex -90.88 48.6147 5.33631
      vertex -90.88 48.1193 5.50449
    endloop
  endfacet
  facet normal -0 0.555626 0.831432
    outer loop
      vertex -90.88 47.65 5.7359
      vertex -87.48 47.215 6.0266
      vertex -87.48 47.65 5.7359
    endloop
  endfacet
  facet normal 0 0.555626 0.831432
    outer loop
      vertex -87.48 47.215 6.0266
      vertex -90.88 47.65 5.7359
      vertex -90.88 47.215 6.0266
    endloop
  endfacet
  facet normal 0 0.195124 -0.980779
    outer loop
      vertex -90.88 48.6147 13.0637
      vertex -87.48 49.1279 13.1658
      vertex -87.48 48.6147 13.0637
    endloop
  endfacet
  facet normal 0 0.195124 -0.980779
    outer loop
      vertex -87.48 49.1279 13.1658
      vertex -90.88 48.6147 13.0637
      vertex -90.88 49.1279 13.1658
    endloop
  endfacet
  facet normal 0 -0.442253 0.89689
    outer loop
      vertex -90.88 57.15 5.7359
      vertex -87.48 56.6807 5.50449
      vertex -87.48 57.15 5.7359
    endloop
  endfacet
  facet normal 0 -0.442253 0.89689
    outer loop
      vertex -87.48 56.6807 5.50449
      vertex -90.88 57.15 5.7359
      vertex -90.88 56.6807 5.50449
    endloop
  endfacet
  facet normal 0 -0.555626 -0.831432
    outer loop
      vertex -90.88 57.15 12.6641
      vertex -87.48 57.585 12.3734
      vertex -87.48 57.15 12.6641
    endloop
  endfacet
  facet normal -0 -0.555626 -0.831432
    outer loop
      vertex -87.48 57.585 12.3734
      vertex -90.88 57.15 12.6641
      vertex -90.88 57.585 12.3734
    endloop
  endfacet
  facet normal 0 -0.659343 -0.751842
    outer loop
      vertex -90.88 57.585 12.3734
      vertex -87.48 57.9784 12.0284
      vertex -87.48 57.585 12.3734
    endloop
  endfacet
  facet normal -0 -0.659343 -0.751842
    outer loop
      vertex -87.48 57.9784 12.0284
      vertex -90.88 57.585 12.3734
      vertex -90.88 57.9784 12.0284
    endloop
  endfacet
  facet normal 0 0.946924 0.321458
    outer loop
      vertex -87.48 45.9545 7.66927
      vertex -90.88 45.7863 8.16474
      vertex -87.48 45.7863 8.16474
    endloop
  endfacet
  facet normal 0 0.946924 0.321458
    outer loop
      vertex -90.88 45.7863 8.16474
      vertex -87.48 45.9545 7.66927
      vertex -90.88 45.9545 7.66927
    endloop
  endfacet
  facet normal 0 0.751826 0.659362
    outer loop
      vertex -87.48 46.8216 6.37158
      vertex -90.88 46.4766 6.76496
      vertex -87.48 46.4766 6.76496
    endloop
  endfacet
  facet normal 0 0.751826 0.659362
    outer loop
      vertex -90.88 46.4766 6.76496
      vertex -87.48 46.8216 6.37158
      vertex -90.88 46.8216 6.37158
    endloop
  endfacet
  facet normal 0 0.896887 0.44226
    outer loop
      vertex -87.48 46.1859 7.2
      vertex -90.88 45.9545 7.66927
      vertex -87.48 45.9545 7.66927
    endloop
  endfacet
  facet normal 0 0.896887 0.44226
    outer loop
      vertex -90.88 45.9545 7.66927
      vertex -87.48 46.1859 7.2
      vertex -90.88 46.1859 7.2
    endloop
  endfacet
  facet normal 0 0.555626 -0.831432
    outer loop
      vertex -90.88 47.215 12.3734
      vertex -87.48 47.65 12.6641
      vertex -87.48 47.215 12.3734
    endloop
  endfacet
  facet normal 0 0.555626 -0.831432
    outer loop
      vertex -87.48 47.65 12.6641
      vertex -90.88 47.215 12.3734
      vertex -90.88 47.65 12.6641
    endloop
  endfacet
  facet normal 0 -0.896887 0.44226
    outer loop
      vertex -90.88 58.6141 7.2
      vertex -87.48 58.8455 7.66927
      vertex -90.88 58.8455 7.66927
    endloop
  endfacet
  facet normal 0 -0.896887 0.44226
    outer loop
      vertex -87.48 58.8455 7.66927
      vertex -90.88 58.6141 7.2
      vertex -87.48 58.6141 7.2
    endloop
  endfacet
  facet normal 0 0.751842 -0.659343
    outer loop
      vertex -87.48 46.4766 11.635
      vertex -90.88 46.8216 12.0284
      vertex -87.48 46.8216 12.0284
    endloop
  endfacet
  facet normal 0 0.751842 -0.659343
    outer loop
      vertex -90.88 46.8216 12.0284
      vertex -87.48 46.4766 11.635
      vertex -90.88 46.4766 11.635
    endloop
  endfacet
  facet normal 0 -0.659321 0.751861
    outer loop
      vertex -90.88 57.9784 6.37158
      vertex -87.48 57.585 6.0266
      vertex -87.48 57.9784 6.37158
    endloop
  endfacet
  facet normal 0 -0.659321 0.751861
    outer loop
      vertex -87.48 57.585 6.0266
      vertex -90.88 57.9784 6.37158
      vertex -90.88 57.585 6.0266
    endloop
  endfacet
  facet normal 0 -0.321464 0.946922
    outer loop
      vertex -90.88 56.6807 5.50449
      vertex -87.48 56.1853 5.33631
      vertex -87.48 56.6807 5.50449
    endloop
  endfacet
  facet normal 0 -0.321464 0.946922
    outer loop
      vertex -87.48 56.1853 5.33631
      vertex -90.88 56.6807 5.50449
      vertex -90.88 56.1853 5.33631
    endloop
  endfacet
  facet normal 0 0.980779 -0.19512
    outer loop
      vertex -87.48 45.6842 9.72209
      vertex -90.88 45.7863 10.2353
      vertex -87.48 45.7863 10.2353
    endloop
  endfacet
  facet normal 0 0.980779 -0.19512
    outer loop
      vertex -90.88 45.7863 10.2353
      vertex -87.48 45.6842 9.72209
      vertex -90.88 45.6842 9.72209
    endloop
  endfacet
  facet normal 0 0.0653646 -0.997861
    outer loop
      vertex -90.88 49.1279 13.1658
      vertex -87.48 49.65 13.2
      vertex -87.48 49.1279 13.1658
    endloop
  endfacet
  facet normal 0 0.0653646 -0.997861
    outer loop
      vertex -87.48 49.65 13.2
      vertex -90.88 49.1279 13.1658
      vertex -90.88 49.65 13.2
    endloop
  endfacet
  facet normal 0 0.321498 -0.94691
    outer loop
      vertex -90.88 48.1193 12.8955
      vertex -87.48 48.6147 13.0637
      vertex -87.48 48.1193 12.8955
    endloop
  endfacet
  facet normal 0 0.321498 -0.94691
    outer loop
      vertex -87.48 48.6147 13.0637
      vertex -90.88 48.1193 12.8955
      vertex -90.88 48.6147 13.0637
    endloop
  endfacet
  facet normal 0 -0.997861 -0.0653659
    outer loop
      vertex -90.88 59.15 9.2
      vertex -87.48 59.1158 9.72209
      vertex -90.88 59.1158 9.72209
    endloop
  endfacet
  facet normal 0 -0.997861 -0.0653659
    outer loop
      vertex -87.48 59.1158 9.72209
      vertex -90.88 59.15 9.2
      vertex -87.48 59.15 9.2
    endloop
  endfacet
  facet normal 0 -0.997861 0.0653646
    outer loop
      vertex -90.88 59.1158 8.6779
      vertex -87.48 59.15 9.2
      vertex -90.88 59.15 9.2
    endloop
  endfacet
  facet normal 0 -0.997861 0.0653646
    outer loop
      vertex -87.48 59.15 9.2
      vertex -90.88 59.1158 8.6779
      vertex -87.48 59.1158 8.6779
    endloop
  endfacet
  facet normal 0 -0.751842 -0.659343
    outer loop
      vertex -90.88 58.3234 11.635
      vertex -87.48 57.9784 12.0284
      vertex -90.88 57.9784 12.0284
    endloop
  endfacet
  facet normal 0 -0.751842 -0.659343
    outer loop
      vertex -87.48 57.9784 12.0284
      vertex -90.88 58.3234 11.635
      vertex -87.48 58.3234 11.635
    endloop
  endfacet
  facet normal 0 0.997861 -0.0653659
    outer loop
      vertex -87.48 45.65 9.2
      vertex -90.88 45.6842 9.72209
      vertex -87.48 45.6842 9.72209
    endloop
  endfacet
  facet normal 0 0.997861 -0.0653659
    outer loop
      vertex -90.88 45.6842 9.72209
      vertex -87.48 45.65 9.2
      vertex -90.88 45.65 9.2
    endloop
  endfacet
  facet normal 0 0.659343 -0.751842
    outer loop
      vertex -90.88 46.8216 12.0284
      vertex -87.48 47.215 12.3734
      vertex -87.48 46.8216 12.0284
    endloop
  endfacet
  facet normal 0 0.659343 -0.751842
    outer loop
      vertex -87.48 47.215 12.3734
      vertex -90.88 46.8216 12.0284
      vertex -90.88 47.215 12.3734
    endloop
  endfacet
  facet normal 0 0.94691 -0.321498
    outer loop
      vertex -87.48 45.7863 10.2353
      vertex -90.88 45.9545 10.7307
      vertex -87.48 45.9545 10.7307
    endloop
  endfacet
  facet normal 0 0.94691 -0.321498
    outer loop
      vertex -90.88 45.9545 10.7307
      vertex -87.48 45.7863 10.2353
      vertex -90.88 45.7863 10.2353
    endloop
  endfacet
  facet normal 0 0.831432 -0.555626
    outer loop
      vertex -87.48 46.1859 11.2
      vertex -90.88 46.4766 11.635
      vertex -87.48 46.4766 11.635
    endloop
  endfacet
  facet normal 0 0.831432 -0.555626
    outer loop
      vertex -90.88 46.4766 11.635
      vertex -87.48 46.1859 11.2
      vertex -90.88 46.1859 11.2
    endloop
  endfacet
  facet normal 0 0.831456 0.555591
    outer loop
      vertex -87.48 46.4766 6.76496
      vertex -90.88 46.1859 7.2
      vertex -87.48 46.1859 7.2
    endloop
  endfacet
  facet normal 0 0.831456 0.555591
    outer loop
      vertex -90.88 46.1859 7.2
      vertex -87.48 46.4766 6.76496
      vertex -90.88 46.4766 6.76496
    endloop
  endfacet
  facet normal 0 -0.94691 -0.321498
    outer loop
      vertex -90.88 59.0137 10.2353
      vertex -87.48 58.8455 10.7307
      vertex -90.88 58.8455 10.7307
    endloop
  endfacet
  facet normal 0 -0.94691 -0.321498
    outer loop
      vertex -87.48 58.8455 10.7307
      vertex -90.88 59.0137 10.2353
      vertex -87.48 59.0137 10.2353
    endloop
  endfacet
  facet normal 0 -0.195105 0.980782
    outer loop
      vertex -90.88 56.1853 5.33631
      vertex -87.48 55.6721 5.23422
      vertex -87.48 56.1853 5.33631
    endloop
  endfacet
  facet normal 0 -0.195105 0.980782
    outer loop
      vertex -87.48 55.6721 5.23422
      vertex -90.88 56.1853 5.33631
      vertex -90.88 55.6721 5.23422
    endloop
  endfacet
  facet normal 0 -0.946924 0.321458
    outer loop
      vertex -90.88 58.8455 7.66927
      vertex -87.48 59.0137 8.16474
      vertex -90.88 59.0137 8.16474
    endloop
  endfacet
  facet normal 0 -0.946924 0.321458
    outer loop
      vertex -87.48 59.0137 8.16474
      vertex -90.88 58.8455 7.66927
      vertex -87.48 58.8455 7.66927
    endloop
  endfacet
  facet normal 0 -0.831432 -0.555626
    outer loop
      vertex -90.88 58.6141 11.2
      vertex -87.48 58.3234 11.635
      vertex -90.88 58.3234 11.635
    endloop
  endfacet
  facet normal 0 -0.831432 -0.555626
    outer loop
      vertex -87.48 58.3234 11.635
      vertex -90.88 58.6141 11.2
      vertex -87.48 58.6141 11.2
    endloop
  endfacet
  facet normal 0 -0.831456 0.555591
    outer loop
      vertex -90.88 58.3234 6.76496
      vertex -87.48 58.6141 7.2
      vertex -90.88 58.6141 7.2
    endloop
  endfacet
  facet normal 0 -0.831456 0.555591
    outer loop
      vertex -87.48 58.6141 7.2
      vertex -90.88 58.3234 6.76496
      vertex -87.48 58.3234 6.76496
    endloop
  endfacet
  facet normal 0 0.442238 -0.896898
    outer loop
      vertex -90.88 47.65 12.6641
      vertex -87.48 48.1193 12.8955
      vertex -87.48 47.65 12.6641
    endloop
  endfacet
  facet normal 0 0.442238 -0.896898
    outer loop
      vertex -87.48 48.1193 12.8955
      vertex -90.88 47.65 12.6641
      vertex -90.88 48.1193 12.8955
    endloop
  endfacet
  facet normal -0 0.659321 0.751861
    outer loop
      vertex -90.88 47.215 6.0266
      vertex -87.48 46.8216 6.37158
      vertex -87.48 47.215 6.0266
    endloop
  endfacet
  facet normal 0 0.659321 0.751861
    outer loop
      vertex -87.48 46.8216 6.37158
      vertex -90.88 47.215 6.0266
      vertex -90.88 46.8216 6.37158
    endloop
  endfacet
  facet normal 0 -0.442238 -0.896898
    outer loop
      vertex -90.88 80.6807 12.8955
      vertex -87.48 81.15 12.6641
      vertex -87.48 80.6807 12.8955
    endloop
  endfacet
  facet normal -0 -0.442238 -0.896898
    outer loop
      vertex -87.48 81.15 12.6641
      vertex -90.88 80.6807 12.8955
      vertex -90.88 81.15 12.6641
    endloop
  endfacet
  facet normal 0 0.980776 0.195138
    outer loop
      vertex -87.48 69.7863 8.16474
      vertex -90.88 69.6842 8.6779
      vertex -87.48 69.6842 8.6779
    endloop
  endfacet
  facet normal 0 0.980776 0.195138
    outer loop
      vertex -90.88 69.6842 8.6779
      vertex -87.48 69.7863 8.16474
      vertex -90.88 69.7863 8.16474
    endloop
  endfacet
  facet normal -0 0.195105 0.980782
    outer loop
      vertex -90.88 73.1279 5.23422
      vertex -87.48 72.6147 5.33631
      vertex -87.48 73.1279 5.23422
    endloop
  endfacet
  facet normal 0 0.195105 0.980782
    outer loop
      vertex -87.48 72.6147 5.33631
      vertex -90.88 73.1279 5.23422
      vertex -90.88 72.6147 5.33631
    endloop
  endfacet
  facet normal -0 0.0654027 0.997859
    outer loop
      vertex -90.88 73.65 5.2
      vertex -87.48 73.1279 5.23422
      vertex -87.48 73.65 5.2
    endloop
  endfacet
  facet normal 0 0.0654027 0.997859
    outer loop
      vertex -87.48 73.1279 5.23422
      vertex -90.88 73.65 5.2
      vertex -90.88 73.1279 5.23422
    endloop
  endfacet
  facet normal -0 0 1
    outer loop
      vertex -90.88 79.15 5.2
      vertex -87.48 73.65 5.2
      vertex -87.48 79.15 5.2
    endloop
  endfacet
  facet normal 0 0 1
    outer loop
      vertex -87.48 73.65 5.2
      vertex -90.88 79.15 5.2
      vertex -90.88 73.65 5.2
    endloop
  endfacet
  facet normal 0 -0.980776 0.195138
    outer loop
      vertex -90.88 83.0137 8.16474
      vertex -87.48 83.1158 8.6779
      vertex -90.88 83.1158 8.6779
    endloop
  endfacet
  facet normal 0 -0.980776 0.195138
    outer loop
      vertex -87.48 83.1158 8.6779
      vertex -90.88 83.0137 8.16474
      vertex -87.48 83.0137 8.16474
    endloop
  endfacet
  facet normal 0 -0.195124 -0.980779
    outer loop
      vertex -90.88 79.6721 13.1658
      vertex -87.48 80.1853 13.0637
      vertex -87.48 79.6721 13.1658
    endloop
  endfacet
  facet normal -0 -0.195124 -0.980779
    outer loop
      vertex -87.48 80.1853 13.0637
      vertex -90.88 79.6721 13.1658
      vertex -90.88 80.1853 13.0637
    endloop
  endfacet
  facet normal 0 0.997861 0.0653646
    outer loop
      vertex -87.48 69.6842 8.6779
      vertex -90.88 69.65 9.2
      vertex -87.48 69.65 9.2
    endloop
  endfacet
  facet normal 0 0.997861 0.0653646
    outer loop
      vertex -90.88 69.65 9.2
      vertex -87.48 69.6842 8.6779
      vertex -90.88 69.6842 8.6779
    endloop
  endfacet
  facet normal 0 0 -1
    outer loop
      vertex -90.88 73.65 13.2
      vertex -87.48 79.15 13.2
      vertex -87.48 73.65 13.2
    endloop
  endfacet
  facet normal -0 0 -1
    outer loop
      vertex -87.48 79.15 13.2
      vertex -90.88 73.65 13.2
      vertex -90.88 79.15 13.2
    endloop
  endfacet
  facet normal 0 -0.321498 -0.94691
    outer loop
      vertex -90.88 80.1853 13.0637
      vertex -87.48 80.6807 12.8955
      vertex -87.48 80.1853 13.0637
    endloop
  endfacet
  facet normal -0 -0.321498 -0.94691
    outer loop
      vertex -87.48 80.6807 12.8955
      vertex -90.88 80.1853 13.0637
      vertex -90.88 80.6807 12.8955
    endloop
  endfacet
  facet normal 0 -0.751826 0.659362
    outer loop
      vertex -90.88 81.9784 6.37158
      vertex -87.48 82.3234 6.76496
      vertex -90.88 82.3234 6.76496
    endloop
  endfacet
  facet normal 0 -0.751826 0.659362
    outer loop
      vertex -87.48 82.3234 6.76496
      vertex -90.88 81.9784 6.37158
      vertex -87.48 81.9784 6.37158
    endloop
  endfacet
  facet normal 0 -0.555626 0.831432
    outer loop
      vertex -90.88 81.585 6.0266
      vertex -87.48 81.15 5.7359
      vertex -87.48 81.585 6.0266
    endloop
  endfacet
  facet normal 0 -0.555626 0.831432
    outer loop
      vertex -87.48 81.15 5.7359
      vertex -90.88 81.585 6.0266
      vertex -90.88 81.15 5.7359
    endloop
  endfacet
  facet normal 0 -0.0653646 -0.997861
    outer loop
      vertex -90.88 79.15 13.2
      vertex -87.48 79.6721 13.1658
      vertex -87.48 79.15 13.2
    endloop
  endfacet
  facet normal -0 -0.0653646 -0.997861
    outer loop
      vertex -87.48 79.6721 13.1658
      vertex -90.88 79.15 13.2
      vertex -90.88 79.6721 13.1658
    endloop
  endfacet
  facet normal -0 0.442253 0.89689
    outer loop
      vertex -90.88 72.1193 5.50449
      vertex -87.48 71.65 5.7359
      vertex -87.48 72.1193 5.50449
    endloop
  endfacet
  facet normal 0 0.442253 0.89689
    outer loop
      vertex -87.48 71.65 5.7359
      vertex -90.88 72.1193 5.50449
      vertex -90.88 71.65 5.7359
    endloop
  endfacet
  facet normal 0 -0.980779 -0.19512
    outer loop
      vertex -90.88 83.1158 9.72209
      vertex -87.48 83.0137 10.2353
      vertex -90.88 83.0137 10.2353
    endloop
  endfacet
  facet normal 0 -0.980779 -0.19512
    outer loop
      vertex -87.48 83.0137 10.2353
      vertex -90.88 83.1158 9.72209
      vertex -87.48 83.1158 9.72209
    endloop
  endfacet
  facet normal 0 -0.0654027 0.997859
    outer loop
      vertex -90.88 79.6721 5.23422
      vertex -87.48 79.15 5.2
      vertex -87.48 79.6721 5.23422
    endloop
  endfacet
  facet normal 0 -0.0654027 0.997859
    outer loop
      vertex -87.48 79.15 5.2
      vertex -90.88 79.6721 5.23422
      vertex -90.88 79.15 5.2
    endloop
  endfacet
  facet normal 0 -0.896898 -0.442238
    outer loop
      vertex -90.88 82.8455 10.7307
      vertex -87.48 82.6141 11.2
      vertex -90.88 82.6141 11.2
    endloop
  endfacet
  facet normal 0 -0.896898 -0.442238
    outer loop
      vertex -87.48 82.6141 11.2
      vertex -90.88 82.8455 10.7307
      vertex -87.48 82.8455 10.7307
    endloop
  endfacet
  facet normal 0 0.896898 -0.442238
    outer loop
      vertex -87.48 69.9545 10.7307
      vertex -90.88 70.1859 11.2
      vertex -87.48 70.1859 11.2
    endloop
  endfacet
  facet normal 0 0.896898 -0.442238
    outer loop
      vertex -90.88 70.1859 11.2
      vertex -87.48 69.9545 10.7307
      vertex -90.88 69.9545 10.7307
    endloop
  endfacet
  facet normal -0 0.321464 0.946922
    outer loop
      vertex -90.88 72.6147 5.33631
      vertex -87.48 72.1193 5.50449
      vertex -87.48 72.6147 5.33631
    endloop
  endfacet
  facet normal 0 0.321464 0.946922
    outer loop
      vertex -87.48 72.1193 5.50449
      vertex -90.88 72.6147 5.33631
      vertex -90.88 72.1193 5.50449
    endloop
  endfacet
  facet normal -0 0.555626 0.831432
    outer loop
      vertex -90.88 71.65 5.7359
      vertex -87.48 71.215 6.0266
      vertex -87.48 71.65 5.7359
    endloop
  endfacet
  facet normal 0 0.555626 0.831432
    outer loop
      vertex -87.48 71.215 6.0266
      vertex -90.88 71.65 5.7359
      vertex -90.88 71.215 6.0266
    endloop
  endfacet
  facet normal 0 0.195124 -0.980779
    outer loop
      vertex -90.88 72.6147 13.0637
      vertex -87.48 73.1279 13.1658
      vertex -87.48 72.6147 13.0637
    endloop
  endfacet
  facet normal 0 0.195124 -0.980779
    outer loop
      vertex -87.48 73.1279 13.1658
      vertex -90.88 72.6147 13.0637
      vertex -90.88 73.1279 13.1658
    endloop
  endfacet
  facet normal 0 -0.442253 0.89689
    outer loop
      vertex -90.88 81.15 5.7359
      vertex -87.48 80.6807 5.50449
      vertex -87.48 81.15 5.7359
    endloop
  endfacet
  facet normal 0 -0.442253 0.89689
    outer loop
      vertex -87.48 80.6807 5.50449
      vertex -90.88 81.15 5.7359
      vertex -90.88 80.6807 5.50449
    endloop
  endfacet
  facet normal 0 -0.555626 -0.831432
    outer loop
      vertex -90.88 81.15 12.6641
      vertex -87.48 81.585 12.3734
      vertex -87.48 81.15 12.6641
    endloop
  endfacet
  facet normal -0 -0.555626 -0.831432
    outer loop
      vertex -87.48 81.585 12.3734
      vertex -90.88 81.15 12.6641
      vertex -90.88 81.585 12.3734
    endloop
  endfacet
  facet normal 0 -0.659343 -0.751842
    outer loop
      vertex -90.88 81.585 12.3734
      vertex -87.48 81.9784 12.0284
      vertex -87.48 81.585 12.3734
    endloop
  endfacet
  facet normal -0 -0.659343 -0.751842
    outer loop
      vertex -87.48 81.9784 12.0284
      vertex -90.88 81.585 12.3734
      vertex -90.88 81.9784 12.0284
    endloop
  endfacet
  facet normal 0 0.946924 0.321458
    outer loop
      vertex -87.48 69.9545 7.66927
      vertex -90.88 69.7863 8.16474
      vertex -87.48 69.7863 8.16474
    endloop
  endfacet
  facet normal 0 0.946924 0.321458
    outer loop
      vertex -90.88 69.7863 8.16474
      vertex -87.48 69.9545 7.66927
      vertex -90.88 69.9545 7.66927
    endloop
  endfacet
  facet normal 0 0.751826 0.659362
    outer loop
      vertex -87.48 70.8216 6.37158
      vertex -90.88 70.4766 6.76496
      vertex -87.48 70.4766 6.76496
    endloop
  endfacet
  facet normal 0 0.751826 0.659362
    outer loop
      vertex -90.88 70.4766 6.76496
      vertex -87.48 70.8216 6.37158
      vertex -90.88 70.8216 6.37158
    endloop
  endfacet
  facet normal 0 0.896887 0.44226
    outer loop
      vertex -87.48 70.1859 7.2
      vertex -90.88 69.9545 7.66927
      vertex -87.48 69.9545 7.66927
    endloop
  endfacet
  facet normal 0 0.896887 0.44226
    outer loop
      vertex -90.88 69.9545 7.66927
      vertex -87.48 70.1859 7.2
      vertex -90.88 70.1859 7.2
    endloop
  endfacet
  facet normal 0 0.555626 -0.831432
    outer loop
      vertex -90.88 71.215 12.3734
      vertex -87.48 71.65 12.6641
      vertex -87.48 71.215 12.3734
    endloop
  endfacet
  facet normal 0 0.555626 -0.831432
    outer loop
      vertex -87.48 71.65 12.6641
      vertex -90.88 71.215 12.3734
      vertex -90.88 71.65 12.6641
    endloop
  endfacet
  facet normal 0 -0.896887 0.44226
    outer loop
      vertex -90.88 82.6141 7.2
      vertex -87.48 82.8455 7.66927
      vertex -90.88 82.8455 7.66927
    endloop
  endfacet
  facet normal 0 -0.896887 0.44226
    outer loop
      vertex -87.48 82.8455 7.66927
      vertex -90.88 82.6141 7.2
      vertex -87.48 82.6141 7.2
    endloop
  endfacet
  facet normal 0 0.751842 -0.659343
    outer loop
      vertex -87.48 70.4766 11.635
      vertex -90.88 70.8216 12.0284
      vertex -87.48 70.8216 12.0284
    endloop
  endfacet
  facet normal 0 0.751842 -0.659343
    outer loop
      vertex -90.88 70.8216 12.0284
      vertex -87.48 70.4766 11.635
      vertex -90.88 70.4766 11.635
    endloop
  endfacet
  facet normal 0 -0.659321 0.751861
    outer loop
      vertex -90.88 81.9784 6.37158
      vertex -87.48 81.585 6.0266
      vertex -87.48 81.9784 6.37158
    endloop
  endfacet
  facet normal 0 -0.659321 0.751861
    outer loop
      vertex -87.48 81.585 6.0266
      vertex -90.88 81.9784 6.37158
      vertex -90.88 81.585 6.0266
    endloop
  endfacet
  facet normal 0 -0.321464 0.946922
    outer loop
      vertex -90.88 80.6807 5.50449
      vertex -87.48 80.1853 5.33631
      vertex -87.48 80.6807 5.50449
    endloop
  endfacet
  facet normal 0 -0.321464 0.946922
    outer loop
      vertex -87.48 80.1853 5.33631
      vertex -90.88 80.6807 5.50449
      vertex -90.88 80.1853 5.33631
    endloop
  endfacet
  facet normal 0 0.980779 -0.19512
    outer loop
      vertex -87.48 69.6842 9.72209
      vertex -90.88 69.7863 10.2353
      vertex -87.48 69.7863 10.2353
    endloop
  endfacet
  facet normal 0 0.980779 -0.19512
    outer loop
      vertex -90.88 69.7863 10.2353
      vertex -87.48 69.6842 9.72209
      vertex -90.88 69.6842 9.72209
    endloop
  endfacet
  facet normal 0 0.0653646 -0.997861
    outer loop
      vertex -90.88 73.1279 13.1658
      vertex -87.48 73.65 13.2
      vertex -87.48 73.1279 13.1658
    endloop
  endfacet
  facet normal 0 0.0653646 -0.997861
    outer loop
      vertex -87.48 73.65 13.2
      vertex -90.88 73.1279 13.1658
      vertex -90.88 73.65 13.2
    endloop
  endfacet
  facet normal 0 0.321498 -0.94691
    outer loop
      vertex -90.88 72.1193 12.8955
      vertex -87.48 72.6147 13.0637
      vertex -87.48 72.1193 12.8955
    endloop
  endfacet
  facet normal 0 0.321498 -0.94691
    outer loop
      vertex -87.48 72.6147 13.0637
      vertex -90.88 72.1193 12.8955
      vertex -90.88 72.6147 13.0637
    endloop
  endfacet
  facet normal 0 -0.997861 -0.0653659
    outer loop
      vertex -90.88 83.15 9.2
      vertex -87.48 83.1158 9.72209
      vertex -90.88 83.1158 9.72209
    endloop
  endfacet
  facet normal 0 -0.997861 -0.0653659
    outer loop
      vertex -87.48 83.1158 9.72209
      vertex -90.88 83.15 9.2
      vertex -87.48 83.15 9.2
    endloop
  endfacet
  facet normal 0 -0.997861 0.0653646
    outer loop
      vertex -90.88 83.1158 8.6779
      vertex -87.48 83.15 9.2
      vertex -90.88 83.15 9.2
    endloop
  endfacet
  facet normal 0 -0.997861 0.0653646
    outer loop
      vertex -87.48 83.15 9.2
      vertex -90.88 83.1158 8.6779
      vertex -87.48 83.1158 8.6779
    endloop
  endfacet
  facet normal 0 -0.751842 -0.659343
    outer loop
      vertex -90.88 82.3234 11.635
      vertex -87.48 81.9784 12.0284
      vertex -90.88 81.9784 12.0284
    endloop
  endfacet
  facet normal 0 -0.751842 -0.659343
    outer loop
      vertex -87.48 81.9784 12.0284
      vertex -90.88 82.3234 11.635
      vertex -87.48 82.3234 11.635
    endloop
  endfacet
  facet normal 0 0.997861 -0.0653659
    outer loop
      vertex -87.48 69.65 9.2
      vertex -90.88 69.6842 9.72209
      vertex -87.48 69.6842 9.72209
    endloop
  endfacet
  facet normal 0 0.997861 -0.0653659
    outer loop
      vertex -90.88 69.6842 9.72209
      vertex -87.48 69.65 9.2
      vertex -90.88 69.65 9.2
    endloop
  endfacet
  facet normal 0 0.659343 -0.751842
    outer loop
      vertex -90.88 70.8216 12.0284
      vertex -87.48 71.215 12.3734
      vertex -87.48 70.8216 12.0284
    endloop
  endfacet
  facet normal 0 0.659343 -0.751842
    outer loop
      vertex -87.48 71.215 12.3734
      vertex -90.88 70.8216 12.0284
      vertex -90.88 71.215 12.3734
    endloop
  endfacet
  facet normal 0 0.94691 -0.321498
    outer loop
      vertex -87.48 69.7863 10.2353
      vertex -90.88 69.9545 10.7307
      vertex -87.48 69.9545 10.7307
    endloop
  endfacet
  facet normal 0 0.94691 -0.321498
    outer loop
      vertex -90.88 69.9545 10.7307
      vertex -87.48 69.7863 10.2353
      vertex -90.88 69.7863 10.2353
    endloop
  endfacet
  facet normal 0 0.831432 -0.555626
    outer loop
      vertex -87.48 70.1859 11.2
      vertex -90.88 70.4766 11.635
      vertex -87.48 70.4766 11.635
    endloop
  endfacet
  facet normal 0 0.831432 -0.555626
    outer loop
      vertex -90.88 70.4766 11.635
      vertex -87.48 70.1859 11.2
      vertex -90.88 70.1859 11.2
    endloop
  endfacet
  facet normal 0 0.831456 0.555591
    outer loop
      vertex -87.48 70.4766 6.76496
      vertex -90.88 70.1859 7.2
      vertex -87.48 70.1859 7.2
    endloop
  endfacet
  facet normal 0 0.831456 0.555591
    outer loop
      vertex -90.88 70.1859 7.2
      vertex -87.48 70.4766 6.76496
      vertex -90.88 70.4766 6.76496
    endloop
  endfacet
  facet normal 0 -0.94691 -0.321498
    outer loop
      vertex -90.88 83.0137 10.2353
      vertex -87.48 82.8455 10.7307
      vertex -90.88 82.8455 10.7307
    endloop
  endfacet
  facet normal 0 -0.94691 -0.321498
    outer loop
      vertex -87.48 82.8455 10.7307
      vertex -90.88 83.0137 10.2353
      vertex -87.48 83.0137 10.2353
    endloop
  endfacet
  facet normal 0 -0.195105 0.980782
    outer loop
      vertex -90.88 80.1853 5.33631
      vertex -87.48 79.6721 5.23422
      vertex -87.48 80.1853 5.33631
    endloop
  endfacet
  facet normal 0 -0.195105 0.980782
    outer loop
      vertex -87.48 79.6721 5.23422
      vertex -90.88 80.1853 5.33631
      vertex -90.88 79.6721 5.23422
    endloop
  endfacet
  facet normal 0 -0.946924 0.321458
    outer loop
      vertex -90.88 82.8455 7.66927
      vertex -87.48 83.0137 8.16474
      vertex -90.88 83.0137 8.16474
    endloop
  endfacet
  facet normal 0 -0.946924 0.321458
    outer loop
      vertex -87.48 83.0137 8.16474
      vertex -90.88 82.8455 7.66927
      vertex -87.48 82.8455 7.66927
    endloop
  endfacet
  facet normal 0 -0.831432 -0.555626
    outer loop
      vertex -90.88 82.6141 11.2
      vertex -87.48 82.3234 11.635
      vertex -90.88 82.3234 11.635
    endloop
  endfacet
  facet normal 0 -0.831432 -0.555626
    outer loop
      vertex -87.48 82.3234 11.635
      vertex -90.88 82.6141 11.2
      vertex -87.48 82.6141 11.2
    endloop
  endfacet
  facet normal 0 -0.831456 0.555591
    outer loop
      vertex -90.88 82.3234 6.76496
      vertex -87.48 82.6141 7.2
      vertex -90.88 82.6141 7.2
    endloop
  endfacet
  facet normal 0 -0.831456 0.555591
    outer loop
      vertex -87.48 82.6141 7.2
      vertex -90.88 82.3234 6.76496
      vertex -87.48 82.3234 6.76496
    endloop
  endfacet
  facet normal 0 0.442238 -0.896898
    outer loop
      vertex -90.88 71.65 12.6641
      vertex -87.48 72.1193 12.8955
      vertex -87.48 71.65 12.6641
    endloop
  endfacet
  facet normal 0 0.442238 -0.896898
    outer loop
      vertex -87.48 72.1193 12.8955
      vertex -90.88 71.65 12.6641
      vertex -90.88 72.1193 12.8955
    endloop
  endfacet
  facet normal -0 0.659321 0.751861
    outer loop
      vertex -90.88 71.215 6.0266
      vertex -87.48 70.8216 6.37158
      vertex -87.48 71.215 6.0266
    endloop
  endfacet
  facet normal 0 0.659321 0.751861
    outer loop
      vertex -87.48 70.8216 6.37158
      vertex -90.88 71.215 6.0266
      vertex -90.88 70.8216 6.37158
    endloop
  endfacet
endsolid OpenSCAD_Model
