solid OpenSCAD_Model
  facet normal -0.0654408 0.997856 0
    outer loop
      vertex -100.665 20.3641 1.54
      vertex -100.88 20.35 3.6
      vertex -100.665 20.3641 3.6
    endloop
  endfacet
  facet normal -0.0654408 0.997856 0
    outer loop
      vertex -100.88 20.35 3.6
      vertex -100.665 20.3641 1.54
      vertex -100.88 20.35 1.54
    endloop
  endfacet
  facet normal -0.980794 -0.195047 0
    outer loop
      vertex -99.2441 22.2154 1.54
      vertex -99.2862 22.4271 3.6
      vertex -99.2862 22.4271 1.54
    endloop
  endfacet
  facet normal -0.980794 -0.195047 0
    outer loop
      vertex -99.2862 22.4271 3.6
      vertex -99.2441 22.2154 1.54
      vertex -99.2441 22.2154 3.6
    endloop
  endfacet
  facet normal -0.997864 -0.0653198 0
    outer loop
      vertex -99.23 22 1.54
      vertex -99.2441 22.2154 3.6
      vertex -99.2441 22.2154 1.54
    endloop
  endfacet
  facet normal -0.997864 -0.0653198 0
    outer loop
      vertex -99.2441 22.2154 3.6
      vertex -99.23 22 1.54
      vertex -99.23 22 3.6
    endloop
  endfacet
  facet normal -0.94686 -0.321645 0
    outer loop
      vertex -99.2862 22.4271 1.54
      vertex -99.3556 22.6314 3.6
      vertex -99.3556 22.6314 1.54
    endloop
  endfacet
  facet normal -0.94686 -0.321645 0
    outer loop
      vertex -99.3556 22.6314 3.6
      vertex -99.2862 22.4271 1.54
      vertex -99.2862 22.4271 3.6
    endloop
  endfacet
  facet normal -0.0654408 -0.997856 0
    outer loop
      vertex -100.88 23.65 1.54
      vertex -100.665 23.6359 3.6
      vertex -100.88 23.65 3.6
    endloop
  endfacet
  facet normal -0.0654408 -0.997856 -0
    outer loop
      vertex -100.665 23.6359 3.6
      vertex -100.88 23.65 1.54
      vertex -100.665 23.6359 1.54
    endloop
  endfacet
  facet normal 0.657653 0.753321 -0
    outer loop
      vertex -101.884 20.691 1.54
      vertex -102.047 20.8333 3.6
      vertex -101.884 20.691 3.6
    endloop
  endfacet
  facet normal 0.657653 0.753321 0
    outer loop
      vertex -102.047 20.8333 3.6
      vertex -101.884 20.691 1.54
      vertex -102.047 20.8333 1.54
    endloop
  endfacet
  facet normal 0.997894 0.0648585 0
    outer loop
      vertex -102.516 21.7846 3.6
      vertex -102.53 22 1.54
      vertex -102.53 22 3.6
    endloop
  endfacet
  facet normal 0.997894 0.0648585 0
    outer loop
      vertex -102.53 22 1.54
      vertex -102.516 21.7846 3.6
      vertex -102.516 21.7846 1.54
    endloop
  endfacet
  facet normal 0.657653 -0.753321 0
    outer loop
      vertex -102.047 23.1667 1.54
      vertex -101.884 23.309 3.6
      vertex -102.047 23.1667 3.6
    endloop
  endfacet
  facet normal 0.657653 -0.753321 0
    outer loop
      vertex -101.884 23.309 3.6
      vertex -102.047 23.1667 1.54
      vertex -101.884 23.309 1.54
    endloop
  endfacet
  facet normal -0.751715 -0.659488 0
    outer loop
      vertex -99.571 23.0045 1.54
      vertex -99.7133 23.1667 3.6
      vertex -99.7133 23.1667 1.54
    endloop
  endfacet
  facet normal -0.751715 -0.659488 0
    outer loop
      vertex -99.7133 23.1667 3.6
      vertex -99.571 23.0045 1.54
      vertex -99.571 23.0045 3.6
    endloop
  endfacet
  facet normal -0.997864 0.0653198 0
    outer loop
      vertex -99.2441 21.7846 1.54
      vertex -99.23 22 3.6
      vertex -99.23 22 1.54
    endloop
  endfacet
  facet normal -0.997864 0.0653198 0
    outer loop
      vertex -99.23 22 3.6
      vertex -99.2441 21.7846 1.54
      vertex -99.2441 21.7846 3.6
    endloop
  endfacet
  facet normal -0.441655 -0.897185 0
    outer loop
      vertex -100.249 23.5244 1.54
      vertex -100.055 23.4289 3.6
      vertex -100.249 23.5244 3.6
    endloop
  endfacet
  facet normal -0.441655 -0.897185 -0
    outer loop
      vertex -100.055 23.4289 3.6
      vertex -100.249 23.5244 1.54
      vertex -100.055 23.4289 1.54
    endloop
  endfacet
  facet normal -0.896823 0.442389 0
    outer loop
      vertex -99.4511 21.175 1.54
      vertex -99.3556 21.3686 3.6
      vertex -99.3556 21.3686 1.54
    endloop
  endfacet
  facet normal -0.896823 0.442389 0
    outer loop
      vertex -99.3556 21.3686 3.6
      vertex -99.4511 21.175 1.54
      vertex -99.4511 21.175 3.6
    endloop
  endfacet
  facet normal 0.322069 0.946716 -0
    outer loop
      vertex -101.307 20.4062 1.54
      vertex -101.511 20.4756 3.6
      vertex -101.307 20.4062 3.6
    endloop
  endfacet
  facet normal 0.322069 0.946716 0
    outer loop
      vertex -101.511 20.4756 3.6
      vertex -101.307 20.4062 1.54
      vertex -101.511 20.4756 1.54
    endloop
  endfacet
  facet normal -0.831551 -0.555448 0
    outer loop
      vertex -99.4511 22.825 1.54
      vertex -99.571 23.0045 3.6
      vertex -99.571 23.0045 1.54
    endloop
  endfacet
  facet normal -0.831551 -0.555448 0
    outer loop
      vertex -99.571 23.0045 3.6
      vertex -99.4511 22.825 1.54
      vertex -99.4511 22.825 3.6
    endloop
  endfacet
  facet normal -0.896823 -0.442389 0
    outer loop
      vertex -99.3556 22.6314 1.54
      vertex -99.4511 22.825 3.6
      vertex -99.4511 22.825 1.54
    endloop
  endfacet
  facet normal -0.896823 -0.442389 0
    outer loop
      vertex -99.4511 22.825 3.6
      vertex -99.3556 22.6314 1.54
      vertex -99.3556 22.6314 3.6
    endloop
  endfacet
  facet normal 0.831337 0.555769 0
    outer loop
      vertex -102.189 20.9955 3.6
      vertex -102.309 21.175 1.54
      vertex -102.309 21.175 3.6
    endloop
  endfacet
  facet normal 0.831337 0.555769 0
    outer loop
      vertex -102.309 21.175 1.54
      vertex -102.189 20.9955 3.6
      vertex -102.189 20.9955 1.54
    endloop
  endfacet
  facet normal -0.441655 0.897185 0
    outer loop
      vertex -100.055 20.5711 1.54
      vertex -100.249 20.4756 3.6
      vertex -100.055 20.5711 3.6
    endloop
  endfacet
  facet normal -0.441655 0.897185 0
    outer loop
      vertex -100.249 20.4756 3.6
      vertex -100.055 20.5711 1.54
      vertex -100.249 20.4756 1.54
    endloop
  endfacet
  facet normal 0.997894 -0.0648585 0
    outer loop
      vertex -102.53 22 3.6
      vertex -102.516 22.2154 1.54
      vertex -102.516 22.2154 3.6
    endloop
  endfacet
  facet normal 0.997894 -0.0648585 0
    outer loop
      vertex -102.516 22.2154 1.54
      vertex -102.53 22 3.6
      vertex -102.53 22 1.54
    endloop
  endfacet
  facet normal 0.441655 -0.897185 0
    outer loop
      vertex -101.705 23.4289 1.54
      vertex -101.511 23.5244 3.6
      vertex -101.705 23.4289 3.6
    endloop
  endfacet
  facet normal 0.441655 -0.897185 0
    outer loop
      vertex -101.511 23.5244 3.6
      vertex -101.705 23.4289 1.54
      vertex -101.511 23.5244 1.54
    endloop
  endfacet
  facet normal -0.194781 -0.980847 0
    outer loop
      vertex -100.665 23.6359 1.54
      vertex -100.453 23.5938 3.6
      vertex -100.665 23.6359 3.6
    endloop
  endfacet
  facet normal -0.194781 -0.980847 -0
    outer loop
      vertex -100.453 23.5938 3.6
      vertex -100.665 23.6359 1.54
      vertex -100.453 23.5938 1.54
    endloop
  endfacet
  facet normal 0.752404 -0.658702 0
    outer loop
      vertex -102.189 23.0045 3.6
      vertex -102.047 23.1667 1.54
      vertex -102.047 23.1667 3.6
    endloop
  endfacet
  facet normal 0.752404 -0.658702 0
    outer loop
      vertex -102.047 23.1667 1.54
      vertex -102.189 23.0045 3.6
      vertex -102.189 23.0045 1.54
    endloop
  endfacet
  facet normal -0.94686 0.321645 0
    outer loop
      vertex -99.3556 21.3686 1.54
      vertex -99.2862 21.5729 3.6
      vertex -99.2862 21.5729 1.54
    endloop
  endfacet
  facet normal -0.94686 0.321645 0
    outer loop
      vertex -99.2862 21.5729 3.6
      vertex -99.3556 21.3686 1.54
      vertex -99.3556 21.3686 3.6
    endloop
  endfacet
  facet normal 0.980882 -0.194601 0
    outer loop
      vertex -102.516 22.2154 3.6
      vertex -102.474 22.4271 1.54
      vertex -102.474 22.4271 3.6
    endloop
  endfacet
  facet normal 0.980882 -0.194601 0
    outer loop
      vertex -102.474 22.4271 1.54
      vertex -102.516 22.2154 3.6
      vertex -102.516 22.2154 1.54
    endloop
  endfacet
  facet normal 0.441655 0.897185 -0
    outer loop
      vertex -101.511 20.4756 1.54
      vertex -101.705 20.5711 3.6
      vertex -101.511 20.4756 3.6
    endloop
  endfacet
  facet normal 0.441655 0.897185 0
    outer loop
      vertex -101.705 20.5711 3.6
      vertex -101.511 20.4756 1.54
      vertex -101.705 20.5711 1.54
    endloop
  endfacet
  facet normal 0.55652 -0.830834 0
    outer loop
      vertex -101.884 23.309 1.54
      vertex -101.705 23.4289 3.6
      vertex -101.884 23.309 3.6
    endloop
  endfacet
  facet normal 0.55652 -0.830834 0
    outer loop
      vertex -101.705 23.4289 3.6
      vertex -101.884 23.309 1.54
      vertex -101.705 23.4289 1.54
    endloop
  endfacet
  facet normal -0.659488 0.751715 0
    outer loop
      vertex -99.7133 20.8333 1.54
      vertex -99.8755 20.691 3.6
      vertex -99.7133 20.8333 3.6
    endloop
  endfacet
  facet normal -0.659488 0.751715 0
    outer loop
      vertex -99.8755 20.691 3.6
      vertex -99.7133 20.8333 1.54
      vertex -99.8755 20.691 1.54
    endloop
  endfacet
  facet normal 0.322069 -0.946716 0
    outer loop
      vertex -101.511 23.5244 1.54
      vertex -101.307 23.5938 3.6
      vertex -101.511 23.5244 3.6
    endloop
  endfacet
  facet normal 0.322069 -0.946716 0
    outer loop
      vertex -101.307 23.5938 3.6
      vertex -101.511 23.5244 1.54
      vertex -101.307 23.5938 1.54
    endloop
  endfacet
  facet normal -0.831551 0.555448 0
    outer loop
      vertex -99.571 20.9955 1.54
      vertex -99.4511 21.175 3.6
      vertex -99.4511 21.175 1.54
    endloop
  endfacet
  facet normal -0.831551 0.555448 0
    outer loop
      vertex -99.4511 21.175 3.6
      vertex -99.571 20.9955 1.54
      vertex -99.571 20.9955 3.6
    endloop
  endfacet
  facet normal -0.555448 0.831551 0
    outer loop
      vertex -99.8755 20.691 1.54
      vertex -100.055 20.5711 3.6
      vertex -99.8755 20.691 3.6
    endloop
  endfacet
  facet normal -0.555448 0.831551 0
    outer loop
      vertex -100.055 20.5711 3.6
      vertex -99.8755 20.691 1.54
      vertex -100.055 20.5711 1.54
    endloop
  endfacet
  facet normal -0.751715 0.659488 0
    outer loop
      vertex -99.7133 20.8333 1.54
      vertex -99.571 20.9955 3.6
      vertex -99.571 20.9955 1.54
    endloop
  endfacet
  facet normal -0.751715 0.659488 0
    outer loop
      vertex -99.571 20.9955 3.6
      vertex -99.7133 20.8333 1.54
      vertex -99.7133 20.8333 3.6
    endloop
  endfacet
  facet normal -0.980794 0.195047 0
    outer loop
      vertex -99.2862 21.5729 1.54
      vertex -99.2441 21.7846 3.6
      vertex -99.2441 21.7846 1.54
    endloop
  endfacet
  facet normal -0.980794 0.195047 0
    outer loop
      vertex -99.2441 21.7846 3.6
      vertex -99.2862 21.5729 1.54
      vertex -99.2862 21.5729 3.6
    endloop
  endfacet
  facet normal 0.0654408 -0.997856 0
    outer loop
      vertex -101.095 23.6359 1.54
      vertex -100.88 23.65 3.6
      vertex -101.095 23.6359 3.6
    endloop
  endfacet
  facet normal 0.0654408 -0.997856 0
    outer loop
      vertex -100.88 23.65 3.6
      vertex -101.095 23.6359 1.54
      vertex -100.88 23.65 1.54
    endloop
  endfacet
  facet normal 0.897741 0.440524 0
    outer loop
      vertex -102.309 21.175 3.6
      vertex -102.404 21.3686 1.54
      vertex -102.404 21.3686 3.6
    endloop
  endfacet
  facet normal 0.897741 0.440524 0
    outer loop
      vertex -102.404 21.3686 1.54
      vertex -102.309 21.175 3.6
      vertex -102.309 21.175 1.54
    endloop
  endfacet
  facet normal 0.897741 -0.440524 0
    outer loop
      vertex -102.404 22.6314 3.6
      vertex -102.309 22.825 1.54
      vertex -102.309 22.825 3.6
    endloop
  endfacet
  facet normal 0.897741 -0.440524 0
    outer loop
      vertex -102.309 22.825 1.54
      vertex -102.404 22.6314 3.6
      vertex -102.404 22.6314 1.54
    endloop
  endfacet
  facet normal -0.555448 -0.831551 0
    outer loop
      vertex -100.055 23.4289 1.54
      vertex -99.8755 23.309 3.6
      vertex -100.055 23.4289 3.6
    endloop
  endfacet
  facet normal -0.555448 -0.831551 -0
    outer loop
      vertex -99.8755 23.309 3.6
      vertex -100.055 23.4289 1.54
      vertex -99.8755 23.309 1.54
    endloop
  endfacet
  facet normal 0.980882 0.194601 0
    outer loop
      vertex -102.474 21.5729 3.6
      vertex -102.516 21.7846 1.54
      vertex -102.516 21.7846 3.6
    endloop
  endfacet
  facet normal 0.980882 0.194601 0
    outer loop
      vertex -102.516 21.7846 1.54
      vertex -102.474 21.5729 3.6
      vertex -102.474 21.5729 1.54
    endloop
  endfacet
  facet normal -0.322069 0.946716 0
    outer loop
      vertex -100.249 20.4756 1.54
      vertex -100.453 20.4062 3.6
      vertex -100.249 20.4756 3.6
    endloop
  endfacet
  facet normal -0.322069 0.946716 0
    outer loop
      vertex -100.453 20.4062 3.6
      vertex -100.249 20.4756 1.54
      vertex -100.453 20.4062 1.54
    endloop
  endfacet
  facet normal -0.659488 -0.751715 0
    outer loop
      vertex -99.8755 23.309 1.54
      vertex -99.7133 23.1667 3.6
      vertex -99.8755 23.309 3.6
    endloop
  endfacet
  facet normal -0.659488 -0.751715 -0
    outer loop
      vertex -99.7133 23.1667 3.6
      vertex -99.8755 23.309 1.54
      vertex -99.7133 23.1667 1.54
    endloop
  endfacet
  facet normal -0.194781 0.980847 0
    outer loop
      vertex -100.453 20.4062 1.54
      vertex -100.665 20.3641 3.6
      vertex -100.453 20.4062 3.6
    endloop
  endfacet
  facet normal -0.194781 0.980847 0
    outer loop
      vertex -100.665 20.3641 3.6
      vertex -100.453 20.4062 1.54
      vertex -100.665 20.3641 1.54
    endloop
  endfacet
  facet normal 0.946011 -0.324135 0
    outer loop
      vertex -102.474 22.4271 3.6
      vertex -102.404 22.6314 1.54
      vertex -102.404 22.6314 3.6
    endloop
  endfacet
  facet normal 0.946011 -0.324135 0
    outer loop
      vertex -102.404 22.6314 1.54
      vertex -102.474 22.4271 3.6
      vertex -102.474 22.4271 1.54
    endloop
  endfacet
  facet normal 0.194781 -0.980847 0
    outer loop
      vertex -101.307 23.5938 1.54
      vertex -101.095 23.6359 3.6
      vertex -101.307 23.5938 3.6
    endloop
  endfacet
  facet normal 0.194781 -0.980847 0
    outer loop
      vertex -101.095 23.6359 3.6
      vertex -101.307 23.5938 1.54
      vertex -101.095 23.6359 1.54
    endloop
  endfacet
  facet normal 0.0654408 0.997856 -0
    outer loop
      vertex -100.88 20.35 1.54
      vertex -101.095 20.3641 3.6
      vertex -100.88 20.35 3.6
    endloop
  endfacet
  facet normal 0.0654408 0.997856 0
    outer loop
      vertex -101.095 20.3641 3.6
      vertex -100.88 20.35 1.54
      vertex -101.095 20.3641 1.54
    endloop
  endfacet
  facet normal 0.946011 0.324135 0
    outer loop
      vertex -102.404 21.3686 3.6
      vertex -102.474 21.5729 1.54
      vertex -102.474 21.5729 3.6
    endloop
  endfacet
  facet normal 0.946011 0.324135 0
    outer loop
      vertex -102.474 21.5729 1.54
      vertex -102.404 21.3686 3.6
      vertex -102.404 21.3686 1.54
    endloop
  endfacet
  facet normal 0.752404 0.658702 0
    outer loop
      vertex -102.047 20.8333 3.6
      vertex -102.189 20.9955 1.54
      vertex -102.189 20.9955 3.6
    endloop
  endfacet
  facet normal 0.752404 0.658702 0
    outer loop
      vertex -102.189 20.9955 1.54
      vertex -102.047 20.8333 3.6
      vertex -102.047 20.8333 1.54
    endloop
  endfacet
  facet normal 0.194781 0.980847 -0
    outer loop
      vertex -101.095 20.3641 1.54
      vertex -101.307 20.4062 3.6
      vertex -101.095 20.3641 3.6
    endloop
  endfacet
  facet normal 0.194781 0.980847 0
    outer loop
      vertex -101.307 20.4062 3.6
      vertex -101.095 20.3641 1.54
      vertex -101.307 20.4062 1.54
    endloop
  endfacet
  facet normal 0.55652 0.830834 -0
    outer loop
      vertex -101.705 20.5711 1.54
      vertex -101.884 20.691 3.6
      vertex -101.705 20.5711 3.6
    endloop
  endfacet
  facet normal 0.55652 0.830834 0
    outer loop
      vertex -101.884 20.691 3.6
      vertex -101.705 20.5711 1.54
      vertex -101.884 20.691 1.54
    endloop
  endfacet
  facet normal -0.322069 -0.946716 0
    outer loop
      vertex -100.453 23.5938 1.54
      vertex -100.249 23.5244 3.6
      vertex -100.453 23.5938 3.6
    endloop
  endfacet
  facet normal -0.322069 -0.946716 -0
    outer loop
      vertex -100.249 23.5244 3.6
      vertex -100.453 23.5938 1.54
      vertex -100.249 23.5244 1.54
    endloop
  endfacet
  facet normal 0.831337 -0.555769 0
    outer loop
      vertex -102.309 22.825 3.6
      vertex -102.189 23.0045 1.54
      vertex -102.189 23.0045 3.6
    endloop
  endfacet
  facet normal 0.831337 -0.555769 0
    outer loop
      vertex -102.189 23.0045 1.54
      vertex -102.309 22.825 3.6
      vertex -102.309 22.825 1.54
    endloop
  endfacet
  facet normal -0.706349 -0.0462956 -0.706349
    outer loop
      vertex -97.7172 22.415 0
      vertex -97.69 22 0
      vertex -99.23 22 1.54
    endloop
  endfacet
  facet normal -0.316602 0.633204 -0.706269
    outer loop
      vertex -100.249 20.4756 1.54
      vertex -99.658 19.0534 0
      vertex -99.6592 19.0528 0
    endloop
  endfacet
  facet normal -0.312602 0.635025 -0.706416
    outer loop
      vertex -99.658 19.0534 0
      vertex -100.249 20.4756 1.54
      vertex -100.055 20.5711 1.54
    endloop
  endfacet
  facet normal -0.312602 -0.635025 -0.706416
    outer loop
      vertex -100.249 23.5244 1.54
      vertex -99.658 24.9466 0
      vertex -100.055 23.4289 1.54
    endloop
  endfacet
  facet normal -0.316602 -0.633204 -0.706269
    outer loop
      vertex -99.658 24.9466 0
      vertex -100.249 23.5244 1.54
      vertex -99.6592 24.9472 0
    endloop
  endfacet
  facet normal 0.393872 -0.588016 -0.706472
    outer loop
      vertex -101.884 23.309 1.54
      vertex -102.821 24.5316 0
      vertex -101.705 23.4289 1.54
    endloop
  endfacet
  facet normal 0.441722 -0.552152 -0.707114
    outer loop
      vertex -102.821 24.5316 0
      vertex -101.884 23.309 1.54
      vertex -102.822 24.5308 0
    endloop
  endfacet
  facet normal -0.694279 -0.138039 -0.706344
    outer loop
      vertex -97.7984 22.8243 0
      vertex -97.7173 22.4164 0
      vertex -99.2441 22.2154 1.54
    endloop
  endfacet
  facet normal 0.393872 0.588016 -0.706472
    outer loop
      vertex -102.821 19.4684 0
      vertex -101.884 20.691 1.54
      vertex -101.705 20.5711 1.54
    endloop
  endfacet
  facet normal 0.441722 0.552152 -0.707114
    outer loop
      vertex -101.884 20.691 1.54
      vertex -102.821 19.4684 0
      vertex -102.822 19.4692 0
    endloop
  endfacet
  facet normal 0.137882 -0.694322 -0.706332
    outer loop
      vertex -101.307 23.5938 1.54
      vertex -101.704 25.0816 0
      vertex -101.095 23.6359 1.54
    endloop
  endfacet
  facet normal 0.105226 -0.701505 -0.704853
    outer loop
      vertex -101.704 25.0816 0
      vertex -101.307 23.5938 1.54
      vertex -101.706 25.0813 0
    endloop
  endfacet
  facet normal -0.466687 0.532214 -0.706365
    outer loop
      vertex -98.6243 19.7443 0
      vertex -98.937 19.4701 0
      vertex -99.7133 20.8333 1.54
    endloop
  endfacet
  facet normal 0.635281 -0.311734 -0.706569
    outer loop
      vertex -102.404 22.6314 1.54
      vertex -103.827 23.222 0
      vertex -102.309 22.825 1.54
    endloop
  endfacet
  facet normal 0.734456 0 -0.678656
    outer loop
      vertex -103.827 23.222 0
      vertex -102.404 22.6314 1.54
      vertex -103.827 23.2208 0
    endloop
  endfacet
  facet normal 0.466441 -0.532444 -0.706354
    outer loop
      vertex -102.823 24.5299 0
      vertex -102.047 23.1667 1.54
      vertex -103.136 24.2557 0
    endloop
  endfacet
  facet normal -0.227557 0.670247 -0.70639
    outer loop
      vertex -99.6592 19.0528 0
      vertex -100.053 18.9191 0
      vertex -100.249 20.4756 1.54
    endloop
  endfacet
  facet normal -0.47375 0.526389 -0.706028
    outer loop
      vertex -99.8755 20.691 1.54
      vertex -98.937 19.4701 0
      vertex -98.938 19.4692 0
    endloop
  endfacet
  facet normal -0.466829 0.532113 -0.706348
    outer loop
      vertex -98.937 19.4701 0
      vertex -99.8755 20.691 1.54
      vertex -99.7133 20.8333 1.54
    endloop
  endfacet
  facet normal 0.0462956 0.706349 -0.706349
    outer loop
      vertex -100.88 20.35 1.54
      vertex -100.88 18.81 0
      vertex -101.295 18.8372 0
    endloop
  endfacet
  facet normal -0.633241 0.31662 -0.706228
    outer loop
      vertex -97.9334 20.778 0
      vertex -99.3556 21.3686 1.54
      vertex -97.9328 20.7792 0
    endloop
  endfacet
  facet normal -0.634822 0.313148 -0.706356
    outer loop
      vertex -99.3556 21.3686 1.54
      vertex -97.9334 20.778 0
      vertex -99.4511 21.175 1.54
    endloop
  endfacet
  facet normal -0.706349 0.0462956 -0.706349
    outer loop
      vertex -97.69 22 0
      vertex -97.7172 21.585 0
      vertex -99.23 22 1.54
    endloop
  endfacet
  facet normal 0.670063 -0.228005 -0.70642
    outer loop
      vertex -103.827 23.2208 0
      vertex -102.404 22.6314 1.54
      vertex -103.961 22.827 0
    endloop
  endfacet
  facet normal 0.532389 0.4665 -0.706357
    outer loop
      vertex -102.047 20.8333 1.54
      vertex -103.136 19.7443 0
      vertex -103.41 20.057 0
    endloop
  endfacet
  facet normal -0.393198 -0.588606 -0.706355
    outer loop
      vertex -99.285 24.7626 0
      vertex -98.9392 24.5316 0
      vertex -100.055 23.4289 1.54
    endloop
  endfacet
  facet normal -0.105226 0.701505 -0.704853
    outer loop
      vertex -100.056 18.9184 0
      vertex -100.453 20.4062 1.54
      vertex -100.054 18.9187 0
    endloop
  endfacet
  facet normal -0.137882 0.694322 -0.706332
    outer loop
      vertex -100.453 20.4062 1.54
      vertex -100.056 18.9184 0
      vertex -100.665 20.3641 1.54
    endloop
  endfacet
  facet normal 0.138006 0.694284 -0.706346
    outer loop
      vertex -101.095 20.3641 1.54
      vertex -101.296 18.8373 0
      vertex -101.704 18.9184 0
    endloop
  endfacet
  facet normal 0.465444 -0.533151 -0.706478
    outer loop
      vertex -102.823 24.5299 0
      vertex -101.884 23.309 1.54
      vertex -102.047 23.1667 1.54
    endloop
  endfacet
  facet normal 0.473699 -0.526332 -0.706105
    outer loop
      vertex -101.884 23.309 1.54
      vertex -102.823 24.5299 0
      vertex -102.822 24.5308 0
    endloop
  endfacet
  facet normal 0.634764 -0.313128 -0.706418
    outer loop
      vertex -103.643 23.595 0
      vertex -102.309 22.825 1.54
      vertex -103.827 23.222 0
    endloop
  endfacet
  facet normal -0.0462956 0.706349 -0.706349
    outer loop
      vertex -100.88 20.35 1.54
      vertex -100.465 18.8372 0
      vertex -100.88 18.81 0
    endloop
  endfacet
  facet normal -0.105226 -0.701505 -0.704853
    outer loop
      vertex -100.453 23.5938 1.54
      vertex -100.056 25.0816 0
      vertex -100.054 25.0813 0
    endloop
  endfacet
  facet normal -0.137882 -0.694322 -0.706332
    outer loop
      vertex -100.056 25.0816 0
      vertex -100.453 23.5938 1.54
      vertex -100.665 23.6359 1.54
    endloop
  endfacet
  facet normal 0.22745 0.670272 -0.706401
    outer loop
      vertex -101.511 20.4756 1.54
      vertex -101.707 18.9191 0
      vertex -102.101 19.0528 0
    endloop
  endfacet
  facet normal -0.588622 -0.39318 -0.706353
    outer loop
      vertex -99.571 23.0045 1.54
      vertex -98.3484 23.9408 0
      vertex -99.4511 22.825 1.54
    endloop
  endfacet
  facet normal -0.571962 -0.415972 -0.706984
    outer loop
      vertex -98.3484 23.9408 0
      vertex -99.571 23.0045 1.54
      vertex -98.3492 23.9419 0
    endloop
  endfacet
  facet normal -0.0462956 -0.706349 -0.706349
    outer loop
      vertex -100.88 25.19 0
      vertex -100.465 25.1628 0
      vertex -100.88 23.65 1.54
    endloop
  endfacet
  facet normal 0.669726 -0.229471 -0.706265
    outer loop
      vertex -102.474 22.4271 1.54
      vertex -103.961 22.827 0
      vertex -102.404 22.6314 1.54
    endloop
  endfacet
  facet normal 0.719377 0 -0.69462
    outer loop
      vertex -103.961 22.827 0
      vertex -102.474 22.4271 1.54
      vertex -103.961 22.8256 0
    endloop
  endfacet
  facet normal 0.694299 -0.137745 -0.706382
    outer loop
      vertex -103.962 22.8243 0
      vertex -102.474 22.4271 1.54
      vertex -102.516 22.2154 1.54
    endloop
  endfacet
  facet normal 0.582411 -0.448008 -0.678296
    outer loop
      vertex -102.474 22.4271 1.54
      vertex -103.962 22.8243 0
      vertex -103.961 22.8256 0
    endloop
  endfacet
  facet normal -0.588606 0.393198 -0.706355
    outer loop
      vertex -98.1174 20.405 0
      vertex -98.3484 20.0592 0
      vertex -99.4511 21.175 1.54
    endloop
  endfacet
  facet normal 0.532389 -0.4665 -0.706357
    outer loop
      vertex -103.136 24.2557 0
      vertex -102.047 23.1667 1.54
      vertex -103.41 23.943 0
    endloop
  endfacet
  facet normal 0.53257 -0.466245 -0.706389
    outer loop
      vertex -102.189 23.0045 1.54
      vertex -103.41 23.943 0
      vertex -102.047 23.1667 1.54
    endloop
  endfacet
  facet normal 0.524106 -0.47646 -0.705903
    outer loop
      vertex -103.41 23.943 0
      vertex -102.189 23.0045 1.54
      vertex -103.411 23.9419 0
    endloop
  endfacet
  facet normal -0.634819 0.313155 -0.706356
    outer loop
      vertex -97.9334 20.778 0
      vertex -98.1174 20.405 0
      vertex -99.4511 21.175 1.54
    endloop
  endfacet
  facet normal -0.313155 -0.634819 -0.706356
    outer loop
      vertex -99.658 24.9466 0
      vertex -99.285 24.7626 0
      vertex -100.055 23.4289 1.54
    endloop
  endfacet
  facet normal 0.313155 0.634819 -0.706356
    outer loop
      vertex -101.705 20.5711 1.54
      vertex -102.102 19.0534 0
      vertex -102.475 19.2374 0
    endloop
  endfacet
  facet normal 0.466441 0.532444 -0.706354
    outer loop
      vertex -102.047 20.8333 1.54
      vertex -102.823 19.4701 0
      vertex -103.136 19.7443 0
    endloop
  endfacet
  facet normal 0.393038 -0.588706 -0.706361
    outer loop
      vertex -102.475 24.7626 0
      vertex -101.705 23.4289 1.54
      vertex -102.821 24.5316 0
    endloop
  endfacet
  facet normal -0.634819 -0.313155 -0.706356
    outer loop
      vertex -98.1174 23.595 0
      vertex -97.9334 23.222 0
      vertex -99.4511 22.825 1.54
    endloop
  endfacet
  facet normal 0.706367 0.0459106 -0.706355
    outer loop
      vertex -102.516 21.7846 1.54
      vertex -104.043 21.585 0
      vertex -102.53 22 1.54
    endloop
  endfacet
  facet normal 0.710098 0 -0.704103
    outer loop
      vertex -104.043 21.585 0
      vertex -102.516 21.7846 1.54
      vertex -104.043 21.5836 0
    endloop
  endfacet
  facet normal 0.138006 -0.694284 -0.706346
    outer loop
      vertex -101.296 25.1627 0
      vertex -101.095 23.6359 1.54
      vertex -101.704 25.0816 0
    endloop
  endfacet
  facet normal 0.588399 -0.393359 -0.706438
    outer loop
      vertex -103.412 23.9408 0
      vertex -102.189 23.0045 1.54
      vertex -102.309 22.825 1.54
    endloop
  endfacet
  facet normal 0.524106 -0.47646 -0.705903
    outer loop
      vertex -102.189 23.0045 1.54
      vertex -103.412 23.9408 0
      vertex -103.411 23.9419 0
    endloop
  endfacet
  facet normal -0.0703775 -0.703775 -0.706928
    outer loop
      vertex -100.665 23.6359 1.54
      vertex -100.465 25.1628 0
      vertex -100.464 25.1627 0
    endloop
  endfacet
  facet normal -0.046323 -0.706344 -0.706351
    outer loop
      vertex -100.465 25.1628 0
      vertex -100.665 23.6359 1.54
      vertex -100.88 23.65 1.54
    endloop
  endfacet
  facet normal -0.138006 -0.694284 -0.706346
    outer loop
      vertex -100.464 25.1627 0
      vertex -100.056 25.0816 0
      vertex -100.665 23.6359 1.54
    endloop
  endfacet
  facet normal 0.365746 0.609577 -0.70331
    outer loop
      vertex -102.102 19.0534 0
      vertex -101.511 20.4756 1.54
      vertex -102.101 19.0528 0
    endloop
  endfacet
  facet normal 0.312602 0.635025 -0.706416
    outer loop
      vertex -101.511 20.4756 1.54
      vertex -102.102 19.0534 0
      vertex -101.705 20.5711 1.54
    endloop
  endfacet
  facet normal -0.532214 0.466687 -0.706365
    outer loop
      vertex -98.3501 20.057 0
      vertex -98.6243 19.7443 0
      vertex -99.7133 20.8333 1.54
    endloop
  endfacet
  facet normal 0.0462956 -0.706349 -0.706349
    outer loop
      vertex -100.88 25.19 0
      vertex -100.88 23.65 1.54
      vertex -101.295 25.1628 0
    endloop
  endfacet
  facet normal 0.313155 -0.634819 -0.706356
    outer loop
      vertex -102.102 24.9466 0
      vertex -101.705 23.4289 1.54
      vertex -102.475 24.7626 0
    endloop
  endfacet
  facet normal -0.138006 0.694284 -0.706346
    outer loop
      vertex -100.056 18.9184 0
      vertex -100.464 18.8373 0
      vertex -100.665 20.3641 1.54
    endloop
  endfacet
  facet normal 0.70636 -0.0459559 -0.70636
    outer loop
      vertex -104.043 22.415 0
      vertex -102.53 22 1.54
      vertex -104.07 22 0
    endloop
  endfacet
  facet normal -0.670275 0.227567 -0.70636
    outer loop
      vertex -97.7991 21.173 0
      vertex -97.9328 20.7792 0
      vertex -99.3556 21.3686 1.54
    endloop
  endfacet
  facet normal -0.571962 0.415972 -0.706984
    outer loop
      vertex -99.571 20.9955 1.54
      vertex -98.3484 20.0592 0
      vertex -98.3492 20.0581 0
    endloop
  endfacet
  facet normal -0.588622 0.39318 -0.706353
    outer loop
      vertex -98.3484 20.0592 0
      vertex -99.571 20.9955 1.54
      vertex -99.4511 21.175 1.54
    endloop
  endfacet
  facet normal 0.046323 -0.706344 -0.706351
    outer loop
      vertex -101.095 23.6359 1.54
      vertex -101.295 25.1628 0
      vertex -100.88 23.65 1.54
    endloop
  endfacet
  facet normal 0.0703775 -0.703775 -0.706928
    outer loop
      vertex -101.295 25.1628 0
      vertex -101.095 23.6359 1.54
      vertex -101.296 25.1627 0
    endloop
  endfacet
  facet normal -0.588606 -0.393198 -0.706355
    outer loop
      vertex -98.3484 23.9408 0
      vertex -98.1174 23.595 0
      vertex -99.4511 22.825 1.54
    endloop
  endfacet
  facet normal 0.22745 -0.670272 -0.706401
    outer loop
      vertex -101.707 25.0809 0
      vertex -101.511 23.5244 1.54
      vertex -102.101 24.9472 0
    endloop
  endfacet
  facet normal -0.227982 -0.670149 -0.706345
    outer loop
      vertex -100.453 23.5938 1.54
      vertex -100.053 25.0809 0
      vertex -100.249 23.5244 1.54
    endloop
  endfacet
  facet normal -0.263527 -0.658818 -0.704636
    outer loop
      vertex -100.053 25.0809 0
      vertex -100.453 23.5938 1.54
      vertex -100.054 25.0813 0
    endloop
  endfacet
  facet normal -0.392662 -0.588992 -0.706332
    outer loop
      vertex -99.8755 23.309 1.54
      vertex -98.9392 24.5316 0
      vertex -98.938 24.5308 0
    endloop
  endfacet
  facet normal -0.39318 -0.588622 -0.706353
    outer loop
      vertex -98.9392 24.5316 0
      vertex -99.8755 23.309 1.54
      vertex -100.055 23.4289 1.54
    endloop
  endfacet
  facet normal -0.633241 -0.31662 -0.706228
    outer loop
      vertex -99.3556 22.6314 1.54
      vertex -97.9334 23.222 0
      vertex -97.9328 23.2208 0
    endloop
  endfacet
  facet normal -0.634822 -0.313148 -0.706356
    outer loop
      vertex -97.9334 23.222 0
      vertex -99.3556 22.6314 1.54
      vertex -99.4511 22.825 1.54
    endloop
  endfacet
  facet normal -0.227557 -0.670247 -0.70639
    outer loop
      vertex -100.053 25.0809 0
      vertex -99.6592 24.9472 0
      vertex -100.249 23.5244 1.54
    endloop
  endfacet
  facet normal 0.473699 0.526332 -0.706105
    outer loop
      vertex -102.823 19.4701 0
      vertex -101.884 20.691 1.54
      vertex -102.822 19.4692 0
    endloop
  endfacet
  facet normal 0.465444 0.533151 -0.706478
    outer loop
      vertex -101.884 20.691 1.54
      vertex -102.823 19.4701 0
      vertex -102.047 20.8333 1.54
    endloop
  endfacet
  facet normal 0.312602 -0.635025 -0.706416
    outer loop
      vertex -102.102 24.9466 0
      vertex -101.511 23.5244 1.54
      vertex -101.705 23.4289 1.54
    endloop
  endfacet
  facet normal 0.365746 -0.609577 -0.70331
    outer loop
      vertex -101.511 23.5244 1.54
      vertex -102.102 24.9466 0
      vertex -102.101 24.9472 0
    endloop
  endfacet
  facet normal 0.046323 0.706344 -0.706351
    outer loop
      vertex -101.295 18.8372 0
      vertex -101.095 20.3641 1.54
      vertex -100.88 20.35 1.54
    endloop
  endfacet
  facet normal 0.0703775 0.703775 -0.706928
    outer loop
      vertex -101.095 20.3641 1.54
      vertex -101.295 18.8372 0
      vertex -101.296 18.8373 0
    endloop
  endfacet
  facet normal 0.70636 0.0459559 -0.70636
    outer loop
      vertex -102.53 22 1.54
      vertex -104.043 21.585 0
      vertex -104.07 22 0
    endloop
  endfacet
  facet normal 0.393038 0.588706 -0.706361
    outer loop
      vertex -101.705 20.5711 1.54
      vertex -102.475 19.2374 0
      vertex -102.821 19.4684 0
    endloop
  endfacet
  facet normal -0.69427 -0.138067 -0.706347
    outer loop
      vertex -99.2862 22.4271 1.54
      vertex -97.7984 22.8243 0
      vertex -99.2441 22.2154 1.54
    endloop
  endfacet
  facet normal -0.689219 -0.159051 -0.70688
    outer loop
      vertex -97.7984 22.8243 0
      vertex -99.2862 22.4271 1.54
      vertex -97.7987 22.8256 0
    endloop
  endfacet
  facet normal 0.634764 0.313128 -0.706418
    outer loop
      vertex -102.309 21.175 1.54
      vertex -103.643 20.405 0
      vertex -103.827 20.778 0
    endloop
  endfacet
  facet normal 0.670063 0.228005 -0.70642
    outer loop
      vertex -102.404 21.3686 1.54
      vertex -103.827 20.7792 0
      vertex -103.961 21.173 0
    endloop
  endfacet
  facet normal -0.532214 -0.466687 -0.706365
    outer loop
      vertex -98.6243 24.2557 0
      vertex -98.3501 23.943 0
      vertex -99.7133 23.1667 1.54
    endloop
  endfacet
  facet normal -0.466687 -0.532214 -0.706365
    outer loop
      vertex -98.937 24.5299 0
      vertex -98.6243 24.2557 0
      vertex -99.7133 23.1667 1.54
    endloop
  endfacet
  facet normal -0.393198 0.588606 -0.706355
    outer loop
      vertex -98.9392 19.4684 0
      vertex -99.285 19.2374 0
      vertex -100.055 20.5711 1.54
    endloop
  endfacet
  facet normal 0.263527 0.658818 -0.704636
    outer loop
      vertex -101.707 18.9191 0
      vertex -101.307 20.4062 1.54
      vertex -101.706 18.9187 0
    endloop
  endfacet
  facet normal 0.227982 0.670149 -0.706345
    outer loop
      vertex -101.307 20.4062 1.54
      vertex -101.707 18.9191 0
      vertex -101.511 20.4756 1.54
    endloop
  endfacet
  facet normal -0.705942 -0.0504244 -0.706472
    outer loop
      vertex -97.7172 22.415 0
      vertex -99.2441 22.2154 1.54
      vertex -97.7173 22.4164 0
    endloop
  endfacet
  facet normal -0.706358 -0.0462379 -0.706343
    outer loop
      vertex -99.2441 22.2154 1.54
      vertex -97.7172 22.415 0
      vertex -99.23 22 1.54
    endloop
  endfacet
  facet normal -0.670275 -0.227567 -0.70636
    outer loop
      vertex -97.9328 23.2208 0
      vertex -97.7991 22.827 0
      vertex -99.3556 22.6314 1.54
    endloop
  endfacet
  facet normal 0.588559 -0.393167 -0.706413
    outer loop
      vertex -103.412 23.9408 0
      vertex -102.309 22.825 1.54
      vertex -103.643 23.595 0
    endloop
  endfacet
  facet normal -0.547409 0.44788 -0.706927
    outer loop
      vertex -98.3501 20.057 0
      vertex -99.571 20.9955 1.54
      vertex -98.3492 20.0581 0
    endloop
  endfacet
  facet normal -0.532113 0.466829 -0.706348
    outer loop
      vertex -99.571 20.9955 1.54
      vertex -98.3501 20.057 0
      vertex -99.7133 20.8333 1.54
    endloop
  endfacet
  facet normal -0.694279 0.138039 -0.706344
    outer loop
      vertex -97.7173 21.5836 0
      vertex -97.7984 21.1757 0
      vertex -99.2441 21.7846 1.54
    endloop
  endfacet
  facet normal -0.706358 0.0462379 -0.706343
    outer loop
      vertex -97.7172 21.585 0
      vertex -99.2441 21.7846 1.54
      vertex -99.23 22 1.54
    endloop
  endfacet
  facet normal -0.705942 0.0504244 -0.706472
    outer loop
      vertex -99.2441 21.7846 1.54
      vertex -97.7172 21.585 0
      vertex -97.7173 21.5836 0
    endloop
  endfacet
  facet normal 0.635281 0.311734 -0.706569
    outer loop
      vertex -103.827 20.778 0
      vertex -102.404 21.3686 1.54
      vertex -102.309 21.175 1.54
    endloop
  endfacet
  facet normal 0.734456 0 -0.678656
    outer loop
      vertex -102.404 21.3686 1.54
      vertex -103.827 20.778 0
      vertex -103.827 20.7792 0
    endloop
  endfacet
  facet normal 0.53257 0.466245 -0.706389
    outer loop
      vertex -103.41 20.057 0
      vertex -102.189 20.9955 1.54
      vertex -102.047 20.8333 1.54
    endloop
  endfacet
  facet normal 0.524106 0.47646 -0.705903
    outer loop
      vertex -102.189 20.9955 1.54
      vertex -103.41 20.057 0
      vertex -103.411 20.0581 0
    endloop
  endfacet
  facet normal -0.679957 -0.194273 -0.707048
    outer loop
      vertex -99.2862 22.4271 1.54
      vertex -97.7991 22.827 0
      vertex -97.7987 22.8256 0
    endloop
  endfacet
  facet normal -0.670249 -0.227681 -0.706348
    outer loop
      vertex -97.7991 22.827 0
      vertex -99.2862 22.4271 1.54
      vertex -99.3556 22.6314 1.54
    endloop
  endfacet
  facet normal -0.466829 -0.532113 -0.706348
    outer loop
      vertex -99.8755 23.309 1.54
      vertex -98.937 24.5299 0
      vertex -99.7133 23.1667 1.54
    endloop
  endfacet
  facet normal -0.47375 -0.526389 -0.706028
    outer loop
      vertex -98.937 24.5299 0
      vertex -99.8755 23.309 1.54
      vertex -98.938 24.5308 0
    endloop
  endfacet
  facet normal -0.0703775 0.703775 -0.706928
    outer loop
      vertex -100.465 18.8372 0
      vertex -100.665 20.3641 1.54
      vertex -100.464 18.8373 0
    endloop
  endfacet
  facet normal -0.046323 0.706344 -0.706351
    outer loop
      vertex -100.665 20.3641 1.54
      vertex -100.465 18.8372 0
      vertex -100.88 20.35 1.54
    endloop
  endfacet
  facet normal 0.694262 -0.137865 -0.706395
    outer loop
      vertex -103.962 22.8243 0
      vertex -102.516 22.2154 1.54
      vertex -104.043 22.4164 0
    endloop
  endfacet
  facet normal 0.710098 0 -0.704103
    outer loop
      vertex -102.516 22.2154 1.54
      vertex -104.043 22.415 0
      vertex -104.043 22.4164 0
    endloop
  endfacet
  facet normal 0.706367 -0.0459106 -0.706355
    outer loop
      vertex -104.043 22.415 0
      vertex -102.516 22.2154 1.54
      vertex -102.53 22 1.54
    endloop
  endfacet
  facet normal 0.227982 -0.670149 -0.706345
    outer loop
      vertex -101.707 25.0809 0
      vertex -101.307 23.5938 1.54
      vertex -101.511 23.5244 1.54
    endloop
  endfacet
  facet normal 0.263527 -0.658818 -0.704636
    outer loop
      vertex -101.307 23.5938 1.54
      vertex -101.707 25.0809 0
      vertex -101.706 25.0813 0
    endloop
  endfacet
  facet normal -0.392662 0.588992 -0.706332
    outer loop
      vertex -98.9392 19.4684 0
      vertex -99.8755 20.691 1.54
      vertex -98.938 19.4692 0
    endloop
  endfacet
  facet normal -0.39318 0.588622 -0.706353
    outer loop
      vertex -99.8755 20.691 1.54
      vertex -98.9392 19.4684 0
      vertex -100.055 20.5711 1.54
    endloop
  endfacet
  facet normal 0.524106 0.47646 -0.705903
    outer loop
      vertex -103.412 20.0592 0
      vertex -102.189 20.9955 1.54
      vertex -103.411 20.0581 0
    endloop
  endfacet
  facet normal 0.588399 0.393359 -0.706438
    outer loop
      vertex -102.189 20.9955 1.54
      vertex -103.412 20.0592 0
      vertex -102.309 21.175 1.54
    endloop
  endfacet
  facet normal -0.679957 0.194273 -0.707048
    outer loop
      vertex -97.7991 21.173 0
      vertex -99.2862 21.5729 1.54
      vertex -97.7987 21.1744 0
    endloop
  endfacet
  facet normal -0.670249 0.227681 -0.706348
    outer loop
      vertex -99.2862 21.5729 1.54
      vertex -97.7991 21.173 0
      vertex -99.3556 21.3686 1.54
    endloop
  endfacet
  facet normal -0.263527 0.658818 -0.704636
    outer loop
      vertex -100.453 20.4062 1.54
      vertex -100.053 18.9191 0
      vertex -100.054 18.9187 0
    endloop
  endfacet
  facet normal -0.227982 0.670149 -0.706345
    outer loop
      vertex -100.053 18.9191 0
      vertex -100.453 20.4062 1.54
      vertex -100.249 20.4756 1.54
    endloop
  endfacet
  facet normal -0.547409 -0.44788 -0.706927
    outer loop
      vertex -99.571 23.0045 1.54
      vertex -98.3501 23.943 0
      vertex -98.3492 23.9419 0
    endloop
  endfacet
  facet normal -0.532113 -0.466829 -0.706348
    outer loop
      vertex -98.3501 23.943 0
      vertex -99.571 23.0045 1.54
      vertex -99.7133 23.1667 1.54
    endloop
  endfacet
  facet normal -0.313155 0.634819 -0.706356
    outer loop
      vertex -99.285 19.2374 0
      vertex -99.658 19.0534 0
      vertex -100.055 20.5711 1.54
    endloop
  endfacet
  facet normal 0.669726 0.229471 -0.706265
    outer loop
      vertex -103.961 21.173 0
      vertex -102.474 21.5729 1.54
      vertex -102.404 21.3686 1.54
    endloop
  endfacet
  facet normal 0.719377 0 -0.69462
    outer loop
      vertex -102.474 21.5729 1.54
      vertex -103.961 21.173 0
      vertex -103.961 21.1744 0
    endloop
  endfacet
  facet normal 0.582411 0.448008 -0.678296
    outer loop
      vertex -103.962 21.1757 0
      vertex -102.474 21.5729 1.54
      vertex -103.961 21.1744 0
    endloop
  endfacet
  facet normal 0.694299 0.137745 -0.706382
    outer loop
      vertex -102.474 21.5729 1.54
      vertex -103.962 21.1757 0
      vertex -102.516 21.7846 1.54
    endloop
  endfacet
  facet normal -0.689219 0.159051 -0.70688
    outer loop
      vertex -99.2862 21.5729 1.54
      vertex -97.7984 21.1757 0
      vertex -97.7987 21.1744 0
    endloop
  endfacet
  facet normal -0.69427 0.138067 -0.706347
    outer loop
      vertex -97.7984 21.1757 0
      vertex -99.2862 21.5729 1.54
      vertex -99.2441 21.7846 1.54
    endloop
  endfacet
  facet normal 0.694262 0.137865 -0.706395
    outer loop
      vertex -102.516 21.7846 1.54
      vertex -103.962 21.1757 0
      vertex -104.043 21.5836 0
    endloop
  endfacet
  facet normal 0.588559 0.393167 -0.706413
    outer loop
      vertex -102.309 21.175 1.54
      vertex -103.412 20.0592 0
      vertex -103.643 20.405 0
    endloop
  endfacet
  facet normal 0.137882 0.694322 -0.706332
    outer loop
      vertex -101.704 18.9184 0
      vertex -101.307 20.4062 1.54
      vertex -101.095 20.3641 1.54
    endloop
  endfacet
  facet normal 0.105226 0.701505 -0.704853
    outer loop
      vertex -101.307 20.4062 1.54
      vertex -101.704 18.9184 0
      vertex -101.706 18.9187 0
    endloop
  endfacet
  facet normal -0.0654408 0.997856 0
    outer loop
      vertex -100.665 93.9241 1.54
      vertex -100.88 93.91 3.6
      vertex -100.665 93.9241 3.6
    endloop
  endfacet
  facet normal -0.0654408 0.997856 0
    outer loop
      vertex -100.88 93.91 3.6
      vertex -100.665 93.9241 1.54
      vertex -100.88 93.91 1.54
    endloop
  endfacet
  facet normal -0.980794 -0.195047 0
    outer loop
      vertex -99.2441 95.7754 1.54
      vertex -99.2862 95.9871 3.6
      vertex -99.2862 95.9871 1.54
    endloop
  endfacet
  facet normal -0.980794 -0.195047 0
    outer loop
      vertex -99.2862 95.9871 3.6
      vertex -99.2441 95.7754 1.54
      vertex -99.2441 95.7754 3.6
    endloop
  endfacet
  facet normal -0.997864 -0.0653198 0
    outer loop
      vertex -99.23 95.56 1.54
      vertex -99.2441 95.7754 3.6
      vertex -99.2441 95.7754 1.54
    endloop
  endfacet
  facet normal -0.997864 -0.0653198 0
    outer loop
      vertex -99.2441 95.7754 3.6
      vertex -99.23 95.56 1.54
      vertex -99.23 95.56 3.6
    endloop
  endfacet
  facet normal -0.94686 -0.321645 0
    outer loop
      vertex -99.2862 95.9871 1.54
      vertex -99.3556 96.1914 3.6
      vertex -99.3556 96.1914 1.54
    endloop
  endfacet
  facet normal -0.94686 -0.321645 0
    outer loop
      vertex -99.3556 96.1914 3.6
      vertex -99.2862 95.9871 1.54
      vertex -99.2862 95.9871 3.6
    endloop
  endfacet
  facet normal -0.322069 -0.946716 0
    outer loop
      vertex -100.453 97.1538 1.54
      vertex -100.249 97.0844 3.6
      vertex -100.453 97.1538 3.6
    endloop
  endfacet
  facet normal -0.322069 -0.946716 -0
    outer loop
      vertex -100.249 97.0844 3.6
      vertex -100.453 97.1538 1.54
      vertex -100.249 97.0844 1.54
    endloop
  endfacet
  facet normal -0.0654408 -0.997856 0
    outer loop
      vertex -100.88 97.21 1.54
      vertex -100.665 97.1959 3.6
      vertex -100.88 97.21 3.6
    endloop
  endfacet
  facet normal -0.0654408 -0.997856 -0
    outer loop
      vertex -100.665 97.1959 3.6
      vertex -100.88 97.21 1.54
      vertex -100.665 97.1959 1.54
    endloop
  endfacet
  facet normal 0.657653 0.753321 -0
    outer loop
      vertex -101.884 94.251 1.54
      vertex -102.047 94.3933 3.6
      vertex -101.884 94.251 3.6
    endloop
  endfacet
  facet normal 0.657653 0.753321 0
    outer loop
      vertex -102.047 94.3933 3.6
      vertex -101.884 94.251 1.54
      vertex -102.047 94.3933 1.54
    endloop
  endfacet
  facet normal 0.997894 0.0648585 0
    outer loop
      vertex -102.516 95.3446 3.6
      vertex -102.53 95.56 1.54
      vertex -102.53 95.56 3.6
    endloop
  endfacet
  facet normal 0.997894 0.0648585 0
    outer loop
      vertex -102.53 95.56 1.54
      vertex -102.516 95.3446 3.6
      vertex -102.516 95.3446 1.54
    endloop
  endfacet
  facet normal 0.657653 -0.753321 0
    outer loop
      vertex -102.047 96.7267 1.54
      vertex -101.884 96.869 3.6
      vertex -102.047 96.7267 3.6
    endloop
  endfacet
  facet normal 0.657653 -0.753321 0
    outer loop
      vertex -101.884 96.869 3.6
      vertex -102.047 96.7267 1.54
      vertex -101.884 96.869 1.54
    endloop
  endfacet
  facet normal -0.751715 -0.659488 0
    outer loop
      vertex -99.571 96.5645 1.54
      vertex -99.7133 96.7267 3.6
      vertex -99.7133 96.7267 1.54
    endloop
  endfacet
  facet normal -0.751715 -0.659488 0
    outer loop
      vertex -99.7133 96.7267 3.6
      vertex -99.571 96.5645 1.54
      vertex -99.571 96.5645 3.6
    endloop
  endfacet
  facet normal -0.997864 0.0653198 0
    outer loop
      vertex -99.2441 95.3446 1.54
      vertex -99.23 95.56 3.6
      vertex -99.23 95.56 1.54
    endloop
  endfacet
  facet normal -0.997864 0.0653198 0
    outer loop
      vertex -99.23 95.56 3.6
      vertex -99.2441 95.3446 1.54
      vertex -99.2441 95.3446 3.6
    endloop
  endfacet
  facet normal -0.441655 -0.897185 0
    outer loop
      vertex -100.249 97.0844 1.54
      vertex -100.055 96.9889 3.6
      vertex -100.249 97.0844 3.6
    endloop
  endfacet
  facet normal -0.441655 -0.897185 -0
    outer loop
      vertex -100.055 96.9889 3.6
      vertex -100.249 97.0844 1.54
      vertex -100.055 96.9889 1.54
    endloop
  endfacet
  facet normal -0.896823 0.442389 0
    outer loop
      vertex -99.4511 94.735 1.54
      vertex -99.3556 94.9286 3.6
      vertex -99.3556 94.9286 1.54
    endloop
  endfacet
  facet normal -0.896823 0.442389 0
    outer loop
      vertex -99.3556 94.9286 3.6
      vertex -99.4511 94.735 1.54
      vertex -99.4511 94.735 3.6
    endloop
  endfacet
  facet normal 0.322069 0.946716 -0
    outer loop
      vertex -101.307 93.9662 1.54
      vertex -101.511 94.0356 3.6
      vertex -101.307 93.9662 3.6
    endloop
  endfacet
  facet normal 0.322069 0.946716 0
    outer loop
      vertex -101.511 94.0356 3.6
      vertex -101.307 93.9662 1.54
      vertex -101.511 94.0356 1.54
    endloop
  endfacet
  facet normal -0.831551 -0.555448 0
    outer loop
      vertex -99.4511 96.385 1.54
      vertex -99.571 96.5645 3.6
      vertex -99.571 96.5645 1.54
    endloop
  endfacet
  facet normal -0.831551 -0.555448 0
    outer loop
      vertex -99.571 96.5645 3.6
      vertex -99.4511 96.385 1.54
      vertex -99.4511 96.385 3.6
    endloop
  endfacet
  facet normal -0.896823 -0.442389 0
    outer loop
      vertex -99.3556 96.1914 1.54
      vertex -99.4511 96.385 3.6
      vertex -99.4511 96.385 1.54
    endloop
  endfacet
  facet normal -0.896823 -0.442389 0
    outer loop
      vertex -99.4511 96.385 3.6
      vertex -99.3556 96.1914 1.54
      vertex -99.3556 96.1914 3.6
    endloop
  endfacet
  facet normal 0.831337 0.555769 0
    outer loop
      vertex -102.189 94.5555 3.6
      vertex -102.309 94.735 1.54
      vertex -102.309 94.735 3.6
    endloop
  endfacet
  facet normal 0.831337 0.555769 0
    outer loop
      vertex -102.309 94.735 1.54
      vertex -102.189 94.5555 3.6
      vertex -102.189 94.5555 1.54
    endloop
  endfacet
  facet normal -0.441655 0.897185 0
    outer loop
      vertex -100.055 94.1311 1.54
      vertex -100.249 94.0356 3.6
      vertex -100.055 94.1311 3.6
    endloop
  endfacet
  facet normal -0.441655 0.897185 0
    outer loop
      vertex -100.249 94.0356 3.6
      vertex -100.055 94.1311 1.54
      vertex -100.249 94.0356 1.54
    endloop
  endfacet
  facet normal 0.997894 -0.0648585 0
    outer loop
      vertex -102.53 95.56 3.6
      vertex -102.516 95.7754 1.54
      vertex -102.516 95.7754 3.6
    endloop
  endfacet
  facet normal 0.997894 -0.0648585 0
    outer loop
      vertex -102.516 95.7754 1.54
      vertex -102.53 95.56 3.6
      vertex -102.53 95.56 1.54
    endloop
  endfacet
  facet normal 0.441655 -0.897185 0
    outer loop
      vertex -101.705 96.9889 1.54
      vertex -101.511 97.0844 3.6
      vertex -101.705 96.9889 3.6
    endloop
  endfacet
  facet normal 0.441655 -0.897185 0
    outer loop
      vertex -101.511 97.0844 3.6
      vertex -101.705 96.9889 1.54
      vertex -101.511 97.0844 1.54
    endloop
  endfacet
  facet normal -0.194781 -0.980847 0
    outer loop
      vertex -100.665 97.1959 1.54
      vertex -100.453 97.1538 3.6
      vertex -100.665 97.1959 3.6
    endloop
  endfacet
  facet normal -0.194781 -0.980847 -0
    outer loop
      vertex -100.453 97.1538 3.6
      vertex -100.665 97.1959 1.54
      vertex -100.453 97.1538 1.54
    endloop
  endfacet
  facet normal 0.752404 -0.658702 0
    outer loop
      vertex -102.189 96.5645 3.6
      vertex -102.047 96.7267 1.54
      vertex -102.047 96.7267 3.6
    endloop
  endfacet
  facet normal 0.752404 -0.658702 0
    outer loop
      vertex -102.047 96.7267 1.54
      vertex -102.189 96.5645 3.6
      vertex -102.189 96.5645 1.54
    endloop
  endfacet
  facet normal 0.946011 0.324135 0
    outer loop
      vertex -102.404 94.9286 3.6
      vertex -102.474 95.1329 1.54
      vertex -102.474 95.1329 3.6
    endloop
  endfacet
  facet normal 0.946011 0.324135 0
    outer loop
      vertex -102.474 95.1329 1.54
      vertex -102.404 94.9286 3.6
      vertex -102.404 94.9286 1.54
    endloop
  endfacet
  facet normal -0.94686 0.321645 0
    outer loop
      vertex -99.3556 94.9286 1.54
      vertex -99.2862 95.1329 3.6
      vertex -99.2862 95.1329 1.54
    endloop
  endfacet
  facet normal -0.94686 0.321645 0
    outer loop
      vertex -99.2862 95.1329 3.6
      vertex -99.3556 94.9286 1.54
      vertex -99.3556 94.9286 3.6
    endloop
  endfacet
  facet normal 0.980882 -0.194601 0
    outer loop
      vertex -102.516 95.7754 3.6
      vertex -102.474 95.9871 1.54
      vertex -102.474 95.9871 3.6
    endloop
  endfacet
  facet normal 0.980882 -0.194601 0
    outer loop
      vertex -102.474 95.9871 1.54
      vertex -102.516 95.7754 3.6
      vertex -102.516 95.7754 1.54
    endloop
  endfacet
  facet normal 0.441655 0.897185 -0
    outer loop
      vertex -101.511 94.0356 1.54
      vertex -101.705 94.1311 3.6
      vertex -101.511 94.0356 3.6
    endloop
  endfacet
  facet normal 0.441655 0.897185 0
    outer loop
      vertex -101.705 94.1311 3.6
      vertex -101.511 94.0356 1.54
      vertex -101.705 94.1311 1.54
    endloop
  endfacet
  facet normal 0.55652 -0.830834 0
    outer loop
      vertex -101.884 96.869 1.54
      vertex -101.705 96.9889 3.6
      vertex -101.884 96.869 3.6
    endloop
  endfacet
  facet normal 0.55652 -0.830834 0
    outer loop
      vertex -101.705 96.9889 3.6
      vertex -101.884 96.869 1.54
      vertex -101.705 96.9889 1.54
    endloop
  endfacet
  facet normal -0.659488 0.751715 0
    outer loop
      vertex -99.7133 94.3933 1.54
      vertex -99.8755 94.251 3.6
      vertex -99.7133 94.3933 3.6
    endloop
  endfacet
  facet normal -0.659488 0.751715 0
    outer loop
      vertex -99.8755 94.251 3.6
      vertex -99.7133 94.3933 1.54
      vertex -99.8755 94.251 1.54
    endloop
  endfacet
  facet normal 0.322069 -0.946716 0
    outer loop
      vertex -101.511 97.0844 1.54
      vertex -101.307 97.1538 3.6
      vertex -101.511 97.0844 3.6
    endloop
  endfacet
  facet normal 0.322069 -0.946716 0
    outer loop
      vertex -101.307 97.1538 3.6
      vertex -101.511 97.0844 1.54
      vertex -101.307 97.1538 1.54
    endloop
  endfacet
  facet normal -0.831551 0.555448 0
    outer loop
      vertex -99.571 94.5555 1.54
      vertex -99.4511 94.735 3.6
      vertex -99.4511 94.735 1.54
    endloop
  endfacet
  facet normal -0.831551 0.555448 0
    outer loop
      vertex -99.4511 94.735 3.6
      vertex -99.571 94.5555 1.54
      vertex -99.571 94.5555 3.6
    endloop
  endfacet
  facet normal -0.555448 0.831551 0
    outer loop
      vertex -99.8755 94.251 1.54
      vertex -100.055 94.1311 3.6
      vertex -99.8755 94.251 3.6
    endloop
  endfacet
  facet normal -0.555448 0.831551 0
    outer loop
      vertex -100.055 94.1311 3.6
      vertex -99.8755 94.251 1.54
      vertex -100.055 94.1311 1.54
    endloop
  endfacet
  facet normal -0.751715 0.659488 0
    outer loop
      vertex -99.7133 94.3933 1.54
      vertex -99.571 94.5555 3.6
      vertex -99.571 94.5555 1.54
    endloop
  endfacet
  facet normal -0.751715 0.659488 0
    outer loop
      vertex -99.571 94.5555 3.6
      vertex -99.7133 94.3933 1.54
      vertex -99.7133 94.3933 3.6
    endloop
  endfacet
  facet normal -0.980794 0.195047 0
    outer loop
      vertex -99.2862 95.1329 1.54
      vertex -99.2441 95.3446 3.6
      vertex -99.2441 95.3446 1.54
    endloop
  endfacet
  facet normal -0.980794 0.195047 0
    outer loop
      vertex -99.2441 95.3446 3.6
      vertex -99.2862 95.1329 1.54
      vertex -99.2862 95.1329 3.6
    endloop
  endfacet
  facet normal 0.0654408 -0.997856 0
    outer loop
      vertex -101.095 97.1959 1.54
      vertex -100.88 97.21 3.6
      vertex -101.095 97.1959 3.6
    endloop
  endfacet
  facet normal 0.0654408 -0.997856 0
    outer loop
      vertex -100.88 97.21 3.6
      vertex -101.095 97.1959 1.54
      vertex -100.88 97.21 1.54
    endloop
  endfacet
  facet normal 0.897741 0.440524 0
    outer loop
      vertex -102.309 94.735 3.6
      vertex -102.404 94.9286 1.54
      vertex -102.404 94.9286 3.6
    endloop
  endfacet
  facet normal 0.897741 0.440524 0
    outer loop
      vertex -102.404 94.9286 1.54
      vertex -102.309 94.735 3.6
      vertex -102.309 94.735 1.54
    endloop
  endfacet
  facet normal 0.55652 0.830834 -0
    outer loop
      vertex -101.705 94.1311 1.54
      vertex -101.884 94.251 3.6
      vertex -101.705 94.1311 3.6
    endloop
  endfacet
  facet normal 0.55652 0.830834 0
    outer loop
      vertex -101.884 94.251 3.6
      vertex -101.705 94.1311 1.54
      vertex -101.884 94.251 1.54
    endloop
  endfacet
  facet normal 0.897741 -0.440524 0
    outer loop
      vertex -102.404 96.1914 3.6
      vertex -102.309 96.385 1.54
      vertex -102.309 96.385 3.6
    endloop
  endfacet
  facet normal 0.897741 -0.440524 0
    outer loop
      vertex -102.309 96.385 1.54
      vertex -102.404 96.1914 3.6
      vertex -102.404 96.1914 1.54
    endloop
  endfacet
  facet normal -0.555448 -0.831551 0
    outer loop
      vertex -100.055 96.9889 1.54
      vertex -99.8755 96.869 3.6
      vertex -100.055 96.9889 3.6
    endloop
  endfacet
  facet normal -0.555448 -0.831551 -0
    outer loop
      vertex -99.8755 96.869 3.6
      vertex -100.055 96.9889 1.54
      vertex -99.8755 96.869 1.54
    endloop
  endfacet
  facet normal 0.980882 0.194601 0
    outer loop
      vertex -102.474 95.1329 3.6
      vertex -102.516 95.3446 1.54
      vertex -102.516 95.3446 3.6
    endloop
  endfacet
  facet normal 0.980882 0.194601 0
    outer loop
      vertex -102.516 95.3446 1.54
      vertex -102.474 95.1329 3.6
      vertex -102.474 95.1329 1.54
    endloop
  endfacet
  facet normal -0.322069 0.946716 0
    outer loop
      vertex -100.249 94.0356 1.54
      vertex -100.453 93.9662 3.6
      vertex -100.249 94.0356 3.6
    endloop
  endfacet
  facet normal -0.322069 0.946716 0
    outer loop
      vertex -100.453 93.9662 3.6
      vertex -100.249 94.0356 1.54
      vertex -100.453 93.9662 1.54
    endloop
  endfacet
  facet normal -0.659488 -0.751715 0
    outer loop
      vertex -99.8755 96.869 1.54
      vertex -99.7133 96.7267 3.6
      vertex -99.8755 96.869 3.6
    endloop
  endfacet
  facet normal -0.659488 -0.751715 -0
    outer loop
      vertex -99.7133 96.7267 3.6
      vertex -99.8755 96.869 1.54
      vertex -99.7133 96.7267 1.54
    endloop
  endfacet
  facet normal -0.194781 0.980847 0
    outer loop
      vertex -100.453 93.9662 1.54
      vertex -100.665 93.9241 3.6
      vertex -100.453 93.9662 3.6
    endloop
  endfacet
  facet normal -0.194781 0.980847 0
    outer loop
      vertex -100.665 93.9241 3.6
      vertex -100.453 93.9662 1.54
      vertex -100.665 93.9241 1.54
    endloop
  endfacet
  facet normal 0.946011 -0.324135 0
    outer loop
      vertex -102.474 95.9871 3.6
      vertex -102.404 96.1914 1.54
      vertex -102.404 96.1914 3.6
    endloop
  endfacet
  facet normal 0.946011 -0.324135 0
    outer loop
      vertex -102.404 96.1914 1.54
      vertex -102.474 95.9871 3.6
      vertex -102.474 95.9871 1.54
    endloop
  endfacet
  facet normal 0.194781 -0.980847 0
    outer loop
      vertex -101.307 97.1538 1.54
      vertex -101.095 97.1959 3.6
      vertex -101.307 97.1538 3.6
    endloop
  endfacet
  facet normal 0.194781 -0.980847 0
    outer loop
      vertex -101.095 97.1959 3.6
      vertex -101.307 97.1538 1.54
      vertex -101.095 97.1959 1.54
    endloop
  endfacet
  facet normal 0.0654408 0.997856 -0
    outer loop
      vertex -100.88 93.91 1.54
      vertex -101.095 93.9241 3.6
      vertex -100.88 93.91 3.6
    endloop
  endfacet
  facet normal 0.0654408 0.997856 0
    outer loop
      vertex -101.095 93.9241 3.6
      vertex -100.88 93.91 1.54
      vertex -101.095 93.9241 1.54
    endloop
  endfacet
  facet normal 0.752404 0.658702 0
    outer loop
      vertex -102.047 94.3933 3.6
      vertex -102.189 94.5555 1.54
      vertex -102.189 94.5555 3.6
    endloop
  endfacet
  facet normal 0.752404 0.658702 0
    outer loop
      vertex -102.189 94.5555 1.54
      vertex -102.047 94.3933 3.6
      vertex -102.047 94.3933 1.54
    endloop
  endfacet
  facet normal 0.194781 0.980847 -0
    outer loop
      vertex -101.095 93.9241 1.54
      vertex -101.307 93.9662 3.6
      vertex -101.095 93.9241 3.6
    endloop
  endfacet
  facet normal 0.194781 0.980847 0
    outer loop
      vertex -101.307 93.9662 3.6
      vertex -101.095 93.9241 1.54
      vertex -101.307 93.9662 1.54
    endloop
  endfacet
  facet normal 0.831337 -0.555769 0
    outer loop
      vertex -102.309 96.385 3.6
      vertex -102.189 96.5645 1.54
      vertex -102.189 96.5645 3.6
    endloop
  endfacet
  facet normal 0.831337 -0.555769 0
    outer loop
      vertex -102.189 96.5645 1.54
      vertex -102.309 96.385 3.6
      vertex -102.309 96.385 1.54
    endloop
  endfacet
  facet normal -0.706349 -0.0462956 -0.706349
    outer loop
      vertex -97.7172 95.975 0
      vertex -97.69 95.56 0
      vertex -99.23 95.56 1.54
    endloop
  endfacet
  facet normal -0.316602 0.633204 -0.706269
    outer loop
      vertex -100.249 94.0356 1.54
      vertex -99.658 92.6134 0
      vertex -99.6592 92.6128 0
    endloop
  endfacet
  facet normal -0.312602 0.635025 -0.706416
    outer loop
      vertex -99.658 92.6134 0
      vertex -100.249 94.0356 1.54
      vertex -100.055 94.1311 1.54
    endloop
  endfacet
  facet normal -0.312602 -0.635025 -0.706416
    outer loop
      vertex -100.249 97.0844 1.54
      vertex -99.658 98.5066 0
      vertex -100.055 96.9889 1.54
    endloop
  endfacet
  facet normal -0.316602 -0.633204 -0.706269
    outer loop
      vertex -99.658 98.5066 0
      vertex -100.249 97.0844 1.54
      vertex -99.6592 98.5072 0
    endloop
  endfacet
  facet normal 0.393872 -0.588016 -0.706472
    outer loop
      vertex -101.884 96.869 1.54
      vertex -102.821 98.0916 0
      vertex -101.705 96.9889 1.54
    endloop
  endfacet
  facet normal 0.441722 -0.552152 -0.707114
    outer loop
      vertex -102.821 98.0916 0
      vertex -101.884 96.869 1.54
      vertex -102.822 98.0908 0
    endloop
  endfacet
  facet normal -0.694279 -0.138039 -0.706344
    outer loop
      vertex -97.7984 96.3843 0
      vertex -97.7173 95.9764 0
      vertex -99.2441 95.7754 1.54
    endloop
  endfacet
  facet normal 0.393872 0.588016 -0.706472
    outer loop
      vertex -102.821 93.0284 0
      vertex -101.884 94.251 1.54
      vertex -101.705 94.1311 1.54
    endloop
  endfacet
  facet normal 0.441722 0.552152 -0.707114
    outer loop
      vertex -101.884 94.251 1.54
      vertex -102.821 93.0284 0
      vertex -102.822 93.0292 0
    endloop
  endfacet
  facet normal 0.137882 -0.694322 -0.706332
    outer loop
      vertex -101.307 97.1538 1.54
      vertex -101.704 98.6416 0
      vertex -101.095 97.1959 1.54
    endloop
  endfacet
  facet normal 0.105226 -0.701505 -0.704853
    outer loop
      vertex -101.704 98.6416 0
      vertex -101.307 97.1538 1.54
      vertex -101.706 98.6413 0
    endloop
  endfacet
  facet normal -0.466687 0.532214 -0.706365
    outer loop
      vertex -98.6243 93.3043 0
      vertex -98.937 93.0301 0
      vertex -99.7133 94.3933 1.54
    endloop
  endfacet
  facet normal 0.635281 -0.311734 -0.706569
    outer loop
      vertex -102.404 96.1914 1.54
      vertex -103.827 96.782 0
      vertex -102.309 96.385 1.54
    endloop
  endfacet
  facet normal 0.734456 0 -0.678656
    outer loop
      vertex -103.827 96.782 0
      vertex -102.404 96.1914 1.54
      vertex -103.827 96.7808 0
    endloop
  endfacet
  facet normal 0.466441 -0.532444 -0.706354
    outer loop
      vertex -102.823 98.0899 0
      vertex -102.047 96.7267 1.54
      vertex -103.136 97.8157 0
    endloop
  endfacet
  facet normal -0.227557 0.670247 -0.70639
    outer loop
      vertex -99.6592 92.6128 0
      vertex -100.053 92.4791 0
      vertex -100.249 94.0356 1.54
    endloop
  endfacet
  facet normal 0.0462956 0.706349 -0.706349
    outer loop
      vertex -100.88 93.91 1.54
      vertex -100.88 92.37 0
      vertex -101.295 92.3972 0
    endloop
  endfacet
  facet normal -0.633241 0.31662 -0.706228
    outer loop
      vertex -97.9334 94.338 0
      vertex -99.3556 94.9286 1.54
      vertex -97.9328 94.3392 0
    endloop
  endfacet
  facet normal -0.634822 0.313148 -0.706356
    outer loop
      vertex -99.3556 94.9286 1.54
      vertex -97.9334 94.338 0
      vertex -99.4511 94.735 1.54
    endloop
  endfacet
  facet normal -0.706349 0.0462956 -0.706349
    outer loop
      vertex -97.69 95.56 0
      vertex -97.7172 95.145 0
      vertex -99.23 95.56 1.54
    endloop
  endfacet
  facet normal 0.670083 -0.227954 -0.706418
    outer loop
      vertex -103.827 96.7808 0
      vertex -102.404 96.1914 1.54
      vertex -103.961 96.3869 0
    endloop
  endfacet
  facet normal 0.532389 0.4665 -0.706357
    outer loop
      vertex -102.047 94.3933 1.54
      vertex -103.136 93.3043 0
      vertex -103.41 93.617 0
    endloop
  endfacet
  facet normal -0.393198 -0.588606 -0.706355
    outer loop
      vertex -99.285 98.3226 0
      vertex -98.9392 98.0916 0
      vertex -100.055 96.9889 1.54
    endloop
  endfacet
  facet normal -0.105226 0.701505 -0.704853
    outer loop
      vertex -100.056 92.4784 0
      vertex -100.453 93.9662 1.54
      vertex -100.054 92.4787 0
    endloop
  endfacet
  facet normal -0.137882 0.694322 -0.706332
    outer loop
      vertex -100.453 93.9662 1.54
      vertex -100.056 92.4784 0
      vertex -100.665 93.9241 1.54
    endloop
  endfacet
  facet normal 0.138006 0.694284 -0.706346
    outer loop
      vertex -101.095 93.9241 1.54
      vertex -101.296 92.3973 0
      vertex -101.704 92.4784 0
    endloop
  endfacet
  facet normal 0.465444 -0.533151 -0.706478
    outer loop
      vertex -102.823 98.0899 0
      vertex -101.884 96.869 1.54
      vertex -102.047 96.7267 1.54
    endloop
  endfacet
  facet normal 0.473699 -0.526332 -0.706105
    outer loop
      vertex -101.884 96.869 1.54
      vertex -102.823 98.0899 0
      vertex -102.822 98.0908 0
    endloop
  endfacet
  facet normal 0.137882 0.694322 -0.706332
    outer loop
      vertex -101.704 92.4784 0
      vertex -101.307 93.9662 1.54
      vertex -101.095 93.9241 1.54
    endloop
  endfacet
  facet normal 0.105226 0.701505 -0.704853
    outer loop
      vertex -101.307 93.9662 1.54
      vertex -101.704 92.4784 0
      vertex -101.706 92.4787 0
    endloop
  endfacet
  facet normal 0.634764 -0.313128 -0.706418
    outer loop
      vertex -103.643 97.155 0
      vertex -102.309 96.385 1.54
      vertex -103.827 96.782 0
    endloop
  endfacet
  facet normal -0.0462956 0.706349 -0.706349
    outer loop
      vertex -100.88 93.91 1.54
      vertex -100.465 92.3972 0
      vertex -100.88 92.37 0
    endloop
  endfacet
  facet normal -0.105226 -0.701505 -0.704853
    outer loop
      vertex -100.453 97.1538 1.54
      vertex -100.056 98.6416 0
      vertex -100.054 98.6413 0
    endloop
  endfacet
  facet normal -0.137882 -0.694322 -0.706332
    outer loop
      vertex -100.056 98.6416 0
      vertex -100.453 97.1538 1.54
      vertex -100.665 97.1959 1.54
    endloop
  endfacet
  facet normal 0.22745 0.670272 -0.706401
    outer loop
      vertex -101.511 94.0356 1.54
      vertex -101.707 92.4791 0
      vertex -102.101 92.6128 0
    endloop
  endfacet
  facet normal -0.588622 -0.39318 -0.706353
    outer loop
      vertex -99.571 96.5645 1.54
      vertex -98.3484 97.5008 0
      vertex -99.4511 96.385 1.54
    endloop
  endfacet
  facet normal -0.571962 -0.415972 -0.706984
    outer loop
      vertex -98.3484 97.5008 0
      vertex -99.571 96.5645 1.54
      vertex -98.3492 97.5019 0
    endloop
  endfacet
  facet normal -0.0462956 -0.706349 -0.706349
    outer loop
      vertex -100.88 98.75 0
      vertex -100.465 98.7228 0
      vertex -100.88 97.21 1.54
    endloop
  endfacet
  facet normal -0.47375 0.526389 -0.706028
    outer loop
      vertex -99.8755 94.251 1.54
      vertex -98.937 93.0301 0
      vertex -98.938 93.0292 0
    endloop
  endfacet
  facet normal -0.466829 0.532113 -0.706348
    outer loop
      vertex -98.937 93.0301 0
      vertex -99.8755 94.251 1.54
      vertex -99.7133 94.3933 1.54
    endloop
  endfacet
  facet normal 0.669733 -0.229473 -0.706257
    outer loop
      vertex -102.474 95.9871 1.54
      vertex -103.961 96.3869 0
      vertex -102.404 96.1914 1.54
    endloop
  endfacet
  facet normal 0.719377 0 -0.69462
    outer loop
      vertex -103.961 96.3869 0
      vertex -102.474 95.9871 1.54
      vertex -103.961 96.3856 0
    endloop
  endfacet
  facet normal 0.694299 -0.137745 -0.706382
    outer loop
      vertex -103.962 96.3843 0
      vertex -102.474 95.9871 1.54
      vertex -102.516 95.7754 1.54
    endloop
  endfacet
  facet normal 0.582411 -0.448008 -0.678296
    outer loop
      vertex -102.474 95.9871 1.54
      vertex -103.962 96.3843 0
      vertex -103.961 96.3856 0
    endloop
  endfacet
  facet normal -0.588606 0.393198 -0.706355
    outer loop
      vertex -98.1174 93.965 0
      vertex -98.3484 93.6192 0
      vertex -99.4511 94.735 1.54
    endloop
  endfacet
  facet normal 0.532389 -0.4665 -0.706357
    outer loop
      vertex -103.136 97.8157 0
      vertex -102.047 96.7267 1.54
      vertex -103.41 97.503 0
    endloop
  endfacet
  facet normal 0.53257 -0.466245 -0.706389
    outer loop
      vertex -102.189 96.5645 1.54
      vertex -103.41 97.503 0
      vertex -102.047 96.7267 1.54
    endloop
  endfacet
  facet normal 0.524106 -0.47646 -0.705903
    outer loop
      vertex -103.41 97.503 0
      vertex -102.189 96.5645 1.54
      vertex -103.411 97.5019 0
    endloop
  endfacet
  facet normal -0.634819 0.313155 -0.706356
    outer loop
      vertex -97.9334 94.338 0
      vertex -98.1174 93.965 0
      vertex -99.4511 94.735 1.54
    endloop
  endfacet
  facet normal -0.313155 -0.634819 -0.706356
    outer loop
      vertex -99.658 98.5066 0
      vertex -99.285 98.3226 0
      vertex -100.055 96.9889 1.54
    endloop
  endfacet
  facet normal 0.313155 0.634819 -0.706356
    outer loop
      vertex -101.705 94.1311 1.54
      vertex -102.102 92.6134 0
      vertex -102.475 92.7974 0
    endloop
  endfacet
  facet normal 0.466441 0.532444 -0.706354
    outer loop
      vertex -102.047 94.3933 1.54
      vertex -102.823 93.0301 0
      vertex -103.136 93.3043 0
    endloop
  endfacet
  facet normal 0.393038 -0.588706 -0.706361
    outer loop
      vertex -102.475 98.3226 0
      vertex -101.705 96.9889 1.54
      vertex -102.821 98.0916 0
    endloop
  endfacet
  facet normal -0.634819 -0.313155 -0.706356
    outer loop
      vertex -98.1174 97.155 0
      vertex -97.9334 96.782 0
      vertex -99.4511 96.385 1.54
    endloop
  endfacet
  facet normal 0.706367 0.0459106 -0.706355
    outer loop
      vertex -102.516 95.3446 1.54
      vertex -104.043 95.145 0
      vertex -102.53 95.56 1.54
    endloop
  endfacet
  facet normal 0.710098 0 -0.704103
    outer loop
      vertex -104.043 95.145 0
      vertex -102.516 95.3446 1.54
      vertex -104.043 95.1436 0
    endloop
  endfacet
  facet normal 0.138006 -0.694284 -0.706346
    outer loop
      vertex -101.296 98.7227 0
      vertex -101.095 97.1959 1.54
      vertex -101.704 98.6416 0
    endloop
  endfacet
  facet normal 0.588399 -0.393359 -0.706438
    outer loop
      vertex -103.412 97.5008 0
      vertex -102.189 96.5645 1.54
      vertex -102.309 96.385 1.54
    endloop
  endfacet
  facet normal 0.524106 -0.47646 -0.705903
    outer loop
      vertex -102.189 96.5645 1.54
      vertex -103.412 97.5008 0
      vertex -103.411 97.5019 0
    endloop
  endfacet
  facet normal -0.046323 -0.706344 -0.706351
    outer loop
      vertex -100.465 98.7228 0
      vertex -100.665 97.1959 1.54
      vertex -100.88 97.21 1.54
    endloop
  endfacet
  facet normal -0.0703775 -0.703775 -0.706928
    outer loop
      vertex -100.665 97.1959 1.54
      vertex -100.465 98.7228 0
      vertex -100.464 98.7227 0
    endloop
  endfacet
  facet normal -0.138006 -0.694284 -0.706346
    outer loop
      vertex -100.464 98.7227 0
      vertex -100.056 98.6416 0
      vertex -100.665 97.1959 1.54
    endloop
  endfacet
  facet normal 0.365746 0.609577 -0.70331
    outer loop
      vertex -102.102 92.6134 0
      vertex -101.511 94.0356 1.54
      vertex -102.101 92.6128 0
    endloop
  endfacet
  facet normal 0.312602 0.635025 -0.706416
    outer loop
      vertex -101.511 94.0356 1.54
      vertex -102.102 92.6134 0
      vertex -101.705 94.1311 1.54
    endloop
  endfacet
  facet normal -0.532214 0.466687 -0.706365
    outer loop
      vertex -98.3501 93.617 0
      vertex -98.6243 93.3043 0
      vertex -99.7133 94.3933 1.54
    endloop
  endfacet
  facet normal 0.0462956 -0.706349 -0.706349
    outer loop
      vertex -100.88 98.75 0
      vertex -100.88 97.21 1.54
      vertex -101.295 98.7228 0
    endloop
  endfacet
  facet normal 0.313155 -0.634819 -0.706356
    outer loop
      vertex -102.102 98.5066 0
      vertex -101.705 96.9889 1.54
      vertex -102.475 98.3226 0
    endloop
  endfacet
  facet normal -0.138006 0.694284 -0.706346
    outer loop
      vertex -100.056 92.4784 0
      vertex -100.464 92.3973 0
      vertex -100.665 93.9241 1.54
    endloop
  endfacet
  facet normal 0.70636 -0.0459559 -0.70636
    outer loop
      vertex -104.043 95.975 0
      vertex -102.53 95.56 1.54
      vertex -104.07 95.56 0
    endloop
  endfacet
  facet normal -0.670275 0.227567 -0.70636
    outer loop
      vertex -97.7991 94.733 0
      vertex -97.9328 94.3392 0
      vertex -99.3556 94.9286 1.54
    endloop
  endfacet
  facet normal -0.588992 0.392662 -0.706332
    outer loop
      vertex -99.571 94.5555 1.54
      vertex -98.3484 93.6192 0
      vertex -98.3492 93.618 0
    endloop
  endfacet
  facet normal -0.588622 0.39318 -0.706353
    outer loop
      vertex -98.3484 93.6192 0
      vertex -99.571 94.5555 1.54
      vertex -99.4511 94.735 1.54
    endloop
  endfacet
  facet normal 0.0703775 -0.703775 -0.706928
    outer loop
      vertex -101.295 98.7228 0
      vertex -101.095 97.1959 1.54
      vertex -101.296 98.7227 0
    endloop
  endfacet
  facet normal 0.046323 -0.706344 -0.706351
    outer loop
      vertex -101.095 97.1959 1.54
      vertex -101.295 98.7228 0
      vertex -100.88 97.21 1.54
    endloop
  endfacet
  facet normal -0.588606 -0.393198 -0.706355
    outer loop
      vertex -98.3484 97.5008 0
      vertex -98.1174 97.155 0
      vertex -99.4511 96.385 1.54
    endloop
  endfacet
  facet normal 0.22745 -0.670272 -0.706401
    outer loop
      vertex -101.707 98.6409 0
      vertex -101.511 97.0844 1.54
      vertex -102.101 98.5072 0
    endloop
  endfacet
  facet normal -0.227982 -0.670149 -0.706345
    outer loop
      vertex -100.453 97.1538 1.54
      vertex -100.053 98.6409 0
      vertex -100.249 97.0844 1.54
    endloop
  endfacet
  facet normal -0.263527 -0.658818 -0.704636
    outer loop
      vertex -100.053 98.6409 0
      vertex -100.453 97.1538 1.54
      vertex -100.054 98.6413 0
    endloop
  endfacet
  facet normal -0.392662 -0.588992 -0.706332
    outer loop
      vertex -99.8755 96.869 1.54
      vertex -98.9392 98.0916 0
      vertex -98.938 98.0908 0
    endloop
  endfacet
  facet normal -0.39318 -0.588622 -0.706353
    outer loop
      vertex -98.9392 98.0916 0
      vertex -99.8755 96.869 1.54
      vertex -100.055 96.9889 1.54
    endloop
  endfacet
  facet normal -0.633241 -0.31662 -0.706228
    outer loop
      vertex -99.3556 96.1914 1.54
      vertex -97.9334 96.782 0
      vertex -97.9328 96.7808 0
    endloop
  endfacet
  facet normal -0.634822 -0.313148 -0.706356
    outer loop
      vertex -97.9334 96.782 0
      vertex -99.3556 96.1914 1.54
      vertex -99.4511 96.385 1.54
    endloop
  endfacet
  facet normal -0.227557 -0.670247 -0.70639
    outer loop
      vertex -100.053 98.6409 0
      vertex -99.6592 98.5072 0
      vertex -100.249 97.0844 1.54
    endloop
  endfacet
  facet normal 0.473699 0.526332 -0.706105
    outer loop
      vertex -102.823 93.0301 0
      vertex -101.884 94.251 1.54
      vertex -102.822 93.0292 0
    endloop
  endfacet
  facet normal 0.465444 0.533151 -0.706478
    outer loop
      vertex -101.884 94.251 1.54
      vertex -102.823 93.0301 0
      vertex -102.047 94.3933 1.54
    endloop
  endfacet
  facet normal 0.312602 -0.635025 -0.706416
    outer loop
      vertex -102.102 98.5066 0
      vertex -101.511 97.0844 1.54
      vertex -101.705 96.9889 1.54
    endloop
  endfacet
  facet normal 0.365746 -0.609577 -0.70331
    outer loop
      vertex -101.511 97.0844 1.54
      vertex -102.102 98.5066 0
      vertex -102.101 98.5072 0
    endloop
  endfacet
  facet normal 0.046323 0.706344 -0.706351
    outer loop
      vertex -101.295 92.3972 0
      vertex -101.095 93.9241 1.54
      vertex -100.88 93.91 1.54
    endloop
  endfacet
  facet normal 0.0703775 0.703775 -0.706928
    outer loop
      vertex -101.095 93.9241 1.54
      vertex -101.295 92.3972 0
      vertex -101.296 92.3973 0
    endloop
  endfacet
  facet normal 0.70636 0.0459559 -0.70636
    outer loop
      vertex -102.53 95.56 1.54
      vertex -104.043 95.145 0
      vertex -104.07 95.56 0
    endloop
  endfacet
  facet normal 0.393038 0.588706 -0.706361
    outer loop
      vertex -101.705 94.1311 1.54
      vertex -102.475 92.7974 0
      vertex -102.821 93.0284 0
    endloop
  endfacet
  facet normal 0.588559 0.393167 -0.706413
    outer loop
      vertex -102.309 94.735 1.54
      vertex -103.412 93.6192 0
      vertex -103.643 93.965 0
    endloop
  endfacet
  facet normal -0.69427 -0.138067 -0.706347
    outer loop
      vertex -99.2862 95.9871 1.54
      vertex -97.7984 96.3843 0
      vertex -99.2441 95.7754 1.54
    endloop
  endfacet
  facet normal -0.689219 -0.159051 -0.70688
    outer loop
      vertex -97.7984 96.3843 0
      vertex -99.2862 95.9871 1.54
      vertex -97.7987 96.3856 0
    endloop
  endfacet
  facet normal 0.670063 0.228005 -0.70642
    outer loop
      vertex -102.404 94.9286 1.54
      vertex -103.827 94.3392 0
      vertex -103.961 94.733 0
    endloop
  endfacet
  facet normal -0.532214 -0.466687 -0.706365
    outer loop
      vertex -98.6243 97.8157 0
      vertex -98.3501 97.503 0
      vertex -99.7133 96.7267 1.54
    endloop
  endfacet
  facet normal -0.466687 -0.532214 -0.706365
    outer loop
      vertex -98.937 98.0899 0
      vertex -98.6243 97.8157 0
      vertex -99.7133 96.7267 1.54
    endloop
  endfacet
  facet normal -0.393198 0.588606 -0.706355
    outer loop
      vertex -98.9392 93.0284 0
      vertex -99.285 92.7974 0
      vertex -100.055 94.1311 1.54
    endloop
  endfacet
  facet normal -0.705942 -0.0504244 -0.706472
    outer loop
      vertex -97.7172 95.975 0
      vertex -99.2441 95.7754 1.54
      vertex -97.7173 95.9764 0
    endloop
  endfacet
  facet normal -0.706358 -0.0462379 -0.706343
    outer loop
      vertex -99.2441 95.7754 1.54
      vertex -97.7172 95.975 0
      vertex -99.23 95.56 1.54
    endloop
  endfacet
  facet normal -0.670294 -0.227515 -0.706359
    outer loop
      vertex -97.9328 96.7808 0
      vertex -97.7991 96.3869 0
      vertex -99.3556 96.1914 1.54
    endloop
  endfacet
  facet normal 0.588559 -0.393167 -0.706413
    outer loop
      vertex -103.412 97.5008 0
      vertex -102.309 96.385 1.54
      vertex -103.643 97.155 0
    endloop
  endfacet
  facet normal -0.526389 0.47375 -0.706028
    outer loop
      vertex -98.3501 93.617 0
      vertex -99.571 94.5555 1.54
      vertex -98.3492 93.618 0
    endloop
  endfacet
  facet normal -0.532113 0.466829 -0.706348
    outer loop
      vertex -99.571 94.5555 1.54
      vertex -98.3501 93.617 0
      vertex -99.7133 94.3933 1.54
    endloop
  endfacet
  facet normal -0.694279 0.138039 -0.706344
    outer loop
      vertex -97.7173 95.1436 0
      vertex -97.7984 94.7357 0
      vertex -99.2441 95.3446 1.54
    endloop
  endfacet
  facet normal -0.706358 0.0462379 -0.706343
    outer loop
      vertex -97.7172 95.145 0
      vertex -99.2441 95.3446 1.54
      vertex -99.23 95.56 1.54
    endloop
  endfacet
  facet normal -0.705942 0.0504244 -0.706472
    outer loop
      vertex -99.2441 95.3446 1.54
      vertex -97.7172 95.145 0
      vertex -97.7173 95.1436 0
    endloop
  endfacet
  facet normal 0.635281 0.311734 -0.706569
    outer loop
      vertex -103.827 94.338 0
      vertex -102.404 94.9286 1.54
      vertex -102.309 94.735 1.54
    endloop
  endfacet
  facet normal 0.734456 0 -0.678656
    outer loop
      vertex -102.404 94.9286 1.54
      vertex -103.827 94.338 0
      vertex -103.827 94.3392 0
    endloop
  endfacet
  facet normal 0.53257 0.466245 -0.706389
    outer loop
      vertex -103.41 93.617 0
      vertex -102.189 94.5555 1.54
      vertex -102.047 94.3933 1.54
    endloop
  endfacet
  facet normal 0.502115 0.502115 -0.704103
    outer loop
      vertex -102.189 94.5555 1.54
      vertex -103.41 93.617 0
      vertex -103.411 93.618 0
    endloop
  endfacet
  facet normal -0.676076 -0.208023 -0.706857
    outer loop
      vertex -99.2862 95.9871 1.54
      vertex -97.7991 96.3869 0
      vertex -97.7987 96.3856 0
    endloop
  endfacet
  facet normal -0.670256 -0.227684 -0.706341
    outer loop
      vertex -97.7991 96.3869 0
      vertex -99.2862 95.9871 1.54
      vertex -99.3556 96.1914 1.54
    endloop
  endfacet
  facet normal -0.466829 -0.532113 -0.706348
    outer loop
      vertex -99.8755 96.869 1.54
      vertex -98.937 98.0899 0
      vertex -99.7133 96.7267 1.54
    endloop
  endfacet
  facet normal -0.47375 -0.526389 -0.706028
    outer loop
      vertex -98.937 98.0899 0
      vertex -99.8755 96.869 1.54
      vertex -98.938 98.0908 0
    endloop
  endfacet
  facet normal -0.0703775 0.703775 -0.706928
    outer loop
      vertex -100.465 92.3972 0
      vertex -100.665 93.9241 1.54
      vertex -100.464 92.3973 0
    endloop
  endfacet
  facet normal -0.046323 0.706344 -0.706351
    outer loop
      vertex -100.665 93.9241 1.54
      vertex -100.465 92.3972 0
      vertex -100.88 93.91 1.54
    endloop
  endfacet
  facet normal 0.694262 -0.137865 -0.706395
    outer loop
      vertex -103.962 96.3843 0
      vertex -102.516 95.7754 1.54
      vertex -104.043 95.9764 0
    endloop
  endfacet
  facet normal 0.710098 0 -0.704103
    outer loop
      vertex -102.516 95.7754 1.54
      vertex -104.043 95.975 0
      vertex -104.043 95.9764 0
    endloop
  endfacet
  facet normal 0.706367 -0.0459106 -0.706355
    outer loop
      vertex -104.043 95.975 0
      vertex -102.516 95.7754 1.54
      vertex -102.53 95.56 1.54
    endloop
  endfacet
  facet normal 0.634764 0.313128 -0.706418
    outer loop
      vertex -102.309 94.735 1.54
      vertex -103.643 93.965 0
      vertex -103.827 94.338 0
    endloop
  endfacet
  facet normal 0.227982 -0.670149 -0.706345
    outer loop
      vertex -101.707 98.6409 0
      vertex -101.307 97.1538 1.54
      vertex -101.511 97.0844 1.54
    endloop
  endfacet
  facet normal 0.263527 -0.658818 -0.704636
    outer loop
      vertex -101.307 97.1538 1.54
      vertex -101.707 98.6409 0
      vertex -101.706 98.6413 0
    endloop
  endfacet
  facet normal -0.392662 0.588992 -0.706332
    outer loop
      vertex -98.9392 93.0284 0
      vertex -99.8755 94.251 1.54
      vertex -98.938 93.0292 0
    endloop
  endfacet
  facet normal -0.39318 0.588622 -0.706353
    outer loop
      vertex -99.8755 94.251 1.54
      vertex -98.9392 93.0284 0
      vertex -100.055 94.1311 1.54
    endloop
  endfacet
  facet normal 0.543402 0.452835 -0.706863
    outer loop
      vertex -103.412 93.6192 0
      vertex -102.189 94.5555 1.54
      vertex -103.411 93.618 0
    endloop
  endfacet
  facet normal 0.588399 0.393359 -0.706438
    outer loop
      vertex -102.189 94.5555 1.54
      vertex -103.412 93.6192 0
      vertex -102.309 94.735 1.54
    endloop
  endfacet
  facet normal -0.679957 0.194273 -0.707048
    outer loop
      vertex -97.7991 94.733 0
      vertex -99.2862 95.1329 1.54
      vertex -97.7987 94.7344 0
    endloop
  endfacet
  facet normal -0.670249 0.227681 -0.706348
    outer loop
      vertex -99.2862 95.1329 1.54
      vertex -97.7991 94.733 0
      vertex -99.3556 94.9286 1.54
    endloop
  endfacet
  facet normal -0.263527 0.658818 -0.704636
    outer loop
      vertex -100.453 93.9662 1.54
      vertex -100.053 92.4791 0
      vertex -100.054 92.4787 0
    endloop
  endfacet
  facet normal -0.227982 0.670149 -0.706345
    outer loop
      vertex -100.053 92.4791 0
      vertex -100.453 93.9662 1.54
      vertex -100.249 94.0356 1.54
    endloop
  endfacet
  facet normal -0.547409 -0.44788 -0.706927
    outer loop
      vertex -99.571 96.5645 1.54
      vertex -98.3501 97.503 0
      vertex -98.3492 97.5019 0
    endloop
  endfacet
  facet normal -0.532113 -0.466829 -0.706348
    outer loop
      vertex -98.3501 97.503 0
      vertex -99.571 96.5645 1.54
      vertex -99.7133 96.7267 1.54
    endloop
  endfacet
  facet normal -0.313155 0.634819 -0.706356
    outer loop
      vertex -99.285 92.7974 0
      vertex -99.658 92.6134 0
      vertex -100.055 94.1311 1.54
    endloop
  endfacet
  facet normal 0.669726 0.229471 -0.706265
    outer loop
      vertex -103.961 94.733 0
      vertex -102.474 95.1329 1.54
      vertex -102.404 94.9286 1.54
    endloop
  endfacet
  facet normal 0.719377 0 -0.69462
    outer loop
      vertex -102.474 95.1329 1.54
      vertex -103.961 94.733 0
      vertex -103.961 94.7344 0
    endloop
  endfacet
  facet normal 0.582411 0.448008 -0.678296
    outer loop
      vertex -103.962 94.7357 0
      vertex -102.474 95.1329 1.54
      vertex -103.961 94.7344 0
    endloop
  endfacet
  facet normal 0.694299 0.137745 -0.706382
    outer loop
      vertex -102.474 95.1329 1.54
      vertex -103.962 94.7357 0
      vertex -102.516 95.3446 1.54
    endloop
  endfacet
  facet normal -0.689219 0.159051 -0.70688
    outer loop
      vertex -99.2862 95.1329 1.54
      vertex -97.7984 94.7357 0
      vertex -97.7987 94.7344 0
    endloop
  endfacet
  facet normal -0.69427 0.138067 -0.706347
    outer loop
      vertex -97.7984 94.7357 0
      vertex -99.2862 95.1329 1.54
      vertex -99.2441 95.3446 1.54
    endloop
  endfacet
  facet normal 0.694262 0.137865 -0.706395
    outer loop
      vertex -102.516 95.3446 1.54
      vertex -103.962 94.7357 0
      vertex -104.043 95.1436 0
    endloop
  endfacet
  facet normal 0.263527 0.658818 -0.704636
    outer loop
      vertex -101.707 92.4791 0
      vertex -101.307 93.9662 1.54
      vertex -101.706 92.4787 0
    endloop
  endfacet
  facet normal 0.227982 0.670149 -0.706345
    outer loop
      vertex -101.307 93.9662 1.54
      vertex -101.707 92.4791 0
      vertex -101.511 94.0356 1.54
    endloop
  endfacet
  facet normal -0.0654408 0.997856 0
    outer loop
      vertex 101.095 20.3641 1.54
      vertex 100.88 20.35 3.6
      vertex 101.095 20.3641 3.6
    endloop
  endfacet
  facet normal -0.0654408 0.997856 0
    outer loop
      vertex 100.88 20.35 3.6
      vertex 101.095 20.3641 1.54
      vertex 100.88 20.35 1.54
    endloop
  endfacet
  facet normal -0.980882 -0.194601 0
    outer loop
      vertex 102.516 22.2154 1.54
      vertex 102.474 22.4271 3.6
      vertex 102.474 22.4271 1.54
    endloop
  endfacet
  facet normal -0.980882 -0.194601 0
    outer loop
      vertex 102.474 22.4271 3.6
      vertex 102.516 22.2154 1.54
      vertex 102.516 22.2154 3.6
    endloop
  endfacet
  facet normal -0.997894 -0.0648585 0
    outer loop
      vertex 102.53 22 1.54
      vertex 102.516 22.2154 3.6
      vertex 102.516 22.2154 1.54
    endloop
  endfacet
  facet normal -0.997894 -0.0648585 0
    outer loop
      vertex 102.516 22.2154 3.6
      vertex 102.53 22 1.54
      vertex 102.53 22 3.6
    endloop
  endfacet
  facet normal -0.946011 -0.324135 0
    outer loop
      vertex 102.474 22.4271 1.54
      vertex 102.404 22.6314 3.6
      vertex 102.404 22.6314 1.54
    endloop
  endfacet
  facet normal -0.946011 -0.324135 0
    outer loop
      vertex 102.404 22.6314 3.6
      vertex 102.474 22.4271 1.54
      vertex 102.474 22.4271 3.6
    endloop
  endfacet
  facet normal -0.322069 -0.946716 0
    outer loop
      vertex 101.307 23.5938 1.54
      vertex 101.511 23.5244 3.6
      vertex 101.307 23.5938 3.6
    endloop
  endfacet
  facet normal -0.322069 -0.946716 -0
    outer loop
      vertex 101.511 23.5244 3.6
      vertex 101.307 23.5938 1.54
      vertex 101.511 23.5244 1.54
    endloop
  endfacet
  facet normal -0.0654408 -0.997856 0
    outer loop
      vertex 100.88 23.65 1.54
      vertex 101.095 23.6359 3.6
      vertex 100.88 23.65 3.6
    endloop
  endfacet
  facet normal -0.0654408 -0.997856 -0
    outer loop
      vertex 101.095 23.6359 3.6
      vertex 100.88 23.65 1.54
      vertex 101.095 23.6359 1.54
    endloop
  endfacet
  facet normal 0.659488 0.751715 -0
    outer loop
      vertex 99.8755 20.691 1.54
      vertex 99.7133 20.8333 3.6
      vertex 99.8755 20.691 3.6
    endloop
  endfacet
  facet normal 0.659488 0.751715 0
    outer loop
      vertex 99.7133 20.8333 3.6
      vertex 99.8755 20.691 1.54
      vertex 99.7133 20.8333 1.54
    endloop
  endfacet
  facet normal 0.997864 0.0653198 0
    outer loop
      vertex 99.2441 21.7846 3.6
      vertex 99.23 22 1.54
      vertex 99.23 22 3.6
    endloop
  endfacet
  facet normal 0.997864 0.0653198 0
    outer loop
      vertex 99.23 22 1.54
      vertex 99.2441 21.7846 3.6
      vertex 99.2441 21.7846 1.54
    endloop
  endfacet
  facet normal 0.659488 -0.751715 0
    outer loop
      vertex 99.7133 23.1667 1.54
      vertex 99.8755 23.309 3.6
      vertex 99.7133 23.1667 3.6
    endloop
  endfacet
  facet normal 0.659488 -0.751715 0
    outer loop
      vertex 99.8755 23.309 3.6
      vertex 99.7133 23.1667 1.54
      vertex 99.8755 23.309 1.54
    endloop
  endfacet
  facet normal -0.752404 -0.658702 0
    outer loop
      vertex 102.189 23.0045 1.54
      vertex 102.047 23.1667 3.6
      vertex 102.047 23.1667 1.54
    endloop
  endfacet
  facet normal -0.752404 -0.658702 0
    outer loop
      vertex 102.047 23.1667 3.6
      vertex 102.189 23.0045 1.54
      vertex 102.189 23.0045 3.6
    endloop
  endfacet
  facet normal -0.997894 0.0648585 0
    outer loop
      vertex 102.516 21.7846 1.54
      vertex 102.53 22 3.6
      vertex 102.53 22 1.54
    endloop
  endfacet
  facet normal -0.997894 0.0648585 0
    outer loop
      vertex 102.53 22 3.6
      vertex 102.516 21.7846 1.54
      vertex 102.516 21.7846 3.6
    endloop
  endfacet
  facet normal -0.441655 -0.897185 0
    outer loop
      vertex 101.511 23.5244 1.54
      vertex 101.705 23.4289 3.6
      vertex 101.511 23.5244 3.6
    endloop
  endfacet
  facet normal -0.441655 -0.897185 -0
    outer loop
      vertex 101.705 23.4289 3.6
      vertex 101.511 23.5244 1.54
      vertex 101.705 23.4289 1.54
    endloop
  endfacet
  facet normal -0.897741 0.440524 0
    outer loop
      vertex 102.309 21.175 1.54
      vertex 102.404 21.3686 3.6
      vertex 102.404 21.3686 1.54
    endloop
  endfacet
  facet normal -0.897741 0.440524 0
    outer loop
      vertex 102.404 21.3686 3.6
      vertex 102.309 21.175 1.54
      vertex 102.309 21.175 3.6
    endloop
  endfacet
  facet normal 0.322069 0.946716 -0
    outer loop
      vertex 100.453 20.4062 1.54
      vertex 100.249 20.4756 3.6
      vertex 100.453 20.4062 3.6
    endloop
  endfacet
  facet normal 0.322069 0.946716 0
    outer loop
      vertex 100.249 20.4756 3.6
      vertex 100.453 20.4062 1.54
      vertex 100.249 20.4756 1.54
    endloop
  endfacet
  facet normal -0.831337 -0.555769 0
    outer loop
      vertex 102.309 22.825 1.54
      vertex 102.189 23.0045 3.6
      vertex 102.189 23.0045 1.54
    endloop
  endfacet
  facet normal -0.831337 -0.555769 0
    outer loop
      vertex 102.189 23.0045 3.6
      vertex 102.309 22.825 1.54
      vertex 102.309 22.825 3.6
    endloop
  endfacet
  facet normal -0.897741 -0.440524 0
    outer loop
      vertex 102.404 22.6314 1.54
      vertex 102.309 22.825 3.6
      vertex 102.309 22.825 1.54
    endloop
  endfacet
  facet normal -0.897741 -0.440524 0
    outer loop
      vertex 102.309 22.825 3.6
      vertex 102.404 22.6314 1.54
      vertex 102.404 22.6314 3.6
    endloop
  endfacet
  facet normal 0.831551 0.555448 0
    outer loop
      vertex 99.571 20.9955 3.6
      vertex 99.4511 21.175 1.54
      vertex 99.4511 21.175 3.6
    endloop
  endfacet
  facet normal 0.831551 0.555448 0
    outer loop
      vertex 99.4511 21.175 1.54
      vertex 99.571 20.9955 3.6
      vertex 99.571 20.9955 1.54
    endloop
  endfacet
  facet normal -0.441655 0.897185 0
    outer loop
      vertex 101.705 20.5711 1.54
      vertex 101.511 20.4756 3.6
      vertex 101.705 20.5711 3.6
    endloop
  endfacet
  facet normal -0.441655 0.897185 0
    outer loop
      vertex 101.511 20.4756 3.6
      vertex 101.705 20.5711 1.54
      vertex 101.511 20.4756 1.54
    endloop
  endfacet
  facet normal 0.997864 -0.0653198 0
    outer loop
      vertex 99.23 22 3.6
      vertex 99.2441 22.2154 1.54
      vertex 99.2441 22.2154 3.6
    endloop
  endfacet
  facet normal 0.997864 -0.0653198 0
    outer loop
      vertex 99.2441 22.2154 1.54
      vertex 99.23 22 3.6
      vertex 99.23 22 1.54
    endloop
  endfacet
  facet normal 0.441655 -0.897185 0
    outer loop
      vertex 100.055 23.4289 1.54
      vertex 100.249 23.5244 3.6
      vertex 100.055 23.4289 3.6
    endloop
  endfacet
  facet normal 0.441655 -0.897185 0
    outer loop
      vertex 100.249 23.5244 3.6
      vertex 100.055 23.4289 1.54
      vertex 100.249 23.5244 1.54
    endloop
  endfacet
  facet normal -0.194781 -0.980847 0
    outer loop
      vertex 101.095 23.6359 1.54
      vertex 101.307 23.5938 3.6
      vertex 101.095 23.6359 3.6
    endloop
  endfacet
  facet normal -0.194781 -0.980847 -0
    outer loop
      vertex 101.307 23.5938 3.6
      vertex 101.095 23.6359 1.54
      vertex 101.307 23.5938 1.54
    endloop
  endfacet
  facet normal 0.751715 -0.659488 0
    outer loop
      vertex 99.571 23.0045 3.6
      vertex 99.7133 23.1667 1.54
      vertex 99.7133 23.1667 3.6
    endloop
  endfacet
  facet normal 0.751715 -0.659488 0
    outer loop
      vertex 99.7133 23.1667 1.54
      vertex 99.571 23.0045 3.6
      vertex 99.571 23.0045 1.54
    endloop
  endfacet
  facet normal -0.946011 0.324135 0
    outer loop
      vertex 102.404 21.3686 1.54
      vertex 102.474 21.5729 3.6
      vertex 102.474 21.5729 1.54
    endloop
  endfacet
  facet normal -0.946011 0.324135 0
    outer loop
      vertex 102.474 21.5729 3.6
      vertex 102.404 21.3686 1.54
      vertex 102.404 21.3686 3.6
    endloop
  endfacet
  facet normal 0.980794 -0.195047 0
    outer loop
      vertex 99.2441 22.2154 3.6
      vertex 99.2862 22.4271 1.54
      vertex 99.2862 22.4271 3.6
    endloop
  endfacet
  facet normal 0.980794 -0.195047 0
    outer loop
      vertex 99.2862 22.4271 1.54
      vertex 99.2441 22.2154 3.6
      vertex 99.2441 22.2154 1.54
    endloop
  endfacet
  facet normal 0.441655 0.897185 -0
    outer loop
      vertex 100.249 20.4756 1.54
      vertex 100.055 20.5711 3.6
      vertex 100.249 20.4756 3.6
    endloop
  endfacet
  facet normal 0.441655 0.897185 0
    outer loop
      vertex 100.055 20.5711 3.6
      vertex 100.249 20.4756 1.54
      vertex 100.055 20.5711 1.54
    endloop
  endfacet
  facet normal 0.555448 -0.831551 0
    outer loop
      vertex 99.8755 23.309 1.54
      vertex 100.055 23.4289 3.6
      vertex 99.8755 23.309 3.6
    endloop
  endfacet
  facet normal 0.555448 -0.831551 0
    outer loop
      vertex 100.055 23.4289 3.6
      vertex 99.8755 23.309 1.54
      vertex 100.055 23.4289 1.54
    endloop
  endfacet
  facet normal -0.657653 0.753321 0
    outer loop
      vertex 102.047 20.8333 1.54
      vertex 101.884 20.691 3.6
      vertex 102.047 20.8333 3.6
    endloop
  endfacet
  facet normal -0.657653 0.753321 0
    outer loop
      vertex 101.884 20.691 3.6
      vertex 102.047 20.8333 1.54
      vertex 101.884 20.691 1.54
    endloop
  endfacet
  facet normal 0.322069 -0.946716 0
    outer loop
      vertex 100.249 23.5244 1.54
      vertex 100.453 23.5938 3.6
      vertex 100.249 23.5244 3.6
    endloop
  endfacet
  facet normal 0.322069 -0.946716 0
    outer loop
      vertex 100.453 23.5938 3.6
      vertex 100.249 23.5244 1.54
      vertex 100.453 23.5938 1.54
    endloop
  endfacet
  facet normal -0.831337 0.555769 0
    outer loop
      vertex 102.189 20.9955 1.54
      vertex 102.309 21.175 3.6
      vertex 102.309 21.175 1.54
    endloop
  endfacet
  facet normal -0.831337 0.555769 0
    outer loop
      vertex 102.309 21.175 3.6
      vertex 102.189 20.9955 1.54
      vertex 102.189 20.9955 3.6
    endloop
  endfacet
  facet normal -0.55652 0.830834 0
    outer loop
      vertex 101.884 20.691 1.54
      vertex 101.705 20.5711 3.6
      vertex 101.884 20.691 3.6
    endloop
  endfacet
  facet normal -0.55652 0.830834 0
    outer loop
      vertex 101.705 20.5711 3.6
      vertex 101.884 20.691 1.54
      vertex 101.705 20.5711 1.54
    endloop
  endfacet
  facet normal -0.752404 0.658702 0
    outer loop
      vertex 102.047 20.8333 1.54
      vertex 102.189 20.9955 3.6
      vertex 102.189 20.9955 1.54
    endloop
  endfacet
  facet normal -0.752404 0.658702 0
    outer loop
      vertex 102.189 20.9955 3.6
      vertex 102.047 20.8333 1.54
      vertex 102.047 20.8333 3.6
    endloop
  endfacet
  facet normal -0.980882 0.194601 0
    outer loop
      vertex 102.474 21.5729 1.54
      vertex 102.516 21.7846 3.6
      vertex 102.516 21.7846 1.54
    endloop
  endfacet
  facet normal -0.980882 0.194601 0
    outer loop
      vertex 102.516 21.7846 3.6
      vertex 102.474 21.5729 1.54
      vertex 102.474 21.5729 3.6
    endloop
  endfacet
  facet normal 0.0654408 -0.997856 0
    outer loop
      vertex 100.665 23.6359 1.54
      vertex 100.88 23.65 3.6
      vertex 100.665 23.6359 3.6
    endloop
  endfacet
  facet normal 0.0654408 -0.997856 0
    outer loop
      vertex 100.88 23.65 3.6
      vertex 100.665 23.6359 1.54
      vertex 100.88 23.65 1.54
    endloop
  endfacet
  facet normal 0.896823 0.442389 0
    outer loop
      vertex 99.4511 21.175 3.6
      vertex 99.3556 21.3686 1.54
      vertex 99.3556 21.3686 3.6
    endloop
  endfacet
  facet normal 0.896823 0.442389 0
    outer loop
      vertex 99.3556 21.3686 1.54
      vertex 99.4511 21.175 3.6
      vertex 99.4511 21.175 1.54
    endloop
  endfacet
  facet normal 0.555448 0.831551 -0
    outer loop
      vertex 100.055 20.5711 1.54
      vertex 99.8755 20.691 3.6
      vertex 100.055 20.5711 3.6
    endloop
  endfacet
  facet normal 0.555448 0.831551 0
    outer loop
      vertex 99.8755 20.691 3.6
      vertex 100.055 20.5711 1.54
      vertex 99.8755 20.691 1.54
    endloop
  endfacet
  facet normal 0.896823 -0.442389 0
    outer loop
      vertex 99.3556 22.6314 3.6
      vertex 99.4511 22.825 1.54
      vertex 99.4511 22.825 3.6
    endloop
  endfacet
  facet normal 0.896823 -0.442389 0
    outer loop
      vertex 99.4511 22.825 1.54
      vertex 99.3556 22.6314 3.6
      vertex 99.3556 22.6314 1.54
    endloop
  endfacet
  facet normal -0.55652 -0.830834 0
    outer loop
      vertex 101.705 23.4289 1.54
      vertex 101.884 23.309 3.6
      vertex 101.705 23.4289 3.6
    endloop
  endfacet
  facet normal -0.55652 -0.830834 -0
    outer loop
      vertex 101.884 23.309 3.6
      vertex 101.705 23.4289 1.54
      vertex 101.884 23.309 1.54
    endloop
  endfacet
  facet normal 0.980794 0.195047 0
    outer loop
      vertex 99.2862 21.5729 3.6
      vertex 99.2441 21.7846 1.54
      vertex 99.2441 21.7846 3.6
    endloop
  endfacet
  facet normal 0.980794 0.195047 0
    outer loop
      vertex 99.2441 21.7846 1.54
      vertex 99.2862 21.5729 3.6
      vertex 99.2862 21.5729 1.54
    endloop
  endfacet
  facet normal -0.322069 0.946716 0
    outer loop
      vertex 101.511 20.4756 1.54
      vertex 101.307 20.4062 3.6
      vertex 101.511 20.4756 3.6
    endloop
  endfacet
  facet normal -0.322069 0.946716 0
    outer loop
      vertex 101.307 20.4062 3.6
      vertex 101.511 20.4756 1.54
      vertex 101.307 20.4062 1.54
    endloop
  endfacet
  facet normal -0.657653 -0.753321 0
    outer loop
      vertex 101.884 23.309 1.54
      vertex 102.047 23.1667 3.6
      vertex 101.884 23.309 3.6
    endloop
  endfacet
  facet normal -0.657653 -0.753321 -0
    outer loop
      vertex 102.047 23.1667 3.6
      vertex 101.884 23.309 1.54
      vertex 102.047 23.1667 1.54
    endloop
  endfacet
  facet normal -0.194781 0.980847 0
    outer loop
      vertex 101.307 20.4062 1.54
      vertex 101.095 20.3641 3.6
      vertex 101.307 20.4062 3.6
    endloop
  endfacet
  facet normal -0.194781 0.980847 0
    outer loop
      vertex 101.095 20.3641 3.6
      vertex 101.307 20.4062 1.54
      vertex 101.095 20.3641 1.54
    endloop
  endfacet
  facet normal 0.94686 -0.321645 0
    outer loop
      vertex 99.2862 22.4271 3.6
      vertex 99.3556 22.6314 1.54
      vertex 99.3556 22.6314 3.6
    endloop
  endfacet
  facet normal 0.94686 -0.321645 0
    outer loop
      vertex 99.3556 22.6314 1.54
      vertex 99.2862 22.4271 3.6
      vertex 99.2862 22.4271 1.54
    endloop
  endfacet
  facet normal 0.194781 -0.980847 0
    outer loop
      vertex 100.453 23.5938 1.54
      vertex 100.665 23.6359 3.6
      vertex 100.453 23.5938 3.6
    endloop
  endfacet
  facet normal 0.194781 -0.980847 0
    outer loop
      vertex 100.665 23.6359 3.6
      vertex 100.453 23.5938 1.54
      vertex 100.665 23.6359 1.54
    endloop
  endfacet
  facet normal 0.0654408 0.997856 -0
    outer loop
      vertex 100.88 20.35 1.54
      vertex 100.665 20.3641 3.6
      vertex 100.88 20.35 3.6
    endloop
  endfacet
  facet normal 0.0654408 0.997856 0
    outer loop
      vertex 100.665 20.3641 3.6
      vertex 100.88 20.35 1.54
      vertex 100.665 20.3641 1.54
    endloop
  endfacet
  facet normal 0.94686 0.321645 0
    outer loop
      vertex 99.3556 21.3686 3.6
      vertex 99.2862 21.5729 1.54
      vertex 99.2862 21.5729 3.6
    endloop
  endfacet
  facet normal 0.94686 0.321645 0
    outer loop
      vertex 99.2862 21.5729 1.54
      vertex 99.3556 21.3686 3.6
      vertex 99.3556 21.3686 1.54
    endloop
  endfacet
  facet normal 0.751715 0.659488 0
    outer loop
      vertex 99.7133 20.8333 3.6
      vertex 99.571 20.9955 1.54
      vertex 99.571 20.9955 3.6
    endloop
  endfacet
  facet normal 0.751715 0.659488 0
    outer loop
      vertex 99.571 20.9955 1.54
      vertex 99.7133 20.8333 3.6
      vertex 99.7133 20.8333 1.54
    endloop
  endfacet
  facet normal 0.194781 0.980847 -0
    outer loop
      vertex 100.665 20.3641 1.54
      vertex 100.453 20.4062 3.6
      vertex 100.665 20.3641 3.6
    endloop
  endfacet
  facet normal 0.194781 0.980847 0
    outer loop
      vertex 100.453 20.4062 3.6
      vertex 100.665 20.3641 1.54
      vertex 100.453 20.4062 1.54
    endloop
  endfacet
  facet normal 0.831551 -0.555448 0
    outer loop
      vertex 99.4511 22.825 3.6
      vertex 99.571 23.0045 1.54
      vertex 99.571 23.0045 3.6
    endloop
  endfacet
  facet normal 0.831551 -0.555448 0
    outer loop
      vertex 99.571 23.0045 1.54
      vertex 99.4511 22.825 3.6
      vertex 99.4511 22.825 1.54
    endloop
  endfacet
  facet normal -0.70636 -0.0459559 -0.70636
    outer loop
      vertex 104.043 22.415 0
      vertex 104.07 22 0
      vertex 102.53 22 1.54
    endloop
  endfacet
  facet normal -0.365746 0.609577 -0.70331
    outer loop
      vertex 101.511 20.4756 1.54
      vertex 102.102 19.0534 0
      vertex 102.101 19.0528 0
    endloop
  endfacet
  facet normal -0.312602 0.635025 -0.706416
    outer loop
      vertex 102.102 19.0534 0
      vertex 101.511 20.4756 1.54
      vertex 101.705 20.5711 1.54
    endloop
  endfacet
  facet normal -0.312602 -0.635025 -0.706416
    outer loop
      vertex 101.511 23.5244 1.54
      vertex 102.102 24.9466 0
      vertex 101.705 23.4289 1.54
    endloop
  endfacet
  facet normal -0.365746 -0.609577 -0.70331
    outer loop
      vertex 102.102 24.9466 0
      vertex 101.511 23.5244 1.54
      vertex 102.101 24.9472 0
    endloop
  endfacet
  facet normal 0.39318 -0.588622 -0.706353
    outer loop
      vertex 99.8755 23.309 1.54
      vertex 98.9392 24.5316 0
      vertex 100.055 23.4289 1.54
    endloop
  endfacet
  facet normal 0.392662 -0.588992 -0.706332
    outer loop
      vertex 98.9392 24.5316 0
      vertex 99.8755 23.309 1.54
      vertex 98.938 24.5308 0
    endloop
  endfacet
  facet normal -0.694262 -0.137865 -0.706395
    outer loop
      vertex 103.962 22.8243 0
      vertex 104.043 22.4164 0
      vertex 102.516 22.2154 1.54
    endloop
  endfacet
  facet normal 0.39318 0.588622 -0.706353
    outer loop
      vertex 98.9392 19.4684 0
      vertex 99.8755 20.691 1.54
      vertex 100.055 20.5711 1.54
    endloop
  endfacet
  facet normal 0.392662 0.588992 -0.706332
    outer loop
      vertex 99.8755 20.691 1.54
      vertex 98.9392 19.4684 0
      vertex 98.938 19.4692 0
    endloop
  endfacet
  facet normal 0.137882 -0.694322 -0.706332
    outer loop
      vertex 100.453 23.5938 1.54
      vertex 100.056 25.0816 0
      vertex 100.665 23.6359 1.54
    endloop
  endfacet
  facet normal 0.105226 -0.701505 -0.704853
    outer loop
      vertex 100.056 25.0816 0
      vertex 100.453 23.5938 1.54
      vertex 100.054 25.0813 0
    endloop
  endfacet
  facet normal -0.466441 0.532444 -0.706354
    outer loop
      vertex 103.136 19.7443 0
      vertex 102.823 19.4701 0
      vertex 102.047 20.8333 1.54
    endloop
  endfacet
  facet normal 0.634822 -0.313148 -0.706356
    outer loop
      vertex 99.3556 22.6314 1.54
      vertex 97.9334 23.222 0
      vertex 99.4511 22.825 1.54
    endloop
  endfacet
  facet normal 0.633241 -0.31662 -0.706228
    outer loop
      vertex 97.9334 23.222 0
      vertex 99.3556 22.6314 1.54
      vertex 97.9328 23.2208 0
    endloop
  endfacet
  facet normal 0.466687 -0.532214 -0.706365
    outer loop
      vertex 98.937 24.5299 0
      vertex 99.7133 23.1667 1.54
      vertex 98.6243 24.2557 0
    endloop
  endfacet
  facet normal -0.22745 0.670272 -0.706401
    outer loop
      vertex 102.101 19.0528 0
      vertex 101.707 18.9191 0
      vertex 101.511 20.4756 1.54
    endloop
  endfacet
  facet normal 0.0462956 0.706349 -0.706349
    outer loop
      vertex 100.88 20.35 1.54
      vertex 100.88 18.81 0
      vertex 100.465 18.8372 0
    endloop
  endfacet
  facet normal -0.734456 0 -0.678656
    outer loop
      vertex 103.827 20.778 0
      vertex 102.404 21.3686 1.54
      vertex 103.827 20.7792 0
    endloop
  endfacet
  facet normal -0.635281 0.311734 -0.706569
    outer loop
      vertex 102.404 21.3686 1.54
      vertex 103.827 20.778 0
      vertex 102.309 21.175 1.54
    endloop
  endfacet
  facet normal -0.70636 0.0459559 -0.70636
    outer loop
      vertex 104.07 22 0
      vertex 104.043 21.585 0
      vertex 102.53 22 1.54
    endloop
  endfacet
  facet normal 0.670275 -0.227567 -0.70636
    outer loop
      vertex 97.9328 23.2208 0
      vertex 99.3556 22.6314 1.54
      vertex 97.7991 22.827 0
    endloop
  endfacet
  facet normal 0.532214 0.466687 -0.706365
    outer loop
      vertex 99.7133 20.8333 1.54
      vertex 98.6243 19.7443 0
      vertex 98.3501 20.057 0
    endloop
  endfacet
  facet normal -0.393038 -0.588706 -0.706361
    outer loop
      vertex 102.475 24.7626 0
      vertex 102.821 24.5316 0
      vertex 101.705 23.4289 1.54
    endloop
  endfacet
  facet normal -0.105226 0.701505 -0.704853
    outer loop
      vertex 101.704 18.9184 0
      vertex 101.307 20.4062 1.54
      vertex 101.706 18.9187 0
    endloop
  endfacet
  facet normal -0.137882 0.694322 -0.706332
    outer loop
      vertex 101.307 20.4062 1.54
      vertex 101.704 18.9184 0
      vertex 101.095 20.3641 1.54
    endloop
  endfacet
  facet normal 0.138006 0.694284 -0.706346
    outer loop
      vertex 100.665 20.3641 1.54
      vertex 100.464 18.8373 0
      vertex 100.056 18.9184 0
    endloop
  endfacet
  facet normal 0.466829 -0.532113 -0.706348
    outer loop
      vertex 98.937 24.5299 0
      vertex 99.8755 23.309 1.54
      vertex 99.7133 23.1667 1.54
    endloop
  endfacet
  facet normal 0.47375 -0.526389 -0.706028
    outer loop
      vertex 99.8755 23.309 1.54
      vertex 98.937 24.5299 0
      vertex 98.938 24.5308 0
    endloop
  endfacet
  facet normal 0.137882 0.694322 -0.706332
    outer loop
      vertex 100.056 18.9184 0
      vertex 100.453 20.4062 1.54
      vertex 100.665 20.3641 1.54
    endloop
  endfacet
  facet normal 0.105226 0.701505 -0.704853
    outer loop
      vertex 100.453 20.4062 1.54
      vertex 100.056 18.9184 0
      vertex 100.054 18.9187 0
    endloop
  endfacet
  facet normal 0.634819 -0.313155 -0.706356
    outer loop
      vertex 98.1174 23.595 0
      vertex 99.4511 22.825 1.54
      vertex 97.9334 23.222 0
    endloop
  endfacet
  facet normal -0.0462956 0.706349 -0.706349
    outer loop
      vertex 100.88 20.35 1.54
      vertex 101.295 18.8372 0
      vertex 100.88 18.81 0
    endloop
  endfacet
  facet normal -0.105226 -0.701505 -0.704853
    outer loop
      vertex 101.307 23.5938 1.54
      vertex 101.704 25.0816 0
      vertex 101.706 25.0813 0
    endloop
  endfacet
  facet normal -0.137882 -0.694322 -0.706332
    outer loop
      vertex 101.704 25.0816 0
      vertex 101.307 23.5938 1.54
      vertex 101.095 23.6359 1.54
    endloop
  endfacet
  facet normal 0.227557 0.670247 -0.70639
    outer loop
      vertex 100.249 20.4756 1.54
      vertex 100.053 18.9191 0
      vertex 99.6592 19.0528 0
    endloop
  endfacet
  facet normal -0.588399 -0.393359 -0.706438
    outer loop
      vertex 102.189 23.0045 1.54
      vertex 103.412 23.9408 0
      vertex 102.309 22.825 1.54
    endloop
  endfacet
  facet normal -0.524106 -0.47646 -0.705903
    outer loop
      vertex 103.412 23.9408 0
      vertex 102.189 23.0045 1.54
      vertex 103.411 23.9419 0
    endloop
  endfacet
  facet normal -0.0462956 -0.706349 -0.706349
    outer loop
      vertex 100.88 25.19 0
      vertex 101.295 25.1628 0
      vertex 100.88 23.65 1.54
    endloop
  endfacet
  facet normal -0.473699 0.526332 -0.706105
    outer loop
      vertex 101.884 20.691 1.54
      vertex 102.823 19.4701 0
      vertex 102.822 19.4692 0
    endloop
  endfacet
  facet normal -0.465444 0.533151 -0.706478
    outer loop
      vertex 102.823 19.4701 0
      vertex 101.884 20.691 1.54
      vertex 102.047 20.8333 1.54
    endloop
  endfacet
  facet normal 0.670249 -0.227681 -0.706348
    outer loop
      vertex 99.2862 22.4271 1.54
      vertex 97.7991 22.827 0
      vertex 99.3556 22.6314 1.54
    endloop
  endfacet
  facet normal 0.679957 -0.194273 -0.707048
    outer loop
      vertex 97.7991 22.827 0
      vertex 99.2862 22.4271 1.54
      vertex 97.7987 22.8256 0
    endloop
  endfacet
  facet normal 0.69427 -0.138067 -0.706347
    outer loop
      vertex 97.7984 22.8243 0
      vertex 99.2862 22.4271 1.54
      vertex 99.2441 22.2154 1.54
    endloop
  endfacet
  facet normal 0.689219 -0.159051 -0.70688
    outer loop
      vertex 99.2862 22.4271 1.54
      vertex 97.7984 22.8243 0
      vertex 97.7987 22.8256 0
    endloop
  endfacet
  facet normal -0.588559 0.393167 -0.706413
    outer loop
      vertex 103.643 20.405 0
      vertex 103.412 20.0592 0
      vertex 102.309 21.175 1.54
    endloop
  endfacet
  facet normal 0.532214 -0.466687 -0.706365
    outer loop
      vertex 98.6243 24.2557 0
      vertex 99.7133 23.1667 1.54
      vertex 98.3501 23.943 0
    endloop
  endfacet
  facet normal 0.532113 -0.466829 -0.706348
    outer loop
      vertex 99.571 23.0045 1.54
      vertex 98.3501 23.943 0
      vertex 99.7133 23.1667 1.54
    endloop
  endfacet
  facet normal 0.547409 -0.44788 -0.706927
    outer loop
      vertex 98.3501 23.943 0
      vertex 99.571 23.0045 1.54
      vertex 98.3492 23.9419 0
    endloop
  endfacet
  facet normal -0.634764 0.313128 -0.706418
    outer loop
      vertex 103.827 20.778 0
      vertex 103.643 20.405 0
      vertex 102.309 21.175 1.54
    endloop
  endfacet
  facet normal -0.313155 -0.634819 -0.706356
    outer loop
      vertex 102.102 24.9466 0
      vertex 102.475 24.7626 0
      vertex 101.705 23.4289 1.54
    endloop
  endfacet
  facet normal 0.313155 0.634819 -0.706356
    outer loop
      vertex 100.055 20.5711 1.54
      vertex 99.658 19.0534 0
      vertex 99.285 19.2374 0
    endloop
  endfacet
  facet normal 0.466687 0.532214 -0.706365
    outer loop
      vertex 99.7133 20.8333 1.54
      vertex 98.937 19.4701 0
      vertex 98.6243 19.7443 0
    endloop
  endfacet
  facet normal 0.393198 -0.588606 -0.706355
    outer loop
      vertex 99.285 24.7626 0
      vertex 100.055 23.4289 1.54
      vertex 98.9392 24.5316 0
    endloop
  endfacet
  facet normal -0.634764 -0.313128 -0.706418
    outer loop
      vertex 103.643 23.595 0
      vertex 103.827 23.222 0
      vertex 102.309 22.825 1.54
    endloop
  endfacet
  facet normal 0.706358 0.0462379 -0.706343
    outer loop
      vertex 99.2441 21.7846 1.54
      vertex 97.7172 21.585 0
      vertex 99.23 22 1.54
    endloop
  endfacet
  facet normal 0.705942 0.0504244 -0.706472
    outer loop
      vertex 97.7172 21.585 0
      vertex 99.2441 21.7846 1.54
      vertex 97.7173 21.5836 0
    endloop
  endfacet
  facet normal 0.138006 -0.694284 -0.706346
    outer loop
      vertex 100.464 25.1627 0
      vertex 100.665 23.6359 1.54
      vertex 100.056 25.0816 0
    endloop
  endfacet
  facet normal 0.588622 -0.39318 -0.706353
    outer loop
      vertex 98.3484 23.9408 0
      vertex 99.571 23.0045 1.54
      vertex 99.4511 22.825 1.54
    endloop
  endfacet
  facet normal 0.571962 -0.415972 -0.706984
    outer loop
      vertex 99.571 23.0045 1.54
      vertex 98.3484 23.9408 0
      vertex 98.3492 23.9419 0
    endloop
  endfacet
  facet normal -0.0703775 -0.703775 -0.706928
    outer loop
      vertex 101.095 23.6359 1.54
      vertex 101.295 25.1628 0
      vertex 101.296 25.1627 0
    endloop
  endfacet
  facet normal -0.046323 -0.706344 -0.706351
    outer loop
      vertex 101.295 25.1628 0
      vertex 101.095 23.6359 1.54
      vertex 100.88 23.65 1.54
    endloop
  endfacet
  facet normal -0.138006 -0.694284 -0.706346
    outer loop
      vertex 101.296 25.1627 0
      vertex 101.704 25.0816 0
      vertex 101.095 23.6359 1.54
    endloop
  endfacet
  facet normal 0.316602 0.633204 -0.706269
    outer loop
      vertex 99.658 19.0534 0
      vertex 100.249 20.4756 1.54
      vertex 99.6592 19.0528 0
    endloop
  endfacet
  facet normal 0.312602 0.635025 -0.706416
    outer loop
      vertex 100.249 20.4756 1.54
      vertex 99.658 19.0534 0
      vertex 100.055 20.5711 1.54
    endloop
  endfacet
  facet normal -0.532389 0.4665 -0.706357
    outer loop
      vertex 103.41 20.057 0
      vertex 103.136 19.7443 0
      vertex 102.047 20.8333 1.54
    endloop
  endfacet
  facet normal 0.0462956 -0.706349 -0.706349
    outer loop
      vertex 100.88 25.19 0
      vertex 100.88 23.65 1.54
      vertex 100.465 25.1628 0
    endloop
  endfacet
  facet normal 0.313155 -0.634819 -0.706356
    outer loop
      vertex 99.658 24.9466 0
      vertex 100.055 23.4289 1.54
      vertex 99.285 24.7626 0
    endloop
  endfacet
  facet normal -0.138006 0.694284 -0.706346
    outer loop
      vertex 101.704 18.9184 0
      vertex 101.296 18.8373 0
      vertex 101.095 20.3641 1.54
    endloop
  endfacet
  facet normal 0.706349 -0.0462956 -0.706349
    outer loop
      vertex 97.7172 22.415 0
      vertex 99.23 22 1.54
      vertex 97.69 22 0
    endloop
  endfacet
  facet normal -0.670063 0.228005 -0.70642
    outer loop
      vertex 103.961 21.173 0
      vertex 103.827 20.7792 0
      vertex 102.404 21.3686 1.54
    endloop
  endfacet
  facet normal -0.524106 0.47646 -0.705903
    outer loop
      vertex 102.189 20.9955 1.54
      vertex 103.412 20.0592 0
      vertex 103.411 20.0581 0
    endloop
  endfacet
  facet normal -0.588399 0.393359 -0.706438
    outer loop
      vertex 103.412 20.0592 0
      vertex 102.189 20.9955 1.54
      vertex 102.309 21.175 1.54
    endloop
  endfacet
  facet normal 0.046323 -0.706344 -0.706351
    outer loop
      vertex 100.665 23.6359 1.54
      vertex 100.465 25.1628 0
      vertex 100.88 23.65 1.54
    endloop
  endfacet
  facet normal 0.0703775 -0.703775 -0.706928
    outer loop
      vertex 100.465 25.1628 0
      vertex 100.665 23.6359 1.54
      vertex 100.464 25.1627 0
    endloop
  endfacet
  facet normal -0.588559 -0.393167 -0.706413
    outer loop
      vertex 103.412 23.9408 0
      vertex 103.643 23.595 0
      vertex 102.309 22.825 1.54
    endloop
  endfacet
  facet normal 0.227557 -0.670247 -0.70639
    outer loop
      vertex 100.053 25.0809 0
      vertex 100.249 23.5244 1.54
      vertex 99.6592 24.9472 0
    endloop
  endfacet
  facet normal -0.227982 -0.670149 -0.706345
    outer loop
      vertex 101.307 23.5938 1.54
      vertex 101.707 25.0809 0
      vertex 101.511 23.5244 1.54
    endloop
  endfacet
  facet normal -0.263527 -0.658818 -0.704636
    outer loop
      vertex 101.707 25.0809 0
      vertex 101.307 23.5938 1.54
      vertex 101.706 25.0813 0
    endloop
  endfacet
  facet normal -0.441722 -0.552152 -0.707114
    outer loop
      vertex 101.884 23.309 1.54
      vertex 102.821 24.5316 0
      vertex 102.822 24.5308 0
    endloop
  endfacet
  facet normal -0.393872 -0.588016 -0.706472
    outer loop
      vertex 102.821 24.5316 0
      vertex 101.884 23.309 1.54
      vertex 101.705 23.4289 1.54
    endloop
  endfacet
  facet normal -0.734456 0 -0.678656
    outer loop
      vertex 102.404 22.6314 1.54
      vertex 103.827 23.222 0
      vertex 103.827 23.2208 0
    endloop
  endfacet
  facet normal -0.635281 -0.311734 -0.706569
    outer loop
      vertex 103.827 23.222 0
      vertex 102.404 22.6314 1.54
      vertex 102.309 22.825 1.54
    endloop
  endfacet
  facet normal -0.22745 -0.670272 -0.706401
    outer loop
      vertex 101.707 25.0809 0
      vertex 102.101 24.9472 0
      vertex 101.511 23.5244 1.54
    endloop
  endfacet
  facet normal 0.47375 0.526389 -0.706028
    outer loop
      vertex 98.937 19.4701 0
      vertex 99.8755 20.691 1.54
      vertex 98.938 19.4692 0
    endloop
  endfacet
  facet normal 0.466829 0.532113 -0.706348
    outer loop
      vertex 99.8755 20.691 1.54
      vertex 98.937 19.4701 0
      vertex 99.7133 20.8333 1.54
    endloop
  endfacet
  facet normal 0.312602 -0.635025 -0.706416
    outer loop
      vertex 99.658 24.9466 0
      vertex 100.249 23.5244 1.54
      vertex 100.055 23.4289 1.54
    endloop
  endfacet
  facet normal 0.316602 -0.633204 -0.706269
    outer loop
      vertex 100.249 23.5244 1.54
      vertex 99.658 24.9466 0
      vertex 99.6592 24.9472 0
    endloop
  endfacet
  facet normal 0.046323 0.706344 -0.706351
    outer loop
      vertex 100.465 18.8372 0
      vertex 100.665 20.3641 1.54
      vertex 100.88 20.35 1.54
    endloop
  endfacet
  facet normal 0.0703775 0.703775 -0.706928
    outer loop
      vertex 100.665 20.3641 1.54
      vertex 100.465 18.8372 0
      vertex 100.464 18.8373 0
    endloop
  endfacet
  facet normal 0.706349 0.0462956 -0.706349
    outer loop
      vertex 99.23 22 1.54
      vertex 97.7172 21.585 0
      vertex 97.69 22 0
    endloop
  endfacet
  facet normal 0.393198 0.588606 -0.706355
    outer loop
      vertex 100.055 20.5711 1.54
      vertex 99.285 19.2374 0
      vertex 98.9392 19.4684 0
    endloop
  endfacet
  facet normal 0.588606 0.393198 -0.706355
    outer loop
      vertex 99.4511 21.175 1.54
      vertex 98.3484 20.0592 0
      vertex 98.1174 20.405 0
    endloop
  endfacet
  facet normal -0.694299 -0.137745 -0.706382
    outer loop
      vertex 102.474 22.4271 1.54
      vertex 103.962 22.8243 0
      vertex 102.516 22.2154 1.54
    endloop
  endfacet
  facet normal -0.582411 -0.448008 -0.678296
    outer loop
      vertex 103.962 22.8243 0
      vertex 102.474 22.4271 1.54
      vertex 103.961 22.8256 0
    endloop
  endfacet
  facet normal 0.670275 0.227567 -0.70636
    outer loop
      vertex 99.3556 21.3686 1.54
      vertex 97.9328 20.7792 0
      vertex 97.7991 21.173 0
    endloop
  endfacet
  facet normal -0.532389 -0.4665 -0.706357
    outer loop
      vertex 103.136 24.2557 0
      vertex 103.41 23.943 0
      vertex 102.047 23.1667 1.54
    endloop
  endfacet
  facet normal -0.466441 -0.532444 -0.706354
    outer loop
      vertex 102.823 24.5299 0
      vertex 103.136 24.2557 0
      vertex 102.047 23.1667 1.54
    endloop
  endfacet
  facet normal -0.393038 0.588706 -0.706361
    outer loop
      vertex 102.821 19.4684 0
      vertex 102.475 19.2374 0
      vertex 101.705 20.5711 1.54
    endloop
  endfacet
  facet normal -0.710098 0 -0.704103
    outer loop
      vertex 104.043 22.415 0
      vertex 102.516 22.2154 1.54
      vertex 104.043 22.4164 0
    endloop
  endfacet
  facet normal -0.706367 -0.0459106 -0.706355
    outer loop
      vertex 102.516 22.2154 1.54
      vertex 104.043 22.415 0
      vertex 102.53 22 1.54
    endloop
  endfacet
  facet normal -0.670063 -0.228005 -0.70642
    outer loop
      vertex 103.827 23.2208 0
      vertex 103.961 22.827 0
      vertex 102.404 22.6314 1.54
    endloop
  endfacet
  facet normal 0.588606 -0.393198 -0.706355
    outer loop
      vertex 98.3484 23.9408 0
      vertex 99.4511 22.825 1.54
      vertex 98.1174 23.595 0
    endloop
  endfacet
  facet normal -0.524106 0.47646 -0.705903
    outer loop
      vertex 103.41 20.057 0
      vertex 102.189 20.9955 1.54
      vertex 103.411 20.0581 0
    endloop
  endfacet
  facet normal -0.53257 0.466245 -0.706389
    outer loop
      vertex 102.189 20.9955 1.54
      vertex 103.41 20.057 0
      vertex 102.047 20.8333 1.54
    endloop
  endfacet
  facet normal -0.694262 0.137865 -0.706395
    outer loop
      vertex 104.043 21.5836 0
      vertex 103.962 21.1757 0
      vertex 102.516 21.7846 1.54
    endloop
  endfacet
  facet normal -0.706367 0.0459106 -0.706355
    outer loop
      vertex 104.043 21.585 0
      vertex 102.516 21.7846 1.54
      vertex 102.53 22 1.54
    endloop
  endfacet
  facet normal -0.710098 0 -0.704103
    outer loop
      vertex 102.516 21.7846 1.54
      vertex 104.043 21.585 0
      vertex 104.043 21.5836 0
    endloop
  endfacet
  facet normal 0.634822 0.313148 -0.706356
    outer loop
      vertex 97.9334 20.778 0
      vertex 99.3556 21.3686 1.54
      vertex 99.4511 21.175 1.54
    endloop
  endfacet
  facet normal 0.633241 0.31662 -0.706228
    outer loop
      vertex 99.3556 21.3686 1.54
      vertex 97.9334 20.778 0
      vertex 97.9328 20.7792 0
    endloop
  endfacet
  facet normal 0.532113 0.466829 -0.706348
    outer loop
      vertex 98.3501 20.057 0
      vertex 99.571 20.9955 1.54
      vertex 99.7133 20.8333 1.54
    endloop
  endfacet
  facet normal 0.547409 0.44788 -0.706927
    outer loop
      vertex 99.571 20.9955 1.54
      vertex 98.3501 20.057 0
      vertex 98.3492 20.0581 0
    endloop
  endfacet
  facet normal -0.719377 0 -0.69462
    outer loop
      vertex 102.474 22.4271 1.54
      vertex 103.961 22.827 0
      vertex 103.961 22.8256 0
    endloop
  endfacet
  facet normal -0.669726 -0.229471 -0.706265
    outer loop
      vertex 103.961 22.827 0
      vertex 102.474 22.4271 1.54
      vertex 102.404 22.6314 1.54
    endloop
  endfacet
  facet normal -0.465444 -0.533151 -0.706478
    outer loop
      vertex 101.884 23.309 1.54
      vertex 102.823 24.5299 0
      vertex 102.047 23.1667 1.54
    endloop
  endfacet
  facet normal -0.473699 -0.526332 -0.706105
    outer loop
      vertex 102.823 24.5299 0
      vertex 101.884 23.309 1.54
      vertex 102.822 24.5308 0
    endloop
  endfacet
  facet normal -0.0703775 0.703775 -0.706928
    outer loop
      vertex 101.295 18.8372 0
      vertex 101.095 20.3641 1.54
      vertex 101.296 18.8373 0
    endloop
  endfacet
  facet normal -0.046323 0.706344 -0.706351
    outer loop
      vertex 101.095 20.3641 1.54
      vertex 101.295 18.8372 0
      vertex 100.88 20.35 1.54
    endloop
  endfacet
  facet normal 0.694279 -0.138039 -0.706344
    outer loop
      vertex 97.7984 22.8243 0
      vertex 99.2441 22.2154 1.54
      vertex 97.7173 22.4164 0
    endloop
  endfacet
  facet normal 0.705942 -0.0504244 -0.706472
    outer loop
      vertex 99.2441 22.2154 1.54
      vertex 97.7172 22.415 0
      vertex 97.7173 22.4164 0
    endloop
  endfacet
  facet normal 0.706358 -0.0462379 -0.706343
    outer loop
      vertex 97.7172 22.415 0
      vertex 99.2441 22.2154 1.54
      vertex 99.23 22 1.54
    endloop
  endfacet
  facet normal 0.634819 0.313155 -0.706356
    outer loop
      vertex 99.4511 21.175 1.54
      vertex 98.1174 20.405 0
      vertex 97.9334 20.778 0
    endloop
  endfacet
  facet normal 0.227982 -0.670149 -0.706345
    outer loop
      vertex 100.053 25.0809 0
      vertex 100.453 23.5938 1.54
      vertex 100.249 23.5244 1.54
    endloop
  endfacet
  facet normal 0.263527 -0.658818 -0.704636
    outer loop
      vertex 100.453 23.5938 1.54
      vertex 100.053 25.0809 0
      vertex 100.054 25.0813 0
    endloop
  endfacet
  facet normal -0.441722 0.552152 -0.707114
    outer loop
      vertex 102.821 19.4684 0
      vertex 101.884 20.691 1.54
      vertex 102.822 19.4692 0
    endloop
  endfacet
  facet normal -0.393872 0.588016 -0.706472
    outer loop
      vertex 101.884 20.691 1.54
      vertex 102.821 19.4684 0
      vertex 101.705 20.5711 1.54
    endloop
  endfacet
  facet normal 0.571962 0.415972 -0.706984
    outer loop
      vertex 98.3484 20.0592 0
      vertex 99.571 20.9955 1.54
      vertex 98.3492 20.0581 0
    endloop
  endfacet
  facet normal 0.588622 0.39318 -0.706353
    outer loop
      vertex 99.571 20.9955 1.54
      vertex 98.3484 20.0592 0
      vertex 99.4511 21.175 1.54
    endloop
  endfacet
  facet normal -0.719377 0 -0.69462
    outer loop
      vertex 103.961 21.173 0
      vertex 102.474 21.5729 1.54
      vertex 103.961 21.1744 0
    endloop
  endfacet
  facet normal -0.669726 0.229471 -0.706265
    outer loop
      vertex 102.474 21.5729 1.54
      vertex 103.961 21.173 0
      vertex 102.404 21.3686 1.54
    endloop
  endfacet
  facet normal -0.263527 0.658818 -0.704636
    outer loop
      vertex 101.307 20.4062 1.54
      vertex 101.707 18.9191 0
      vertex 101.706 18.9187 0
    endloop
  endfacet
  facet normal -0.227982 0.670149 -0.706345
    outer loop
      vertex 101.707 18.9191 0
      vertex 101.307 20.4062 1.54
      vertex 101.511 20.4756 1.54
    endloop
  endfacet
  facet normal -0.524106 -0.47646 -0.705903
    outer loop
      vertex 102.189 23.0045 1.54
      vertex 103.41 23.943 0
      vertex 103.411 23.9419 0
    endloop
  endfacet
  facet normal -0.53257 -0.466245 -0.706389
    outer loop
      vertex 103.41 23.943 0
      vertex 102.189 23.0045 1.54
      vertex 102.047 23.1667 1.54
    endloop
  endfacet
  facet normal -0.313155 0.634819 -0.706356
    outer loop
      vertex 102.475 19.2374 0
      vertex 102.102 19.0534 0
      vertex 101.705 20.5711 1.54
    endloop
  endfacet
  facet normal 0.670249 0.227681 -0.706348
    outer loop
      vertex 97.7991 21.173 0
      vertex 99.2862 21.5729 1.54
      vertex 99.3556 21.3686 1.54
    endloop
  endfacet
  facet normal 0.679957 0.194273 -0.707048
    outer loop
      vertex 99.2862 21.5729 1.54
      vertex 97.7991 21.173 0
      vertex 97.7987 21.1744 0
    endloop
  endfacet
  facet normal 0.689219 0.159051 -0.70688
    outer loop
      vertex 97.7984 21.1757 0
      vertex 99.2862 21.5729 1.54
      vertex 97.7987 21.1744 0
    endloop
  endfacet
  facet normal 0.69427 0.138067 -0.706347
    outer loop
      vertex 99.2862 21.5729 1.54
      vertex 97.7984 21.1757 0
      vertex 99.2441 21.7846 1.54
    endloop
  endfacet
  facet normal -0.582411 0.448008 -0.678296
    outer loop
      vertex 102.474 21.5729 1.54
      vertex 103.962 21.1757 0
      vertex 103.961 21.1744 0
    endloop
  endfacet
  facet normal -0.694299 0.137745 -0.706382
    outer loop
      vertex 103.962 21.1757 0
      vertex 102.474 21.5729 1.54
      vertex 102.516 21.7846 1.54
    endloop
  endfacet
  facet normal 0.694279 0.138039 -0.706344
    outer loop
      vertex 99.2441 21.7846 1.54
      vertex 97.7984 21.1757 0
      vertex 97.7173 21.5836 0
    endloop
  endfacet
  facet normal 0.263527 0.658818 -0.704636
    outer loop
      vertex 100.053 18.9191 0
      vertex 100.453 20.4062 1.54
      vertex 100.054 18.9187 0
    endloop
  endfacet
  facet normal 0.227982 0.670149 -0.706345
    outer loop
      vertex 100.453 20.4062 1.54
      vertex 100.053 18.9191 0
      vertex 100.249 20.4756 1.54
    endloop
  endfacet
  facet normal -0.0654408 0.997856 0
    outer loop
      vertex 101.095 93.9241 1.54
      vertex 100.88 93.91 3.6
      vertex 101.095 93.9241 3.6
    endloop
  endfacet
  facet normal -0.0654408 0.997856 0
    outer loop
      vertex 100.88 93.91 3.6
      vertex 101.095 93.9241 1.54
      vertex 100.88 93.91 1.54
    endloop
  endfacet
  facet normal -0.980882 -0.194601 0
    outer loop
      vertex 102.516 95.7754 1.54
      vertex 102.474 95.9871 3.6
      vertex 102.474 95.9871 1.54
    endloop
  endfacet
  facet normal -0.980882 -0.194601 0
    outer loop
      vertex 102.474 95.9871 3.6
      vertex 102.516 95.7754 1.54
      vertex 102.516 95.7754 3.6
    endloop
  endfacet
  facet normal -0.997894 -0.0648585 0
    outer loop
      vertex 102.53 95.56 1.54
      vertex 102.516 95.7754 3.6
      vertex 102.516 95.7754 1.54
    endloop
  endfacet
  facet normal -0.997894 -0.0648585 0
    outer loop
      vertex 102.516 95.7754 3.6
      vertex 102.53 95.56 1.54
      vertex 102.53 95.56 3.6
    endloop
  endfacet
  facet normal -0.946011 -0.324135 0
    outer loop
      vertex 102.474 95.9871 1.54
      vertex 102.404 96.1914 3.6
      vertex 102.404 96.1914 1.54
    endloop
  endfacet
  facet normal -0.946011 -0.324135 0
    outer loop
      vertex 102.404 96.1914 3.6
      vertex 102.474 95.9871 1.54
      vertex 102.474 95.9871 3.6
    endloop
  endfacet
  facet normal -0.322069 -0.946716 0
    outer loop
      vertex 101.307 97.1538 1.54
      vertex 101.511 97.0844 3.6
      vertex 101.307 97.1538 3.6
    endloop
  endfacet
  facet normal -0.322069 -0.946716 -0
    outer loop
      vertex 101.511 97.0844 3.6
      vertex 101.307 97.1538 1.54
      vertex 101.511 97.0844 1.54
    endloop
  endfacet
  facet normal -0.0654408 -0.997856 0
    outer loop
      vertex 100.88 97.21 1.54
      vertex 101.095 97.1959 3.6
      vertex 100.88 97.21 3.6
    endloop
  endfacet
  facet normal -0.0654408 -0.997856 -0
    outer loop
      vertex 101.095 97.1959 3.6
      vertex 100.88 97.21 1.54
      vertex 101.095 97.1959 1.54
    endloop
  endfacet
  facet normal 0.659488 0.751715 -0
    outer loop
      vertex 99.8755 94.251 1.54
      vertex 99.7133 94.3933 3.6
      vertex 99.8755 94.251 3.6
    endloop
  endfacet
  facet normal 0.659488 0.751715 0
    outer loop
      vertex 99.7133 94.3933 3.6
      vertex 99.8755 94.251 1.54
      vertex 99.7133 94.3933 1.54
    endloop
  endfacet
  facet normal 0.997864 0.0653198 0
    outer loop
      vertex 99.2441 95.3446 3.6
      vertex 99.23 95.56 1.54
      vertex 99.23 95.56 3.6
    endloop
  endfacet
  facet normal 0.997864 0.0653198 0
    outer loop
      vertex 99.23 95.56 1.54
      vertex 99.2441 95.3446 3.6
      vertex 99.2441 95.3446 1.54
    endloop
  endfacet
  facet normal 0.659488 -0.751715 0
    outer loop
      vertex 99.7133 96.7267 1.54
      vertex 99.8755 96.869 3.6
      vertex 99.7133 96.7267 3.6
    endloop
  endfacet
  facet normal 0.659488 -0.751715 0
    outer loop
      vertex 99.8755 96.869 3.6
      vertex 99.7133 96.7267 1.54
      vertex 99.8755 96.869 1.54
    endloop
  endfacet
  facet normal -0.752404 -0.658702 0
    outer loop
      vertex 102.189 96.5645 1.54
      vertex 102.047 96.7267 3.6
      vertex 102.047 96.7267 1.54
    endloop
  endfacet
  facet normal -0.752404 -0.658702 0
    outer loop
      vertex 102.047 96.7267 3.6
      vertex 102.189 96.5645 1.54
      vertex 102.189 96.5645 3.6
    endloop
  endfacet
  facet normal -0.997894 0.0648585 0
    outer loop
      vertex 102.516 95.3446 1.54
      vertex 102.53 95.56 3.6
      vertex 102.53 95.56 1.54
    endloop
  endfacet
  facet normal -0.997894 0.0648585 0
    outer loop
      vertex 102.53 95.56 3.6
      vertex 102.516 95.3446 1.54
      vertex 102.516 95.3446 3.6
    endloop
  endfacet
  facet normal -0.441655 -0.897185 0
    outer loop
      vertex 101.511 97.0844 1.54
      vertex 101.705 96.9889 3.6
      vertex 101.511 97.0844 3.6
    endloop
  endfacet
  facet normal -0.441655 -0.897185 -0
    outer loop
      vertex 101.705 96.9889 3.6
      vertex 101.511 97.0844 1.54
      vertex 101.705 96.9889 1.54
    endloop
  endfacet
  facet normal -0.897741 0.440524 0
    outer loop
      vertex 102.309 94.735 1.54
      vertex 102.404 94.9286 3.6
      vertex 102.404 94.9286 1.54
    endloop
  endfacet
  facet normal -0.897741 0.440524 0
    outer loop
      vertex 102.404 94.9286 3.6
      vertex 102.309 94.735 1.54
      vertex 102.309 94.735 3.6
    endloop
  endfacet
  facet normal 0.322069 0.946716 -0
    outer loop
      vertex 100.453 93.9662 1.54
      vertex 100.249 94.0356 3.6
      vertex 100.453 93.9662 3.6
    endloop
  endfacet
  facet normal 0.322069 0.946716 0
    outer loop
      vertex 100.249 94.0356 3.6
      vertex 100.453 93.9662 1.54
      vertex 100.249 94.0356 1.54
    endloop
  endfacet
  facet normal -0.831337 -0.555769 0
    outer loop
      vertex 102.309 96.385 1.54
      vertex 102.189 96.5645 3.6
      vertex 102.189 96.5645 1.54
    endloop
  endfacet
  facet normal -0.831337 -0.555769 0
    outer loop
      vertex 102.189 96.5645 3.6
      vertex 102.309 96.385 1.54
      vertex 102.309 96.385 3.6
    endloop
  endfacet
  facet normal -0.897741 -0.440524 0
    outer loop
      vertex 102.404 96.1914 1.54
      vertex 102.309 96.385 3.6
      vertex 102.309 96.385 1.54
    endloop
  endfacet
  facet normal -0.897741 -0.440524 0
    outer loop
      vertex 102.309 96.385 3.6
      vertex 102.404 96.1914 1.54
      vertex 102.404 96.1914 3.6
    endloop
  endfacet
  facet normal 0.831551 0.555448 0
    outer loop
      vertex 99.571 94.5555 3.6
      vertex 99.4511 94.735 1.54
      vertex 99.4511 94.735 3.6
    endloop
  endfacet
  facet normal 0.831551 0.555448 0
    outer loop
      vertex 99.4511 94.735 1.54
      vertex 99.571 94.5555 3.6
      vertex 99.571 94.5555 1.54
    endloop
  endfacet
  facet normal -0.441655 0.897185 0
    outer loop
      vertex 101.705 94.1311 1.54
      vertex 101.511 94.0356 3.6
      vertex 101.705 94.1311 3.6
    endloop
  endfacet
  facet normal -0.441655 0.897185 0
    outer loop
      vertex 101.511 94.0356 3.6
      vertex 101.705 94.1311 1.54
      vertex 101.511 94.0356 1.54
    endloop
  endfacet
  facet normal 0.997864 -0.0653198 0
    outer loop
      vertex 99.23 95.56 3.6
      vertex 99.2441 95.7754 1.54
      vertex 99.2441 95.7754 3.6
    endloop
  endfacet
  facet normal 0.997864 -0.0653198 0
    outer loop
      vertex 99.2441 95.7754 1.54
      vertex 99.23 95.56 3.6
      vertex 99.23 95.56 1.54
    endloop
  endfacet
  facet normal 0.441655 -0.897185 0
    outer loop
      vertex 100.055 96.9889 1.54
      vertex 100.249 97.0844 3.6
      vertex 100.055 96.9889 3.6
    endloop
  endfacet
  facet normal 0.441655 -0.897185 0
    outer loop
      vertex 100.249 97.0844 3.6
      vertex 100.055 96.9889 1.54
      vertex 100.249 97.0844 1.54
    endloop
  endfacet
  facet normal -0.194781 -0.980847 0
    outer loop
      vertex 101.095 97.1959 1.54
      vertex 101.307 97.1538 3.6
      vertex 101.095 97.1959 3.6
    endloop
  endfacet
  facet normal -0.194781 -0.980847 -0
    outer loop
      vertex 101.307 97.1538 3.6
      vertex 101.095 97.1959 1.54
      vertex 101.307 97.1538 1.54
    endloop
  endfacet
  facet normal 0.751715 -0.659488 0
    outer loop
      vertex 99.571 96.5645 3.6
      vertex 99.7133 96.7267 1.54
      vertex 99.7133 96.7267 3.6
    endloop
  endfacet
  facet normal 0.751715 -0.659488 0
    outer loop
      vertex 99.7133 96.7267 1.54
      vertex 99.571 96.5645 3.6
      vertex 99.571 96.5645 1.54
    endloop
  endfacet
  facet normal -0.946011 0.324135 0
    outer loop
      vertex 102.404 94.9286 1.54
      vertex 102.474 95.1329 3.6
      vertex 102.474 95.1329 1.54
    endloop
  endfacet
  facet normal -0.946011 0.324135 0
    outer loop
      vertex 102.474 95.1329 3.6
      vertex 102.404 94.9286 1.54
      vertex 102.404 94.9286 3.6
    endloop
  endfacet
  facet normal 0.980794 -0.195047 0
    outer loop
      vertex 99.2441 95.7754 3.6
      vertex 99.2862 95.9871 1.54
      vertex 99.2862 95.9871 3.6
    endloop
  endfacet
  facet normal 0.980794 -0.195047 0
    outer loop
      vertex 99.2862 95.9871 1.54
      vertex 99.2441 95.7754 3.6
      vertex 99.2441 95.7754 1.54
    endloop
  endfacet
  facet normal 0.441655 0.897185 -0
    outer loop
      vertex 100.249 94.0356 1.54
      vertex 100.055 94.1311 3.6
      vertex 100.249 94.0356 3.6
    endloop
  endfacet
  facet normal 0.441655 0.897185 0
    outer loop
      vertex 100.055 94.1311 3.6
      vertex 100.249 94.0356 1.54
      vertex 100.055 94.1311 1.54
    endloop
  endfacet
  facet normal 0.555448 -0.831551 0
    outer loop
      vertex 99.8755 96.869 1.54
      vertex 100.055 96.9889 3.6
      vertex 99.8755 96.869 3.6
    endloop
  endfacet
  facet normal 0.555448 -0.831551 0
    outer loop
      vertex 100.055 96.9889 3.6
      vertex 99.8755 96.869 1.54
      vertex 100.055 96.9889 1.54
    endloop
  endfacet
  facet normal -0.657653 0.753321 0
    outer loop
      vertex 102.047 94.3933 1.54
      vertex 101.884 94.251 3.6
      vertex 102.047 94.3933 3.6
    endloop
  endfacet
  facet normal -0.657653 0.753321 0
    outer loop
      vertex 101.884 94.251 3.6
      vertex 102.047 94.3933 1.54
      vertex 101.884 94.251 1.54
    endloop
  endfacet
  facet normal 0.322069 -0.946716 0
    outer loop
      vertex 100.249 97.0844 1.54
      vertex 100.453 97.1538 3.6
      vertex 100.249 97.0844 3.6
    endloop
  endfacet
  facet normal 0.322069 -0.946716 0
    outer loop
      vertex 100.453 97.1538 3.6
      vertex 100.249 97.0844 1.54
      vertex 100.453 97.1538 1.54
    endloop
  endfacet
  facet normal -0.831337 0.555769 0
    outer loop
      vertex 102.189 94.5555 1.54
      vertex 102.309 94.735 3.6
      vertex 102.309 94.735 1.54
    endloop
  endfacet
  facet normal -0.831337 0.555769 0
    outer loop
      vertex 102.309 94.735 3.6
      vertex 102.189 94.5555 1.54
      vertex 102.189 94.5555 3.6
    endloop
  endfacet
  facet normal -0.55652 0.830834 0
    outer loop
      vertex 101.884 94.251 1.54
      vertex 101.705 94.1311 3.6
      vertex 101.884 94.251 3.6
    endloop
  endfacet
  facet normal -0.55652 0.830834 0
    outer loop
      vertex 101.705 94.1311 3.6
      vertex 101.884 94.251 1.54
      vertex 101.705 94.1311 1.54
    endloop
  endfacet
  facet normal -0.752404 0.658702 0
    outer loop
      vertex 102.047 94.3933 1.54
      vertex 102.189 94.5555 3.6
      vertex 102.189 94.5555 1.54
    endloop
  endfacet
  facet normal -0.752404 0.658702 0
    outer loop
      vertex 102.189 94.5555 3.6
      vertex 102.047 94.3933 1.54
      vertex 102.047 94.3933 3.6
    endloop
  endfacet
  facet normal -0.980882 0.194601 0
    outer loop
      vertex 102.474 95.1329 1.54
      vertex 102.516 95.3446 3.6
      vertex 102.516 95.3446 1.54
    endloop
  endfacet
  facet normal -0.980882 0.194601 0
    outer loop
      vertex 102.516 95.3446 3.6
      vertex 102.474 95.1329 1.54
      vertex 102.474 95.1329 3.6
    endloop
  endfacet
  facet normal 0.0654408 -0.997856 0
    outer loop
      vertex 100.665 97.1959 1.54
      vertex 100.88 97.21 3.6
      vertex 100.665 97.1959 3.6
    endloop
  endfacet
  facet normal 0.0654408 -0.997856 0
    outer loop
      vertex 100.88 97.21 3.6
      vertex 100.665 97.1959 1.54
      vertex 100.88 97.21 1.54
    endloop
  endfacet
  facet normal 0.896823 0.442389 0
    outer loop
      vertex 99.4511 94.735 3.6
      vertex 99.3556 94.9286 1.54
      vertex 99.3556 94.9286 3.6
    endloop
  endfacet
  facet normal 0.896823 0.442389 0
    outer loop
      vertex 99.3556 94.9286 1.54
      vertex 99.4511 94.735 3.6
      vertex 99.4511 94.735 1.54
    endloop
  endfacet
  facet normal 0.555448 0.831551 -0
    outer loop
      vertex 100.055 94.1311 1.54
      vertex 99.8755 94.251 3.6
      vertex 100.055 94.1311 3.6
    endloop
  endfacet
  facet normal 0.555448 0.831551 0
    outer loop
      vertex 99.8755 94.251 3.6
      vertex 100.055 94.1311 1.54
      vertex 99.8755 94.251 1.54
    endloop
  endfacet
  facet normal 0.896823 -0.442389 0
    outer loop
      vertex 99.3556 96.1914 3.6
      vertex 99.4511 96.385 1.54
      vertex 99.4511 96.385 3.6
    endloop
  endfacet
  facet normal 0.896823 -0.442389 0
    outer loop
      vertex 99.4511 96.385 1.54
      vertex 99.3556 96.1914 3.6
      vertex 99.3556 96.1914 1.54
    endloop
  endfacet
  facet normal -0.55652 -0.830834 0
    outer loop
      vertex 101.705 96.9889 1.54
      vertex 101.884 96.869 3.6
      vertex 101.705 96.9889 3.6
    endloop
  endfacet
  facet normal -0.55652 -0.830834 -0
    outer loop
      vertex 101.884 96.869 3.6
      vertex 101.705 96.9889 1.54
      vertex 101.884 96.869 1.54
    endloop
  endfacet
  facet normal 0.980794 0.195047 0
    outer loop
      vertex 99.2862 95.1329 3.6
      vertex 99.2441 95.3446 1.54
      vertex 99.2441 95.3446 3.6
    endloop
  endfacet
  facet normal 0.980794 0.195047 0
    outer loop
      vertex 99.2441 95.3446 1.54
      vertex 99.2862 95.1329 3.6
      vertex 99.2862 95.1329 1.54
    endloop
  endfacet
  facet normal -0.322069 0.946716 0
    outer loop
      vertex 101.511 94.0356 1.54
      vertex 101.307 93.9662 3.6
      vertex 101.511 94.0356 3.6
    endloop
  endfacet
  facet normal -0.322069 0.946716 0
    outer loop
      vertex 101.307 93.9662 3.6
      vertex 101.511 94.0356 1.54
      vertex 101.307 93.9662 1.54
    endloop
  endfacet
  facet normal -0.657653 -0.753321 0
    outer loop
      vertex 101.884 96.869 1.54
      vertex 102.047 96.7267 3.6
      vertex 101.884 96.869 3.6
    endloop
  endfacet
  facet normal -0.657653 -0.753321 -0
    outer loop
      vertex 102.047 96.7267 3.6
      vertex 101.884 96.869 1.54
      vertex 102.047 96.7267 1.54
    endloop
  endfacet
  facet normal -0.194781 0.980847 0
    outer loop
      vertex 101.307 93.9662 1.54
      vertex 101.095 93.9241 3.6
      vertex 101.307 93.9662 3.6
    endloop
  endfacet
  facet normal -0.194781 0.980847 0
    outer loop
      vertex 101.095 93.9241 3.6
      vertex 101.307 93.9662 1.54
      vertex 101.095 93.9241 1.54
    endloop
  endfacet
  facet normal 0.94686 -0.321645 0
    outer loop
      vertex 99.2862 95.9871 3.6
      vertex 99.3556 96.1914 1.54
      vertex 99.3556 96.1914 3.6
    endloop
  endfacet
  facet normal 0.94686 -0.321645 0
    outer loop
      vertex 99.3556 96.1914 1.54
      vertex 99.2862 95.9871 3.6
      vertex 99.2862 95.9871 1.54
    endloop
  endfacet
  facet normal 0.194781 -0.980847 0
    outer loop
      vertex 100.453 97.1538 1.54
      vertex 100.665 97.1959 3.6
      vertex 100.453 97.1538 3.6
    endloop
  endfacet
  facet normal 0.194781 -0.980847 0
    outer loop
      vertex 100.665 97.1959 3.6
      vertex 100.453 97.1538 1.54
      vertex 100.665 97.1959 1.54
    endloop
  endfacet
  facet normal 0.0654408 0.997856 -0
    outer loop
      vertex 100.88 93.91 1.54
      vertex 100.665 93.9241 3.6
      vertex 100.88 93.91 3.6
    endloop
  endfacet
  facet normal 0.0654408 0.997856 0
    outer loop
      vertex 100.665 93.9241 3.6
      vertex 100.88 93.91 1.54
      vertex 100.665 93.9241 1.54
    endloop
  endfacet
  facet normal 0.94686 0.321645 0
    outer loop
      vertex 99.3556 94.9286 3.6
      vertex 99.2862 95.1329 1.54
      vertex 99.2862 95.1329 3.6
    endloop
  endfacet
  facet normal 0.94686 0.321645 0
    outer loop
      vertex 99.2862 95.1329 1.54
      vertex 99.3556 94.9286 3.6
      vertex 99.3556 94.9286 1.54
    endloop
  endfacet
  facet normal 0.751715 0.659488 0
    outer loop
      vertex 99.7133 94.3933 3.6
      vertex 99.571 94.5555 1.54
      vertex 99.571 94.5555 3.6
    endloop
  endfacet
  facet normal 0.751715 0.659488 0
    outer loop
      vertex 99.571 94.5555 1.54
      vertex 99.7133 94.3933 3.6
      vertex 99.7133 94.3933 1.54
    endloop
  endfacet
  facet normal 0.194781 0.980847 -0
    outer loop
      vertex 100.665 93.9241 1.54
      vertex 100.453 93.9662 3.6
      vertex 100.665 93.9241 3.6
    endloop
  endfacet
  facet normal 0.194781 0.980847 0
    outer loop
      vertex 100.453 93.9662 3.6
      vertex 100.665 93.9241 1.54
      vertex 100.453 93.9662 1.54
    endloop
  endfacet
  facet normal 0.831551 -0.555448 0
    outer loop
      vertex 99.4511 96.385 3.6
      vertex 99.571 96.5645 1.54
      vertex 99.571 96.5645 3.6
    endloop
  endfacet
  facet normal 0.831551 -0.555448 0
    outer loop
      vertex 99.571 96.5645 1.54
      vertex 99.4511 96.385 3.6
      vertex 99.4511 96.385 1.54
    endloop
  endfacet
  facet normal -0.70636 -0.0459559 -0.70636
    outer loop
      vertex 104.043 95.975 0
      vertex 104.07 95.56 0
      vertex 102.53 95.56 1.54
    endloop
  endfacet
  facet normal -0.365746 0.609577 -0.70331
    outer loop
      vertex 101.511 94.0356 1.54
      vertex 102.102 92.6134 0
      vertex 102.101 92.6128 0
    endloop
  endfacet
  facet normal -0.312602 0.635025 -0.706416
    outer loop
      vertex 102.102 92.6134 0
      vertex 101.511 94.0356 1.54
      vertex 101.705 94.1311 1.54
    endloop
  endfacet
  facet normal -0.312602 -0.635025 -0.706416
    outer loop
      vertex 101.511 97.0844 1.54
      vertex 102.102 98.5066 0
      vertex 101.705 96.9889 1.54
    endloop
  endfacet
  facet normal -0.365746 -0.609577 -0.70331
    outer loop
      vertex 102.102 98.5066 0
      vertex 101.511 97.0844 1.54
      vertex 102.101 98.5072 0
    endloop
  endfacet
  facet normal 0.39318 -0.588622 -0.706353
    outer loop
      vertex 99.8755 96.869 1.54
      vertex 98.9392 98.0916 0
      vertex 100.055 96.9889 1.54
    endloop
  endfacet
  facet normal 0.392662 -0.588992 -0.706332
    outer loop
      vertex 98.9392 98.0916 0
      vertex 99.8755 96.869 1.54
      vertex 98.938 98.0908 0
    endloop
  endfacet
  facet normal -0.694262 -0.137865 -0.706395
    outer loop
      vertex 103.962 96.3843 0
      vertex 104.043 95.9764 0
      vertex 102.516 95.7754 1.54
    endloop
  endfacet
  facet normal 0.39318 0.588622 -0.706353
    outer loop
      vertex 98.9392 93.0284 0
      vertex 99.8755 94.251 1.54
      vertex 100.055 94.1311 1.54
    endloop
  endfacet
  facet normal 0.392662 0.588992 -0.706332
    outer loop
      vertex 99.8755 94.251 1.54
      vertex 98.9392 93.0284 0
      vertex 98.938 93.0292 0
    endloop
  endfacet
  facet normal 0.137882 -0.694322 -0.706332
    outer loop
      vertex 100.453 97.1538 1.54
      vertex 100.056 98.6416 0
      vertex 100.665 97.1959 1.54
    endloop
  endfacet
  facet normal 0.105226 -0.701505 -0.704853
    outer loop
      vertex 100.056 98.6416 0
      vertex 100.453 97.1538 1.54
      vertex 100.054 98.6413 0
    endloop
  endfacet
  facet normal -0.466441 0.532444 -0.706354
    outer loop
      vertex 103.136 93.3043 0
      vertex 102.823 93.0301 0
      vertex 102.047 94.3933 1.54
    endloop
  endfacet
  facet normal 0.634822 -0.313148 -0.706356
    outer loop
      vertex 99.3556 96.1914 1.54
      vertex 97.9334 96.782 0
      vertex 99.4511 96.385 1.54
    endloop
  endfacet
  facet normal 0.633241 -0.31662 -0.706228
    outer loop
      vertex 97.9334 96.782 0
      vertex 99.3556 96.1914 1.54
      vertex 97.9328 96.7808 0
    endloop
  endfacet
  facet normal 0.466687 -0.532214 -0.706365
    outer loop
      vertex 98.937 98.0899 0
      vertex 99.7133 96.7267 1.54
      vertex 98.6243 97.8157 0
    endloop
  endfacet
  facet normal -0.22745 0.670272 -0.706401
    outer loop
      vertex 102.101 92.6128 0
      vertex 101.707 92.4791 0
      vertex 101.511 94.0356 1.54
    endloop
  endfacet
  facet normal 0.0462956 0.706349 -0.706349
    outer loop
      vertex 100.88 93.91 1.54
      vertex 100.88 92.37 0
      vertex 100.465 92.3972 0
    endloop
  endfacet
  facet normal -0.734456 0 -0.678656
    outer loop
      vertex 103.827 94.338 0
      vertex 102.404 94.9286 1.54
      vertex 103.827 94.3392 0
    endloop
  endfacet
  facet normal -0.635281 0.311734 -0.706569
    outer loop
      vertex 102.404 94.9286 1.54
      vertex 103.827 94.338 0
      vertex 102.309 94.735 1.54
    endloop
  endfacet
  facet normal -0.70636 0.0459559 -0.70636
    outer loop
      vertex 104.07 95.56 0
      vertex 104.043 95.145 0
      vertex 102.53 95.56 1.54
    endloop
  endfacet
  facet normal 0.670294 -0.227515 -0.706359
    outer loop
      vertex 97.9328 96.7808 0
      vertex 99.3556 96.1914 1.54
      vertex 97.7991 96.3869 0
    endloop
  endfacet
  facet normal 0.532214 0.466687 -0.706365
    outer loop
      vertex 99.7133 94.3933 1.54
      vertex 98.6243 93.3043 0
      vertex 98.3501 93.617 0
    endloop
  endfacet
  facet normal -0.393038 -0.588706 -0.706361
    outer loop
      vertex 102.475 98.3226 0
      vertex 102.821 98.0916 0
      vertex 101.705 96.9889 1.54
    endloop
  endfacet
  facet normal -0.105226 0.701505 -0.704853
    outer loop
      vertex 101.704 92.4784 0
      vertex 101.307 93.9662 1.54
      vertex 101.706 92.4787 0
    endloop
  endfacet
  facet normal -0.137882 0.694322 -0.706332
    outer loop
      vertex 101.307 93.9662 1.54
      vertex 101.704 92.4784 0
      vertex 101.095 93.9241 1.54
    endloop
  endfacet
  facet normal 0.138006 0.694284 -0.706346
    outer loop
      vertex 100.665 93.9241 1.54
      vertex 100.464 92.3973 0
      vertex 100.056 92.4784 0
    endloop
  endfacet
  facet normal 0.466829 -0.532113 -0.706348
    outer loop
      vertex 98.937 98.0899 0
      vertex 99.8755 96.869 1.54
      vertex 99.7133 96.7267 1.54
    endloop
  endfacet
  facet normal 0.47375 -0.526389 -0.706028
    outer loop
      vertex 99.8755 96.869 1.54
      vertex 98.937 98.0899 0
      vertex 98.938 98.0908 0
    endloop
  endfacet
  facet normal 0.137882 0.694322 -0.706332
    outer loop
      vertex 100.056 92.4784 0
      vertex 100.453 93.9662 1.54
      vertex 100.665 93.9241 1.54
    endloop
  endfacet
  facet normal 0.105226 0.701505 -0.704853
    outer loop
      vertex 100.453 93.9662 1.54
      vertex 100.056 92.4784 0
      vertex 100.054 92.4787 0
    endloop
  endfacet
  facet normal 0.634819 -0.313155 -0.706356
    outer loop
      vertex 98.1174 97.155 0
      vertex 99.4511 96.385 1.54
      vertex 97.9334 96.782 0
    endloop
  endfacet
  facet normal -0.0462956 0.706349 -0.706349
    outer loop
      vertex 100.88 93.91 1.54
      vertex 101.295 92.3972 0
      vertex 100.88 92.37 0
    endloop
  endfacet
  facet normal -0.105226 -0.701505 -0.704853
    outer loop
      vertex 101.307 97.1538 1.54
      vertex 101.704 98.6416 0
      vertex 101.706 98.6413 0
    endloop
  endfacet
  facet normal -0.137882 -0.694322 -0.706332
    outer loop
      vertex 101.704 98.6416 0
      vertex 101.307 97.1538 1.54
      vertex 101.095 97.1959 1.54
    endloop
  endfacet
  facet normal 0.227557 0.670247 -0.70639
    outer loop
      vertex 100.249 94.0356 1.54
      vertex 100.053 92.4791 0
      vertex 99.6592 92.6128 0
    endloop
  endfacet
  facet normal -0.588399 -0.393359 -0.706438
    outer loop
      vertex 102.189 96.5645 1.54
      vertex 103.412 97.5008 0
      vertex 102.309 96.385 1.54
    endloop
  endfacet
  facet normal -0.524106 -0.47646 -0.705903
    outer loop
      vertex 103.412 97.5008 0
      vertex 102.189 96.5645 1.54
      vertex 103.411 97.5019 0
    endloop
  endfacet
  facet normal -0.0462956 -0.706349 -0.706349
    outer loop
      vertex 100.88 98.75 0
      vertex 101.295 98.7228 0
      vertex 100.88 97.21 1.54
    endloop
  endfacet
  facet normal -0.473699 0.526332 -0.706105
    outer loop
      vertex 101.884 94.251 1.54
      vertex 102.823 93.0301 0
      vertex 102.822 93.0292 0
    endloop
  endfacet
  facet normal -0.465444 0.533151 -0.706478
    outer loop
      vertex 102.823 93.0301 0
      vertex 101.884 94.251 1.54
      vertex 102.047 94.3933 1.54
    endloop
  endfacet
  facet normal 0.670256 -0.227684 -0.706341
    outer loop
      vertex 99.2862 95.9871 1.54
      vertex 97.7991 96.3869 0
      vertex 99.3556 96.1914 1.54
    endloop
  endfacet
  facet normal 0.676076 -0.208023 -0.706857
    outer loop
      vertex 97.7991 96.3869 0
      vertex 99.2862 95.9871 1.54
      vertex 97.7987 96.3856 0
    endloop
  endfacet
  facet normal 0.69427 -0.138067 -0.706347
    outer loop
      vertex 97.7984 96.3843 0
      vertex 99.2862 95.9871 1.54
      vertex 99.2441 95.7754 1.54
    endloop
  endfacet
  facet normal 0.689219 -0.159051 -0.70688
    outer loop
      vertex 99.2862 95.9871 1.54
      vertex 97.7984 96.3843 0
      vertex 97.7987 96.3856 0
    endloop
  endfacet
  facet normal -0.588559 0.393167 -0.706413
    outer loop
      vertex 103.643 93.965 0
      vertex 103.412 93.6192 0
      vertex 102.309 94.735 1.54
    endloop
  endfacet
  facet normal 0.532214 -0.466687 -0.706365
    outer loop
      vertex 98.6243 97.8157 0
      vertex 99.7133 96.7267 1.54
      vertex 98.3501 97.503 0
    endloop
  endfacet
  facet normal 0.532113 -0.466829 -0.706348
    outer loop
      vertex 99.571 96.5645 1.54
      vertex 98.3501 97.503 0
      vertex 99.7133 96.7267 1.54
    endloop
  endfacet
  facet normal 0.547409 -0.44788 -0.706927
    outer loop
      vertex 98.3501 97.503 0
      vertex 99.571 96.5645 1.54
      vertex 98.3492 97.5019 0
    endloop
  endfacet
  facet normal -0.634764 0.313128 -0.706418
    outer loop
      vertex 103.827 94.338 0
      vertex 103.643 93.965 0
      vertex 102.309 94.735 1.54
    endloop
  endfacet
  facet normal -0.313155 -0.634819 -0.706356
    outer loop
      vertex 102.102 98.5066 0
      vertex 102.475 98.3226 0
      vertex 101.705 96.9889 1.54
    endloop
  endfacet
  facet normal 0.313155 0.634819 -0.706356
    outer loop
      vertex 100.055 94.1311 1.54
      vertex 99.658 92.6134 0
      vertex 99.285 92.7974 0
    endloop
  endfacet
  facet normal 0.466687 0.532214 -0.706365
    outer loop
      vertex 99.7133 94.3933 1.54
      vertex 98.937 93.0301 0
      vertex 98.6243 93.3043 0
    endloop
  endfacet
  facet normal 0.393198 -0.588606 -0.706355
    outer loop
      vertex 99.285 98.3226 0
      vertex 100.055 96.9889 1.54
      vertex 98.9392 98.0916 0
    endloop
  endfacet
  facet normal -0.634764 -0.313128 -0.706418
    outer loop
      vertex 103.643 97.155 0
      vertex 103.827 96.782 0
      vertex 102.309 96.385 1.54
    endloop
  endfacet
  facet normal 0.706358 0.0462379 -0.706343
    outer loop
      vertex 99.2441 95.3446 1.54
      vertex 97.7172 95.145 0
      vertex 99.23 95.56 1.54
    endloop
  endfacet
  facet normal 0.705942 0.0504244 -0.706472
    outer loop
      vertex 97.7172 95.145 0
      vertex 99.2441 95.3446 1.54
      vertex 97.7173 95.1436 0
    endloop
  endfacet
  facet normal 0.138006 -0.694284 -0.706346
    outer loop
      vertex 100.464 98.7227 0
      vertex 100.665 97.1959 1.54
      vertex 100.056 98.6416 0
    endloop
  endfacet
  facet normal 0.588622 -0.39318 -0.706353
    outer loop
      vertex 98.3484 97.5008 0
      vertex 99.571 96.5645 1.54
      vertex 99.4511 96.385 1.54
    endloop
  endfacet
  facet normal 0.571962 -0.415972 -0.706984
    outer loop
      vertex 99.571 96.5645 1.54
      vertex 98.3484 97.5008 0
      vertex 98.3492 97.5019 0
    endloop
  endfacet
  facet normal -0.046323 -0.706344 -0.706351
    outer loop
      vertex 101.295 98.7228 0
      vertex 101.095 97.1959 1.54
      vertex 100.88 97.21 1.54
    endloop
  endfacet
  facet normal -0.0703775 -0.703775 -0.706928
    outer loop
      vertex 101.095 97.1959 1.54
      vertex 101.295 98.7228 0
      vertex 101.296 98.7227 0
    endloop
  endfacet
  facet normal -0.138006 -0.694284 -0.706346
    outer loop
      vertex 101.296 98.7227 0
      vertex 101.704 98.6416 0
      vertex 101.095 97.1959 1.54
    endloop
  endfacet
  facet normal 0.316602 0.633204 -0.706269
    outer loop
      vertex 99.658 92.6134 0
      vertex 100.249 94.0356 1.54
      vertex 99.6592 92.6128 0
    endloop
  endfacet
  facet normal 0.312602 0.635025 -0.706416
    outer loop
      vertex 100.249 94.0356 1.54
      vertex 99.658 92.6134 0
      vertex 100.055 94.1311 1.54
    endloop
  endfacet
  facet normal -0.532389 0.4665 -0.706357
    outer loop
      vertex 103.41 93.617 0
      vertex 103.136 93.3043 0
      vertex 102.047 94.3933 1.54
    endloop
  endfacet
  facet normal 0.0462956 -0.706349 -0.706349
    outer loop
      vertex 100.88 98.75 0
      vertex 100.88 97.21 1.54
      vertex 100.465 98.7228 0
    endloop
  endfacet
  facet normal 0.313155 -0.634819 -0.706356
    outer loop
      vertex 99.658 98.5066 0
      vertex 100.055 96.9889 1.54
      vertex 99.285 98.3226 0
    endloop
  endfacet
  facet normal -0.138006 0.694284 -0.706346
    outer loop
      vertex 101.704 92.4784 0
      vertex 101.296 92.3973 0
      vertex 101.095 93.9241 1.54
    endloop
  endfacet
  facet normal 0.706349 -0.0462956 -0.706349
    outer loop
      vertex 97.7172 95.975 0
      vertex 99.23 95.56 1.54
      vertex 97.69 95.56 0
    endloop
  endfacet
  facet normal -0.670063 0.228005 -0.70642
    outer loop
      vertex 103.961 94.733 0
      vertex 103.827 94.3392 0
      vertex 102.404 94.9286 1.54
    endloop
  endfacet
  facet normal -0.543402 0.452835 -0.706863
    outer loop
      vertex 102.189 94.5555 1.54
      vertex 103.412 93.6192 0
      vertex 103.411 93.618 0
    endloop
  endfacet
  facet normal -0.588399 0.393359 -0.706438
    outer loop
      vertex 103.412 93.6192 0
      vertex 102.189 94.5555 1.54
      vertex 102.309 94.735 1.54
    endloop
  endfacet
  facet normal 0.0703775 -0.703775 -0.706928
    outer loop
      vertex 100.465 98.7228 0
      vertex 100.665 97.1959 1.54
      vertex 100.464 98.7227 0
    endloop
  endfacet
  facet normal 0.046323 -0.706344 -0.706351
    outer loop
      vertex 100.665 97.1959 1.54
      vertex 100.465 98.7228 0
      vertex 100.88 97.21 1.54
    endloop
  endfacet
  facet normal -0.588559 -0.393167 -0.706413
    outer loop
      vertex 103.412 97.5008 0
      vertex 103.643 97.155 0
      vertex 102.309 96.385 1.54
    endloop
  endfacet
  facet normal 0.227557 -0.670247 -0.70639
    outer loop
      vertex 100.053 98.6409 0
      vertex 100.249 97.0844 1.54
      vertex 99.6592 98.5072 0
    endloop
  endfacet
  facet normal -0.227982 -0.670149 -0.706345
    outer loop
      vertex 101.307 97.1538 1.54
      vertex 101.707 98.6409 0
      vertex 101.511 97.0844 1.54
    endloop
  endfacet
  facet normal -0.263527 -0.658818 -0.704636
    outer loop
      vertex 101.707 98.6409 0
      vertex 101.307 97.1538 1.54
      vertex 101.706 98.6413 0
    endloop
  endfacet
  facet normal -0.441722 -0.552152 -0.707114
    outer loop
      vertex 101.884 96.869 1.54
      vertex 102.821 98.0916 0
      vertex 102.822 98.0908 0
    endloop
  endfacet
  facet normal -0.393872 -0.588016 -0.706472
    outer loop
      vertex 102.821 98.0916 0
      vertex 101.884 96.869 1.54
      vertex 101.705 96.9889 1.54
    endloop
  endfacet
  facet normal -0.734456 0 -0.678656
    outer loop
      vertex 102.404 96.1914 1.54
      vertex 103.827 96.782 0
      vertex 103.827 96.7808 0
    endloop
  endfacet
  facet normal -0.635281 -0.311734 -0.706569
    outer loop
      vertex 103.827 96.782 0
      vertex 102.404 96.1914 1.54
      vertex 102.309 96.385 1.54
    endloop
  endfacet
  facet normal -0.22745 -0.670272 -0.706401
    outer loop
      vertex 101.707 98.6409 0
      vertex 102.101 98.5072 0
      vertex 101.511 97.0844 1.54
    endloop
  endfacet
  facet normal 0.47375 0.526389 -0.706028
    outer loop
      vertex 98.937 93.0301 0
      vertex 99.8755 94.251 1.54
      vertex 98.938 93.0292 0
    endloop
  endfacet
  facet normal 0.466829 0.532113 -0.706348
    outer loop
      vertex 99.8755 94.251 1.54
      vertex 98.937 93.0301 0
      vertex 99.7133 94.3933 1.54
    endloop
  endfacet
  facet normal 0.312602 -0.635025 -0.706416
    outer loop
      vertex 99.658 98.5066 0
      vertex 100.249 97.0844 1.54
      vertex 100.055 96.9889 1.54
    endloop
  endfacet
  facet normal 0.316602 -0.633204 -0.706269
    outer loop
      vertex 100.249 97.0844 1.54
      vertex 99.658 98.5066 0
      vertex 99.6592 98.5072 0
    endloop
  endfacet
  facet normal 0.046323 0.706344 -0.706351
    outer loop
      vertex 100.465 92.3972 0
      vertex 100.665 93.9241 1.54
      vertex 100.88 93.91 1.54
    endloop
  endfacet
  facet normal 0.0703775 0.703775 -0.706928
    outer loop
      vertex 100.665 93.9241 1.54
      vertex 100.465 92.3972 0
      vertex 100.464 92.3973 0
    endloop
  endfacet
  facet normal 0.706349 0.0462956 -0.706349
    outer loop
      vertex 99.23 95.56 1.54
      vertex 97.7172 95.145 0
      vertex 97.69 95.56 0
    endloop
  endfacet
  facet normal 0.393198 0.588606 -0.706355
    outer loop
      vertex 100.055 94.1311 1.54
      vertex 99.285 92.7974 0
      vertex 98.9392 93.0284 0
    endloop
  endfacet
  facet normal 0.588606 0.393198 -0.706355
    outer loop
      vertex 99.4511 94.735 1.54
      vertex 98.3484 93.6192 0
      vertex 98.1174 93.965 0
    endloop
  endfacet
  facet normal -0.694299 -0.137745 -0.706382
    outer loop
      vertex 102.474 95.9871 1.54
      vertex 103.962 96.3843 0
      vertex 102.516 95.7754 1.54
    endloop
  endfacet
  facet normal -0.582411 -0.448008 -0.678296
    outer loop
      vertex 103.962 96.3843 0
      vertex 102.474 95.9871 1.54
      vertex 103.961 96.3856 0
    endloop
  endfacet
  facet normal 0.670275 0.227567 -0.70636
    outer loop
      vertex 99.3556 94.9286 1.54
      vertex 97.9328 94.3392 0
      vertex 97.7991 94.733 0
    endloop
  endfacet
  facet normal -0.532389 -0.4665 -0.706357
    outer loop
      vertex 103.136 97.8157 0
      vertex 103.41 97.503 0
      vertex 102.047 96.7267 1.54
    endloop
  endfacet
  facet normal -0.466441 -0.532444 -0.706354
    outer loop
      vertex 102.823 98.0899 0
      vertex 103.136 97.8157 0
      vertex 102.047 96.7267 1.54
    endloop
  endfacet
  facet normal -0.393038 0.588706 -0.706361
    outer loop
      vertex 102.821 93.0284 0
      vertex 102.475 92.7974 0
      vertex 101.705 94.1311 1.54
    endloop
  endfacet
  facet normal -0.710098 0 -0.704103
    outer loop
      vertex 104.043 95.975 0
      vertex 102.516 95.7754 1.54
      vertex 104.043 95.9764 0
    endloop
  endfacet
  facet normal -0.706367 -0.0459106 -0.706355
    outer loop
      vertex 102.516 95.7754 1.54
      vertex 104.043 95.975 0
      vertex 102.53 95.56 1.54
    endloop
  endfacet
  facet normal -0.670083 -0.227954 -0.706418
    outer loop
      vertex 103.827 96.7808 0
      vertex 103.961 96.3869 0
      vertex 102.404 96.1914 1.54
    endloop
  endfacet
  facet normal 0.588606 -0.393198 -0.706355
    outer loop
      vertex 98.3484 97.5008 0
      vertex 99.4511 96.385 1.54
      vertex 98.1174 97.155 0
    endloop
  endfacet
  facet normal -0.502115 0.502115 -0.704103
    outer loop
      vertex 103.41 93.617 0
      vertex 102.189 94.5555 1.54
      vertex 103.411 93.618 0
    endloop
  endfacet
  facet normal -0.53257 0.466245 -0.706389
    outer loop
      vertex 102.189 94.5555 1.54
      vertex 103.41 93.617 0
      vertex 102.047 94.3933 1.54
    endloop
  endfacet
  facet normal -0.694262 0.137865 -0.706395
    outer loop
      vertex 104.043 95.1436 0
      vertex 103.962 94.7357 0
      vertex 102.516 95.3446 1.54
    endloop
  endfacet
  facet normal -0.706367 0.0459106 -0.706355
    outer loop
      vertex 104.043 95.145 0
      vertex 102.516 95.3446 1.54
      vertex 102.53 95.56 1.54
    endloop
  endfacet
  facet normal -0.710098 0 -0.704103
    outer loop
      vertex 102.516 95.3446 1.54
      vertex 104.043 95.145 0
      vertex 104.043 95.1436 0
    endloop
  endfacet
  facet normal 0.634822 0.313148 -0.706356
    outer loop
      vertex 97.9334 94.338 0
      vertex 99.3556 94.9286 1.54
      vertex 99.4511 94.735 1.54
    endloop
  endfacet
  facet normal 0.633241 0.31662 -0.706228
    outer loop
      vertex 99.3556 94.9286 1.54
      vertex 97.9334 94.338 0
      vertex 97.9328 94.3392 0
    endloop
  endfacet
  facet normal 0.532113 0.466829 -0.706348
    outer loop
      vertex 98.3501 93.617 0
      vertex 99.571 94.5555 1.54
      vertex 99.7133 94.3933 1.54
    endloop
  endfacet
  facet normal 0.526389 0.47375 -0.706028
    outer loop
      vertex 99.571 94.5555 1.54
      vertex 98.3501 93.617 0
      vertex 98.3492 93.618 0
    endloop
  endfacet
  facet normal -0.719377 0 -0.69462
    outer loop
      vertex 102.474 95.9871 1.54
      vertex 103.961 96.3869 0
      vertex 103.961 96.3856 0
    endloop
  endfacet
  facet normal -0.669733 -0.229473 -0.706257
    outer loop
      vertex 103.961 96.3869 0
      vertex 102.474 95.9871 1.54
      vertex 102.404 96.1914 1.54
    endloop
  endfacet
  facet normal -0.465444 -0.533151 -0.706478
    outer loop
      vertex 101.884 96.869 1.54
      vertex 102.823 98.0899 0
      vertex 102.047 96.7267 1.54
    endloop
  endfacet
  facet normal -0.473699 -0.526332 -0.706105
    outer loop
      vertex 102.823 98.0899 0
      vertex 101.884 96.869 1.54
      vertex 102.822 98.0908 0
    endloop
  endfacet
  facet normal -0.0703775 0.703775 -0.706928
    outer loop
      vertex 101.295 92.3972 0
      vertex 101.095 93.9241 1.54
      vertex 101.296 92.3973 0
    endloop
  endfacet
  facet normal -0.046323 0.706344 -0.706351
    outer loop
      vertex 101.095 93.9241 1.54
      vertex 101.295 92.3972 0
      vertex 100.88 93.91 1.54
    endloop
  endfacet
  facet normal 0.694279 -0.138039 -0.706344
    outer loop
      vertex 97.7984 96.3843 0
      vertex 99.2441 95.7754 1.54
      vertex 97.7173 95.9764 0
    endloop
  endfacet
  facet normal 0.705942 -0.0504244 -0.706472
    outer loop
      vertex 99.2441 95.7754 1.54
      vertex 97.7172 95.975 0
      vertex 97.7173 95.9764 0
    endloop
  endfacet
  facet normal 0.706358 -0.0462379 -0.706343
    outer loop
      vertex 97.7172 95.975 0
      vertex 99.2441 95.7754 1.54
      vertex 99.23 95.56 1.54
    endloop
  endfacet
  facet normal 0.634819 0.313155 -0.706356
    outer loop
      vertex 99.4511 94.735 1.54
      vertex 98.1174 93.965 0
      vertex 97.9334 94.338 0
    endloop
  endfacet
  facet normal 0.227982 -0.670149 -0.706345
    outer loop
      vertex 100.053 98.6409 0
      vertex 100.453 97.1538 1.54
      vertex 100.249 97.0844 1.54
    endloop
  endfacet
  facet normal 0.263527 -0.658818 -0.704636
    outer loop
      vertex 100.453 97.1538 1.54
      vertex 100.053 98.6409 0
      vertex 100.054 98.6413 0
    endloop
  endfacet
  facet normal -0.441722 0.552152 -0.707114
    outer loop
      vertex 102.821 93.0284 0
      vertex 101.884 94.251 1.54
      vertex 102.822 93.0292 0
    endloop
  endfacet
  facet normal -0.393872 0.588016 -0.706472
    outer loop
      vertex 101.884 94.251 1.54
      vertex 102.821 93.0284 0
      vertex 101.705 94.1311 1.54
    endloop
  endfacet
  facet normal 0.588992 0.392662 -0.706332
    outer loop
      vertex 98.3484 93.6192 0
      vertex 99.571 94.5555 1.54
      vertex 98.3492 93.618 0
    endloop
  endfacet
  facet normal 0.588622 0.39318 -0.706353
    outer loop
      vertex 99.571 94.5555 1.54
      vertex 98.3484 93.6192 0
      vertex 99.4511 94.735 1.54
    endloop
  endfacet
  facet normal -0.719377 0 -0.69462
    outer loop
      vertex 103.961 94.733 0
      vertex 102.474 95.1329 1.54
      vertex 103.961 94.7344 0
    endloop
  endfacet
  facet normal -0.669726 0.229471 -0.706265
    outer loop
      vertex 102.474 95.1329 1.54
      vertex 103.961 94.733 0
      vertex 102.404 94.9286 1.54
    endloop
  endfacet
  facet normal -0.263527 0.658818 -0.704636
    outer loop
      vertex 101.307 93.9662 1.54
      vertex 101.707 92.4791 0
      vertex 101.706 92.4787 0
    endloop
  endfacet
  facet normal -0.227982 0.670149 -0.706345
    outer loop
      vertex 101.707 92.4791 0
      vertex 101.307 93.9662 1.54
      vertex 101.511 94.0356 1.54
    endloop
  endfacet
  facet normal -0.524106 -0.47646 -0.705903
    outer loop
      vertex 102.189 96.5645 1.54
      vertex 103.41 97.503 0
      vertex 103.411 97.5019 0
    endloop
  endfacet
  facet normal -0.53257 -0.466245 -0.706389
    outer loop
      vertex 103.41 97.503 0
      vertex 102.189 96.5645 1.54
      vertex 102.047 96.7267 1.54
    endloop
  endfacet
  facet normal -0.313155 0.634819 -0.706356
    outer loop
      vertex 102.475 92.7974 0
      vertex 102.102 92.6134 0
      vertex 101.705 94.1311 1.54
    endloop
  endfacet
  facet normal 0.670249 0.227681 -0.706348
    outer loop
      vertex 97.7991 94.733 0
      vertex 99.2862 95.1329 1.54
      vertex 99.3556 94.9286 1.54
    endloop
  endfacet
  facet normal 0.679957 0.194273 -0.707048
    outer loop
      vertex 99.2862 95.1329 1.54
      vertex 97.7991 94.733 0
      vertex 97.7987 94.7344 0
    endloop
  endfacet
  facet normal 0.689219 0.159051 -0.70688
    outer loop
      vertex 97.7984 94.7357 0
      vertex 99.2862 95.1329 1.54
      vertex 97.7987 94.7344 0
    endloop
  endfacet
  facet normal 0.69427 0.138067 -0.706347
    outer loop
      vertex 99.2862 95.1329 1.54
      vertex 97.7984 94.7357 0
      vertex 99.2441 95.3446 1.54
    endloop
  endfacet
  facet normal -0.582411 0.448008 -0.678296
    outer loop
      vertex 102.474 95.1329 1.54
      vertex 103.962 94.7357 0
      vertex 103.961 94.7344 0
    endloop
  endfacet
  facet normal -0.694299 0.137745 -0.706382
    outer loop
      vertex 103.962 94.7357 0
      vertex 102.474 95.1329 1.54
      vertex 102.516 95.3446 1.54
    endloop
  endfacet
  facet normal 0.694279 0.138039 -0.706344
    outer loop
      vertex 99.2441 95.3446 1.54
      vertex 97.7984 94.7357 0
      vertex 97.7173 95.1436 0
    endloop
  endfacet
  facet normal 0.263527 0.658818 -0.704636
    outer loop
      vertex 100.053 92.4791 0
      vertex 100.453 93.9662 1.54
      vertex 100.054 92.4787 0
    endloop
  endfacet
  facet normal 0.227982 0.670149 -0.706345
    outer loop
      vertex 100.453 93.9662 1.54
      vertex 100.053 92.4791 0
      vertex 100.249 94.0356 1.54
    endloop
  endfacet
  facet normal -0.588599 -0.393018 -0.706461
    outer loop
      vertex -103.212 2.44321 0
      vertex -103.847 1.95619 0.799999
      vertex -103.517 2.89999 0
    endloop
  endfacet
  facet normal 0.532268 -0.466473 -0.706466
    outer loop
      vertex 103.847 1.95619 0.799999
      vertex 102.85 2.03015 0
      vertex 103.212 2.44321 0
    endloop
  endfacet
  facet normal 0.393166 -0.588633 -0.706351
    outer loop
      vertex 102.38 0.669876 0.799999
      vertex 101.98 1.36269 0
      vertex 102.924 1.03323 0.799999
    endloop
  endfacet
  facet normal 0.22765 -0.670274 -0.706335
    outer loop
      vertex 101.793 0.3806 0.799999
      vertex 101.174 0.170364 0.799999
      vertex 101.487 1.11971 0
    endloop
  endfacet
  facet normal 0.67005 -0.227974 -0.706442
    outer loop
      vertex 104.71 3.7059 0.799999
      vertex 103.76 3.39273 0
      vertex 103.937 3.91296 0
    endloop
  endfacet
  facet normal 0.532252 -0.466517 -0.706449
    outer loop
      vertex 103.416 1.46446 0.799999
      vertex 102.85 2.03015 0
      vertex 103.847 1.95619 0.799999
    endloop
  endfacet
  facet normal -0.634925 -0.312819 -0.70641
    outer loop
      vertex -104.21 2.5 0.799999
      vertex -104.499 3.08658 0.799999
      vertex -103.517 2.89999 0
    endloop
  endfacet
  facet normal 0.752198 0.658937 0
    outer loop
      vertex 103.847 115.604 3.6
      vertex 103.416 116.096 0.799999
      vertex 103.416 116.096 3.6
    endloop
  endfacet
  facet normal 0.752198 0.658937 0
    outer loop
      vertex 103.416 116.096 0.799999
      vertex 103.847 115.604 3.6
      vertex 103.847 115.604 0.799999
    endloop
  endfacet
  facet normal 0.442042 -0.896994 0
    outer loop
      vertex 101.793 0.3806 0.799999
      vertex 102.38 0.669876 3.6
      vertex 101.793 0.3806 3.6
    endloop
  endfacet
  facet normal 0.442042 -0.896994 0
    outer loop
      vertex 102.38 0.669876 3.6
      vertex 101.793 0.3806 0.799999
      vertex 102.38 0.669876 0.799999
    endloop
  endfacet
  facet normal -0.228068 0.670031 -0.70643
    outer loop
      vertex -100.967 116.617 0
      vertex -101.487 116.44 0
      vertex -101.174 117.39 0.799999
    endloop
  endfacet
  facet normal -0.466317 0.532315 -0.706533
    outer loop
      vertex -102.85 115.53 0
      vertex -103.416 116.096 0.799999
      vertex -102.924 116.527 0.799999
    endloop
  endfacet
  facet normal -0.946521 0.322643 0
    outer loop
      vertex -104.71 113.854 0.799999
      vertex -104.499 114.473 3.6
      vertex -104.499 114.473 0.799999
    endloop
  endfacet
  facet normal -0.946521 0.322643 0
    outer loop
      vertex -104.499 114.473 3.6
      vertex -104.71 113.854 0.799999
      vertex -104.71 113.854 3.6
    endloop
  endfacet
  facet normal 0.706408 -0.0463894 -0.706283
    outer loop
      vertex 104.837 4.34737 0.799999
      vertex 104.044 4.4518 0
      vertex 104.08 5 0
    endloop
  endfacet
  facet normal -0.0462646 -0.706348 -0.706351
    outer loop
      vertex -99.88 0 0.799999
      vertex -100.533 0.0427704 0.799999
      vertex -99.88 0.800003 0
    endloop
  endfacet
  facet normal -0.312944 -0.634954 -0.706328
    outer loop
      vertex -101.793 0.3806 0.799999
      vertex -101.98 1.36269 0
      vertex -101.487 1.11971 0
    endloop
  endfacet
  facet normal 0.312984 0.634984 -0.706284
    outer loop
      vertex 101.98 116.197 0
      vertex 101.487 116.44 0
      vertex 101.793 117.179 0.799999
    endloop
  endfacet
  facet normal 0 -0.707105 -0.707109
    outer loop
      vertex -99.88 0 0.799999
      vertex 99.88 0.800003 0
      vertex 99.88 0 0.799999
    endloop
  endfacet
  facet normal -0 -0.707105 -0.707109
    outer loop
      vertex 99.88 0.800003 0
      vertex -99.88 0 0.799999
      vertex -99.88 0.800003 0
    endloop
  endfacet
  facet normal 0.707106 0 -0.707107
    outer loop
      vertex 104.08 5 0
      vertex 104.88 112.56 0.799999
      vertex 104.88 5 0.799999
    endloop
  endfacet
  facet normal 0.707106 0 -0.707107
    outer loop
      vertex 104.88 112.56 0.799999
      vertex 104.08 5 0
      vertex 104.08 112.56 0
    endloop
  endfacet
  facet normal 0.19435 0.980932 -0
    outer loop
      vertex 101.174 117.39 0.799999
      vertex 100.533 117.517 3.6
      vertex 101.174 117.39 3.6
    endloop
  endfacet
  facet normal 0.19435 0.980932 0
    outer loop
      vertex 100.533 117.517 3.6
      vertex 101.174 117.39 0.799999
      vertex 100.533 117.517 0.799999
    endloop
  endfacet
  facet normal 0.694365 -0.137883 -0.70629
    outer loop
      vertex 104.837 4.34737 0.799999
      vertex 103.937 3.91296 0
      vertex 104.044 4.4518 0
    endloop
  endfacet
  facet normal 0.635018 0.312641 -0.706405
    outer loop
      vertex 104.499 114.473 0.799999
      vertex 103.517 114.66 0
      vertex 104.21 115.06 0.799999
    endloop
  endfacet
  facet normal 0.31291 -0.634958 -0.70634
    outer loop
      vertex 102.38 0.669876 0.799999
      vertex 101.793 0.3806 0.799999
      vertex 101.98 1.36269 0
    endloop
  endfacet
  facet normal 0 1 -0
    outer loop
      vertex 99.88 117.56 0.799999
      vertex -99.88 117.56 3.6
      vertex 99.88 117.56 3.6
    endloop
  endfacet
  facet normal 0 1 0
    outer loop
      vertex -99.88 117.56 3.6
      vertex 99.88 117.56 0.799999
      vertex -99.88 117.56 0.799999
    endloop
  endfacet
  facet normal -0.946572 -0.322493 0
    outer loop
      vertex -104.499 3.08658 0.799999
      vertex -104.71 3.7059 3.6
      vertex -104.71 3.7059 0.799999
    endloop
  endfacet
  facet normal -0.946572 -0.322493 0
    outer loop
      vertex -104.71 3.7059 3.6
      vertex -104.499 3.08658 0.799999
      vertex -104.499 3.08658 3.6
    endloop
  endfacet
  facet normal -0.0653583 -0.997862 0
    outer loop
      vertex -100.533 0.0427704 0.799999
      vertex -99.88 0 3.6
      vertex -100.533 0.0427704 3.6
    endloop
  endfacet
  facet normal -0.0653583 -0.997862 -0
    outer loop
      vertex -99.88 0 3.6
      vertex -100.533 0.0427704 0.799999
      vertex -99.88 0 0.799999
    endloop
  endfacet
  facet normal -0.670041 0.228398 -0.706314
    outer loop
      vertex -103.76 114.167 0
      vertex -104.71 113.854 0.799999
      vertex -104.499 114.473 0.799999
    endloop
  endfacet
  facet normal -0.195224 -0.980759 0
    outer loop
      vertex -101.174 0.170364 0.799999
      vertex -100.533 0.0427704 3.6
      vertex -101.174 0.170364 3.6
    endloop
  endfacet
  facet normal -0.195224 -0.980759 -0
    outer loop
      vertex -100.533 0.0427704 3.6
      vertex -101.174 0.170364 0.799999
      vertex -100.533 0.0427704 0.799999
    endloop
  endfacet
  facet normal 0.321596 -0.946877 0
    outer loop
      vertex 101.174 0.170364 0.799999
      vertex 101.793 0.3806 3.6
      vertex 101.174 0.170364 3.6
    endloop
  endfacet
  facet normal 0.321596 -0.946877 0
    outer loop
      vertex 101.793 0.3806 3.6
      vertex 101.174 0.170364 0.799999
      vertex 101.793 0.3806 0.799999
    endloop
  endfacet
  facet normal 0.0653583 -0.997862 0
    outer loop
      vertex 99.88 0 0.799999
      vertex 100.533 0.0427704 3.6
      vertex 99.88 0 3.6
    endloop
  endfacet
  facet normal 0.0653583 -0.997862 0
    outer loop
      vertex 100.533 0.0427704 3.6
      vertex 99.88 0 0.799999
      vertex 100.533 0.0427704 0.799999
    endloop
  endfacet
  facet normal 0.466756 -0.532176 -0.706348
    outer loop
      vertex 102.924 1.03323 0.799999
      vertex 102.437 1.66792 0
      vertex 102.85 2.03015 0
    endloop
  endfacet
  facet normal 0 0.707106 -0.707107
    outer loop
      vertex -99.88 116.76 0
      vertex 99.88 117.56 0.799999
      vertex 99.88 116.76 0
    endloop
  endfacet
  facet normal 0 0.707106 -0.707107
    outer loop
      vertex 99.88 117.56 0.799999
      vertex -99.88 116.76 0
      vertex -99.88 117.56 0.799999
    endloop
  endfacet
  facet normal 0.70634 -0.0465388 -0.706341
    outer loop
      vertex 104.837 4.34737 0.799999
      vertex 104.08 5 0
      vertex 104.88 5 0.799999
    endloop
  endfacet
  facet normal -0.659136 -0.752023 0
    outer loop
      vertex -103.416 1.46446 0.799999
      vertex -102.924 1.03323 3.6
      vertex -103.416 1.46446 3.6
    endloop
  endfacet
  facet normal -0.659136 -0.752023 -0
    outer loop
      vertex -102.924 1.03323 3.6
      vertex -103.416 1.46446 0.799999
      vertex -102.924 1.03323 0.799999
    endloop
  endfacet
  facet normal 0 -1 0
    outer loop
      vertex -99.88 0 0.799999
      vertex 99.88 0 3.6
      vertex -99.88 0 3.6
    endloop
  endfacet
  facet normal 0 -1 -0
    outer loop
      vertex 99.88 0 3.6
      vertex -99.88 0 0.799999
      vertex 99.88 0 0.799999
    endloop
  endfacet
  facet normal 0.634896 -0.313106 -0.706308
    outer loop
      vertex 104.499 3.08658 0.799999
      vertex 103.517 2.89999 0
      vertex 103.76 3.39273 0
    endloop
  endfacet
  facet normal 0.67006 -0.228287 -0.706332
    outer loop
      vertex 104.499 3.08658 0.799999
      vertex 103.76 3.39273 0
      vertex 104.71 3.7059 0.799999
    endloop
  endfacet
  facet normal -0.694278 0.137556 -0.706439
    outer loop
      vertex -103.937 113.647 0
      vertex -104.837 113.213 0.799999
      vertex -104.71 113.854 0.799999
    endloop
  endfacet
  facet normal -0.0463171 -0.706324 -0.706372
    outer loop
      vertex -99.88 0.800003 0
      vertex -100.533 0.0427704 0.799999
      vertex -100.428 0.835938 0
    endloop
  endfacet
  facet normal 0.441703 0.897161 -0
    outer loop
      vertex 102.38 116.89 0.799999
      vertex 101.793 117.179 3.6
      vertex 102.38 116.89 3.6
    endloop
  endfacet
  facet normal 0.441703 0.897161 0
    outer loop
      vertex 101.793 117.179 3.6
      vertex 102.38 116.89 0.799999
      vertex 101.793 117.179 0.799999
    endloop
  endfacet
  facet normal -0.707106 0 -0.707107
    outer loop
      vertex -104.88 5 0.799999
      vertex -104.08 112.56 0
      vertex -104.08 5 0
    endloop
  endfacet
  facet normal -0.707106 0 -0.707107
    outer loop
      vertex -104.08 112.56 0
      vertex -104.88 5 0.799999
      vertex -104.88 112.56 0.799999
    endloop
  endfacet
  facet normal -0.137556 0.694278 -0.706439
    outer loop
      vertex -100.967 116.617 0
      vertex -101.174 117.39 0.799999
      vertex -100.533 117.517 0.799999
    endloop
  endfacet
  facet normal -0.312984 0.634984 -0.706284
    outer loop
      vertex -101.487 116.44 0
      vertex -101.98 116.197 0
      vertex -101.793 117.179 0.799999
    endloop
  endfacet
  facet normal -0.532315 0.466317 -0.706533
    outer loop
      vertex -102.85 115.53 0
      vertex -103.847 115.604 0.799999
      vertex -103.416 116.096 0.799999
    endloop
  endfacet
  facet normal 0.137556 0.694278 -0.706439
    outer loop
      vertex 100.967 116.617 0
      vertex 100.533 117.517 0.799999
      vertex 101.174 117.39 0.799999
    endloop
  endfacet
  facet normal 0.0464052 0.70639 -0.7063
    outer loop
      vertex 100.428 116.724 0
      vertex 99.88 116.76 0
      vertex 100.533 117.517 0.799999
    endloop
  endfacet
  facet normal 0.138041 -0.694216 -0.706406
    outer loop
      vertex 100.533 0.0427704 0.799999
      vertex 100.428 0.835938 0
      vertex 100.967 0.943115 0
    endloop
  endfacet
  facet normal -0.831725 -0.555187 0
    outer loop
      vertex -103.847 1.95619 0.799999
      vertex -104.21 2.5 3.6
      vertex -104.21 2.5 0.799999
    endloop
  endfacet
  facet normal -0.831725 -0.555187 0
    outer loop
      vertex -104.21 2.5 3.6
      vertex -103.847 1.95619 0.799999
      vertex -103.847 1.95619 3.6
    endloop
  endfacet
  facet normal 0.634925 -0.312819 -0.70641
    outer loop
      vertex 104.21 2.5 0.799999
      vertex 103.517 2.89999 0
      vertex 104.499 3.08658 0.799999
    endloop
  endfacet
  facet normal -0.228398 0.670041 -0.706314
    outer loop
      vertex -101.487 116.44 0
      vertex -101.793 117.179 0.799999
      vertex -101.174 117.39 0.799999
    endloop
  endfacet
  facet normal -0.19435 0.980932 0
    outer loop
      vertex -100.533 117.517 0.799999
      vertex -101.174 117.39 3.6
      vertex -100.533 117.517 3.6
    endloop
  endfacet
  facet normal -0.19435 0.980932 0
    outer loop
      vertex -101.174 117.39 3.6
      vertex -100.533 117.517 0.799999
      vertex -101.174 117.39 0.799999
    endloop
  endfacet
  facet normal -0.393157 -0.588646 -0.706345
    outer loop
      vertex -101.98 1.36269 0
      vertex -102.924 1.03323 0.799999
      vertex -102.437 1.66792 0
    endloop
  endfacet
  facet normal 0.0462646 -0.706348 -0.706351
    outer loop
      vertex 100.533 0.0427704 0.799999
      vertex 99.88 0 0.799999
      vertex 99.88 0.800003 0
    endloop
  endfacet
  facet normal -0.31291 -0.634958 -0.70634
    outer loop
      vertex -101.793 0.3806 0.799999
      vertex -102.38 0.669876 0.799999
      vertex -101.98 1.36269 0
    endloop
  endfacet
  facet normal -0.22765 -0.670274 -0.706335
    outer loop
      vertex -101.174 0.170364 0.799999
      vertex -101.793 0.3806 0.799999
      vertex -101.487 1.11971 0
    endloop
  endfacet
  facet normal -0.706408 -0.0463894 -0.706283
    outer loop
      vertex -104.044 4.4518 0
      vertex -104.837 4.34737 0.799999
      vertex -104.08 5 0
    endloop
  endfacet
  facet normal -1 0 0
    outer loop
      vertex -104.88 5 0.799999
      vertex -104.88 112.56 3.6
      vertex -104.88 112.56 0.799999
    endloop
  endfacet
  facet normal -1 -0 0
    outer loop
      vertex -104.88 112.56 3.6
      vertex -104.88 5 0.799999
      vertex -104.88 5 3.6
    endloop
  endfacet
  facet normal -0.138191 -0.694241 -0.706352
    outer loop
      vertex -100.533 0.0427704 0.799999
      vertex -101.174 0.170364 0.799999
      vertex -100.967 0.943115 0
    endloop
  endfacet
  facet normal 0.694295 -0.137458 -0.706441
    outer loop
      vertex 104.71 3.7059 0.799999
      vertex 103.937 3.91296 0
      vertex 104.837 4.34737 0.799999
    endloop
  endfacet
  facet normal 0.393157 -0.588646 -0.706345
    outer loop
      vertex 102.924 1.03323 0.799999
      vertex 101.98 1.36269 0
      vertex 102.437 1.66792 0
    endloop
  endfacet
  facet normal -0.466756 -0.532176 -0.706348
    outer loop
      vertex -102.437 1.66792 0
      vertex -102.924 1.03323 0.799999
      vertex -102.85 2.03015 0
    endloop
  endfacet
  facet normal -0.532268 -0.466473 -0.706466
    outer loop
      vertex -102.85 2.03015 0
      vertex -103.847 1.95619 0.799999
      vertex -103.212 2.44321 0
    endloop
  endfacet
  facet normal -0.393166 -0.588633 -0.706351
    outer loop
      vertex -102.38 0.669876 0.799999
      vertex -102.924 1.03323 0.799999
      vertex -101.98 1.36269 0
    endloop
  endfacet
  facet normal 0.588599 -0.393018 -0.706461
    outer loop
      vertex 103.847 1.95619 0.799999
      vertex 103.212 2.44321 0
      vertex 103.517 2.89999 0
    endloop
  endfacet
  facet normal 0.980932 0.19435 0
    outer loop
      vertex 104.837 113.213 3.6
      vertex 104.71 113.854 0.799999
      vertex 104.71 113.854 3.6
    endloop
  endfacet
  facet normal 0.980932 0.19435 0
    outer loop
      vertex 104.71 113.854 0.799999
      vertex 104.837 113.213 3.6
      vertex 104.837 113.213 0.799999
    endloop
  endfacet
  facet normal -0.466522 -0.532265 -0.706436
    outer loop
      vertex -102.924 1.03323 0.799999
      vertex -103.416 1.46446 0.799999
      vertex -102.85 2.03015 0
    endloop
  endfacet
  facet normal 0.138191 -0.694241 -0.706352
    outer loop
      vertex 101.174 0.170364 0.799999
      vertex 100.533 0.0427704 0.799999
      vertex 100.967 0.943115 0
    endloop
  endfacet
  facet normal 0.588745 0.392857 -0.70643
    outer loop
      vertex 104.21 115.06 0.799999
      vertex 103.517 114.66 0
      vertex 103.847 115.604 0.799999
    endloop
  endfacet
  facet normal -0.0464052 0.70639 -0.7063
    outer loop
      vertex -100.428 116.724 0
      vertex -100.533 117.517 0.799999
      vertex -99.88 116.76 0
    endloop
  endfacet
  facet normal 0.195224 -0.980759 0
    outer loop
      vertex 100.533 0.0427704 0.799999
      vertex 101.174 0.170364 3.6
      vertex 100.533 0.0427704 3.6
    endloop
  endfacet
  facet normal 0.195224 -0.980759 0
    outer loop
      vertex 101.174 0.170364 3.6
      vertex 100.533 0.0427704 0.799999
      vertex 101.174 0.170364 0.799999
    endloop
  endfacet
  facet normal -0.312641 0.635018 -0.706405
    outer loop
      vertex -101.98 116.197 0
      vertex -102.38 116.89 0.799999
      vertex -101.793 117.179 0.799999
    endloop
  endfacet
  facet normal -0.0657076 0.997839 0
    outer loop
      vertex -99.88 117.56 0.799999
      vertex -100.533 117.517 3.6
      vertex -99.88 117.56 3.6
    endloop
  endfacet
  facet normal -0.0657076 0.997839 0
    outer loop
      vertex -100.533 117.517 3.6
      vertex -99.88 117.56 0.799999
      vertex -100.533 117.517 0.799999
    endloop
  endfacet
  facet normal 0.659136 -0.752023 0
    outer loop
      vertex 102.924 1.03323 0.799999
      vertex 103.416 1.46446 3.6
      vertex 102.924 1.03323 3.6
    endloop
  endfacet
  facet normal 0.659136 -0.752023 0
    outer loop
      vertex 103.416 1.46446 3.6
      vertex 102.924 1.03323 0.799999
      vertex 103.416 1.46446 0.799999
    endloop
  endfacet
  facet normal 0.312944 -0.634954 -0.706328
    outer loop
      vertex 101.793 0.3806 0.799999
      vertex 101.487 1.11971 0
      vertex 101.98 1.36269 0
    endloop
  endfacet
  facet normal 0.227629 -0.670273 -0.706342
    outer loop
      vertex 101.174 0.170364 0.799999
      vertex 100.967 0.943115 0
      vertex 101.487 1.11971 0
    endloop
  endfacet
  facet normal -0.138041 -0.694216 -0.706406
    outer loop
      vertex -100.533 0.0427704 0.799999
      vertex -100.967 0.943115 0
      vertex -100.428 0.835938 0
    endloop
  endfacet
  facet normal -0.634984 0.312984 -0.706284
    outer loop
      vertex -103.76 114.167 0
      vertex -104.499 114.473 0.799999
      vertex -103.517 114.66 0
    endloop
  endfacet
  facet normal -0.635018 0.312641 -0.706405
    outer loop
      vertex -103.517 114.66 0
      vertex -104.499 114.473 0.799999
      vertex -104.21 115.06 0.799999
    endloop
  endfacet
  facet normal 0.322643 0.946521 -0
    outer loop
      vertex 101.793 117.179 0.799999
      vertex 101.174 117.39 3.6
      vertex 101.793 117.179 3.6
    endloop
  endfacet
  facet normal 0.322643 0.946521 0
    outer loop
      vertex 101.174 117.39 3.6
      vertex 101.793 117.179 0.799999
      vertex 101.174 117.39 0.799999
    endloop
  endfacet
  facet normal 0.0463171 -0.706324 -0.706372
    outer loop
      vertex 100.533 0.0427704 0.799999
      vertex 99.88 0.800003 0
      vertex 100.428 0.835938 0
    endloop
  endfacet
  facet normal 1 -0 0
    outer loop
      vertex 104.88 5 3.6
      vertex 104.88 112.56 0.799999
      vertex 104.88 112.56 3.6
    endloop
  endfacet
  facet normal 1 0 0
    outer loop
      vertex 104.88 112.56 0.799999
      vertex 104.88 5 3.6
      vertex 104.88 5 0.799999
    endloop
  endfacet
  facet normal 0.831725 -0.555187 0
    outer loop
      vertex 103.847 1.95619 3.6
      vertex 104.21 2.5 0.799999
      vertex 104.21 2.5 3.6
    endloop
  endfacet
  facet normal 0.831725 -0.555187 0
    outer loop
      vertex 104.21 2.5 0.799999
      vertex 103.847 1.95619 3.6
      vertex 103.847 1.95619 0.799999
    endloop
  endfacet
  facet normal 0.466522 -0.532265 -0.706436
    outer loop
      vertex 102.924 1.03323 0.799999
      vertex 102.85 2.03015 0
      vertex 103.416 1.46446 0.799999
    endloop
  endfacet
  facet normal -0.634896 -0.313106 -0.706308
    outer loop
      vertex -103.517 2.89999 0
      vertex -104.499 3.08658 0.799999
      vertex -103.76 3.39273 0
    endloop
  endfacet
  facet normal -0.555427 -0.831565 0
    outer loop
      vertex -102.924 1.03323 0.799999
      vertex -102.38 0.669876 3.6
      vertex -102.924 1.03323 3.6
    endloop
  endfacet
  facet normal -0.555427 -0.831565 -0
    outer loop
      vertex -102.38 0.669876 3.6
      vertex -102.924 1.03323 0.799999
      vertex -102.38 0.669876 0.799999
    endloop
  endfacet
  facet normal -0.752018 -0.659142 0
    outer loop
      vertex -103.416 1.46446 0.799999
      vertex -103.847 1.95619 3.6
      vertex -103.847 1.95619 0.799999
    endloop
  endfacet
  facet normal -0.752018 -0.659142 0
    outer loop
      vertex -103.847 1.95619 3.6
      vertex -103.416 1.46446 0.799999
      vertex -103.416 1.46446 3.6
    endloop
  endfacet
  facet normal -0.227629 -0.670273 -0.706342
    outer loop
      vertex -101.174 0.170364 0.799999
      vertex -101.487 1.11971 0
      vertex -100.967 0.943115 0
    endloop
  endfacet
  facet normal 0.555427 -0.831565 0
    outer loop
      vertex 102.38 0.669876 0.799999
      vertex 102.924 1.03323 3.6
      vertex 102.38 0.669876 3.6
    endloop
  endfacet
  facet normal 0.555427 -0.831565 0
    outer loop
      vertex 102.924 1.03323 3.6
      vertex 102.38 0.669876 0.799999
      vertex 102.924 1.03323 0.799999
    endloop
  endfacet
  facet normal -0.67006 -0.228287 -0.706332
    outer loop
      vertex -104.499 3.08658 0.799999
      vertex -104.71 3.7059 0.799999
      vertex -103.76 3.39273 0
    endloop
  endfacet
  facet normal 0.946572 -0.322493 0
    outer loop
      vertex 104.499 3.08658 3.6
      vertex 104.71 3.7059 0.799999
      vertex 104.71 3.7059 3.6
    endloop
  endfacet
  facet normal 0.946572 -0.322493 0
    outer loop
      vertex 104.71 3.7059 0.799999
      vertex 104.499 3.08658 3.6
      vertex 104.499 3.08658 0.799999
    endloop
  endfacet
  facet normal -0.322643 0.946521 0
    outer loop
      vertex -101.174 117.39 0.799999
      vertex -101.793 117.179 3.6
      vertex -101.174 117.39 3.6
    endloop
  endfacet
  facet normal -0.322643 0.946521 0
    outer loop
      vertex -101.793 117.179 3.6
      vertex -101.174 117.39 0.799999
      vertex -101.793 117.179 0.799999
    endloop
  endfacet
  facet normal -0.555053 0.831815 0
    outer loop
      vertex -102.38 116.89 0.799999
      vertex -102.924 116.527 3.6
      vertex -102.38 116.89 3.6
    endloop
  endfacet
  facet normal -0.555053 0.831815 0
    outer loop
      vertex -102.924 116.527 3.6
      vertex -102.38 116.89 0.799999
      vertex -102.924 116.527 0.799999
    endloop
  endfacet
  facet normal -0.392857 0.588745 -0.70643
    outer loop
      vertex -101.98 116.197 0
      vertex -102.924 116.527 0.799999
      vertex -102.38 116.89 0.799999
    endloop
  endfacet
  facet normal -0.67005 -0.227974 -0.706442
    outer loop
      vertex -103.76 3.39273 0
      vertex -104.71 3.7059 0.799999
      vertex -103.937 3.91296 0
    endloop
  endfacet
  facet normal 0.670041 0.228398 -0.706314
    outer loop
      vertex 104.71 113.854 0.799999
      vertex 103.76 114.167 0
      vertex 104.499 114.473 0.799999
    endloop
  endfacet
  facet normal -0.137834 0.694324 -0.70634
    outer loop
      vertex -100.428 116.724 0
      vertex -100.967 116.617 0
      vertex -100.533 117.517 0.799999
    endloop
  endfacet
  facet normal -0.441703 0.897161 0
    outer loop
      vertex -101.793 117.179 0.799999
      vertex -102.38 116.89 3.6
      vertex -101.793 117.179 3.6
    endloop
  endfacet
  facet normal -0.441703 0.897161 0
    outer loop
      vertex -102.38 116.89 3.6
      vertex -101.793 117.179 0.799999
      vertex -102.38 116.89 0.799999
    endloop
  endfacet
  facet normal -0.0465125 0.706341 -0.706342
    outer loop
      vertex -99.88 116.76 0
      vertex -100.533 117.517 0.799999
      vertex -99.88 117.56 0.799999
    endloop
  endfacet
  facet normal -0.897036 -0.441957 0
    outer loop
      vertex -104.21 2.5 0.799999
      vertex -104.499 3.08658 3.6
      vertex -104.499 3.08658 0.799999
    endloop
  endfacet
  facet normal -0.897036 -0.441957 0
    outer loop
      vertex -104.499 3.08658 3.6
      vertex -104.21 2.5 0.799999
      vertex -104.21 2.5 3.6
    endloop
  endfacet
  facet normal -0.694295 -0.137458 -0.706441
    outer loop
      vertex -104.71 3.7059 0.799999
      vertex -104.837 4.34737 0.799999
      vertex -103.937 3.91296 0
    endloop
  endfacet
  facet normal 0.0465125 0.706341 -0.706342
    outer loop
      vertex 100.533 117.517 0.799999
      vertex 99.88 116.76 0
      vertex 99.88 117.56 0.799999
    endloop
  endfacet
  facet normal -0.588695 0.392893 -0.706451
    outer loop
      vertex -103.517 114.66 0
      vertex -103.847 115.604 0.799999
      vertex -103.212 115.117 0
    endloop
  endfacet
  facet normal 0.466317 0.532315 -0.706533
    outer loop
      vertex 103.416 116.096 0.799999
      vertex 102.85 115.53 0
      vertex 102.924 116.527 0.799999
    endloop
  endfacet
  facet normal 0.466516 0.53224 -0.706458
    outer loop
      vertex 102.85 115.53 0
      vertex 102.437 115.892 0
      vertex 102.924 116.527 0.799999
    endloop
  endfacet
  facet normal 0.137834 0.694324 -0.70634
    outer loop
      vertex 100.967 116.617 0
      vertex 100.428 116.724 0
      vertex 100.533 117.517 0.799999
    endloop
  endfacet
  facet normal 0.831815 0.555053 0
    outer loop
      vertex 104.21 115.06 3.6
      vertex 103.847 115.604 0.799999
      vertex 103.847 115.604 3.6
    endloop
  endfacet
  facet normal 0.831815 0.555053 0
    outer loop
      vertex 103.847 115.604 0.799999
      vertex 104.21 115.06 3.6
      vertex 104.21 115.06 0.799999
    endloop
  endfacet
  facet normal -0.532252 -0.466517 -0.706449
    outer loop
      vertex -103.416 1.46446 0.799999
      vertex -103.847 1.95619 0.799999
      vertex -102.85 2.03015 0
    endloop
  endfacet
  facet normal 0.897161 0.441703 0
    outer loop
      vertex 104.499 114.473 3.6
      vertex 104.21 115.06 0.799999
      vertex 104.21 115.06 3.6
    endloop
  endfacet
  facet normal 0.897161 0.441703 0
    outer loop
      vertex 104.21 115.06 0.799999
      vertex 104.499 114.473 3.6
      vertex 104.499 114.473 0.799999
    endloop
  endfacet
  facet normal 0.0657076 0.997839 -0
    outer loop
      vertex 100.533 117.517 0.799999
      vertex 99.88 117.56 3.6
      vertex 100.533 117.517 3.6
    endloop
  endfacet
  facet normal 0.0657076 0.997839 0
    outer loop
      vertex 99.88 117.56 3.6
      vertex 100.533 117.517 0.799999
      vertex 99.88 117.56 0.799999
    endloop
  endfacet
  facet normal -0.442042 -0.896994 0
    outer loop
      vertex -102.38 0.669876 0.799999
      vertex -101.793 0.3806 3.6
      vertex -102.38 0.669876 3.6
    endloop
  endfacet
  facet normal -0.442042 -0.896994 -0
    outer loop
      vertex -101.793 0.3806 3.6
      vertex -102.38 0.669876 0.799999
      vertex -101.793 0.3806 0.799999
    endloop
  endfacet
  facet normal -0.321596 -0.946877 0
    outer loop
      vertex -101.793 0.3806 0.799999
      vertex -101.174 0.170364 3.6
      vertex -101.793 0.3806 3.6
    endloop
  endfacet
  facet normal -0.321596 -0.946877 -0
    outer loop
      vertex -101.174 0.170364 3.6
      vertex -101.793 0.3806 0.799999
      vertex -101.174 0.170364 0.799999
    endloop
  endfacet
  facet normal 0.946521 0.322643 0
    outer loop
      vertex 104.71 113.854 3.6
      vertex 104.499 114.473 0.799999
      vertex 104.499 114.473 3.6
    endloop
  endfacet
  facet normal 0.946521 0.322643 0
    outer loop
      vertex 104.499 114.473 0.799999
      vertex 104.71 113.854 3.6
      vertex 104.71 113.854 0.799999
    endloop
  endfacet
  facet normal -0.70634 -0.0465388 -0.706341
    outer loop
      vertex -104.837 4.34737 0.799999
      vertex -104.88 5 0.799999
      vertex -104.08 5 0
    endloop
  endfacet
  facet normal 0.670031 0.228068 -0.70643
    outer loop
      vertex 103.937 113.647 0
      vertex 103.76 114.167 0
      vertex 104.71 113.854 0.799999
    endloop
  endfacet
  facet normal 0.392893 0.588695 -0.706451
    outer loop
      vertex 102.437 115.892 0
      vertex 101.98 116.197 0
      vertex 102.924 116.527 0.799999
    endloop
  endfacet
  facet normal -0.980932 0.19435 0
    outer loop
      vertex -104.837 113.213 0.799999
      vertex -104.71 113.854 3.6
      vertex -104.71 113.854 0.799999
    endloop
  endfacet
  facet normal -0.980932 0.19435 0
    outer loop
      vertex -104.71 113.854 3.6
      vertex -104.837 113.213 0.799999
      vertex -104.837 113.213 3.6
    endloop
  endfacet
  facet normal -0.752198 0.658937 0
    outer loop
      vertex -103.847 115.604 0.799999
      vertex -103.416 116.096 3.6
      vertex -103.416 116.096 0.799999
    endloop
  endfacet
  facet normal -0.752198 0.658937 0
    outer loop
      vertex -103.416 116.096 3.6
      vertex -103.847 115.604 0.799999
      vertex -103.847 115.604 3.6
    endloop
  endfacet
  facet normal -0.658937 0.752198 0
    outer loop
      vertex -102.924 116.527 0.799999
      vertex -103.416 116.096 3.6
      vertex -102.924 116.527 3.6
    endloop
  endfacet
  facet normal -0.658937 0.752198 0
    outer loop
      vertex -103.416 116.096 3.6
      vertex -102.924 116.527 0.799999
      vertex -103.416 116.096 0.799999
    endloop
  endfacet
  facet normal -0.588745 0.392857 -0.70643
    outer loop
      vertex -103.517 114.66 0
      vertex -104.21 115.06 0.799999
      vertex -103.847 115.604 0.799999
    endloop
  endfacet
  facet normal -0.831815 0.555053 0
    outer loop
      vertex -104.21 115.06 0.799999
      vertex -103.847 115.604 3.6
      vertex -103.847 115.604 0.799999
    endloop
  endfacet
  facet normal -0.831815 0.555053 0
    outer loop
      vertex -103.847 115.604 3.6
      vertex -104.21 115.06 0.799999
      vertex -104.21 115.06 3.6
    endloop
  endfacet
  facet normal 0.228068 0.670031 -0.70643
    outer loop
      vertex 101.487 116.44 0
      vertex 100.967 116.617 0
      vertex 101.174 117.39 0.799999
    endloop
  endfacet
  facet normal 0.228398 0.670041 -0.706314
    outer loop
      vertex 101.487 116.44 0
      vertex 101.174 117.39 0.799999
      vertex 101.793 117.179 0.799999
    endloop
  endfacet
  facet normal 0.897036 -0.441957 0
    outer loop
      vertex 104.21 2.5 3.6
      vertex 104.499 3.08658 0.799999
      vertex 104.499 3.08658 3.6
    endloop
  endfacet
  facet normal 0.897036 -0.441957 0
    outer loop
      vertex 104.499 3.08658 0.799999
      vertex 104.21 2.5 3.6
      vertex 104.21 2.5 0.799999
    endloop
  endfacet
  facet normal 0.70639 0.0464052 -0.7063
    outer loop
      vertex 104.08 112.56 0
      vertex 104.044 113.108 0
      vertex 104.837 113.213 0.799999
    endloop
  endfacet
  facet normal 0.997839 0.0657076 0
    outer loop
      vertex 104.88 112.56 3.6
      vertex 104.837 113.213 0.799999
      vertex 104.837 113.213 3.6
    endloop
  endfacet
  facet normal 0.997839 0.0657076 0
    outer loop
      vertex 104.837 113.213 0.799999
      vertex 104.88 112.56 3.6
      vertex 104.88 112.56 0.799999
    endloop
  endfacet
  facet normal 0.706341 0.0465125 -0.706342
    outer loop
      vertex 104.88 112.56 0.799999
      vertex 104.08 112.56 0
      vertex 104.837 113.213 0.799999
    endloop
  endfacet
  facet normal -0.588686 -0.392956 -0.706423
    outer loop
      vertex -103.847 1.95619 0.799999
      vertex -104.21 2.5 0.799999
      vertex -103.517 2.89999 0
    endloop
  endfacet
  facet normal 0.392857 0.588745 -0.70643
    outer loop
      vertex 102.924 116.527 0.799999
      vertex 101.98 116.197 0
      vertex 102.38 116.89 0.799999
    endloop
  endfacet
  facet normal 0.312641 0.635018 -0.706405
    outer loop
      vertex 101.98 116.197 0
      vertex 101.793 117.179 0.799999
      vertex 102.38 116.89 0.799999
    endloop
  endfacet
  facet normal -0.670031 0.228068 -0.70643
    outer loop
      vertex -103.937 113.647 0
      vertex -104.71 113.854 0.799999
      vertex -103.76 114.167 0
    endloop
  endfacet
  facet normal 0.53224 0.466516 -0.706458
    outer loop
      vertex 103.212 115.117 0
      vertex 102.85 115.53 0
      vertex 103.847 115.604 0.799999
    endloop
  endfacet
  facet normal 0.532315 0.466317 -0.706533
    outer loop
      vertex 103.847 115.604 0.799999
      vertex 102.85 115.53 0
      vertex 103.416 116.096 0.799999
    endloop
  endfacet
  facet normal -0.694365 -0.137883 -0.70629
    outer loop
      vertex -103.937 3.91296 0
      vertex -104.837 4.34737 0.799999
      vertex -104.044 4.4518 0
    endloop
  endfacet
  facet normal -0.694324 0.137834 -0.70634
    outer loop
      vertex -104.044 113.108 0
      vertex -104.837 113.213 0.799999
      vertex -103.937 113.647 0
    endloop
  endfacet
  facet normal -0.997836 -0.0657447 0
    outer loop
      vertex -104.837 4.34737 0.799999
      vertex -104.88 5 3.6
      vertex -104.88 5 0.799999
    endloop
  endfacet
  facet normal -0.997836 -0.0657447 0
    outer loop
      vertex -104.88 5 3.6
      vertex -104.837 4.34737 0.799999
      vertex -104.837 4.34737 3.6
    endloop
  endfacet
  facet normal -0.980959 -0.194213 0
    outer loop
      vertex -104.71 3.7059 0.799999
      vertex -104.837 4.34737 3.6
      vertex -104.837 4.34737 0.799999
    endloop
  endfacet
  facet normal -0.980959 -0.194213 0
    outer loop
      vertex -104.837 4.34737 3.6
      vertex -104.71 3.7059 0.799999
      vertex -104.71 3.7059 3.6
    endloop
  endfacet
  facet normal 0.752018 -0.659142 0
    outer loop
      vertex 103.416 1.46446 3.6
      vertex 103.847 1.95619 0.799999
      vertex 103.847 1.95619 3.6
    endloop
  endfacet
  facet normal 0.752018 -0.659142 0
    outer loop
      vertex 103.847 1.95619 0.799999
      vertex 103.416 1.46446 3.6
      vertex 103.416 1.46446 0.799999
    endloop
  endfacet
  facet normal 0.555053 0.831815 -0
    outer loop
      vertex 102.924 116.527 0.799999
      vertex 102.38 116.89 3.6
      vertex 102.924 116.527 3.6
    endloop
  endfacet
  facet normal 0.555053 0.831815 0
    outer loop
      vertex 102.38 116.89 3.6
      vertex 102.924 116.527 0.799999
      vertex 102.38 116.89 0.799999
    endloop
  endfacet
  facet normal 0.588686 -0.392956 -0.706423
    outer loop
      vertex 103.847 1.95619 0.799999
      vertex 103.517 2.89999 0
      vertex 104.21 2.5 0.799999
    endloop
  endfacet
  facet normal -0 0 1
    outer loop
      vertex -99.2441 22.2154 3.6
      vertex -96.88 3 3.6
      vertex -99.2441 95.3446 3.6
    endloop
  endfacet
  facet normal 0 0 1
    outer loop
      vertex -96.88 3 3.6
      vertex -99.2441 22.2154 3.6
      vertex -99.23 22 3.6
    endloop
  endfacet
  facet normal -0 0 1
    outer loop
      vertex -99.2862 95.1329 3.6
      vertex -99.2441 22.2154 3.6
      vertex -99.2441 95.3446 3.6
    endloop
  endfacet
  facet normal 0 0 1
    outer loop
      vertex -99.2862 95.1329 3.6
      vertex -99.2862 22.4271 3.6
      vertex -99.2441 22.2154 3.6
    endloop
  endfacet
  facet normal -0 0 1
    outer loop
      vertex -99.3556 94.9286 3.6
      vertex -99.2862 22.4271 3.6
      vertex -99.2862 95.1329 3.6
    endloop
  endfacet
  facet normal 0 0 1
    outer loop
      vertex -99.3556 94.9286 3.6
      vertex -99.3556 22.6314 3.6
      vertex -99.2862 22.4271 3.6
    endloop
  endfacet
  facet normal -0 0 1
    outer loop
      vertex -99.4511 94.735 3.6
      vertex -99.3556 22.6314 3.6
      vertex -99.3556 94.9286 3.6
    endloop
  endfacet
  facet normal 0 0 1
    outer loop
      vertex -99.4511 94.735 3.6
      vertex -99.4511 22.825 3.6
      vertex -99.3556 22.6314 3.6
    endloop
  endfacet
  facet normal -0 0 1
    outer loop
      vertex -99.571 94.5555 3.6
      vertex -99.4511 22.825 3.6
      vertex -99.4511 94.735 3.6
    endloop
  endfacet
  facet normal 0 0 1
    outer loop
      vertex -99.571 94.5555 3.6
      vertex -99.571 23.0045 3.6
      vertex -99.4511 22.825 3.6
    endloop
  endfacet
  facet normal -0 0 1
    outer loop
      vertex -99.7133 94.3933 3.6
      vertex -99.571 23.0045 3.6
      vertex -99.571 94.5555 3.6
    endloop
  endfacet
  facet normal 0 0 1
    outer loop
      vertex -99.7133 94.3933 3.6
      vertex -99.7133 23.1667 3.6
      vertex -99.571 23.0045 3.6
    endloop
  endfacet
  facet normal -0 0 1
    outer loop
      vertex -99.8755 94.251 3.6
      vertex -99.7133 23.1667 3.6
      vertex -99.7133 94.3933 3.6
    endloop
  endfacet
  facet normal 0 0 1
    outer loop
      vertex -99.8755 94.251 3.6
      vertex -99.8755 23.309 3.6
      vertex -99.7133 23.1667 3.6
    endloop
  endfacet
  facet normal -0 0 1
    outer loop
      vertex -100.055 94.1311 3.6
      vertex -99.8755 23.309 3.6
      vertex -99.8755 94.251 3.6
    endloop
  endfacet
  facet normal 0 0 1
    outer loop
      vertex -100.055 94.1311 3.6
      vertex -100.055 23.4289 3.6
      vertex -99.8755 23.309 3.6
    endloop
  endfacet
  facet normal -0 0 1
    outer loop
      vertex -100.249 94.0356 3.6
      vertex -100.055 23.4289 3.6
      vertex -100.055 94.1311 3.6
    endloop
  endfacet
  facet normal 0 0 1
    outer loop
      vertex -100.249 94.0356 3.6
      vertex -100.249 23.5244 3.6
      vertex -100.055 23.4289 3.6
    endloop
  endfacet
  facet normal -0 0 1
    outer loop
      vertex -100.453 93.9662 3.6
      vertex -100.249 23.5244 3.6
      vertex -100.249 94.0356 3.6
    endloop
  endfacet
  facet normal 0 0 1
    outer loop
      vertex -100.453 93.9662 3.6
      vertex -100.453 23.5938 3.6
      vertex -100.249 23.5244 3.6
    endloop
  endfacet
  facet normal -0 0 1
    outer loop
      vertex -100.665 93.9241 3.6
      vertex -100.453 23.5938 3.6
      vertex -100.453 93.9662 3.6
    endloop
  endfacet
  facet normal 0 0 1
    outer loop
      vertex -100.665 93.9241 3.6
      vertex -100.665 23.6359 3.6
      vertex -100.453 23.5938 3.6
    endloop
  endfacet
  facet normal -0 0 1
    outer loop
      vertex -100.88 93.91 3.6
      vertex -100.665 23.6359 3.6
      vertex -100.665 93.9241 3.6
    endloop
  endfacet
  facet normal 0 0 1
    outer loop
      vertex -100.88 93.91 3.6
      vertex -100.88 23.65 3.6
      vertex -100.665 23.6359 3.6
    endloop
  endfacet
  facet normal 0 0 1
    outer loop
      vertex -101.095 93.9241 3.6
      vertex -100.88 23.65 3.6
      vertex -100.88 93.91 3.6
    endloop
  endfacet
  facet normal 0 0 1
    outer loop
      vertex -101.095 93.9241 3.6
      vertex -101.095 23.6359 3.6
      vertex -100.88 23.65 3.6
    endloop
  endfacet
  facet normal 0 0 1
    outer loop
      vertex -101.307 93.9662 3.6
      vertex -101.095 23.6359 3.6
      vertex -101.095 93.9241 3.6
    endloop
  endfacet
  facet normal 0 0 1
    outer loop
      vertex -101.307 93.9662 3.6
      vertex -101.307 23.5938 3.6
      vertex -101.095 23.6359 3.6
    endloop
  endfacet
  facet normal 0 0 1
    outer loop
      vertex -101.511 94.0356 3.6
      vertex -101.307 23.5938 3.6
      vertex -101.307 93.9662 3.6
    endloop
  endfacet
  facet normal 0 0 1
    outer loop
      vertex -101.511 94.0356 3.6
      vertex -101.511 23.5244 3.6
      vertex -101.307 23.5938 3.6
    endloop
  endfacet
  facet normal 0 0 1
    outer loop
      vertex -101.705 94.1311 3.6
      vertex -101.511 23.5244 3.6
      vertex -101.511 94.0356 3.6
    endloop
  endfacet
  facet normal 0 0 1
    outer loop
      vertex -101.705 94.1311 3.6
      vertex -101.705 23.4289 3.6
      vertex -101.511 23.5244 3.6
    endloop
  endfacet
  facet normal 0 0 1
    outer loop
      vertex -101.884 94.251 3.6
      vertex -101.705 23.4289 3.6
      vertex -101.705 94.1311 3.6
    endloop
  endfacet
  facet normal 0 0 1
    outer loop
      vertex -101.884 94.251 3.6
      vertex -101.884 23.309 3.6
      vertex -101.705 23.4289 3.6
    endloop
  endfacet
  facet normal 0 0 1
    outer loop
      vertex -102.047 94.3933 3.6
      vertex -101.884 23.309 3.6
      vertex -101.884 94.251 3.6
    endloop
  endfacet
  facet normal 0 0 1
    outer loop
      vertex -102.047 94.3933 3.6
      vertex -102.047 23.1667 3.6
      vertex -101.884 23.309 3.6
    endloop
  endfacet
  facet normal 0 0 1
    outer loop
      vertex -102.189 94.5555 3.6
      vertex -102.047 23.1667 3.6
      vertex -102.047 94.3933 3.6
    endloop
  endfacet
  facet normal 0 0 1
    outer loop
      vertex -102.189 94.5555 3.6
      vertex -102.189 23.0045 3.6
      vertex -102.047 23.1667 3.6
    endloop
  endfacet
  facet normal 0 0 1
    outer loop
      vertex -102.309 94.735 3.6
      vertex -102.189 23.0045 3.6
      vertex -102.189 94.5555 3.6
    endloop
  endfacet
  facet normal 0 0 1
    outer loop
      vertex -102.309 94.735 3.6
      vertex -102.309 22.825 3.6
      vertex -102.189 23.0045 3.6
    endloop
  endfacet
  facet normal 0 0 1
    outer loop
      vertex -102.404 94.9286 3.6
      vertex -102.309 22.825 3.6
      vertex -102.309 94.735 3.6
    endloop
  endfacet
  facet normal 0 0 1
    outer loop
      vertex -102.404 94.9286 3.6
      vertex -102.404 22.6314 3.6
      vertex -102.309 22.825 3.6
    endloop
  endfacet
  facet normal 0 0 1
    outer loop
      vertex -102.474 95.1329 3.6
      vertex -102.404 22.6314 3.6
      vertex -102.404 94.9286 3.6
    endloop
  endfacet
  facet normal 0 0 1
    outer loop
      vertex -102.474 95.1329 3.6
      vertex -102.474 22.4271 3.6
      vertex -102.404 22.6314 3.6
    endloop
  endfacet
  facet normal 0 0 1
    outer loop
      vertex -102.516 95.3446 3.6
      vertex -102.474 22.4271 3.6
      vertex -102.474 95.1329 3.6
    endloop
  endfacet
  facet normal 0 0 1
    outer loop
      vertex -102.516 95.3446 3.6
      vertex -102.516 22.2154 3.6
      vertex -102.474 22.4271 3.6
    endloop
  endfacet
  facet normal 0 0 1
    outer loop
      vertex -104.88 112.56 3.6
      vertex -102.516 95.3446 3.6
      vertex -102.53 95.56 3.6
    endloop
  endfacet
  facet normal 0 0 1
    outer loop
      vertex -102.516 95.3446 3.6
      vertex -104.88 112.56 3.6
      vertex -102.516 22.2154 3.6
    endloop
  endfacet
  facet normal -0 0 1
    outer loop
      vertex 102.516 22.2154 3.6
      vertex 104.88 5 3.6
      vertex 102.516 95.3446 3.6
    endloop
  endfacet
  facet normal 0 0 1
    outer loop
      vertex 104.88 5 3.6
      vertex 102.516 22.2154 3.6
      vertex 102.53 22 3.6
    endloop
  endfacet
  facet normal -0 0 1
    outer loop
      vertex 102.474 95.1329 3.6
      vertex 102.516 22.2154 3.6
      vertex 102.516 95.3446 3.6
    endloop
  endfacet
  facet normal 0 0 1
    outer loop
      vertex 102.474 95.1329 3.6
      vertex 102.474 22.4271 3.6
      vertex 102.516 22.2154 3.6
    endloop
  endfacet
  facet normal -0 0 1
    outer loop
      vertex 102.404 94.9286 3.6
      vertex 102.474 22.4271 3.6
      vertex 102.474 95.1329 3.6
    endloop
  endfacet
  facet normal 0 0 1
    outer loop
      vertex 102.404 94.9286 3.6
      vertex 102.404 22.6314 3.6
      vertex 102.474 22.4271 3.6
    endloop
  endfacet
  facet normal -0 0 1
    outer loop
      vertex 102.309 94.735 3.6
      vertex 102.404 22.6314 3.6
      vertex 102.404 94.9286 3.6
    endloop
  endfacet
  facet normal 0 0 1
    outer loop
      vertex 102.309 94.735 3.6
      vertex 102.309 22.825 3.6
      vertex 102.404 22.6314 3.6
    endloop
  endfacet
  facet normal -0 0 1
    outer loop
      vertex 102.189 94.5555 3.6
      vertex 102.309 22.825 3.6
      vertex 102.309 94.735 3.6
    endloop
  endfacet
  facet normal 0 0 1
    outer loop
      vertex 102.189 94.5555 3.6
      vertex 102.189 23.0045 3.6
      vertex 102.309 22.825 3.6
    endloop
  endfacet
  facet normal -0 0 1
    outer loop
      vertex 102.047 94.3933 3.6
      vertex 102.189 23.0045 3.6
      vertex 102.189 94.5555 3.6
    endloop
  endfacet
  facet normal 0 0 1
    outer loop
      vertex 102.047 94.3933 3.6
      vertex 102.047 23.1667 3.6
      vertex 102.189 23.0045 3.6
    endloop
  endfacet
  facet normal -0 0 1
    outer loop
      vertex 101.884 94.251 3.6
      vertex 102.047 23.1667 3.6
      vertex 102.047 94.3933 3.6
    endloop
  endfacet
  facet normal 0 0 1
    outer loop
      vertex 101.884 94.251 3.6
      vertex 101.884 23.309 3.6
      vertex 102.047 23.1667 3.6
    endloop
  endfacet
  facet normal -0 0 1
    outer loop
      vertex 101.705 94.1311 3.6
      vertex 101.884 23.309 3.6
      vertex 101.884 94.251 3.6
    endloop
  endfacet
  facet normal 0 0 1
    outer loop
      vertex 101.705 94.1311 3.6
      vertex 101.705 23.4289 3.6
      vertex 101.884 23.309 3.6
    endloop
  endfacet
  facet normal -0 0 1
    outer loop
      vertex 101.511 94.0356 3.6
      vertex 101.705 23.4289 3.6
      vertex 101.705 94.1311 3.6
    endloop
  endfacet
  facet normal 0 0 1
    outer loop
      vertex 101.511 94.0356 3.6
      vertex 101.511 23.5244 3.6
      vertex 101.705 23.4289 3.6
    endloop
  endfacet
  facet normal -0 0 1
    outer loop
      vertex 101.307 93.9662 3.6
      vertex 101.511 23.5244 3.6
      vertex 101.511 94.0356 3.6
    endloop
  endfacet
  facet normal 0 0 1
    outer loop
      vertex 101.307 93.9662 3.6
      vertex 101.307 23.5938 3.6
      vertex 101.511 23.5244 3.6
    endloop
  endfacet
  facet normal -0 0 1
    outer loop
      vertex 101.095 93.9241 3.6
      vertex 101.307 23.5938 3.6
      vertex 101.307 93.9662 3.6
    endloop
  endfacet
  facet normal 0 0 1
    outer loop
      vertex 101.095 93.9241 3.6
      vertex 101.095 23.6359 3.6
      vertex 101.307 23.5938 3.6
    endloop
  endfacet
  facet normal -0 0 1
    outer loop
      vertex 100.88 93.91 3.6
      vertex 101.095 23.6359 3.6
      vertex 101.095 93.9241 3.6
    endloop
  endfacet
  facet normal 0 0 1
    outer loop
      vertex 100.88 93.91 3.6
      vertex 100.88 23.65 3.6
      vertex 101.095 23.6359 3.6
    endloop
  endfacet
  facet normal 0 0 1
    outer loop
      vertex 100.665 93.9241 3.6
      vertex 100.88 23.65 3.6
      vertex 100.88 93.91 3.6
    endloop
  endfacet
  facet normal 0 0 1
    outer loop
      vertex 100.665 93.9241 3.6
      vertex 100.665 23.6359 3.6
      vertex 100.88 23.65 3.6
    endloop
  endfacet
  facet normal 0 0 1
    outer loop
      vertex 100.453 93.9662 3.6
      vertex 100.665 23.6359 3.6
      vertex 100.665 93.9241 3.6
    endloop
  endfacet
  facet normal 0 0 1
    outer loop
      vertex 100.453 93.9662 3.6
      vertex 100.453 23.5938 3.6
      vertex 100.665 23.6359 3.6
    endloop
  endfacet
  facet normal 0 0 1
    outer loop
      vertex 100.249 94.0356 3.6
      vertex 100.453 23.5938 3.6
      vertex 100.453 93.9662 3.6
    endloop
  endfacet
  facet normal 0 0 1
    outer loop
      vertex 100.249 94.0356 3.6
      vertex 100.249 23.5244 3.6
      vertex 100.453 23.5938 3.6
    endloop
  endfacet
  facet normal 0 0 1
    outer loop
      vertex 100.055 94.1311 3.6
      vertex 100.249 23.5244 3.6
      vertex 100.249 94.0356 3.6
    endloop
  endfacet
  facet normal 0 0 1
    outer loop
      vertex 100.055 94.1311 3.6
      vertex 100.055 23.4289 3.6
      vertex 100.249 23.5244 3.6
    endloop
  endfacet
  facet normal 0 0 1
    outer loop
      vertex 99.8755 94.251 3.6
      vertex 100.055 23.4289 3.6
      vertex 100.055 94.1311 3.6
    endloop
  endfacet
  facet normal 0 0 1
    outer loop
      vertex 99.8755 94.251 3.6
      vertex 99.8755 23.309 3.6
      vertex 100.055 23.4289 3.6
    endloop
  endfacet
  facet normal 0 0 1
    outer loop
      vertex 99.7133 94.3933 3.6
      vertex 99.8755 23.309 3.6
      vertex 99.8755 94.251 3.6
    endloop
  endfacet
  facet normal 0 0 1
    outer loop
      vertex 99.7133 94.3933 3.6
      vertex 99.7133 23.1667 3.6
      vertex 99.8755 23.309 3.6
    endloop
  endfacet
  facet normal 0 0 1
    outer loop
      vertex 99.571 94.5555 3.6
      vertex 99.7133 23.1667 3.6
      vertex 99.7133 94.3933 3.6
    endloop
  endfacet
  facet normal 0 0 1
    outer loop
      vertex 99.571 94.5555 3.6
      vertex 99.571 23.0045 3.6
      vertex 99.7133 23.1667 3.6
    endloop
  endfacet
  facet normal 0 0 1
    outer loop
      vertex 99.4511 94.735 3.6
      vertex 99.571 23.0045 3.6
      vertex 99.571 94.5555 3.6
    endloop
  endfacet
  facet normal 0 0 1
    outer loop
      vertex 99.4511 94.735 3.6
      vertex 99.4511 22.825 3.6
      vertex 99.571 23.0045 3.6
    endloop
  endfacet
  facet normal 0 0 1
    outer loop
      vertex 99.3556 94.9286 3.6
      vertex 99.4511 22.825 3.6
      vertex 99.4511 94.735 3.6
    endloop
  endfacet
  facet normal 0 0 1
    outer loop
      vertex 99.3556 94.9286 3.6
      vertex 99.3556 22.6314 3.6
      vertex 99.4511 22.825 3.6
    endloop
  endfacet
  facet normal 0 0 1
    outer loop
      vertex 99.2862 95.1329 3.6
      vertex 99.3556 22.6314 3.6
      vertex 99.3556 94.9286 3.6
    endloop
  endfacet
  facet normal 0 0 1
    outer loop
      vertex 99.2862 95.1329 3.6
      vertex 99.2862 22.4271 3.6
      vertex 99.3556 22.6314 3.6
    endloop
  endfacet
  facet normal 0 0 1
    outer loop
      vertex 99.2441 95.3446 3.6
      vertex 99.2862 22.4271 3.6
      vertex 99.2862 95.1329 3.6
    endloop
  endfacet
  facet normal 0 0 1
    outer loop
      vertex 99.2441 95.3446 3.6
      vertex 99.2441 22.2154 3.6
      vertex 99.2862 22.4271 3.6
    endloop
  endfacet
  facet normal 0 0 1
    outer loop
      vertex 96.88 114.56 3.6
      vertex 99.2441 95.3446 3.6
      vertex 99.23 95.56 3.6
    endloop
  endfacet
  facet normal 0 0 1
    outer loop
      vertex 99.2441 95.3446 3.6
      vertex 96.88 114.56 3.6
      vertex 99.2441 22.2154 3.6
    endloop
  endfacet
  facet normal 0 0 1
    outer loop
      vertex 96.88 114.56 3.6
      vertex 104.88 112.56 3.6
      vertex 104.837 113.213 3.6
    endloop
  endfacet
  facet normal 0 0 1
    outer loop
      vertex 102.516 95.3446 3.6
      vertex 104.88 112.56 3.6
      vertex 102.53 95.56 3.6
    endloop
  endfacet
  facet normal 0 0 1
    outer loop
      vertex 96.88 114.56 3.6
      vertex 104.837 113.213 3.6
      vertex 104.71 113.854 3.6
    endloop
  endfacet
  facet normal 0 0 1
    outer loop
      vertex 104.88 112.56 3.6
      vertex 102.516 95.3446 3.6
      vertex 104.88 5 3.6
    endloop
  endfacet
  facet normal 0 0 1
    outer loop
      vertex 96.88 114.56 3.6
      vertex 104.71 113.854 3.6
      vertex 104.499 114.473 3.6
    endloop
  endfacet
  facet normal -0 0 1
    outer loop
      vertex 102.516 21.7846 3.6
      vertex 104.88 5 3.6
      vertex 102.53 22 3.6
    endloop
  endfacet
  facet normal -0 0 1
    outer loop
      vertex 96.88 114.56 3.6
      vertex 104.499 114.473 3.6
      vertex 104.21 115.06 3.6
    endloop
  endfacet
  facet normal -0 0 1
    outer loop
      vertex 102.474 21.5729 3.6
      vertex 104.88 5 3.6
      vertex 102.516 21.7846 3.6
    endloop
  endfacet
  facet normal 0 0 1
    outer loop
      vertex 96.88 114.56 3.6
      vertex 104.21 115.06 3.6
      vertex 103.847 115.604 3.6
    endloop
  endfacet
  facet normal -0 0 1
    outer loop
      vertex 102.404 21.3686 3.6
      vertex 104.88 5 3.6
      vertex 102.474 21.5729 3.6
    endloop
  endfacet
  facet normal 0 0 1
    outer loop
      vertex 96.88 114.56 3.6
      vertex 103.847 115.604 3.6
      vertex 103.416 116.096 3.6
    endloop
  endfacet
  facet normal -0 0 1
    outer loop
      vertex 102.309 21.175 3.6
      vertex 104.88 5 3.6
      vertex 102.404 21.3686 3.6
    endloop
  endfacet
  facet normal 0 0 1
    outer loop
      vertex 96.88 114.56 3.6
      vertex 103.416 116.096 3.6
      vertex 102.924 116.527 3.6
    endloop
  endfacet
  facet normal -0 0 1
    outer loop
      vertex 102.189 20.9955 3.6
      vertex 104.88 5 3.6
      vertex 102.309 21.175 3.6
    endloop
  endfacet
  facet normal -0 0 1
    outer loop
      vertex 102.047 20.8333 3.6
      vertex 104.88 5 3.6
      vertex 102.189 20.9955 3.6
    endloop
  endfacet
  facet normal 0 0 1
    outer loop
      vertex 104.88 112.56 3.6
      vertex 102.516 95.7754 3.6
      vertex 102.53 95.56 3.6
    endloop
  endfacet
  facet normal 0 0 1
    outer loop
      vertex 104.88 112.56 3.6
      vertex 102.474 95.9871 3.6
      vertex 102.516 95.7754 3.6
    endloop
  endfacet
  facet normal 0 0 1
    outer loop
      vertex 104.88 112.56 3.6
      vertex 102.404 96.1914 3.6
      vertex 102.474 95.9871 3.6
    endloop
  endfacet
  facet normal 0 0 1
    outer loop
      vertex 96.88 114.56 3.6
      vertex 102.924 116.527 3.6
      vertex 102.38 116.89 3.6
    endloop
  endfacet
  facet normal 0 0 1
    outer loop
      vertex 104.88 112.56 3.6
      vertex 102.309 96.385 3.6
      vertex 102.404 96.1914 3.6
    endloop
  endfacet
  facet normal 0 0 1
    outer loop
      vertex 104.88 112.56 3.6
      vertex 102.189 96.5645 3.6
      vertex 102.309 96.385 3.6
    endloop
  endfacet
  facet normal 0 0 1
    outer loop
      vertex 104.88 112.56 3.6
      vertex 102.047 96.7267 3.6
      vertex 102.189 96.5645 3.6
    endloop
  endfacet
  facet normal 0 0 1
    outer loop
      vertex 104.88 112.56 3.6
      vertex 101.884 96.869 3.6
      vertex 102.047 96.7267 3.6
    endloop
  endfacet
  facet normal 0 0 1
    outer loop
      vertex 96.88 114.56 3.6
      vertex 102.38 116.89 3.6
      vertex 101.793 117.179 3.6
    endloop
  endfacet
  facet normal 0 0 1
    outer loop
      vertex 104.88 112.56 3.6
      vertex 101.705 96.9889 3.6
      vertex 101.884 96.869 3.6
    endloop
  endfacet
  facet normal 0 0 1
    outer loop
      vertex 104.88 112.56 3.6
      vertex 101.511 97.0844 3.6
      vertex 101.705 96.9889 3.6
    endloop
  endfacet
  facet normal 0 0 1
    outer loop
      vertex 104.88 112.56 3.6
      vertex 101.307 97.1538 3.6
      vertex 101.511 97.0844 3.6
    endloop
  endfacet
  facet normal 0 0 1
    outer loop
      vertex 96.88 114.56 3.6
      vertex 101.793 117.179 3.6
      vertex 101.174 117.39 3.6
    endloop
  endfacet
  facet normal 0 0 1
    outer loop
      vertex 104.88 112.56 3.6
      vertex 96.88 114.56 3.6
      vertex 100.665 97.1959 3.6
    endloop
  endfacet
  facet normal 0 0 1
    outer loop
      vertex 104.88 112.56 3.6
      vertex 101.095 97.1959 3.6
      vertex 101.307 97.1538 3.6
    endloop
  endfacet
  facet normal 0 0 1
    outer loop
      vertex 104.88 112.56 3.6
      vertex 100.88 97.21 3.6
      vertex 101.095 97.1959 3.6
    endloop
  endfacet
  facet normal 0 0 1
    outer loop
      vertex 96.88 114.56 3.6
      vertex 101.174 117.39 3.6
      vertex 100.533 117.517 3.6
    endloop
  endfacet
  facet normal 0 0 1
    outer loop
      vertex 104.88 112.56 3.6
      vertex 100.665 97.1959 3.6
      vertex 100.88 97.21 3.6
    endloop
  endfacet
  facet normal 0 0 1
    outer loop
      vertex 100.665 97.1959 3.6
      vertex 96.88 114.56 3.6
      vertex 100.453 97.1538 3.6
    endloop
  endfacet
  facet normal 0 0 1
    outer loop
      vertex 100.453 97.1538 3.6
      vertex 96.88 114.56 3.6
      vertex 100.249 97.0844 3.6
    endloop
  endfacet
  facet normal 0 0 1
    outer loop
      vertex 96.88 114.56 3.6
      vertex 100.533 117.517 3.6
      vertex 99.88 117.56 3.6
    endloop
  endfacet
  facet normal 0 0 1
    outer loop
      vertex 100.249 97.0844 3.6
      vertex 96.88 114.56 3.6
      vertex 100.055 96.9889 3.6
    endloop
  endfacet
  facet normal 0 0 1
    outer loop
      vertex 100.055 96.9889 3.6
      vertex 96.88 114.56 3.6
      vertex 99.8755 96.869 3.6
    endloop
  endfacet
  facet normal 0 0 1
    outer loop
      vertex 99.8755 96.869 3.6
      vertex 96.88 114.56 3.6
      vertex 99.7133 96.7267 3.6
    endloop
  endfacet
  facet normal 0 0 1
    outer loop
      vertex 99.7133 96.7267 3.6
      vertex 96.88 114.56 3.6
      vertex 99.571 96.5645 3.6
    endloop
  endfacet
  facet normal 0 0 1
    outer loop
      vertex 99.571 96.5645 3.6
      vertex 96.88 114.56 3.6
      vertex 99.4511 96.385 3.6
    endloop
  endfacet
  facet normal 0 0 1
    outer loop
      vertex 99.4511 96.385 3.6
      vertex 96.88 114.56 3.6
      vertex 99.3556 96.1914 3.6
    endloop
  endfacet
  facet normal 0 0 1
    outer loop
      vertex 99.3556 96.1914 3.6
      vertex 96.88 114.56 3.6
      vertex 99.2862 95.9871 3.6
    endloop
  endfacet
  facet normal 0 0 1
    outer loop
      vertex 99.2862 95.9871 3.6
      vertex 96.88 114.56 3.6
      vertex 99.2441 95.7754 3.6
    endloop
  endfacet
  facet normal 0 0 1
    outer loop
      vertex 96.88 3 3.6
      vertex 99.2441 22.2154 3.6
      vertex 96.88 114.56 3.6
    endloop
  endfacet
  facet normal 0 0 1
    outer loop
      vertex 99.2441 95.7754 3.6
      vertex 96.88 114.56 3.6
      vertex 99.23 95.56 3.6
    endloop
  endfacet
  facet normal 0 0 1
    outer loop
      vertex 99.88 117.56 3.6
      vertex -96.88 114.56 3.6
      vertex 96.88 114.56 3.6
    endloop
  endfacet
  facet normal 0 0 1
    outer loop
      vertex -99.2441 95.3446 3.6
      vertex -96.88 114.56 3.6
      vertex -99.23 95.56 3.6
    endloop
  endfacet
  facet normal 0 0 1
    outer loop
      vertex -96.88 114.56 3.6
      vertex -99.2441 95.7754 3.6
      vertex -99.23 95.56 3.6
    endloop
  endfacet
  facet normal 0 0 1
    outer loop
      vertex -96.88 114.56 3.6
      vertex -99.2862 95.9871 3.6
      vertex -99.2441 95.7754 3.6
    endloop
  endfacet
  facet normal 0 0 1
    outer loop
      vertex -96.88 114.56 3.6
      vertex -99.3556 96.1914 3.6
      vertex -99.2862 95.9871 3.6
    endloop
  endfacet
  facet normal 0 0 1
    outer loop
      vertex -96.88 114.56 3.6
      vertex -99.4511 96.385 3.6
      vertex -99.3556 96.1914 3.6
    endloop
  endfacet
  facet normal 0 0 1
    outer loop
      vertex -96.88 114.56 3.6
      vertex -99.571 96.5645 3.6
      vertex -99.4511 96.385 3.6
    endloop
  endfacet
  facet normal 0 0 1
    outer loop
      vertex -96.88 114.56 3.6
      vertex -99.7133 96.7267 3.6
      vertex -99.571 96.5645 3.6
    endloop
  endfacet
  facet normal 0 0 1
    outer loop
      vertex -96.88 114.56 3.6
      vertex -99.8755 96.869 3.6
      vertex -99.7133 96.7267 3.6
    endloop
  endfacet
  facet normal -0 0 1
    outer loop
      vertex -99.88 117.56 3.6
      vertex -96.88 114.56 3.6
      vertex 99.88 117.56 3.6
    endloop
  endfacet
  facet normal -0 0 1
    outer loop
      vertex -100.533 117.517 3.6
      vertex -96.88 114.56 3.6
      vertex -99.88 117.56 3.6
    endloop
  endfacet
  facet normal 0 0 1
    outer loop
      vertex -96.88 114.56 3.6
      vertex -100.055 96.9889 3.6
      vertex -99.8755 96.869 3.6
    endloop
  endfacet
  facet normal 0 -0 1
    outer loop
      vertex -100.665 97.1959 3.6
      vertex -96.88 114.56 3.6
      vertex -104.88 112.56 3.6
    endloop
  endfacet
  facet normal 0 0 1
    outer loop
      vertex -96.88 114.56 3.6
      vertex -100.249 97.0844 3.6
      vertex -100.055 96.9889 3.6
    endloop
  endfacet
  facet normal -0 0 1
    outer loop
      vertex -101.174 117.39 3.6
      vertex -96.88 114.56 3.6
      vertex -100.533 117.517 3.6
    endloop
  endfacet
  facet normal 0 0 1
    outer loop
      vertex -96.88 114.56 3.6
      vertex -100.453 97.1538 3.6
      vertex -100.249 97.0844 3.6
    endloop
  endfacet
  facet normal 0 0 1
    outer loop
      vertex -96.88 114.56 3.6
      vertex -100.665 97.1959 3.6
      vertex -100.453 97.1538 3.6
    endloop
  endfacet
  facet normal 0 0 1
    outer loop
      vertex -100.665 97.1959 3.6
      vertex -104.88 112.56 3.6
      vertex -100.88 97.21 3.6
    endloop
  endfacet
  facet normal -0 0 1
    outer loop
      vertex -101.793 117.179 3.6
      vertex -96.88 114.56 3.6
      vertex -101.174 117.39 3.6
    endloop
  endfacet
  facet normal 0 0 1
    outer loop
      vertex -100.88 97.21 3.6
      vertex -104.88 112.56 3.6
      vertex -101.095 97.1959 3.6
    endloop
  endfacet
  facet normal 0 0 1
    outer loop
      vertex -101.095 97.1959 3.6
      vertex -104.88 112.56 3.6
      vertex -101.307 97.1538 3.6
    endloop
  endfacet
  facet normal 0 0 1
    outer loop
      vertex -101.307 97.1538 3.6
      vertex -104.88 112.56 3.6
      vertex -101.511 97.0844 3.6
    endloop
  endfacet
  facet normal -0 0 1
    outer loop
      vertex -102.38 116.89 3.6
      vertex -96.88 114.56 3.6
      vertex -101.793 117.179 3.6
    endloop
  endfacet
  facet normal 0 0 1
    outer loop
      vertex -101.511 97.0844 3.6
      vertex -104.88 112.56 3.6
      vertex -101.705 96.9889 3.6
    endloop
  endfacet
  facet normal 0 0 1
    outer loop
      vertex -101.705 96.9889 3.6
      vertex -104.88 112.56 3.6
      vertex -101.884 96.869 3.6
    endloop
  endfacet
  facet normal 0 0 1
    outer loop
      vertex -101.884 96.869 3.6
      vertex -104.88 112.56 3.6
      vertex -102.047 96.7267 3.6
    endloop
  endfacet
  facet normal 0 0 1
    outer loop
      vertex -102.047 96.7267 3.6
      vertex -104.88 112.56 3.6
      vertex -102.189 96.5645 3.6
    endloop
  endfacet
  facet normal -0 0 1
    outer loop
      vertex -102.924 116.527 3.6
      vertex -96.88 114.56 3.6
      vertex -102.38 116.89 3.6
    endloop
  endfacet
  facet normal 0 0 1
    outer loop
      vertex -102.189 96.5645 3.6
      vertex -104.88 112.56 3.6
      vertex -102.309 96.385 3.6
    endloop
  endfacet
  facet normal 0 0 1
    outer loop
      vertex -102.309 96.385 3.6
      vertex -104.88 112.56 3.6
      vertex -102.404 96.1914 3.6
    endloop
  endfacet
  facet normal 0 0 1
    outer loop
      vertex -102.404 96.1914 3.6
      vertex -104.88 112.56 3.6
      vertex -102.474 95.9871 3.6
    endloop
  endfacet
  facet normal 0 0 1
    outer loop
      vertex -102.474 95.9871 3.6
      vertex -104.88 112.56 3.6
      vertex -102.516 95.7754 3.6
    endloop
  endfacet
  facet normal 0 0 1
    outer loop
      vertex -102.516 95.7754 3.6
      vertex -104.88 112.56 3.6
      vertex -102.53 95.56 3.6
    endloop
  endfacet
  facet normal -0 0 1
    outer loop
      vertex -103.416 116.096 3.6
      vertex -96.88 114.56 3.6
      vertex -102.924 116.527 3.6
    endloop
  endfacet
  facet normal -0 0 1
    outer loop
      vertex 101.884 20.691 3.6
      vertex 104.88 5 3.6
      vertex 102.047 20.8333 3.6
    endloop
  endfacet
  facet normal -0 0 1
    outer loop
      vertex 101.705 20.5711 3.6
      vertex 104.88 5 3.6
      vertex 101.884 20.691 3.6
    endloop
  endfacet
  facet normal -0 0 1
    outer loop
      vertex 101.511 20.4756 3.6
      vertex 104.88 5 3.6
      vertex 101.705 20.5711 3.6
    endloop
  endfacet
  facet normal -0 0 1
    outer loop
      vertex 101.307 20.4062 3.6
      vertex 104.88 5 3.6
      vertex 101.511 20.4756 3.6
    endloop
  endfacet
  facet normal -0 0 1
    outer loop
      vertex 101.095 20.3641 3.6
      vertex 104.88 5 3.6
      vertex 101.307 20.4062 3.6
    endloop
  endfacet
  facet normal -0 0 1
    outer loop
      vertex 100.88 20.35 3.6
      vertex 104.88 5 3.6
      vertex 101.095 20.3641 3.6
    endloop
  endfacet
  facet normal 0 0 1
    outer loop
      vertex 100.665 20.3641 3.6
      vertex 104.88 5 3.6
      vertex 100.88 20.35 3.6
    endloop
  endfacet
  facet normal 0 0 1
    outer loop
      vertex 96.88 3 3.6
      vertex 104.88 5 3.6
      vertex 100.665 20.3641 3.6
    endloop
  endfacet
  facet normal 0 0 1
    outer loop
      vertex 104.88 5 3.6
      vertex 96.88 3 3.6
      vertex 104.837 4.34737 3.6
    endloop
  endfacet
  facet normal 0 0 1
    outer loop
      vertex 104.71 3.7059 3.6
      vertex 96.88 3 3.6
      vertex 104.499 3.08658 3.6
    endloop
  endfacet
  facet normal 0 0 1
    outer loop
      vertex 104.21 2.5 3.6
      vertex 96.88 3 3.6
      vertex 103.847 1.95619 3.6
    endloop
  endfacet
  facet normal 0 0 1
    outer loop
      vertex 103.847 1.95619 3.6
      vertex 96.88 3 3.6
      vertex 103.416 1.46446 3.6
    endloop
  endfacet
  facet normal 0 0 1
    outer loop
      vertex 102.924 1.03323 3.6
      vertex 96.88 3 3.6
      vertex 102.38 0.669876 3.6
    endloop
  endfacet
  facet normal 0 0 1
    outer loop
      vertex 102.38 0.669876 3.6
      vertex 96.88 3 3.6
      vertex 101.793 0.3806 3.6
    endloop
  endfacet
  facet normal 0 0 1
    outer loop
      vertex 103.416 1.46446 3.6
      vertex 96.88 3 3.6
      vertex 102.924 1.03323 3.6
    endloop
  endfacet
  facet normal 0 0 1
    outer loop
      vertex 104.499 3.08658 3.6
      vertex 96.88 3 3.6
      vertex 104.21 2.5 3.6
    endloop
  endfacet
  facet normal 0 0 1
    outer loop
      vertex 104.837 4.34737 3.6
      vertex 96.88 3 3.6
      vertex 104.71 3.7059 3.6
    endloop
  endfacet
  facet normal 0 0 1
    outer loop
      vertex 101.793 0.3806 3.6
      vertex 96.88 3 3.6
      vertex 101.174 0.170364 3.6
    endloop
  endfacet
  facet normal 0 0 1
    outer loop
      vertex 96.88 3 3.6
      vertex 100.665 20.3641 3.6
      vertex 100.453 20.4062 3.6
    endloop
  endfacet
  facet normal 0 0 1
    outer loop
      vertex 96.88 3 3.6
      vertex 100.453 20.4062 3.6
      vertex 100.249 20.4756 3.6
    endloop
  endfacet
  facet normal 0 0 1
    outer loop
      vertex 96.88 3 3.6
      vertex 100.249 20.4756 3.6
      vertex 100.055 20.5711 3.6
    endloop
  endfacet
  facet normal 0 0 1
    outer loop
      vertex 101.174 0.170364 3.6
      vertex 96.88 3 3.6
      vertex 100.533 0.0427704 3.6
    endloop
  endfacet
  facet normal 0 0 1
    outer loop
      vertex 96.88 3 3.6
      vertex 100.055 20.5711 3.6
      vertex 99.8755 20.691 3.6
    endloop
  endfacet
  facet normal 0 0 1
    outer loop
      vertex 96.88 3 3.6
      vertex 99.8755 20.691 3.6
      vertex 99.7133 20.8333 3.6
    endloop
  endfacet
  facet normal 0 0 1
    outer loop
      vertex 96.88 3 3.6
      vertex 99.7133 20.8333 3.6
      vertex 99.571 20.9955 3.6
    endloop
  endfacet
  facet normal 0 0 1
    outer loop
      vertex 96.88 3 3.6
      vertex 99.571 20.9955 3.6
      vertex 99.4511 21.175 3.6
    endloop
  endfacet
  facet normal 0 0 1
    outer loop
      vertex 96.88 3 3.6
      vertex 99.4511 21.175 3.6
      vertex 99.3556 21.3686 3.6
    endloop
  endfacet
  facet normal 0 0 1
    outer loop
      vertex 96.88 3 3.6
      vertex 99.3556 21.3686 3.6
      vertex 99.2862 21.5729 3.6
    endloop
  endfacet
  facet normal 0 0 1
    outer loop
      vertex 96.88 3 3.6
      vertex 99.2862 21.5729 3.6
      vertex 99.2441 21.7846 3.6
    endloop
  endfacet
  facet normal 0 0 1
    outer loop
      vertex 96.88 3 3.6
      vertex 99.2441 21.7846 3.6
      vertex 99.23 22 3.6
    endloop
  endfacet
  facet normal 0 0 1
    outer loop
      vertex 99.2441 22.2154 3.6
      vertex 96.88 3 3.6
      vertex 99.23 22 3.6
    endloop
  endfacet
  facet normal 0 0 1
    outer loop
      vertex 100.533 0.0427704 3.6
      vertex 96.88 3 3.6
      vertex 99.88 0 3.6
    endloop
  endfacet
  facet normal -0 0 1
    outer loop
      vertex -96.88 3 3.6
      vertex 99.88 0 3.6
      vertex 96.88 3 3.6
    endloop
  endfacet
  facet normal 0 0 1
    outer loop
      vertex -96.88 114.56 3.6
      vertex -99.2441 95.3446 3.6
      vertex -96.88 3 3.6
    endloop
  endfacet
  facet normal -0 0 1
    outer loop
      vertex -99.2441 21.7846 3.6
      vertex -96.88 3 3.6
      vertex -99.23 22 3.6
    endloop
  endfacet
  facet normal -0 0 1
    outer loop
      vertex -99.2862 21.5729 3.6
      vertex -96.88 3 3.6
      vertex -99.2441 21.7846 3.6
    endloop
  endfacet
  facet normal -0 0 1
    outer loop
      vertex -99.3556 21.3686 3.6
      vertex -96.88 3 3.6
      vertex -99.2862 21.5729 3.6
    endloop
  endfacet
  facet normal -0 0 1
    outer loop
      vertex -99.4511 21.175 3.6
      vertex -96.88 3 3.6
      vertex -99.3556 21.3686 3.6
    endloop
  endfacet
  facet normal -0 0 1
    outer loop
      vertex -99.571 20.9955 3.6
      vertex -96.88 3 3.6
      vertex -99.4511 21.175 3.6
    endloop
  endfacet
  facet normal -0 0 1
    outer loop
      vertex -99.7133 20.8333 3.6
      vertex -96.88 3 3.6
      vertex -99.571 20.9955 3.6
    endloop
  endfacet
  facet normal -0 0 1
    outer loop
      vertex -99.8755 20.691 3.6
      vertex -96.88 3 3.6
      vertex -99.7133 20.8333 3.6
    endloop
  endfacet
  facet normal 0 0 1
    outer loop
      vertex -96.88 3 3.6
      vertex -99.88 0 3.6
      vertex 99.88 0 3.6
    endloop
  endfacet
  facet normal -0 0 1
    outer loop
      vertex -100.055 20.5711 3.6
      vertex -96.88 3 3.6
      vertex -99.8755 20.691 3.6
    endloop
  endfacet
  facet normal -0 0 1
    outer loop
      vertex -100.249 20.4756 3.6
      vertex -96.88 3 3.6
      vertex -100.055 20.5711 3.6
    endloop
  endfacet
  facet normal -0 0 1
    outer loop
      vertex -100.453 20.4062 3.6
      vertex -96.88 3 3.6
      vertex -100.249 20.4756 3.6
    endloop
  endfacet
  facet normal -0 0 1
    outer loop
      vertex -100.665 20.3641 3.6
      vertex -96.88 3 3.6
      vertex -100.453 20.4062 3.6
    endloop
  endfacet
  facet normal -0 -0 1
    outer loop
      vertex -104.837 4.34737 3.6
      vertex -96.88 3 3.6
      vertex -104.88 5 3.6
    endloop
  endfacet
  facet normal 0 0 1
    outer loop
      vertex -96.88 3 3.6
      vertex -100.665 20.3641 3.6
      vertex -104.88 5 3.6
    endloop
  endfacet
  facet normal 0 0 1
    outer loop
      vertex -104.88 5 3.6
      vertex -100.665 20.3641 3.6
      vertex -100.88 20.35 3.6
    endloop
  endfacet
  facet normal 0 0 1
    outer loop
      vertex -104.88 5 3.6
      vertex -100.88 20.35 3.6
      vertex -101.095 20.3641 3.6
    endloop
  endfacet
  facet normal 0 0 1
    outer loop
      vertex -96.88 3 3.6
      vertex -100.533 0.0427704 3.6
      vertex -99.88 0 3.6
    endloop
  endfacet
  facet normal 0 0 1
    outer loop
      vertex -104.88 5 3.6
      vertex -101.095 20.3641 3.6
      vertex -101.307 20.4062 3.6
    endloop
  endfacet
  facet normal 0 0 1
    outer loop
      vertex -104.88 5 3.6
      vertex -101.307 20.4062 3.6
      vertex -101.511 20.4756 3.6
    endloop
  endfacet
  facet normal 0 0 1
    outer loop
      vertex -104.88 5 3.6
      vertex -101.511 20.4756 3.6
      vertex -101.705 20.5711 3.6
    endloop
  endfacet
  facet normal 0 0 1
    outer loop
      vertex -96.88 3 3.6
      vertex -101.174 0.170364 3.6
      vertex -100.533 0.0427704 3.6
    endloop
  endfacet
  facet normal 0 0 1
    outer loop
      vertex -104.88 5 3.6
      vertex -101.705 20.5711 3.6
      vertex -101.884 20.691 3.6
    endloop
  endfacet
  facet normal 0 0 1
    outer loop
      vertex -104.88 5 3.6
      vertex -101.884 20.691 3.6
      vertex -102.047 20.8333 3.6
    endloop
  endfacet
  facet normal 0 0 1
    outer loop
      vertex -104.88 5 3.6
      vertex -102.047 20.8333 3.6
      vertex -102.189 20.9955 3.6
    endloop
  endfacet
  facet normal 0 0 1
    outer loop
      vertex -104.88 5 3.6
      vertex -102.189 20.9955 3.6
      vertex -102.309 21.175 3.6
    endloop
  endfacet
  facet normal 0 0 1
    outer loop
      vertex -96.88 3 3.6
      vertex -101.793 0.3806 3.6
      vertex -101.174 0.170364 3.6
    endloop
  endfacet
  facet normal 0 0 1
    outer loop
      vertex -104.88 5 3.6
      vertex -102.309 21.175 3.6
      vertex -102.404 21.3686 3.6
    endloop
  endfacet
  facet normal 0 0 1
    outer loop
      vertex -104.88 5 3.6
      vertex -102.404 21.3686 3.6
      vertex -102.474 21.5729 3.6
    endloop
  endfacet
  facet normal 0 0 1
    outer loop
      vertex -104.88 5 3.6
      vertex -102.474 21.5729 3.6
      vertex -102.516 21.7846 3.6
    endloop
  endfacet
  facet normal 0 0 1
    outer loop
      vertex -104.88 5 3.6
      vertex -102.516 21.7846 3.6
      vertex -102.53 22 3.6
    endloop
  endfacet
  facet normal 0 0 1
    outer loop
      vertex -96.88 3 3.6
      vertex -102.38 0.669876 3.6
      vertex -101.793 0.3806 3.6
    endloop
  endfacet
  facet normal 0 0 1
    outer loop
      vertex -104.88 5 3.6
      vertex -102.516 22.2154 3.6
      vertex -104.88 112.56 3.6
    endloop
  endfacet
  facet normal -0 0 1
    outer loop
      vertex -103.847 115.604 3.6
      vertex -96.88 114.56 3.6
      vertex -103.416 116.096 3.6
    endloop
  endfacet
  facet normal 0 0 1
    outer loop
      vertex -102.516 22.2154 3.6
      vertex -104.88 5 3.6
      vertex -102.53 22 3.6
    endloop
  endfacet
  facet normal -0 0 1
    outer loop
      vertex -104.21 115.06 3.6
      vertex -96.88 114.56 3.6
      vertex -103.847 115.604 3.6
    endloop
  endfacet
  facet normal 0 0 1
    outer loop
      vertex -96.88 3 3.6
      vertex -102.924 1.03323 3.6
      vertex -102.38 0.669876 3.6
    endloop
  endfacet
  facet normal 0 0 1
    outer loop
      vertex -104.499 114.473 3.6
      vertex -96.88 114.56 3.6
      vertex -104.21 115.06 3.6
    endloop
  endfacet
  facet normal 0 0 1
    outer loop
      vertex -96.88 3 3.6
      vertex -103.416 1.46446 3.6
      vertex -102.924 1.03323 3.6
    endloop
  endfacet
  facet normal 0 0 1
    outer loop
      vertex -104.71 113.854 3.6
      vertex -96.88 114.56 3.6
      vertex -104.499 114.473 3.6
    endloop
  endfacet
  facet normal 0 0 1
    outer loop
      vertex -96.88 3 3.6
      vertex -103.847 1.95619 3.6
      vertex -103.416 1.46446 3.6
    endloop
  endfacet
  facet normal 0 0 1
    outer loop
      vertex -104.837 113.213 3.6
      vertex -96.88 114.56 3.6
      vertex -104.71 113.854 3.6
    endloop
  endfacet
  facet normal 0 0 1
    outer loop
      vertex -96.88 3 3.6
      vertex -104.21 2.5 3.6
      vertex -103.847 1.95619 3.6
    endloop
  endfacet
  facet normal 0 0 1
    outer loop
      vertex -96.88 114.56 3.6
      vertex -104.837 113.213 3.6
      vertex -104.88 112.56 3.6
    endloop
  endfacet
  facet normal 0 0 1
    outer loop
      vertex -96.88 3 3.6
      vertex -104.499 3.08658 3.6
      vertex -104.21 2.5 3.6
    endloop
  endfacet
  facet normal 0 0 1
    outer loop
      vertex -96.88 3 3.6
      vertex -104.71 3.7059 3.6
      vertex -104.499 3.08658 3.6
    endloop
  endfacet
  facet normal 0 0 1
    outer loop
      vertex -96.88 3 3.6
      vertex -104.837 4.34737 3.6
      vertex -104.71 3.7059 3.6
    endloop
  endfacet
  facet normal 0.588695 0.392893 -0.706451
    outer loop
      vertex 103.517 114.66 0
      vertex 103.212 115.117 0
      vertex 103.847 115.604 0.799999
    endloop
  endfacet
  facet normal 0.980959 -0.194213 0
    outer loop
      vertex 104.71 3.7059 3.6
      vertex 104.837 4.34737 0.799999
      vertex 104.837 4.34737 3.6
    endloop
  endfacet
  facet normal 0.980959 -0.194213 0
    outer loop
      vertex 104.837 4.34737 0.799999
      vertex 104.71 3.7059 3.6
      vertex 104.71 3.7059 0.799999
    endloop
  endfacet
  facet normal 0.997836 -0.0657447 0
    outer loop
      vertex 104.837 4.34737 3.6
      vertex 104.88 5 0.799999
      vertex 104.88 5 3.6
    endloop
  endfacet
  facet normal 0.997836 -0.0657447 0
    outer loop
      vertex 104.88 5 0.799999
      vertex 104.837 4.34737 3.6
      vertex 104.837 4.34737 0.799999
    endloop
  endfacet
  facet normal -0.706341 0.0465125 -0.706342
    outer loop
      vertex -104.08 112.56 0
      vertex -104.88 112.56 0.799999
      vertex -104.837 113.213 0.799999
    endloop
  endfacet
  facet normal -0.997839 0.0657076 0
    outer loop
      vertex -104.88 112.56 0.799999
      vertex -104.837 113.213 3.6
      vertex -104.837 113.213 0.799999
    endloop
  endfacet
  facet normal -0.997839 0.0657076 0
    outer loop
      vertex -104.837 113.213 3.6
      vertex -104.88 112.56 0.799999
      vertex -104.88 112.56 3.6
    endloop
  endfacet
  facet normal -0.897161 0.441703 0
    outer loop
      vertex -104.499 114.473 0.799999
      vertex -104.21 115.06 3.6
      vertex -104.21 115.06 0.799999
    endloop
  endfacet
  facet normal -0.897161 0.441703 0
    outer loop
      vertex -104.21 115.06 3.6
      vertex -104.499 114.473 0.799999
      vertex -104.499 114.473 3.6
    endloop
  endfacet
  facet normal -0.53224 0.466516 -0.706458
    outer loop
      vertex -103.212 115.117 0
      vertex -103.847 115.604 0.799999
      vertex -102.85 115.53 0
    endloop
  endfacet
  facet normal -0.70639 0.0464052 -0.7063
    outer loop
      vertex -104.08 112.56 0
      vertex -104.837 113.213 0.799999
      vertex -104.044 113.108 0
    endloop
  endfacet
  facet normal -0.466516 0.53224 -0.706458
    outer loop
      vertex -102.85 115.53 0
      vertex -102.924 116.527 0.799999
      vertex -102.437 115.892 0
    endloop
  endfacet
  facet normal -0.392893 0.588695 -0.706451
    outer loop
      vertex -102.437 115.892 0
      vertex -102.924 116.527 0.799999
      vertex -101.98 116.197 0
    endloop
  endfacet
  facet normal 0.694324 0.137834 -0.70634
    outer loop
      vertex 104.044 113.108 0
      vertex 103.937 113.647 0
      vertex 104.837 113.213 0.799999
    endloop
  endfacet
  facet normal 0.658937 0.752198 -0
    outer loop
      vertex 103.416 116.096 0.799999
      vertex 102.924 116.527 3.6
      vertex 103.416 116.096 3.6
    endloop
  endfacet
  facet normal 0.658937 0.752198 0
    outer loop
      vertex 102.924 116.527 3.6
      vertex 103.416 116.096 0.799999
      vertex 102.924 116.527 0.799999
    endloop
  endfacet
  facet normal 0 0 -1
    outer loop
      vertex -97.7984 22.8243 0
      vertex -92.48 9.4 0
      vertex -97.7173 22.4164 0
    endloop
  endfacet
  facet normal 0 0 -1
    outer loop
      vertex -92.48 108.16 0
      vertex -97.7172 95.145 0
      vertex -97.69 95.56 0
    endloop
  endfacet
  facet normal 0 0 -1
    outer loop
      vertex -97.7987 22.8256 0
      vertex -92.48 9.4 0
      vertex -97.7984 22.8243 0
    endloop
  endfacet
  facet normal 0 0 -1
    outer loop
      vertex -92.48 108.16 0
      vertex -97.7173 95.1436 0
      vertex -97.7172 95.145 0
    endloop
  endfacet
  facet normal 0 0 -1
    outer loop
      vertex -92.48 9.4 0
      vertex -97.7987 22.8256 0
      vertex -92.48 108.16 0
    endloop
  endfacet
  facet normal 0 0 -1
    outer loop
      vertex -92.48 108.16 0
      vertex -97.7984 94.7357 0
      vertex -97.7173 95.1436 0
    endloop
  endfacet
  facet normal 0 0 -1
    outer loop
      vertex -97.7987 94.7344 0
      vertex -92.48 108.16 0
      vertex -97.7987 22.8256 0
    endloop
  endfacet
  facet normal 0 0 -1
    outer loop
      vertex -92.48 108.16 0
      vertex -97.7987 94.7344 0
      vertex -97.7984 94.7357 0
    endloop
  endfacet
  facet normal 0 0 -1
    outer loop
      vertex -97.7991 22.827 0
      vertex -97.7987 94.7344 0
      vertex -97.7987 22.8256 0
    endloop
  endfacet
  facet normal 0 0 -1
    outer loop
      vertex -97.7991 22.827 0
      vertex -97.7991 94.733 0
      vertex -97.7987 94.7344 0
    endloop
  endfacet
  facet normal 0 0 -1
    outer loop
      vertex -97.9328 23.2208 0
      vertex -97.7991 94.733 0
      vertex -97.7991 22.827 0
    endloop
  endfacet
  facet normal 0 0 -1
    outer loop
      vertex -97.9328 23.2208 0
      vertex -97.9328 94.3392 0
      vertex -97.7991 94.733 0
    endloop
  endfacet
  facet normal 0 0 -1
    outer loop
      vertex -97.9334 23.222 0
      vertex -97.9328 94.3392 0
      vertex -97.9328 23.2208 0
    endloop
  endfacet
  facet normal 0 0 -1
    outer loop
      vertex -97.9334 23.222 0
      vertex -97.9334 94.338 0
      vertex -97.9328 94.3392 0
    endloop
  endfacet
  facet normal 0 0 -1
    outer loop
      vertex -98.1174 23.595 0
      vertex -97.9334 94.338 0
      vertex -97.9334 23.222 0
    endloop
  endfacet
  facet normal 0 0 -1
    outer loop
      vertex -98.1174 23.595 0
      vertex -98.1174 93.965 0
      vertex -97.9334 94.338 0
    endloop
  endfacet
  facet normal 0 0 -1
    outer loop
      vertex -98.3484 23.9408 0
      vertex -98.1174 93.965 0
      vertex -98.1174 23.595 0
    endloop
  endfacet
  facet normal 0 0 -1
    outer loop
      vertex -98.3484 23.9408 0
      vertex -98.3484 93.6192 0
      vertex -98.1174 93.965 0
    endloop
  endfacet
  facet normal 0 0 -1
    outer loop
      vertex -98.3492 23.9419 0
      vertex -98.3484 93.6192 0
      vertex -98.3484 23.9408 0
    endloop
  endfacet
  facet normal 0 0 -1
    outer loop
      vertex -98.3492 23.9419 0
      vertex -98.3492 93.618 0
      vertex -98.3484 93.6192 0
    endloop
  endfacet
  facet normal 0 0 -1
    outer loop
      vertex -98.3501 23.943 0
      vertex -98.3492 93.618 0
      vertex -98.3492 23.9419 0
    endloop
  endfacet
  facet normal 0 0 -1
    outer loop
      vertex -98.3501 23.943 0
      vertex -98.3501 93.617 0
      vertex -98.3492 93.618 0
    endloop
  endfacet
  facet normal 0 0 -1
    outer loop
      vertex -98.6243 24.2557 0
      vertex -98.3501 93.617 0
      vertex -98.3501 23.943 0
    endloop
  endfacet
  facet normal 0 0 -1
    outer loop
      vertex -98.6243 24.2557 0
      vertex -98.6243 93.3043 0
      vertex -98.3501 93.617 0
    endloop
  endfacet
  facet normal 0 0 -1
    outer loop
      vertex -98.937 24.5299 0
      vertex -98.6243 93.3043 0
      vertex -98.6243 24.2557 0
    endloop
  endfacet
  facet normal 0 0 -1
    outer loop
      vertex -98.937 24.5299 0
      vertex -98.937 93.0301 0
      vertex -98.6243 93.3043 0
    endloop
  endfacet
  facet normal 0 0 -1
    outer loop
      vertex -98.938 24.5308 0
      vertex -98.937 93.0301 0
      vertex -98.937 24.5299 0
    endloop
  endfacet
  facet normal 0 0 -1
    outer loop
      vertex -98.938 24.5308 0
      vertex -98.938 93.0292 0
      vertex -98.937 93.0301 0
    endloop
  endfacet
  facet normal 0 0 -1
    outer loop
      vertex -98.9392 24.5316 0
      vertex -98.938 93.0292 0
      vertex -98.938 24.5308 0
    endloop
  endfacet
  facet normal 0 0 -1
    outer loop
      vertex -98.9392 24.5316 0
      vertex -98.9392 93.0284 0
      vertex -98.938 93.0292 0
    endloop
  endfacet
  facet normal 0 0 -1
    outer loop
      vertex -99.285 24.7626 0
      vertex -98.9392 93.0284 0
      vertex -98.9392 24.5316 0
    endloop
  endfacet
  facet normal 0 0 -1
    outer loop
      vertex -99.285 24.7626 0
      vertex -99.285 92.7974 0
      vertex -98.9392 93.0284 0
    endloop
  endfacet
  facet normal 0 0 -1
    outer loop
      vertex -99.658 24.9466 0
      vertex -99.285 92.7974 0
      vertex -99.285 24.7626 0
    endloop
  endfacet
  facet normal 0 0 -1
    outer loop
      vertex -99.658 24.9466 0
      vertex -99.658 92.6134 0
      vertex -99.285 92.7974 0
    endloop
  endfacet
  facet normal 0 0 -1
    outer loop
      vertex -99.6592 24.9472 0
      vertex -99.658 92.6134 0
      vertex -99.658 24.9466 0
    endloop
  endfacet
  facet normal 0 0 -1
    outer loop
      vertex -99.6592 24.9472 0
      vertex -99.6592 92.6128 0
      vertex -99.658 92.6134 0
    endloop
  endfacet
  facet normal 0 0 -1
    outer loop
      vertex -100.053 25.0809 0
      vertex -99.6592 92.6128 0
      vertex -99.6592 24.9472 0
    endloop
  endfacet
  facet normal 0 0 -1
    outer loop
      vertex -100.053 25.0809 0
      vertex -100.053 92.4791 0
      vertex -99.6592 92.6128 0
    endloop
  endfacet
  facet normal 0 0 -1
    outer loop
      vertex -100.054 25.0813 0
      vertex -100.053 92.4791 0
      vertex -100.053 25.0809 0
    endloop
  endfacet
  facet normal 0 0 -1
    outer loop
      vertex -100.054 25.0813 0
      vertex -100.054 92.4787 0
      vertex -100.053 92.4791 0
    endloop
  endfacet
  facet normal 0 0 -1
    outer loop
      vertex -100.056 25.0816 0
      vertex -100.054 92.4787 0
      vertex -100.054 25.0813 0
    endloop
  endfacet
  facet normal 0 0 -1
    outer loop
      vertex -100.056 25.0816 0
      vertex -100.056 92.4784 0
      vertex -100.054 92.4787 0
    endloop
  endfacet
  facet normal 0 0 -1
    outer loop
      vertex -100.464 25.1627 0
      vertex -100.056 92.4784 0
      vertex -100.056 25.0816 0
    endloop
  endfacet
  facet normal 0 0 -1
    outer loop
      vertex -100.464 25.1627 0
      vertex -100.464 92.3973 0
      vertex -100.056 92.4784 0
    endloop
  endfacet
  facet normal 0 0 -1
    outer loop
      vertex -100.465 25.1628 0
      vertex -100.464 92.3973 0
      vertex -100.464 25.1627 0
    endloop
  endfacet
  facet normal 0 0 -1
    outer loop
      vertex -100.465 25.1628 0
      vertex -100.465 92.3972 0
      vertex -100.464 92.3973 0
    endloop
  endfacet
  facet normal 0 0 -1
    outer loop
      vertex -100.88 25.19 0
      vertex -100.465 92.3972 0
      vertex -100.465 25.1628 0
    endloop
  endfacet
  facet normal 0 0 -1
    outer loop
      vertex -100.88 25.19 0
      vertex -100.88 92.37 0
      vertex -100.465 92.3972 0
    endloop
  endfacet
  facet normal 0 0 -1
    outer loop
      vertex -101.295 25.1628 0
      vertex -100.88 92.37 0
      vertex -100.88 25.19 0
    endloop
  endfacet
  facet normal 0 0 -1
    outer loop
      vertex -101.295 25.1628 0
      vertex -101.295 92.3972 0
      vertex -100.88 92.37 0
    endloop
  endfacet
  facet normal 0 0 -1
    outer loop
      vertex -101.296 25.1627 0
      vertex -101.295 92.3972 0
      vertex -101.295 25.1628 0
    endloop
  endfacet
  facet normal 0 0 -1
    outer loop
      vertex -101.296 25.1627 0
      vertex -101.296 92.3973 0
      vertex -101.295 92.3972 0
    endloop
  endfacet
  facet normal 0 0 -1
    outer loop
      vertex -101.704 25.0816 0
      vertex -101.296 92.3973 0
      vertex -101.296 25.1627 0
    endloop
  endfacet
  facet normal 0 0 -1
    outer loop
      vertex -101.704 25.0816 0
      vertex -101.704 92.4784 0
      vertex -101.296 92.3973 0
    endloop
  endfacet
  facet normal 0 0 -1
    outer loop
      vertex -101.706 25.0813 0
      vertex -101.704 92.4784 0
      vertex -101.704 25.0816 0
    endloop
  endfacet
  facet normal 0 0 -1
    outer loop
      vertex -101.706 25.0813 0
      vertex -101.706 92.4787 0
      vertex -101.704 92.4784 0
    endloop
  endfacet
  facet normal 0 0 -1
    outer loop
      vertex -101.707 25.0809 0
      vertex -101.706 92.4787 0
      vertex -101.706 25.0813 0
    endloop
  endfacet
  facet normal 0 0 -1
    outer loop
      vertex -101.707 25.0809 0
      vertex -101.707 92.4791 0
      vertex -101.706 92.4787 0
    endloop
  endfacet
  facet normal 0 0 -1
    outer loop
      vertex -102.101 24.9472 0
      vertex -101.707 92.4791 0
      vertex -101.707 25.0809 0
    endloop
  endfacet
  facet normal 0 0 -1
    outer loop
      vertex -102.101 24.9472 0
      vertex -102.101 92.6128 0
      vertex -101.707 92.4791 0
    endloop
  endfacet
  facet normal 0 0 -1
    outer loop
      vertex -102.102 24.9466 0
      vertex -102.101 92.6128 0
      vertex -102.101 24.9472 0
    endloop
  endfacet
  facet normal 0 0 -1
    outer loop
      vertex -102.102 24.9466 0
      vertex -102.102 92.6134 0
      vertex -102.101 92.6128 0
    endloop
  endfacet
  facet normal 0 0 -1
    outer loop
      vertex -102.475 24.7626 0
      vertex -102.102 92.6134 0
      vertex -102.102 24.9466 0
    endloop
  endfacet
  facet normal 0 0 -1
    outer loop
      vertex -102.475 24.7626 0
      vertex -102.475 92.7974 0
      vertex -102.102 92.6134 0
    endloop
  endfacet
  facet normal 0 0 -1
    outer loop
      vertex -102.821 24.5316 0
      vertex -102.475 92.7974 0
      vertex -102.475 24.7626 0
    endloop
  endfacet
  facet normal 0 0 -1
    outer loop
      vertex -102.821 24.5316 0
      vertex -102.821 93.0284 0
      vertex -102.475 92.7974 0
    endloop
  endfacet
  facet normal 0 0 -1
    outer loop
      vertex -102.822 24.5308 0
      vertex -102.821 93.0284 0
      vertex -102.821 24.5316 0
    endloop
  endfacet
  facet normal 0 0 -1
    outer loop
      vertex -102.822 24.5308 0
      vertex -102.822 93.0292 0
      vertex -102.821 93.0284 0
    endloop
  endfacet
  facet normal 0 0 -1
    outer loop
      vertex -102.823 24.5299 0
      vertex -102.822 93.0292 0
      vertex -102.822 24.5308 0
    endloop
  endfacet
  facet normal 0 0 -1
    outer loop
      vertex -102.823 24.5299 0
      vertex -102.823 93.0301 0
      vertex -102.822 93.0292 0
    endloop
  endfacet
  facet normal 0 0 -1
    outer loop
      vertex -103.136 24.2557 0
      vertex -102.823 93.0301 0
      vertex -102.823 24.5299 0
    endloop
  endfacet
  facet normal 0 0 -1
    outer loop
      vertex -103.136 24.2557 0
      vertex -103.136 93.3043 0
      vertex -102.823 93.0301 0
    endloop
  endfacet
  facet normal 0 0 -1
    outer loop
      vertex -103.41 23.943 0
      vertex -103.136 93.3043 0
      vertex -103.136 24.2557 0
    endloop
  endfacet
  facet normal 0 0 -1
    outer loop
      vertex -103.41 23.943 0
      vertex -103.41 93.617 0
      vertex -103.136 93.3043 0
    endloop
  endfacet
  facet normal 0 0 -1
    outer loop
      vertex -103.411 23.9419 0
      vertex -103.41 93.617 0
      vertex -103.41 23.943 0
    endloop
  endfacet
  facet normal 0 0 -1
    outer loop
      vertex -103.411 23.9419 0
      vertex -103.411 93.618 0
      vertex -103.41 93.617 0
    endloop
  endfacet
  facet normal 0 0 -1
    outer loop
      vertex -103.412 23.9408 0
      vertex -103.411 93.618 0
      vertex -103.411 23.9419 0
    endloop
  endfacet
  facet normal 0 0 -1
    outer loop
      vertex -103.412 23.9408 0
      vertex -103.412 93.6192 0
      vertex -103.411 93.618 0
    endloop
  endfacet
  facet normal 0 0 -1
    outer loop
      vertex -103.643 23.595 0
      vertex -103.412 93.6192 0
      vertex -103.412 23.9408 0
    endloop
  endfacet
  facet normal 0 0 -1
    outer loop
      vertex -103.643 23.595 0
      vertex -103.643 93.965 0
      vertex -103.412 93.6192 0
    endloop
  endfacet
  facet normal 0 0 -1
    outer loop
      vertex -103.827 23.222 0
      vertex -103.643 93.965 0
      vertex -103.643 23.595 0
    endloop
  endfacet
  facet normal 0 0 -1
    outer loop
      vertex -103.827 23.222 0
      vertex -103.827 94.338 0
      vertex -103.643 93.965 0
    endloop
  endfacet
  facet normal 0 0 0
    outer loop
      vertex -103.827 23.2208 0
      vertex -103.827 94.338 0
      vertex -103.827 23.222 0
    endloop
  endfacet
  facet normal 0 0 0
    outer loop
      vertex -103.827 23.2208 0
      vertex -103.827 94.3392 0
      vertex -103.827 94.338 0
    endloop
  endfacet
  facet normal 0 0 -1
    outer loop
      vertex -103.961 22.827 0
      vertex -103.827 94.3392 0
      vertex -103.827 23.2208 0
    endloop
  endfacet
  facet normal 0 0 -1
    outer loop
      vertex -103.961 22.827 0
      vertex -103.961 94.733 0
      vertex -103.827 94.3392 0
    endloop
  endfacet
  facet normal 0 0 0
    outer loop
      vertex -103.961 22.8256 0
      vertex -103.961 94.733 0
      vertex -103.961 22.827 0
    endloop
  endfacet
  facet normal 0 0 0
    outer loop
      vertex -103.961 22.8256 0
      vertex -103.961 94.7344 0
      vertex -103.961 94.733 0
    endloop
  endfacet
  facet normal 0 0 -1
    outer loop
      vertex -103.962 22.8243 0
      vertex -103.961 94.7344 0
      vertex -103.961 22.8256 0
    endloop
  endfacet
  facet normal 0 0 -1
    outer loop
      vertex -103.962 22.8243 0
      vertex -103.962 94.7357 0
      vertex -103.961 94.7344 0
    endloop
  endfacet
  facet normal 0 0 -1
    outer loop
      vertex -104.043 22.4164 0
      vertex -103.962 94.7357 0
      vertex -103.962 22.8243 0
    endloop
  endfacet
  facet normal 0 0 -1
    outer loop
      vertex -104.043 22.4164 0
      vertex -104.043 95.1436 0
      vertex -103.962 94.7357 0
    endloop
  endfacet
  facet normal 0 0 0
    outer loop
      vertex -104.043 22.415 0
      vertex -104.043 95.1436 0
      vertex -104.043 22.4164 0
    endloop
  endfacet
  facet normal 0 0 0
    outer loop
      vertex -104.043 22.415 0
      vertex -104.043 95.145 0
      vertex -104.043 95.1436 0
    endloop
  endfacet
  facet normal 0 0 -1
    outer loop
      vertex -104.07 22 0
      vertex -104.043 95.145 0
      vertex -104.043 22.415 0
    endloop
  endfacet
  facet normal -0 0 -1
    outer loop
      vertex -104.043 95.145 0
      vertex -104.07 22 0
      vertex -104.07 95.56 0
    endloop
  endfacet
  facet normal 0 0 -1
    outer loop
      vertex 104.043 22.415 0
      vertex 104.07 95.56 0
      vertex 104.07 22 0
    endloop
  endfacet
  facet normal 0 0 -1
    outer loop
      vertex 104.043 22.415 0
      vertex 104.043 95.145 0
      vertex 104.07 95.56 0
    endloop
  endfacet
  facet normal 0 0 -0
    outer loop
      vertex 104.043 22.4164 0
      vertex 104.043 95.145 0
      vertex 104.043 22.415 0
    endloop
  endfacet
  facet normal 0 0 0
    outer loop
      vertex 104.043 22.4164 0
      vertex 104.043 95.1436 0
      vertex 104.043 95.145 0
    endloop
  endfacet
  facet normal 0 0 -1
    outer loop
      vertex 103.962 22.8243 0
      vertex 104.043 95.1436 0
      vertex 104.043 22.4164 0
    endloop
  endfacet
  facet normal 0 0 -1
    outer loop
      vertex 103.962 22.8243 0
      vertex 103.962 94.7357 0
      vertex 104.043 95.1436 0
    endloop
  endfacet
  facet normal 0 0 -1
    outer loop
      vertex 103.961 22.8256 0
      vertex 103.962 94.7357 0
      vertex 103.962 22.8243 0
    endloop
  endfacet
  facet normal 0 0 -1
    outer loop
      vertex 103.961 22.8256 0
      vertex 103.961 94.7344 0
      vertex 103.962 94.7357 0
    endloop
  endfacet
  facet normal 0 0 -0
    outer loop
      vertex 103.961 22.827 0
      vertex 103.961 94.7344 0
      vertex 103.961 22.8256 0
    endloop
  endfacet
  facet normal 0 0 0
    outer loop
      vertex 103.961 22.827 0
      vertex 103.961 94.733 0
      vertex 103.961 94.7344 0
    endloop
  endfacet
  facet normal 0 0 -1
    outer loop
      vertex 103.827 23.2208 0
      vertex 103.961 94.733 0
      vertex 103.961 22.827 0
    endloop
  endfacet
  facet normal 0 0 -1
    outer loop
      vertex 103.827 23.2208 0
      vertex 103.827 94.3392 0
      vertex 103.961 94.733 0
    endloop
  endfacet
  facet normal 0 0 -0
    outer loop
      vertex 103.827 23.222 0
      vertex 103.827 94.3392 0
      vertex 103.827 23.2208 0
    endloop
  endfacet
  facet normal 0 0 0
    outer loop
      vertex 103.827 23.222 0
      vertex 103.827 94.338 0
      vertex 103.827 94.3392 0
    endloop
  endfacet
  facet normal 0 0 -1
    outer loop
      vertex 103.643 23.595 0
      vertex 103.827 94.338 0
      vertex 103.827 23.222 0
    endloop
  endfacet
  facet normal 0 0 -1
    outer loop
      vertex 103.643 23.595 0
      vertex 103.643 93.965 0
      vertex 103.827 94.338 0
    endloop
  endfacet
  facet normal 0 0 -1
    outer loop
      vertex 103.412 23.9408 0
      vertex 103.643 93.965 0
      vertex 103.643 23.595 0
    endloop
  endfacet
  facet normal 0 0 -1
    outer loop
      vertex 103.412 23.9408 0
      vertex 103.412 93.6192 0
      vertex 103.643 93.965 0
    endloop
  endfacet
  facet normal 0 0 -1
    outer loop
      vertex 103.411 23.9419 0
      vertex 103.412 93.6192 0
      vertex 103.412 23.9408 0
    endloop
  endfacet
  facet normal 0 0 -1
    outer loop
      vertex 103.411 23.9419 0
      vertex 103.411 93.618 0
      vertex 103.412 93.6192 0
    endloop
  endfacet
  facet normal 0 0 -1
    outer loop
      vertex 103.41 23.943 0
      vertex 103.411 93.618 0
      vertex 103.411 23.9419 0
    endloop
  endfacet
  facet normal 0 0 -1
    outer loop
      vertex 103.41 23.943 0
      vertex 103.41 93.617 0
      vertex 103.411 93.618 0
    endloop
  endfacet
  facet normal 0 0 -1
    outer loop
      vertex 103.136 24.2557 0
      vertex 103.41 93.617 0
      vertex 103.41 23.943 0
    endloop
  endfacet
  facet normal 0 0 -1
    outer loop
      vertex 103.136 24.2557 0
      vertex 103.136 93.3043 0
      vertex 103.41 93.617 0
    endloop
  endfacet
  facet normal 0 0 -1
    outer loop
      vertex 102.823 24.5299 0
      vertex 103.136 93.3043 0
      vertex 103.136 24.2557 0
    endloop
  endfacet
  facet normal 0 0 -1
    outer loop
      vertex 102.823 24.5299 0
      vertex 102.823 93.0301 0
      vertex 103.136 93.3043 0
    endloop
  endfacet
  facet normal 0 0 -1
    outer loop
      vertex 102.822 24.5308 0
      vertex 102.823 93.0301 0
      vertex 102.823 24.5299 0
    endloop
  endfacet
  facet normal 0 0 -1
    outer loop
      vertex 102.822 24.5308 0
      vertex 102.822 93.0292 0
      vertex 102.823 93.0301 0
    endloop
  endfacet
  facet normal 0 0 -1
    outer loop
      vertex 102.821 24.5316 0
      vertex 102.822 93.0292 0
      vertex 102.822 24.5308 0
    endloop
  endfacet
  facet normal 0 0 -1
    outer loop
      vertex 102.821 24.5316 0
      vertex 102.821 93.0284 0
      vertex 102.822 93.0292 0
    endloop
  endfacet
  facet normal 0 0 -1
    outer loop
      vertex 102.475 24.7626 0
      vertex 102.821 93.0284 0
      vertex 102.821 24.5316 0
    endloop
  endfacet
  facet normal 0 0 -1
    outer loop
      vertex 102.475 24.7626 0
      vertex 102.475 92.7974 0
      vertex 102.821 93.0284 0
    endloop
  endfacet
  facet normal 0 0 -1
    outer loop
      vertex 102.102 24.9466 0
      vertex 102.475 92.7974 0
      vertex 102.475 24.7626 0
    endloop
  endfacet
  facet normal 0 0 -1
    outer loop
      vertex 102.102 24.9466 0
      vertex 102.102 92.6134 0
      vertex 102.475 92.7974 0
    endloop
  endfacet
  facet normal 0 0 -1
    outer loop
      vertex 102.101 24.9472 0
      vertex 102.102 92.6134 0
      vertex 102.102 24.9466 0
    endloop
  endfacet
  facet normal 0 0 -1
    outer loop
      vertex 102.101 24.9472 0
      vertex 102.101 92.6128 0
      vertex 102.102 92.6134 0
    endloop
  endfacet
  facet normal 0 0 -1
    outer loop
      vertex 101.707 25.0809 0
      vertex 102.101 92.6128 0
      vertex 102.101 24.9472 0
    endloop
  endfacet
  facet normal 0 0 -1
    outer loop
      vertex 101.707 25.0809 0
      vertex 101.707 92.4791 0
      vertex 102.101 92.6128 0
    endloop
  endfacet
  facet normal 0 0 -1
    outer loop
      vertex 101.706 25.0813 0
      vertex 101.707 92.4791 0
      vertex 101.707 25.0809 0
    endloop
  endfacet
  facet normal 0 0 -1
    outer loop
      vertex 101.706 25.0813 0
      vertex 101.706 92.4787 0
      vertex 101.707 92.4791 0
    endloop
  endfacet
  facet normal 0 0 -1
    outer loop
      vertex 101.704 25.0816 0
      vertex 101.706 92.4787 0
      vertex 101.706 25.0813 0
    endloop
  endfacet
  facet normal 0 0 -1
    outer loop
      vertex 101.704 25.0816 0
      vertex 101.704 92.4784 0
      vertex 101.706 92.4787 0
    endloop
  endfacet
  facet normal 0 0 -1
    outer loop
      vertex 101.296 25.1627 0
      vertex 101.704 92.4784 0
      vertex 101.704 25.0816 0
    endloop
  endfacet
  facet normal 0 0 -1
    outer loop
      vertex 101.296 25.1627 0
      vertex 101.296 92.3973 0
      vertex 101.704 92.4784 0
    endloop
  endfacet
  facet normal 0 0 -1
    outer loop
      vertex 101.295 25.1628 0
      vertex 101.296 92.3973 0
      vertex 101.296 25.1627 0
    endloop
  endfacet
  facet normal 0 0 -1
    outer loop
      vertex 101.295 25.1628 0
      vertex 101.295 92.3972 0
      vertex 101.296 92.3973 0
    endloop
  endfacet
  facet normal 0 0 -1
    outer loop
      vertex 100.88 25.19 0
      vertex 101.295 92.3972 0
      vertex 101.295 25.1628 0
    endloop
  endfacet
  facet normal 0 0 -1
    outer loop
      vertex 100.88 25.19 0
      vertex 100.88 92.37 0
      vertex 101.295 92.3972 0
    endloop
  endfacet
  facet normal 0 0 -1
    outer loop
      vertex 100.465 25.1628 0
      vertex 100.88 92.37 0
      vertex 100.88 25.19 0
    endloop
  endfacet
  facet normal 0 0 -1
    outer loop
      vertex 100.465 25.1628 0
      vertex 100.465 92.3972 0
      vertex 100.88 92.37 0
    endloop
  endfacet
  facet normal 0 0 -1
    outer loop
      vertex 100.464 25.1627 0
      vertex 100.465 92.3972 0
      vertex 100.465 25.1628 0
    endloop
  endfacet
  facet normal 0 0 -1
    outer loop
      vertex 100.464 25.1627 0
      vertex 100.464 92.3973 0
      vertex 100.465 92.3972 0
    endloop
  endfacet
  facet normal 0 0 -1
    outer loop
      vertex 100.056 25.0816 0
      vertex 100.464 92.3973 0
      vertex 100.464 25.1627 0
    endloop
  endfacet
  facet normal 0 0 -1
    outer loop
      vertex 100.056 25.0816 0
      vertex 100.056 92.4784 0
      vertex 100.464 92.3973 0
    endloop
  endfacet
  facet normal 0 0 -1
    outer loop
      vertex 100.054 25.0813 0
      vertex 100.056 92.4784 0
      vertex 100.056 25.0816 0
    endloop
  endfacet
  facet normal 0 0 -1
    outer loop
      vertex 100.054 25.0813 0
      vertex 100.054 92.4787 0
      vertex 100.056 92.4784 0
    endloop
  endfacet
  facet normal 0 0 -1
    outer loop
      vertex 100.053 25.0809 0
      vertex 100.054 92.4787 0
      vertex 100.054 25.0813 0
    endloop
  endfacet
  facet normal 0 0 -1
    outer loop
      vertex 100.053 25.0809 0
      vertex 100.053 92.4791 0
      vertex 100.054 92.4787 0
    endloop
  endfacet
  facet normal 0 0 -1
    outer loop
      vertex 99.6592 24.9472 0
      vertex 100.053 92.4791 0
      vertex 100.053 25.0809 0
    endloop
  endfacet
  facet normal 0 0 -1
    outer loop
      vertex 99.6592 24.9472 0
      vertex 99.6592 92.6128 0
      vertex 100.053 92.4791 0
    endloop
  endfacet
  facet normal 0 0 -1
    outer loop
      vertex 99.658 24.9466 0
      vertex 99.6592 92.6128 0
      vertex 99.6592 24.9472 0
    endloop
  endfacet
  facet normal 0 0 -1
    outer loop
      vertex 99.658 24.9466 0
      vertex 99.658 92.6134 0
      vertex 99.6592 92.6128 0
    endloop
  endfacet
  facet normal 0 0 -1
    outer loop
      vertex 99.285 24.7626 0
      vertex 99.658 92.6134 0
      vertex 99.658 24.9466 0
    endloop
  endfacet
  facet normal 0 0 -1
    outer loop
      vertex 99.285 24.7626 0
      vertex 99.285 92.7974 0
      vertex 99.658 92.6134 0
    endloop
  endfacet
  facet normal 0 0 -1
    outer loop
      vertex 98.9392 24.5316 0
      vertex 99.285 92.7974 0
      vertex 99.285 24.7626 0
    endloop
  endfacet
  facet normal 0 0 -1
    outer loop
      vertex 98.9392 24.5316 0
      vertex 98.9392 93.0284 0
      vertex 99.285 92.7974 0
    endloop
  endfacet
  facet normal 0 0 -1
    outer loop
      vertex 98.938 24.5308 0
      vertex 98.9392 93.0284 0
      vertex 98.9392 24.5316 0
    endloop
  endfacet
  facet normal 0 0 -1
    outer loop
      vertex 98.938 24.5308 0
      vertex 98.938 93.0292 0
      vertex 98.9392 93.0284 0
    endloop
  endfacet
  facet normal 0 0 -1
    outer loop
      vertex 98.937 24.5299 0
      vertex 98.938 93.0292 0
      vertex 98.938 24.5308 0
    endloop
  endfacet
  facet normal 0 0 -1
    outer loop
      vertex 98.937 24.5299 0
      vertex 98.937 93.0301 0
      vertex 98.938 93.0292 0
    endloop
  endfacet
  facet normal 0 0 -1
    outer loop
      vertex 98.6243 24.2557 0
      vertex 98.937 93.0301 0
      vertex 98.937 24.5299 0
    endloop
  endfacet
  facet normal 0 0 -1
    outer loop
      vertex 98.6243 24.2557 0
      vertex 98.6243 93.3043 0
      vertex 98.937 93.0301 0
    endloop
  endfacet
  facet normal 0 0 -1
    outer loop
      vertex 98.3501 23.943 0
      vertex 98.6243 93.3043 0
      vertex 98.6243 24.2557 0
    endloop
  endfacet
  facet normal 0 0 -1
    outer loop
      vertex 98.3501 23.943 0
      vertex 98.3501 93.617 0
      vertex 98.6243 93.3043 0
    endloop
  endfacet
  facet normal 0 0 -1
    outer loop
      vertex 98.3492 23.9419 0
      vertex 98.3501 93.617 0
      vertex 98.3501 23.943 0
    endloop
  endfacet
  facet normal 0 0 -1
    outer loop
      vertex 98.3492 23.9419 0
      vertex 98.3492 93.618 0
      vertex 98.3501 93.617 0
    endloop
  endfacet
  facet normal 0 0 -1
    outer loop
      vertex 98.3484 23.9408 0
      vertex 98.3492 93.618 0
      vertex 98.3492 23.9419 0
    endloop
  endfacet
  facet normal 0 0 -1
    outer loop
      vertex 98.3484 23.9408 0
      vertex 98.3484 93.6192 0
      vertex 98.3492 93.618 0
    endloop
  endfacet
  facet normal 0 0 -1
    outer loop
      vertex 98.1174 23.595 0
      vertex 98.3484 93.6192 0
      vertex 98.3484 23.9408 0
    endloop
  endfacet
  facet normal 0 0 -1
    outer loop
      vertex 98.1174 23.595 0
      vertex 98.1174 93.965 0
      vertex 98.3484 93.6192 0
    endloop
  endfacet
  facet normal 0 0 -1
    outer loop
      vertex 97.9334 23.222 0
      vertex 98.1174 93.965 0
      vertex 98.1174 23.595 0
    endloop
  endfacet
  facet normal 0 0 -1
    outer loop
      vertex 97.9334 23.222 0
      vertex 97.9334 94.338 0
      vertex 98.1174 93.965 0
    endloop
  endfacet
  facet normal 0 0 -1
    outer loop
      vertex 97.9328 23.2208 0
      vertex 97.9334 94.338 0
      vertex 97.9334 23.222 0
    endloop
  endfacet
  facet normal 0 0 -1
    outer loop
      vertex 97.9328 23.2208 0
      vertex 97.9328 94.3392 0
      vertex 97.9334 94.338 0
    endloop
  endfacet
  facet normal 0 0 -1
    outer loop
      vertex 97.7991 22.827 0
      vertex 97.9328 94.3392 0
      vertex 97.9328 23.2208 0
    endloop
  endfacet
  facet normal 0 0 -1
    outer loop
      vertex 97.7991 22.827 0
      vertex 97.7991 94.733 0
      vertex 97.9328 94.3392 0
    endloop
  endfacet
  facet normal 0 0 -1
    outer loop
      vertex 97.7987 22.8256 0
      vertex 97.7991 94.733 0
      vertex 97.7991 22.827 0
    endloop
  endfacet
  facet normal 0 0 -1
    outer loop
      vertex 97.7987 22.8256 0
      vertex 97.7987 94.7344 0
      vertex 97.7991 94.733 0
    endloop
  endfacet
  facet normal 0 0 -1
    outer loop
      vertex 92.48 9.4 0
      vertex 97.7987 22.8256 0
      vertex 97.7984 22.8243 0
    endloop
  endfacet
  facet normal -0 0 -1
    outer loop
      vertex 97.7987 22.8256 0
      vertex 92.48 9.4 0
      vertex 97.7987 94.7344 0
    endloop
  endfacet
  facet normal 0 0 -1
    outer loop
      vertex 92.48 9.4 0
      vertex 97.7984 22.8243 0
      vertex 97.7173 22.4164 0
    endloop
  endfacet
  facet normal 0 0 -1
    outer loop
      vertex 92.48 108.16 0
      vertex 97.7987 94.7344 0
      vertex 92.48 9.4 0
    endloop
  endfacet
  facet normal 0 0 -1
    outer loop
      vertex 92.48 9.4 0
      vertex 97.7173 22.4164 0
      vertex 97.7172 22.415 0
    endloop
  endfacet
  facet normal 0 0 -1
    outer loop
      vertex 97.7987 94.7344 0
      vertex 92.48 108.16 0
      vertex 97.7984 94.7357 0
    endloop
  endfacet
  facet normal 0 0 -1
    outer loop
      vertex 92.48 9.4 0
      vertex 97.7172 22.415 0
      vertex 97.69 22 0
    endloop
  endfacet
  facet normal 0 0 -1
    outer loop
      vertex 97.7984 94.7357 0
      vertex 92.48 108.16 0
      vertex 97.7173 95.1436 0
    endloop
  endfacet
  facet normal 0 0 -1
    outer loop
      vertex 104.08 5 0
      vertex 104.07 22 0
      vertex 104.08 112.56 0
    endloop
  endfacet
  facet normal 0 0 -1
    outer loop
      vertex 99.88 0.800003 0
      vertex 104.08 5 0
      vertex 104.044 4.4518 0
    endloop
  endfacet
  facet normal 0 0 -1
    outer loop
      vertex 104.08 5 0
      vertex 104.043 21.585 0
      vertex 104.07 22 0
    endloop
  endfacet
  facet normal 0 0 -1
    outer loop
      vertex 104.08 5 0
      vertex 104.043 21.5836 0
      vertex 104.043 21.585 0
    endloop
  endfacet
  facet normal 0 0 -1
    outer loop
      vertex 104.08 5 0
      vertex 103.962 21.1757 0
      vertex 104.043 21.5836 0
    endloop
  endfacet
  facet normal 0 0 -1
    outer loop
      vertex 104.08 5 0
      vertex 103.961 21.1744 0
      vertex 103.962 21.1757 0
    endloop
  endfacet
  facet normal 0 0 -1
    outer loop
      vertex 104.08 5 0
      vertex 103.961 21.173 0
      vertex 103.961 21.1744 0
    endloop
  endfacet
  facet normal 0 0 -1
    outer loop
      vertex 99.88 0.800003 0
      vertex 104.044 4.4518 0
      vertex 103.937 3.91296 0
    endloop
  endfacet
  facet normal 0 0 -1
    outer loop
      vertex 104.08 5 0
      vertex 103.827 20.7792 0
      vertex 103.961 21.173 0
    endloop
  endfacet
  facet normal 0 0 -1
    outer loop
      vertex 104.08 5 0
      vertex 103.827 20.778 0
      vertex 103.827 20.7792 0
    endloop
  endfacet
  facet normal 0 0 -1
    outer loop
      vertex 99.88 0.800003 0
      vertex 103.937 3.91296 0
      vertex 103.76 3.39273 0
    endloop
  endfacet
  facet normal 0 0 -1
    outer loop
      vertex 104.08 5 0
      vertex 103.643 20.405 0
      vertex 103.827 20.778 0
    endloop
  endfacet
  facet normal 0 0 -1
    outer loop
      vertex 99.88 0.800003 0
      vertex 103.76 3.39273 0
      vertex 103.517 2.89999 0
    endloop
  endfacet
  facet normal 0 0 -1
    outer loop
      vertex 104.08 5 0
      vertex 103.412 20.0592 0
      vertex 103.643 20.405 0
    endloop
  endfacet
  facet normal 0 0 -1
    outer loop
      vertex 104.08 5 0
      vertex 103.411 20.0581 0
      vertex 103.412 20.0592 0
    endloop
  endfacet
  facet normal 0 0 -1
    outer loop
      vertex 104.08 5 0
      vertex 103.41 20.057 0
      vertex 103.411 20.0581 0
    endloop
  endfacet
  facet normal 0 0 -1
    outer loop
      vertex 99.88 0.800003 0
      vertex 103.517 2.89999 0
      vertex 103.212 2.44321 0
    endloop
  endfacet
  facet normal 0 0 -1
    outer loop
      vertex 104.08 5 0
      vertex 103.136 19.7443 0
      vertex 103.41 20.057 0
    endloop
  endfacet
  facet normal 0 0 -1
    outer loop
      vertex 99.88 0.800003 0
      vertex 103.212 2.44321 0
      vertex 102.85 2.03015 0
    endloop
  endfacet
  facet normal 0 0 -1
    outer loop
      vertex 104.08 5 0
      vertex 102.823 19.4701 0
      vertex 103.136 19.7443 0
    endloop
  endfacet
  facet normal 0 0 -1
    outer loop
      vertex 104.08 5 0
      vertex 102.822 19.4692 0
      vertex 102.823 19.4701 0
    endloop
  endfacet
  facet normal 0 0 -1
    outer loop
      vertex 104.08 5 0
      vertex 102.821 19.4684 0
      vertex 102.822 19.4692 0
    endloop
  endfacet
  facet normal 0 0 -1
    outer loop
      vertex 104.08 5 0
      vertex 102.475 19.2374 0
      vertex 102.821 19.4684 0
    endloop
  endfacet
  facet normal 0 0 -1
    outer loop
      vertex 99.88 0.800003 0
      vertex 102.85 2.03015 0
      vertex 102.437 1.66792 0
    endloop
  endfacet
  facet normal 0 0 -1
    outer loop
      vertex 104.08 5 0
      vertex 102.102 19.0534 0
      vertex 102.475 19.2374 0
    endloop
  endfacet
  facet normal 0 0 -1
    outer loop
      vertex 104.08 5 0
      vertex 102.101 19.0528 0
      vertex 102.102 19.0534 0
    endloop
  endfacet
  facet normal 0 0 -1
    outer loop
      vertex 99.88 0.800003 0
      vertex 102.437 1.66792 0
      vertex 101.98 1.36269 0
    endloop
  endfacet
  facet normal 0 0 -1
    outer loop
      vertex 104.08 5 0
      vertex 101.707 18.9191 0
      vertex 102.101 19.0528 0
    endloop
  endfacet
  facet normal 0 0 -1
    outer loop
      vertex 104.08 5 0
      vertex 101.706 18.9187 0
      vertex 101.707 18.9191 0
    endloop
  endfacet
  facet normal 0 0 -1
    outer loop
      vertex 104.08 5 0
      vertex 101.704 18.9184 0
      vertex 101.706 18.9187 0
    endloop
  endfacet
  facet normal 0 0 -1
    outer loop
      vertex 99.88 0.800003 0
      vertex 101.98 1.36269 0
      vertex 101.487 1.11971 0
    endloop
  endfacet
  facet normal 0 0 -1
    outer loop
      vertex 104.08 5 0
      vertex 101.296 18.8373 0
      vertex 101.704 18.9184 0
    endloop
  endfacet
  facet normal 0 0 -1
    outer loop
      vertex 104.08 5 0
      vertex 101.295 18.8372 0
      vertex 101.296 18.8373 0
    endloop
  endfacet
  facet normal 0 0 -1
    outer loop
      vertex 99.88 0.800003 0
      vertex 101.487 1.11971 0
      vertex 100.967 0.943115 0
    endloop
  endfacet
  facet normal 0 0 -1
    outer loop
      vertex 104.08 5 0
      vertex 100.88 18.81 0
      vertex 101.295 18.8372 0
    endloop
  endfacet
  facet normal 0 -0 -1
    outer loop
      vertex 100.464 18.8373 0
      vertex 104.08 5 0
      vertex 92.48 9.4 0
    endloop
  endfacet
  facet normal 0 0 -1
    outer loop
      vertex 104.08 5 0
      vertex 100.465 18.8372 0
      vertex 100.88 18.81 0
    endloop
  endfacet
  facet normal 0 0 -1
    outer loop
      vertex 99.88 0.800003 0
      vertex 100.967 0.943115 0
      vertex 100.428 0.835938 0
    endloop
  endfacet
  facet normal 0 0 -1
    outer loop
      vertex 104.08 5 0
      vertex 100.464 18.8373 0
      vertex 100.465 18.8372 0
    endloop
  endfacet
  facet normal -0 0 -1
    outer loop
      vertex 100.464 18.8373 0
      vertex 92.48 9.4 0
      vertex 100.056 18.9184 0
    endloop
  endfacet
  facet normal -0 0 -1
    outer loop
      vertex 100.056 18.9184 0
      vertex 92.48 9.4 0
      vertex 100.054 18.9187 0
    endloop
  endfacet
  facet normal 0 0 -1
    outer loop
      vertex 92.3278 8.63463 0
      vertex 104.08 5 0
      vertex 99.88 0.800003 0
    endloop
  endfacet
  facet normal -0 0 -1
    outer loop
      vertex 100.054 18.9187 0
      vertex 92.48 9.4 0
      vertex 100.053 18.9191 0
    endloop
  endfacet
  facet normal -0 0 -1
    outer loop
      vertex 100.053 18.9191 0
      vertex 92.48 9.4 0
      vertex 99.6592 19.0528 0
    endloop
  endfacet
  facet normal -0 0 -1
    outer loop
      vertex 99.6592 19.0528 0
      vertex 92.48 9.4 0
      vertex 99.658 19.0534 0
    endloop
  endfacet
  facet normal -0 0 -1
    outer loop
      vertex 99.658 19.0534 0
      vertex 92.48 9.4 0
      vertex 99.285 19.2374 0
    endloop
  endfacet
  facet normal -0 0 -1
    outer loop
      vertex 99.285 19.2374 0
      vertex 92.48 9.4 0
      vertex 98.9392 19.4684 0
    endloop
  endfacet
  facet normal -0 0 -1
    outer loop
      vertex 98.9392 19.4684 0
      vertex 92.48 9.4 0
      vertex 98.938 19.4692 0
    endloop
  endfacet
  facet normal -0 0 -1
    outer loop
      vertex 98.938 19.4692 0
      vertex 92.48 9.4 0
      vertex 98.937 19.4701 0
    endloop
  endfacet
  facet normal -0 0 -1
    outer loop
      vertex 98.937 19.4701 0
      vertex 92.48 9.4 0
      vertex 98.6243 19.7443 0
    endloop
  endfacet
  facet normal -0 0 -1
    outer loop
      vertex 98.6243 19.7443 0
      vertex 92.48 9.4 0
      vertex 98.3501 20.057 0
    endloop
  endfacet
  facet normal -0 0 -1
    outer loop
      vertex 98.3501 20.057 0
      vertex 92.48 9.4 0
      vertex 98.3492 20.0581 0
    endloop
  endfacet
  facet normal -0 0 -1
    outer loop
      vertex 98.3492 20.0581 0
      vertex 92.48 9.4 0
      vertex 98.3484 20.0592 0
    endloop
  endfacet
  facet normal -0 0 -1
    outer loop
      vertex 98.3484 20.0592 0
      vertex 92.48 9.4 0
      vertex 98.1174 20.405 0
    endloop
  endfacet
  facet normal -0 0 -1
    outer loop
      vertex 98.1174 20.405 0
      vertex 92.48 9.4 0
      vertex 97.9334 20.778 0
    endloop
  endfacet
  facet normal -0 0 -1
    outer loop
      vertex 97.9334 20.778 0
      vertex 92.48 9.4 0
      vertex 97.9328 20.7792 0
    endloop
  endfacet
  facet normal -0 0 -1
    outer loop
      vertex 97.9328 20.7792 0
      vertex 92.48 9.4 0
      vertex 97.7991 21.173 0
    endloop
  endfacet
  facet normal -0 0 -1
    outer loop
      vertex 97.7991 21.173 0
      vertex 92.48 9.4 0
      vertex 97.7987 21.1744 0
    endloop
  endfacet
  facet normal -0 0 -1
    outer loop
      vertex 97.7987 21.1744 0
      vertex 92.48 9.4 0
      vertex 97.7984 21.1757 0
    endloop
  endfacet
  facet normal 0 0 -1
    outer loop
      vertex 97.7173 95.1436 0
      vertex 92.48 108.16 0
      vertex 97.7172 95.145 0
    endloop
  endfacet
  facet normal -0 0 -1
    outer loop
      vertex 97.7172 21.585 0
      vertex 92.48 9.4 0
      vertex 97.69 22 0
    endloop
  endfacet
  facet normal -0 0 -1
    outer loop
      vertex 97.7173 21.5836 0
      vertex 92.48 9.4 0
      vertex 97.7172 21.585 0
    endloop
  endfacet
  facet normal -0 0 -1
    outer loop
      vertex 97.7984 21.1757 0
      vertex 92.48 9.4 0
      vertex 97.7173 21.5836 0
    endloop
  endfacet
  facet normal 0 0 -1
    outer loop
      vertex 104.08 5 0
      vertex 92.4629 9.13895 0
      vertex 92.48 9.4 0
    endloop
  endfacet
  facet normal 0 0 -1
    outer loop
      vertex 104.08 5 0
      vertex 92.4118 8.88236 0
      vertex 92.4629 9.13895 0
    endloop
  endfacet
  facet normal 0 0 -1
    outer loop
      vertex 104.08 5 0
      vertex 92.3278 8.63463 0
      vertex 92.4118 8.88236 0
    endloop
  endfacet
  facet normal 0 0 -1
    outer loop
      vertex 99.88 0.800003 0
      vertex 92.212 8.4 0
      vertex 92.3278 8.63463 0
    endloop
  endfacet
  facet normal 0 0 -1
    outer loop
      vertex 99.88 0.800003 0
      vertex 92.0667 8.18247 0
      vertex 92.212 8.4 0
    endloop
  endfacet
  facet normal 0 0 -1
    outer loop
      vertex 99.88 0.800003 0
      vertex 91.8942 7.98578 0
      vertex 92.0667 8.18247 0
    endloop
  endfacet
  facet normal 0 0 -1
    outer loop
      vertex 99.88 0.800003 0
      vertex 91.6975 7.8133 0
      vertex 91.8942 7.98578 0
    endloop
  endfacet
  facet normal 0 0 -1
    outer loop
      vertex 99.88 0.800003 0
      vertex 91.48 7.66794 0
      vertex 91.6975 7.8133 0
    endloop
  endfacet
  facet normal 0 0 -1
    outer loop
      vertex 99.88 0.800003 0
      vertex 91.2454 7.55224 0
      vertex 91.48 7.66794 0
    endloop
  endfacet
  facet normal 0 0 -1
    outer loop
      vertex 99.88 0.800003 0
      vertex 90.9976 7.46815 0
      vertex 91.2454 7.55224 0
    endloop
  endfacet
  facet normal 0 0 -1
    outer loop
      vertex 99.88 0.800003 0
      vertex 90.741 7.4171 0
      vertex 90.9976 7.46815 0
    endloop
  endfacet
  facet normal 0 0 -1
    outer loop
      vertex 99.88 0.800003 0
      vertex 90.48 7.4 0
      vertex 90.741 7.4171 0
    endloop
  endfacet
  facet normal 0 0 -1
    outer loop
      vertex 99.88 0.800003 0
      vertex -90.48 7.4 0
      vertex 90.48 7.4 0
    endloop
  endfacet
  facet normal 0 0 -1
    outer loop
      vertex -97.7172 22.415 0
      vertex -92.48 9.4 0
      vertex -97.69 22 0
    endloop
  endfacet
  facet normal 0 0 -1
    outer loop
      vertex -104.08 5 0
      vertex -92.48 9.4 0
      vertex -92.4629 9.13895 0
    endloop
  endfacet
  facet normal 0 0 -1
    outer loop
      vertex -104.08 5 0
      vertex -92.4629 9.13895 0
      vertex -92.4118 8.88236 0
    endloop
  endfacet
  facet normal 0 0 -1
    outer loop
      vertex -104.08 5 0
      vertex -92.4118 8.88236 0
      vertex -92.3278 8.63463 0
    endloop
  endfacet
  facet normal 0 0 -1
    outer loop
      vertex -92.48 9.4 0
      vertex -97.7172 21.585 0
      vertex -97.69 22 0
    endloop
  endfacet
  facet normal 0 0 -1
    outer loop
      vertex -92.48 9.4 0
      vertex -97.7173 21.5836 0
      vertex -97.7172 21.585 0
    endloop
  endfacet
  facet normal 0 0 -1
    outer loop
      vertex -92.48 9.4 0
      vertex -97.7984 21.1757 0
      vertex -97.7173 21.5836 0
    endloop
  endfacet
  facet normal 0 0 -1
    outer loop
      vertex -92.48 9.4 0
      vertex -97.7987 21.1744 0
      vertex -97.7984 21.1757 0
    endloop
  endfacet
  facet normal 0 0 -1
    outer loop
      vertex -92.48 9.4 0
      vertex -97.7991 21.173 0
      vertex -97.7987 21.1744 0
    endloop
  endfacet
  facet normal 0 0 -1
    outer loop
      vertex -92.48 9.4 0
      vertex -97.9328 20.7792 0
      vertex -97.7991 21.173 0
    endloop
  endfacet
  facet normal 0 0 -1
    outer loop
      vertex -92.48 9.4 0
      vertex -97.9334 20.778 0
      vertex -97.9328 20.7792 0
    endloop
  endfacet
  facet normal 0 0 -1
    outer loop
      vertex -92.48 9.4 0
      vertex -98.1174 20.405 0
      vertex -97.9334 20.778 0
    endloop
  endfacet
  facet normal 0 0 -1
    outer loop
      vertex -92.48 9.4 0
      vertex -98.3484 20.0592 0
      vertex -98.1174 20.405 0
    endloop
  endfacet
  facet normal 0 0 -1
    outer loop
      vertex -99.88 0.800003 0
      vertex -92.3278 8.63463 0
      vertex -92.2121 8.4 0
    endloop
  endfacet
  facet normal 0 0 -1
    outer loop
      vertex -92.48 9.4 0
      vertex -98.3492 20.0581 0
      vertex -98.3484 20.0592 0
    endloop
  endfacet
  facet normal 0 0 -1
    outer loop
      vertex -92.48 9.4 0
      vertex -98.3501 20.057 0
      vertex -98.3492 20.0581 0
    endloop
  endfacet
  facet normal 0 0 -1
    outer loop
      vertex -92.48 9.4 0
      vertex -98.6243 19.7443 0
      vertex -98.3501 20.057 0
    endloop
  endfacet
  facet normal 0 0 -1
    outer loop
      vertex -92.48 9.4 0
      vertex -98.937 19.4701 0
      vertex -98.6243 19.7443 0
    endloop
  endfacet
  facet normal 0 0 -1
    outer loop
      vertex -92.48 9.4 0
      vertex -98.938 19.4692 0
      vertex -98.937 19.4701 0
    endloop
  endfacet
  facet normal 0 0 -1
    outer loop
      vertex -92.48 9.4 0
      vertex -98.9392 19.4684 0
      vertex -98.938 19.4692 0
    endloop
  endfacet
  facet normal 0 0 -1
    outer loop
      vertex -92.48 9.4 0
      vertex -99.285 19.2374 0
      vertex -98.9392 19.4684 0
    endloop
  endfacet
  facet normal 0 0 -1
    outer loop
      vertex -92.48 9.4 0
      vertex -99.658 19.0534 0
      vertex -99.285 19.2374 0
    endloop
  endfacet
  facet normal 0 0 -1
    outer loop
      vertex -99.88 0.800003 0
      vertex -92.2121 8.4 0
      vertex -92.0667 8.18247 0
    endloop
  endfacet
  facet normal 0 0 -1
    outer loop
      vertex -92.48 9.4 0
      vertex -99.6592 19.0528 0
      vertex -99.658 19.0534 0
    endloop
  endfacet
  facet normal 0 0 -1
    outer loop
      vertex -99.88 0.800003 0
      vertex -90.48 7.4 0
      vertex 99.88 0.800003 0
    endloop
  endfacet
  facet normal 0 0 -1
    outer loop
      vertex -99.88 0.800003 0
      vertex -90.741 7.4171 0
      vertex -90.48 7.4 0
    endloop
  endfacet
  facet normal 0 0 -1
    outer loop
      vertex -99.88 0.800003 0
      vertex -90.9976 7.46815 0
      vertex -90.741 7.4171 0
    endloop
  endfacet
  facet normal 0 0 -1
    outer loop
      vertex -99.88 0.800003 0
      vertex -91.2454 7.55224 0
      vertex -90.9976 7.46815 0
    endloop
  endfacet
  facet normal 0 0 -1
    outer loop
      vertex -99.88 0.800003 0
      vertex -91.48 7.66794 0
      vertex -91.2454 7.55224 0
    endloop
  endfacet
  facet normal 0 0 -1
    outer loop
      vertex -99.88 0.800003 0
      vertex -91.6975 7.8133 0
      vertex -91.48 7.66794 0
    endloop
  endfacet
  facet normal 0 0 -1
    outer loop
      vertex -99.88 0.800003 0
      vertex -91.8942 7.98578 0
      vertex -91.6975 7.8133 0
    endloop
  endfacet
  facet normal 0 0 -1
    outer loop
      vertex -99.88 0.800003 0
      vertex -92.0667 8.18247 0
      vertex -91.8942 7.98578 0
    endloop
  endfacet
  facet normal 0 0 -1
    outer loop
      vertex -92.3278 8.63463 0
      vertex -99.88 0.800003 0
      vertex -104.08 5 0
    endloop
  endfacet
  facet normal -0 0 -1
    outer loop
      vertex -92.48 9.4 0
      vertex -104.08 5 0
      vertex -100.464 18.8373 0
    endloop
  endfacet
  facet normal 0 0 -1
    outer loop
      vertex -92.48 9.4 0
      vertex -100.053 18.9191 0
      vertex -99.6592 19.0528 0
    endloop
  endfacet
  facet normal 0 0 -1
    outer loop
      vertex -92.48 9.4 0
      vertex -100.054 18.9187 0
      vertex -100.053 18.9191 0
    endloop
  endfacet
  facet normal 0 0 -1
    outer loop
      vertex -104.08 5 0
      vertex -99.88 0.800003 0
      vertex -100.428 0.835938 0
    endloop
  endfacet
  facet normal 0 0 -1
    outer loop
      vertex -92.48 9.4 0
      vertex -100.056 18.9184 0
      vertex -100.054 18.9187 0
    endloop
  endfacet
  facet normal 0 0 -1
    outer loop
      vertex -92.48 9.4 0
      vertex -100.464 18.8373 0
      vertex -100.056 18.9184 0
    endloop
  endfacet
  facet normal 0 0 -1
    outer loop
      vertex -100.464 18.8373 0
      vertex -104.08 5 0
      vertex -100.465 18.8372 0
    endloop
  endfacet
  facet normal 0 0 -1
    outer loop
      vertex -104.08 5 0
      vertex -100.428 0.835938 0
      vertex -100.967 0.943115 0
    endloop
  endfacet
  facet normal 0 0 -1
    outer loop
      vertex -100.465 18.8372 0
      vertex -104.08 5 0
      vertex -100.88 18.81 0
    endloop
  endfacet
  facet normal -0 0 -1
    outer loop
      vertex -100.88 18.81 0
      vertex -104.08 5 0
      vertex -101.295 18.8372 0
    endloop
  endfacet
  facet normal 0 0 -1
    outer loop
      vertex -104.08 5 0
      vertex -100.967 0.943115 0
      vertex -101.487 1.11971 0
    endloop
  endfacet
  facet normal -0 0 -1
    outer loop
      vertex -101.295 18.8372 0
      vertex -104.08 5 0
      vertex -101.296 18.8373 0
    endloop
  endfacet
  facet normal -0 0 -1
    outer loop
      vertex -101.296 18.8373 0
      vertex -104.08 5 0
      vertex -101.704 18.9184 0
    endloop
  endfacet
  facet normal -0 0 -1
    outer loop
      vertex -101.704 18.9184 0
      vertex -104.08 5 0
      vertex -101.706 18.9187 0
    endloop
  endfacet
  facet normal 0 0 -1
    outer loop
      vertex -104.08 5 0
      vertex -101.487 1.11971 0
      vertex -101.98 1.36269 0
    endloop
  endfacet
  facet normal -0 0 -1
    outer loop
      vertex -101.706 18.9187 0
      vertex -104.08 5 0
      vertex -101.707 18.9191 0
    endloop
  endfacet
  facet normal -0 0 -1
    outer loop
      vertex -101.707 18.9191 0
      vertex -104.08 5 0
      vertex -102.101 19.0528 0
    endloop
  endfacet
  facet normal 0 0 -1
    outer loop
      vertex -104.08 5 0
      vertex -101.98 1.36269 0
      vertex -102.437 1.66792 0
    endloop
  endfacet
  facet normal -0 0 -1
    outer loop
      vertex -102.101 19.0528 0
      vertex -104.08 5 0
      vertex -102.102 19.0534 0
    endloop
  endfacet
  facet normal -0 0 -1
    outer loop
      vertex -102.102 19.0534 0
      vertex -104.08 5 0
      vertex -102.475 19.2374 0
    endloop
  endfacet
  facet normal -0 0 -1
    outer loop
      vertex -102.475 19.2374 0
      vertex -104.08 5 0
      vertex -102.821 19.4684 0
    endloop
  endfacet
  facet normal -0 0 -1
    outer loop
      vertex -102.821 19.4684 0
      vertex -104.08 5 0
      vertex -102.822 19.4692 0
    endloop
  endfacet
  facet normal 0 0 -1
    outer loop
      vertex -104.08 5 0
      vertex -102.437 1.66792 0
      vertex -102.85 2.03015 0
    endloop
  endfacet
  facet normal -0 0 -1
    outer loop
      vertex -102.822 19.4692 0
      vertex -104.08 5 0
      vertex -102.823 19.4701 0
    endloop
  endfacet
  facet normal 0 0 -1
    outer loop
      vertex -104.08 5 0
      vertex -102.85 2.03015 0
      vertex -103.212 2.44321 0
    endloop
  endfacet
  facet normal -0 0 -1
    outer loop
      vertex -102.823 19.4701 0
      vertex -104.08 5 0
      vertex -103.136 19.7443 0
    endloop
  endfacet
  facet normal -0 0 -1
    outer loop
      vertex -103.136 19.7443 0
      vertex -104.08 5 0
      vertex -103.41 20.057 0
    endloop
  endfacet
  facet normal -0 0 -1
    outer loop
      vertex -103.41 20.057 0
      vertex -104.08 5 0
      vertex -103.411 20.0581 0
    endloop
  endfacet
  facet normal 0 0 -1
    outer loop
      vertex -104.08 5 0
      vertex -103.212 2.44321 0
      vertex -103.517 2.89999 0
    endloop
  endfacet
  facet normal -0 0 -1
    outer loop
      vertex -103.411 20.0581 0
      vertex -104.08 5 0
      vertex -103.412 20.0592 0
    endloop
  endfacet
  facet normal 0 0 -1
    outer loop
      vertex -104.08 5 0
      vertex -103.517 2.89999 0
      vertex -103.76 3.39273 0
    endloop
  endfacet
  facet normal -0 0 -1
    outer loop
      vertex -103.412 20.0592 0
      vertex -104.08 5 0
      vertex -103.643 20.405 0
    endloop
  endfacet
  facet normal -0 0 -1
    outer loop
      vertex -103.643 20.405 0
      vertex -104.08 5 0
      vertex -103.827 20.778 0
    endloop
  endfacet
  facet normal 0 0 -1
    outer loop
      vertex -104.08 5 0
      vertex -103.76 3.39273 0
      vertex -103.937 3.91296 0
    endloop
  endfacet
  facet normal -0 0 -1
    outer loop
      vertex -103.827 20.778 0
      vertex -104.08 5 0
      vertex -103.827 20.7792 0
    endloop
  endfacet
  facet normal -0 0 -1
    outer loop
      vertex -103.827 20.7792 0
      vertex -104.08 5 0
      vertex -103.961 21.173 0
    endloop
  endfacet
  facet normal -0 0 -1
    outer loop
      vertex -103.961 21.173 0
      vertex -104.08 5 0
      vertex -103.961 21.1744 0
    endloop
  endfacet
  facet normal -0 0 -1
    outer loop
      vertex -103.961 21.1744 0
      vertex -104.08 5 0
      vertex -103.962 21.1757 0
    endloop
  endfacet
  facet normal -0 0 -1
    outer loop
      vertex -103.962 21.1757 0
      vertex -104.08 5 0
      vertex -104.043 21.5836 0
    endloop
  endfacet
  facet normal 0 0 -1
    outer loop
      vertex -104.08 5 0
      vertex -103.937 3.91296 0
      vertex -104.044 4.4518 0
    endloop
  endfacet
  facet normal -0 0 -1
    outer loop
      vertex -104.043 21.5836 0
      vertex -104.08 5 0
      vertex -104.043 21.585 0
    endloop
  endfacet
  facet normal -0 0 -1
    outer loop
      vertex -104.07 22 0
      vertex -104.08 5 0
      vertex -104.07 95.56 0
    endloop
  endfacet
  facet normal -0 0 -1
    outer loop
      vertex -104.043 21.585 0
      vertex -104.08 5 0
      vertex -104.07 22 0
    endloop
  endfacet
  facet normal 0 0 -1
    outer loop
      vertex 104.07 95.56 0
      vertex 104.08 112.56 0
      vertex 104.07 22 0
    endloop
  endfacet
  facet normal 0 0 -1
    outer loop
      vertex 104.043 95.975 0
      vertex 104.08 112.56 0
      vertex 104.07 95.56 0
    endloop
  endfacet
  facet normal 0 0 -1
    outer loop
      vertex 104.043 95.9764 0
      vertex 104.08 112.56 0
      vertex 104.043 95.975 0
    endloop
  endfacet
  facet normal 0 0 -1
    outer loop
      vertex 103.962 96.3843 0
      vertex 104.08 112.56 0
      vertex 104.043 95.9764 0
    endloop
  endfacet
  facet normal 0 0 -1
    outer loop
      vertex 103.961 96.3856 0
      vertex 104.08 112.56 0
      vertex 103.962 96.3843 0
    endloop
  endfacet
  facet normal 0 0 -1
    outer loop
      vertex 103.961 96.3869 0
      vertex 104.08 112.56 0
      vertex 103.961 96.3856 0
    endloop
  endfacet
  facet normal 0 0 -1
    outer loop
      vertex 103.827 96.7808 0
      vertex 104.08 112.56 0
      vertex 103.961 96.3869 0
    endloop
  endfacet
  facet normal 0 0 -1
    outer loop
      vertex 103.827 96.782 0
      vertex 104.08 112.56 0
      vertex 103.827 96.7808 0
    endloop
  endfacet
  facet normal 0 0 -1
    outer loop
      vertex 103.643 97.155 0
      vertex 104.08 112.56 0
      vertex 103.827 96.782 0
    endloop
  endfacet
  facet normal 0 0 -1
    outer loop
      vertex 103.412 97.5008 0
      vertex 104.08 112.56 0
      vertex 103.643 97.155 0
    endloop
  endfacet
  facet normal 0 0 -1
    outer loop
      vertex 103.411 97.5019 0
      vertex 104.08 112.56 0
      vertex 103.412 97.5008 0
    endloop
  endfacet
  facet normal 0 0 -1
    outer loop
      vertex 103.41 97.503 0
      vertex 104.08 112.56 0
      vertex 103.411 97.5019 0
    endloop
  endfacet
  facet normal 0 0 -1
    outer loop
      vertex 103.136 97.8157 0
      vertex 104.08 112.56 0
      vertex 103.41 97.503 0
    endloop
  endfacet
  facet normal 0 0 -1
    outer loop
      vertex 102.823 98.0899 0
      vertex 104.08 112.56 0
      vertex 103.136 97.8157 0
    endloop
  endfacet
  facet normal 0 0 -1
    outer loop
      vertex 102.822 98.0908 0
      vertex 104.08 112.56 0
      vertex 102.823 98.0899 0
    endloop
  endfacet
  facet normal 0 0 -1
    outer loop
      vertex 102.821 98.0916 0
      vertex 104.08 112.56 0
      vertex 102.822 98.0908 0
    endloop
  endfacet
  facet normal 0 0 -1
    outer loop
      vertex 102.475 98.3226 0
      vertex 104.08 112.56 0
      vertex 102.821 98.0916 0
    endloop
  endfacet
  facet normal 0 0 -1
    outer loop
      vertex 102.102 98.5066 0
      vertex 104.08 112.56 0
      vertex 102.475 98.3226 0
    endloop
  endfacet
  facet normal 0 0 -1
    outer loop
      vertex 102.101 98.5072 0
      vertex 104.08 112.56 0
      vertex 102.102 98.5066 0
    endloop
  endfacet
  facet normal 0 0 -1
    outer loop
      vertex 101.707 98.6409 0
      vertex 104.08 112.56 0
      vertex 102.101 98.5072 0
    endloop
  endfacet
  facet normal 0 0 -1
    outer loop
      vertex 101.706 98.6413 0
      vertex 104.08 112.56 0
      vertex 101.707 98.6409 0
    endloop
  endfacet
  facet normal 0 0 -1
    outer loop
      vertex 101.704 98.6416 0
      vertex 104.08 112.56 0
      vertex 101.706 98.6413 0
    endloop
  endfacet
  facet normal 0 0 -1
    outer loop
      vertex 101.296 98.7227 0
      vertex 104.08 112.56 0
      vertex 101.704 98.6416 0
    endloop
  endfacet
  facet normal 0 0 -1
    outer loop
      vertex 101.295 98.7228 0
      vertex 104.08 112.56 0
      vertex 101.296 98.7227 0
    endloop
  endfacet
  facet normal 0 0 -1
    outer loop
      vertex 100.88 98.75 0
      vertex 104.08 112.56 0
      vertex 101.295 98.7228 0
    endloop
  endfacet
  facet normal 0 0 -1
    outer loop
      vertex 100.465 98.7228 0
      vertex 104.08 112.56 0
      vertex 100.88 98.75 0
    endloop
  endfacet
  facet normal 0 0 -1
    outer loop
      vertex 100.464 98.7227 0
      vertex 104.08 112.56 0
      vertex 100.465 98.7228 0
    endloop
  endfacet
  facet normal 0 0 -1
    outer loop
      vertex 92.4118 108.678 0
      vertex 104.08 112.56 0
      vertex 92.4629 108.421 0
    endloop
  endfacet
  facet normal 0 0 -1
    outer loop
      vertex 92.3278 108.925 0
      vertex 104.08 112.56 0
      vertex 92.4118 108.678 0
    endloop
  endfacet
  facet normal 0 0 -1
    outer loop
      vertex 104.08 112.56 0
      vertex 99.88 116.76 0
      vertex 104.044 113.108 0
    endloop
  endfacet
  facet normal 0 0 -1
    outer loop
      vertex 104.044 113.108 0
      vertex 99.88 116.76 0
      vertex 103.937 113.647 0
    endloop
  endfacet
  facet normal 0 0 -1
    outer loop
      vertex 103.937 113.647 0
      vertex 99.88 116.76 0
      vertex 103.76 114.167 0
    endloop
  endfacet
  facet normal 0 0 -1
    outer loop
      vertex 103.76 114.167 0
      vertex 99.88 116.76 0
      vertex 103.517 114.66 0
    endloop
  endfacet
  facet normal 0 0 -1
    outer loop
      vertex 103.517 114.66 0
      vertex 99.88 116.76 0
      vertex 103.212 115.117 0
    endloop
  endfacet
  facet normal 0 0 -1
    outer loop
      vertex 103.212 115.117 0
      vertex 99.88 116.76 0
      vertex 102.85 115.53 0
    endloop
  endfacet
  facet normal 0 0 -1
    outer loop
      vertex 92.4629 108.421 0
      vertex 104.08 112.56 0
      vertex 92.48 108.16 0
    endloop
  endfacet
  facet normal 0 0 -1
    outer loop
      vertex 104.08 112.56 0
      vertex 100.464 98.7227 0
      vertex 92.48 108.16 0
    endloop
  endfacet
  facet normal 0 0 -1
    outer loop
      vertex 102.437 115.892 0
      vertex 99.88 116.76 0
      vertex 101.98 116.197 0
    endloop
  endfacet
  facet normal 0 0 -1
    outer loop
      vertex 92.48 108.16 0
      vertex 100.464 98.7227 0
      vertex 100.056 98.6416 0
    endloop
  endfacet
  facet normal 0 0 -1
    outer loop
      vertex 92.48 108.16 0
      vertex 100.056 98.6416 0
      vertex 100.054 98.6413 0
    endloop
  endfacet
  facet normal 0 0 -1
    outer loop
      vertex 92.48 108.16 0
      vertex 100.054 98.6413 0
      vertex 100.053 98.6409 0
    endloop
  endfacet
  facet normal 0 0 -1
    outer loop
      vertex 101.98 116.197 0
      vertex 99.88 116.76 0
      vertex 101.487 116.44 0
    endloop
  endfacet
  facet normal 0 0 -1
    outer loop
      vertex 92.48 108.16 0
      vertex 100.053 98.6409 0
      vertex 99.6592 98.5072 0
    endloop
  endfacet
  facet normal 0 0 -1
    outer loop
      vertex 92.48 108.16 0
      vertex 99.6592 98.5072 0
      vertex 99.658 98.5066 0
    endloop
  endfacet
  facet normal 0 0 -1
    outer loop
      vertex 92.48 108.16 0
      vertex 99.658 98.5066 0
      vertex 99.285 98.3226 0
    endloop
  endfacet
  facet normal 0 0 -1
    outer loop
      vertex 92.48 108.16 0
      vertex 99.285 98.3226 0
      vertex 98.9392 98.0916 0
    endloop
  endfacet
  facet normal 0 0 -1
    outer loop
      vertex 92.48 108.16 0
      vertex 98.9392 98.0916 0
      vertex 98.938 98.0908 0
    endloop
  endfacet
  facet normal 0 0 -1
    outer loop
      vertex 92.48 108.16 0
      vertex 98.938 98.0908 0
      vertex 98.937 98.0899 0
    endloop
  endfacet
  facet normal 0 0 -1
    outer loop
      vertex 92.48 108.16 0
      vertex 98.937 98.0899 0
      vertex 98.6243 97.8157 0
    endloop
  endfacet
  facet normal 0 0 -1
    outer loop
      vertex 92.48 108.16 0
      vertex 98.6243 97.8157 0
      vertex 98.3501 97.503 0
    endloop
  endfacet
  facet normal 0 0 -1
    outer loop
      vertex 92.48 108.16 0
      vertex 98.3501 97.503 0
      vertex 98.3492 97.5019 0
    endloop
  endfacet
  facet normal 0 0 -1
    outer loop
      vertex 92.48 108.16 0
      vertex 98.3492 97.5019 0
      vertex 98.3484 97.5008 0
    endloop
  endfacet
  facet normal 0 0 -1
    outer loop
      vertex 92.48 108.16 0
      vertex 98.3484 97.5008 0
      vertex 98.1174 97.155 0
    endloop
  endfacet
  facet normal 0 0 -1
    outer loop
      vertex 92.48 108.16 0
      vertex 98.1174 97.155 0
      vertex 97.9334 96.782 0
    endloop
  endfacet
  facet normal 0 0 -1
    outer loop
      vertex 92.48 108.16 0
      vertex 97.9334 96.782 0
      vertex 97.9328 96.7808 0
    endloop
  endfacet
  facet normal 0 0 -1
    outer loop
      vertex 92.48 108.16 0
      vertex 97.9328 96.7808 0
      vertex 97.7991 96.3869 0
    endloop
  endfacet
  facet normal 0 0 -1
    outer loop
      vertex 92.48 108.16 0
      vertex 97.7991 96.3869 0
      vertex 97.7987 96.3856 0
    endloop
  endfacet
  facet normal 0 0 -1
    outer loop
      vertex 92.48 108.16 0
      vertex 97.7987 96.3856 0
      vertex 97.7984 96.3843 0
    endloop
  endfacet
  facet normal 0 0 -1
    outer loop
      vertex 92.48 108.16 0
      vertex 97.7984 96.3843 0
      vertex 97.7173 95.9764 0
    endloop
  endfacet
  facet normal 0 0 -1
    outer loop
      vertex 97.7172 95.145 0
      vertex 92.48 108.16 0
      vertex 97.69 95.56 0
    endloop
  endfacet
  facet normal 0 0 -1
    outer loop
      vertex 92.48 108.16 0
      vertex 97.7172 95.975 0
      vertex 97.69 95.56 0
    endloop
  endfacet
  facet normal 0 0 -1
    outer loop
      vertex 92.48 108.16 0
      vertex 97.7173 95.9764 0
      vertex 97.7172 95.975 0
    endloop
  endfacet
  facet normal 0 0 -1
    outer loop
      vertex 101.487 116.44 0
      vertex 99.88 116.76 0
      vertex 100.967 116.617 0
    endloop
  endfacet
  facet normal 0 0 -1
    outer loop
      vertex 100.967 116.617 0
      vertex 99.88 116.76 0
      vertex 100.428 116.724 0
    endloop
  endfacet
  facet normal 0 0 -1
    outer loop
      vertex 102.85 115.53 0
      vertex 99.88 116.76 0
      vertex 102.437 115.892 0
    endloop
  endfacet
  facet normal -0 0 -1
    outer loop
      vertex 104.08 112.56 0
      vertex 92.3278 108.925 0
      vertex 99.88 116.76 0
    endloop
  endfacet
  facet normal 0 0 -1
    outer loop
      vertex 92.212 109.16 0
      vertex 99.88 116.76 0
      vertex 92.3278 108.925 0
    endloop
  endfacet
  facet normal 0 0 -1
    outer loop
      vertex 92.0667 109.378 0
      vertex 99.88 116.76 0
      vertex 92.212 109.16 0
    endloop
  endfacet
  facet normal 0 0 -1
    outer loop
      vertex 91.8942 109.574 0
      vertex 99.88 116.76 0
      vertex 92.0667 109.378 0
    endloop
  endfacet
  facet normal 0 0 -1
    outer loop
      vertex 91.6975 109.747 0
      vertex 99.88 116.76 0
      vertex 91.8942 109.574 0
    endloop
  endfacet
  facet normal 0 0 -1
    outer loop
      vertex 91.48 109.892 0
      vertex 99.88 116.76 0
      vertex 91.6975 109.747 0
    endloop
  endfacet
  facet normal 0 0 -1
    outer loop
      vertex 91.2454 110.008 0
      vertex 99.88 116.76 0
      vertex 91.48 109.892 0
    endloop
  endfacet
  facet normal 0 0 -1
    outer loop
      vertex 90.9976 110.092 0
      vertex 99.88 116.76 0
      vertex 91.2454 110.008 0
    endloop
  endfacet
  facet normal 0 0 -1
    outer loop
      vertex 90.741 110.143 0
      vertex 99.88 116.76 0
      vertex 90.9976 110.092 0
    endloop
  endfacet
  facet normal 0 0 -1
    outer loop
      vertex 90.48 110.16 0
      vertex 99.88 116.76 0
      vertex 90.741 110.143 0
    endloop
  endfacet
  facet normal 0 0 -1
    outer loop
      vertex -90.48 110.16 0
      vertex 99.88 116.76 0
      vertex 90.48 110.16 0
    endloop
  endfacet
  facet normal 0 0 -1
    outer loop
      vertex -97.7173 22.4164 0
      vertex -92.48 9.4 0
      vertex -97.7172 22.415 0
    endloop
  endfacet
  facet normal 0 0 -1
    outer loop
      vertex -97.7172 95.975 0
      vertex -92.48 108.16 0
      vertex -97.69 95.56 0
    endloop
  endfacet
  facet normal 0 0 -1
    outer loop
      vertex -97.7173 95.9764 0
      vertex -92.48 108.16 0
      vertex -97.7172 95.975 0
    endloop
  endfacet
  facet normal 0 0 -1
    outer loop
      vertex -97.7984 96.3843 0
      vertex -92.48 108.16 0
      vertex -97.7173 95.9764 0
    endloop
  endfacet
  facet normal 0 0 -1
    outer loop
      vertex -97.7987 96.3856 0
      vertex -92.48 108.16 0
      vertex -97.7984 96.3843 0
    endloop
  endfacet
  facet normal 0 0 -1
    outer loop
      vertex -97.7991 96.3869 0
      vertex -92.48 108.16 0
      vertex -97.7987 96.3856 0
    endloop
  endfacet
  facet normal 0 0 -1
    outer loop
      vertex -97.9328 96.7808 0
      vertex -92.48 108.16 0
      vertex -97.7991 96.3869 0
    endloop
  endfacet
  facet normal 0 0 -1
    outer loop
      vertex -97.9334 96.782 0
      vertex -92.48 108.16 0
      vertex -97.9328 96.7808 0
    endloop
  endfacet
  facet normal 0 0 -1
    outer loop
      vertex -98.1174 97.155 0
      vertex -92.48 108.16 0
      vertex -97.9334 96.782 0
    endloop
  endfacet
  facet normal 0 0 -1
    outer loop
      vertex -98.3484 97.5008 0
      vertex -92.48 108.16 0
      vertex -98.1174 97.155 0
    endloop
  endfacet
  facet normal 0 0 -1
    outer loop
      vertex -98.3492 97.5019 0
      vertex -92.48 108.16 0
      vertex -98.3484 97.5008 0
    endloop
  endfacet
  facet normal 0 0 -1
    outer loop
      vertex -98.3501 97.503 0
      vertex -92.48 108.16 0
      vertex -98.3492 97.5019 0
    endloop
  endfacet
  facet normal 0 0 -1
    outer loop
      vertex -98.6243 97.8157 0
      vertex -92.48 108.16 0
      vertex -98.3501 97.503 0
    endloop
  endfacet
  facet normal 0 0 -1
    outer loop
      vertex -98.937 98.0899 0
      vertex -92.48 108.16 0
      vertex -98.6243 97.8157 0
    endloop
  endfacet
  facet normal 0 0 -1
    outer loop
      vertex -98.938 98.0908 0
      vertex -92.48 108.16 0
      vertex -98.937 98.0899 0
    endloop
  endfacet
  facet normal 0 0 -1
    outer loop
      vertex -98.9392 98.0916 0
      vertex -92.48 108.16 0
      vertex -98.938 98.0908 0
    endloop
  endfacet
  facet normal 0 0 -1
    outer loop
      vertex -99.285 98.3226 0
      vertex -92.48 108.16 0
      vertex -98.9392 98.0916 0
    endloop
  endfacet
  facet normal 0 0 -1
    outer loop
      vertex -99.658 98.5066 0
      vertex -92.48 108.16 0
      vertex -99.285 98.3226 0
    endloop
  endfacet
  facet normal 0 0 -1
    outer loop
      vertex -99.6592 98.5072 0
      vertex -92.48 108.16 0
      vertex -99.658 98.5066 0
    endloop
  endfacet
  facet normal 0 0 -1
    outer loop
      vertex -100.053 98.6409 0
      vertex -92.48 108.16 0
      vertex -99.6592 98.5072 0
    endloop
  endfacet
  facet normal 0 0 -1
    outer loop
      vertex -100.054 98.6413 0
      vertex -92.48 108.16 0
      vertex -100.053 98.6409 0
    endloop
  endfacet
  facet normal 0 0 -1
    outer loop
      vertex -100.056 98.6416 0
      vertex -92.48 108.16 0
      vertex -100.054 98.6413 0
    endloop
  endfacet
  facet normal 0 0 -1
    outer loop
      vertex -100.464 98.7227 0
      vertex -92.48 108.16 0
      vertex -100.056 98.6416 0
    endloop
  endfacet
  facet normal 0 0 -1
    outer loop
      vertex -104.08 112.56 0
      vertex -92.48 108.16 0
      vertex -100.464 98.7227 0
    endloop
  endfacet
  facet normal 0 0 -1
    outer loop
      vertex -90.48 110.16 0
      vertex -99.88 116.76 0
      vertex 99.88 116.76 0
    endloop
  endfacet
  facet normal 0 0 -1
    outer loop
      vertex -90.741 110.143 0
      vertex -99.88 116.76 0
      vertex -90.48 110.16 0
    endloop
  endfacet
  facet normal 0 0 -1
    outer loop
      vertex -90.9976 110.092 0
      vertex -99.88 116.76 0
      vertex -90.741 110.143 0
    endloop
  endfacet
  facet normal 0 0 -1
    outer loop
      vertex -91.2454 110.008 0
      vertex -99.88 116.76 0
      vertex -90.9976 110.092 0
    endloop
  endfacet
  facet normal 0 0 -1
    outer loop
      vertex -91.48 109.892 0
      vertex -99.88 116.76 0
      vertex -91.2454 110.008 0
    endloop
  endfacet
  facet normal 0 0 -1
    outer loop
      vertex -91.6975 109.747 0
      vertex -99.88 116.76 0
      vertex -91.48 109.892 0
    endloop
  endfacet
  facet normal 0 0 -1
    outer loop
      vertex -91.8942 109.574 0
      vertex -99.88 116.76 0
      vertex -91.6975 109.747 0
    endloop
  endfacet
  facet normal 0 0 -1
    outer loop
      vertex -92.0667 109.378 0
      vertex -99.88 116.76 0
      vertex -91.8942 109.574 0
    endloop
  endfacet
  facet normal 0 0 -1
    outer loop
      vertex -92.48 108.16 0
      vertex -104.08 112.56 0
      vertex -92.4629 108.421 0
    endloop
  endfacet
  facet normal 0 0 -1
    outer loop
      vertex -92.4629 108.421 0
      vertex -104.08 112.56 0
      vertex -92.4118 108.678 0
    endloop
  endfacet
  facet normal 0 0 -1
    outer loop
      vertex -92.4118 108.678 0
      vertex -104.08 112.56 0
      vertex -92.3278 108.925 0
    endloop
  endfacet
  facet normal 0 -0 -1
    outer loop
      vertex -99.88 116.76 0
      vertex -92.3278 108.925 0
      vertex -104.08 112.56 0
    endloop
  endfacet
  facet normal 0 0 -1
    outer loop
      vertex -92.2121 109.16 0
      vertex -99.88 116.76 0
      vertex -92.0667 109.378 0
    endloop
  endfacet
  facet normal 0 0 -1
    outer loop
      vertex -92.3278 108.925 0
      vertex -99.88 116.76 0
      vertex -92.2121 109.16 0
    endloop
  endfacet
  facet normal 0 0 -1
    outer loop
      vertex -104.08 112.56 0
      vertex -100.464 98.7227 0
      vertex -100.465 98.7228 0
    endloop
  endfacet
  facet normal 0 0 -1
    outer loop
      vertex -104.08 112.56 0
      vertex -100.465 98.7228 0
      vertex -100.88 98.75 0
    endloop
  endfacet
  facet normal 0 0 -1
    outer loop
      vertex -99.88 116.76 0
      vertex -104.08 112.56 0
      vertex -100.428 116.724 0
    endloop
  endfacet
  facet normal 0 0 -1
    outer loop
      vertex -104.08 112.56 0
      vertex -100.88 98.75 0
      vertex -101.295 98.7228 0
    endloop
  endfacet
  facet normal 0 0 -1
    outer loop
      vertex -104.08 112.56 0
      vertex -101.295 98.7228 0
      vertex -101.296 98.7227 0
    endloop
  endfacet
  facet normal 0 0 -1
    outer loop
      vertex -100.428 116.724 0
      vertex -104.08 112.56 0
      vertex -100.967 116.617 0
    endloop
  endfacet
  facet normal 0 0 -1
    outer loop
      vertex -104.08 112.56 0
      vertex -101.296 98.7227 0
      vertex -101.704 98.6416 0
    endloop
  endfacet
  facet normal 0 0 -1
    outer loop
      vertex -104.08 112.56 0
      vertex -101.704 98.6416 0
      vertex -101.706 98.6413 0
    endloop
  endfacet
  facet normal 0 0 -1
    outer loop
      vertex -104.08 112.56 0
      vertex -101.706 98.6413 0
      vertex -101.707 98.6409 0
    endloop
  endfacet
  facet normal 0 0 -1
    outer loop
      vertex -100.967 116.617 0
      vertex -104.08 112.56 0
      vertex -101.487 116.44 0
    endloop
  endfacet
  facet normal 0 0 -1
    outer loop
      vertex -104.08 112.56 0
      vertex -101.707 98.6409 0
      vertex -102.101 98.5072 0
    endloop
  endfacet
  facet normal 0 0 -1
    outer loop
      vertex -104.08 112.56 0
      vertex -102.101 98.5072 0
      vertex -102.102 98.5066 0
    endloop
  endfacet
  facet normal 0 0 -1
    outer loop
      vertex -101.487 116.44 0
      vertex -104.08 112.56 0
      vertex -101.98 116.197 0
    endloop
  endfacet
  facet normal 0 0 -1
    outer loop
      vertex -104.08 112.56 0
      vertex -102.102 98.5066 0
      vertex -102.475 98.3226 0
    endloop
  endfacet
  facet normal 0 0 -1
    outer loop
      vertex -104.08 112.56 0
      vertex -102.475 98.3226 0
      vertex -102.821 98.0916 0
    endloop
  endfacet
  facet normal 0 0 -1
    outer loop
      vertex -104.08 112.56 0
      vertex -102.821 98.0916 0
      vertex -102.822 98.0908 0
    endloop
  endfacet
  facet normal 0 0 -1
    outer loop
      vertex -104.08 112.56 0
      vertex -102.822 98.0908 0
      vertex -102.823 98.0899 0
    endloop
  endfacet
  facet normal 0 0 -1
    outer loop
      vertex -101.98 116.197 0
      vertex -104.08 112.56 0
      vertex -102.437 115.892 0
    endloop
  endfacet
  facet normal 0 0 -1
    outer loop
      vertex -104.08 112.56 0
      vertex -102.823 98.0899 0
      vertex -103.136 97.8157 0
    endloop
  endfacet
  facet normal 0 0 -1
    outer loop
      vertex -102.437 115.892 0
      vertex -104.08 112.56 0
      vertex -102.85 115.53 0
    endloop
  endfacet
  facet normal 0 0 -1
    outer loop
      vertex -104.08 112.56 0
      vertex -103.136 97.8157 0
      vertex -103.41 97.503 0
    endloop
  endfacet
  facet normal 0 0 -1
    outer loop
      vertex -104.08 112.56 0
      vertex -103.41 97.503 0
      vertex -103.411 97.5019 0
    endloop
  endfacet
  facet normal 0 0 -1
    outer loop
      vertex -104.08 112.56 0
      vertex -103.411 97.5019 0
      vertex -103.412 97.5008 0
    endloop
  endfacet
  facet normal 0 0 -1
    outer loop
      vertex -102.85 115.53 0
      vertex -104.08 112.56 0
      vertex -103.212 115.117 0
    endloop
  endfacet
  facet normal 0 0 -1
    outer loop
      vertex -104.08 112.56 0
      vertex -103.412 97.5008 0
      vertex -103.643 97.155 0
    endloop
  endfacet
  facet normal 0 0 -1
    outer loop
      vertex -103.212 115.117 0
      vertex -104.08 112.56 0
      vertex -103.517 114.66 0
    endloop
  endfacet
  facet normal 0 0 -1
    outer loop
      vertex -104.08 112.56 0
      vertex -103.643 97.155 0
      vertex -103.827 96.782 0
    endloop
  endfacet
  facet normal 0 0 -1
    outer loop
      vertex -104.08 112.56 0
      vertex -103.827 96.782 0
      vertex -103.827 96.7808 0
    endloop
  endfacet
  facet normal 0 0 -1
    outer loop
      vertex -103.517 114.66 0
      vertex -104.08 112.56 0
      vertex -103.76 114.167 0
    endloop
  endfacet
  facet normal 0 0 -1
    outer loop
      vertex -104.08 112.56 0
      vertex -103.827 96.7808 0
      vertex -103.961 96.3869 0
    endloop
  endfacet
  facet normal 0 0 -1
    outer loop
      vertex -104.08 112.56 0
      vertex -103.961 96.3869 0
      vertex -103.961 96.3856 0
    endloop
  endfacet
  facet normal 0 0 -1
    outer loop
      vertex -104.08 112.56 0
      vertex -103.961 96.3856 0
      vertex -103.962 96.3843 0
    endloop
  endfacet
  facet normal 0 0 -1
    outer loop
      vertex -104.08 112.56 0
      vertex -103.962 96.3843 0
      vertex -104.043 95.9764 0
    endloop
  endfacet
  facet normal 0 0 -1
    outer loop
      vertex -104.08 112.56 0
      vertex -104.043 95.9764 0
      vertex -104.043 95.975 0
    endloop
  endfacet
  facet normal 0 0 -1
    outer loop
      vertex -103.76 114.167 0
      vertex -104.08 112.56 0
      vertex -103.937 113.647 0
    endloop
  endfacet
  facet normal 0 0 -1
    outer loop
      vertex -104.08 112.56 0
      vertex -104.043 95.975 0
      vertex -104.07 95.56 0
    endloop
  endfacet
  facet normal 0 0 -1
    outer loop
      vertex -103.937 113.647 0
      vertex -104.08 112.56 0
      vertex -104.044 113.108 0
    endloop
  endfacet
  facet normal 0 0 -1
    outer loop
      vertex -104.08 112.56 0
      vertex -104.07 95.56 0
      vertex -104.08 5 0
    endloop
  endfacet
  facet normal 0.634984 0.312984 -0.706284
    outer loop
      vertex 103.76 114.167 0
      vertex 103.517 114.66 0
      vertex 104.499 114.473 0.799999
    endloop
  endfacet
  facet normal 0.694278 0.137556 -0.706439
    outer loop
      vertex 104.837 113.213 0.799999
      vertex 103.937 113.647 0
      vertex 104.71 113.854 0.799999
    endloop
  endfacet
  facet normal -1 0 0
    outer loop
      vertex 96.88 3 2
      vertex 96.88 114.56 3.6
      vertex 96.88 114.56 2
    endloop
  endfacet
  facet normal -1 -0 0
    outer loop
      vertex 96.88 114.56 3.6
      vertex 96.88 3 2
      vertex 96.88 3 3.6
    endloop
  endfacet
  facet normal 0 0 1
    outer loop
      vertex 96.88 114.56 2
      vertex 92.48 108.16 2
      vertex 96.88 3 2
    endloop
  endfacet
  facet normal 0 0 1
    outer loop
      vertex 96.88 114.56 2
      vertex 92.4629 108.421 2
      vertex 92.48 108.16 2
    endloop
  endfacet
  facet normal 0 0 1
    outer loop
      vertex 96.88 114.56 2
      vertex 92.4118 108.678 2
      vertex 92.4629 108.421 2
    endloop
  endfacet
  facet normal 0 0 1
    outer loop
      vertex 96.88 114.56 2
      vertex 92.3278 108.925 2
      vertex 92.4118 108.678 2
    endloop
  endfacet
  facet normal 0 0 1
    outer loop
      vertex 96.88 114.56 2
      vertex 92.212 109.16 2
      vertex 92.3278 108.925 2
    endloop
  endfacet
  facet normal 0 0 1
    outer loop
      vertex 96.88 114.56 2
      vertex 92.0667 109.378 2
      vertex 92.212 109.16 2
    endloop
  endfacet
  facet normal 0 0 1
    outer loop
      vertex 96.88 114.56 2
      vertex 91.8942 109.574 2
      vertex 92.0667 109.378 2
    endloop
  endfacet
  facet normal 0 0 1
    outer loop
      vertex 96.88 114.56 2
      vertex 91.6975 109.747 2
      vertex 91.8942 109.574 2
    endloop
  endfacet
  facet normal 0 0 1
    outer loop
      vertex 96.88 114.56 2
      vertex 91.48 109.892 2
      vertex 91.6975 109.747 2
    endloop
  endfacet
  facet normal 0 0 1
    outer loop
      vertex 96.88 114.56 2
      vertex 91.2454 110.008 2
      vertex 91.48 109.892 2
    endloop
  endfacet
  facet normal 0 0 1
    outer loop
      vertex 96.88 114.56 2
      vertex 90.9976 110.092 2
      vertex 91.2454 110.008 2
    endloop
  endfacet
  facet normal 0 0 1
    outer loop
      vertex 96.88 114.56 2
      vertex 90.741 110.143 2
      vertex 90.9976 110.092 2
    endloop
  endfacet
  facet normal 0 0 1
    outer loop
      vertex 96.88 114.56 2
      vertex 90.48 110.16 2
      vertex 90.741 110.143 2
    endloop
  endfacet
  facet normal 0 0 1
    outer loop
      vertex 96.88 114.56 2
      vertex -90.48 110.16 2
      vertex 90.48 110.16 2
    endloop
  endfacet
  facet normal 0 0 1
    outer loop
      vertex -92.48 108.16 2
      vertex -96.88 114.56 2
      vertex -92.48 9.4 2
    endloop
  endfacet
  facet normal 0 0 1
    outer loop
      vertex -92.4629 108.421 2
      vertex -96.88 114.56 2
      vertex -92.48 108.16 2
    endloop
  endfacet
  facet normal 0 0 1
    outer loop
      vertex -92.4118 108.678 2
      vertex -96.88 114.56 2
      vertex -92.4629 108.421 2
    endloop
  endfacet
  facet normal 0 0 1
    outer loop
      vertex -92.3278 108.925 2
      vertex -96.88 114.56 2
      vertex -92.4118 108.678 2
    endloop
  endfacet
  facet normal 0 0 1
    outer loop
      vertex -92.2121 109.16 2
      vertex -96.88 114.56 2
      vertex -92.3278 108.925 2
    endloop
  endfacet
  facet normal 0 0 1
    outer loop
      vertex -92.0667 109.378 2
      vertex -96.88 114.56 2
      vertex -92.2121 109.16 2
    endloop
  endfacet
  facet normal 0 0 1
    outer loop
      vertex -91.8942 109.574 2
      vertex -96.88 114.56 2
      vertex -92.0667 109.378 2
    endloop
  endfacet
  facet normal 0 0 1
    outer loop
      vertex -91.6975 109.747 2
      vertex -96.88 114.56 2
      vertex -91.8942 109.574 2
    endloop
  endfacet
  facet normal 0 0 1
    outer loop
      vertex -91.48 109.892 2
      vertex -96.88 114.56 2
      vertex -91.6975 109.747 2
    endloop
  endfacet
  facet normal 0 0 1
    outer loop
      vertex -91.2454 110.008 2
      vertex -96.88 114.56 2
      vertex -91.48 109.892 2
    endloop
  endfacet
  facet normal 0 0 1
    outer loop
      vertex -90.9976 110.092 2
      vertex -96.88 114.56 2
      vertex -91.2454 110.008 2
    endloop
  endfacet
  facet normal 0 0 1
    outer loop
      vertex -90.741 110.143 2
      vertex -96.88 114.56 2
      vertex -90.9976 110.092 2
    endloop
  endfacet
  facet normal 0 0 1
    outer loop
      vertex -90.48 110.16 2
      vertex -96.88 114.56 2
      vertex -90.741 110.143 2
    endloop
  endfacet
  facet normal -0 0 1
    outer loop
      vertex -96.88 114.56 2
      vertex -90.48 110.16 2
      vertex 96.88 114.56 2
    endloop
  endfacet
  facet normal -0 0 1
    outer loop
      vertex 92.48 9.4 2
      vertex 96.88 3 2
      vertex 92.48 108.16 2
    endloop
  endfacet
  facet normal -0 0 1
    outer loop
      vertex 92.4629 9.13895 2
      vertex 96.88 3 2
      vertex 92.48 9.4 2
    endloop
  endfacet
  facet normal -0 0 1
    outer loop
      vertex 92.4118 8.88236 2
      vertex 96.88 3 2
      vertex 92.4629 9.13895 2
    endloop
  endfacet
  facet normal -0 0 1
    outer loop
      vertex 92.3278 8.63463 2
      vertex 96.88 3 2
      vertex 92.4118 8.88236 2
    endloop
  endfacet
  facet normal -0 0 1
    outer loop
      vertex 92.212 8.4 2
      vertex 96.88 3 2
      vertex 92.3278 8.63463 2
    endloop
  endfacet
  facet normal -0 0 1
    outer loop
      vertex 92.0667 8.18247 2
      vertex 96.88 3 2
      vertex 92.212 8.4 2
    endloop
  endfacet
  facet normal -0 0 1
    outer loop
      vertex 91.8942 7.98578 2
      vertex 96.88 3 2
      vertex 92.0667 8.18247 2
    endloop
  endfacet
  facet normal -0 0 1
    outer loop
      vertex 91.6975 7.8133 2
      vertex 96.88 3 2
      vertex 91.8942 7.98578 2
    endloop
  endfacet
  facet normal -0 0 1
    outer loop
      vertex 91.48 7.66794 2
      vertex 96.88 3 2
      vertex 91.6975 7.8133 2
    endloop
  endfacet
  facet normal -0 0 1
    outer loop
      vertex 91.2454 7.55224 2
      vertex 96.88 3 2
      vertex 91.48 7.66794 2
    endloop
  endfacet
  facet normal -0 0 1
    outer loop
      vertex 90.9976 7.46815 2
      vertex 96.88 3 2
      vertex 91.2454 7.55224 2
    endloop
  endfacet
  facet normal -0 0 1
    outer loop
      vertex 90.741 7.4171 2
      vertex 96.88 3 2
      vertex 90.9976 7.46815 2
    endloop
  endfacet
  facet normal -0 0 1
    outer loop
      vertex 90.48 7.4 2
      vertex 96.88 3 2
      vertex 90.741 7.4171 2
    endloop
  endfacet
  facet normal -0 0 1
    outer loop
      vertex -90.48 7.4 2
      vertex 96.88 3 2
      vertex 90.48 7.4 2
    endloop
  endfacet
  facet normal 0 0 1
    outer loop
      vertex -90.48 7.4 2
      vertex -96.88 3 2
      vertex 96.88 3 2
    endloop
  endfacet
  facet normal 0 0 1
    outer loop
      vertex -90.741 7.4171 2
      vertex -96.88 3 2
      vertex -90.48 7.4 2
    endloop
  endfacet
  facet normal 0 0 1
    outer loop
      vertex -90.9976 7.46815 2
      vertex -96.88 3 2
      vertex -90.741 7.4171 2
    endloop
  endfacet
  facet normal 0 0 1
    outer loop
      vertex -91.2454 7.55224 2
      vertex -96.88 3 2
      vertex -90.9976 7.46815 2
    endloop
  endfacet
  facet normal 0 0 1
    outer loop
      vertex -91.48 7.66794 2
      vertex -96.88 3 2
      vertex -91.2454 7.55224 2
    endloop
  endfacet
  facet normal 0 0 1
    outer loop
      vertex -91.6975 7.8133 2
      vertex -96.88 3 2
      vertex -91.48 7.66794 2
    endloop
  endfacet
  facet normal 0 0 1
    outer loop
      vertex -91.8942 7.98578 2
      vertex -96.88 3 2
      vertex -91.6975 7.8133 2
    endloop
  endfacet
  facet normal 0 0 1
    outer loop
      vertex -92.0667 8.18247 2
      vertex -96.88 3 2
      vertex -91.8942 7.98578 2
    endloop
  endfacet
  facet normal 0 0 1
    outer loop
      vertex -92.2121 8.4 2
      vertex -96.88 3 2
      vertex -92.0667 8.18247 2
    endloop
  endfacet
  facet normal 0 0 1
    outer loop
      vertex -92.3278 8.63463 2
      vertex -96.88 3 2
      vertex -92.2121 8.4 2
    endloop
  endfacet
  facet normal 0 0 1
    outer loop
      vertex -92.4118 8.88236 2
      vertex -96.88 3 2
      vertex -92.3278 8.63463 2
    endloop
  endfacet
  facet normal 0 0 1
    outer loop
      vertex -92.4629 9.13895 2
      vertex -96.88 3 2
      vertex -92.4118 8.88236 2
    endloop
  endfacet
  facet normal 0 0 1
    outer loop
      vertex -92.48 9.4 2
      vertex -96.88 3 2
      vertex -92.4629 9.13895 2
    endloop
  endfacet
  facet normal 0 0 1
    outer loop
      vertex -96.88 3 2
      vertex -92.48 9.4 2
      vertex -96.88 114.56 2
    endloop
  endfacet
  facet normal 1 -0 0
    outer loop
      vertex -96.88 3 3.6
      vertex -96.88 114.56 2
      vertex -96.88 114.56 3.6
    endloop
  endfacet
  facet normal 1 0 0
    outer loop
      vertex -96.88 114.56 2
      vertex -96.88 3 3.6
      vertex -96.88 3 2
    endloop
  endfacet
  facet normal 0 -1 0
    outer loop
      vertex -96.88 114.56 2
      vertex 96.88 114.56 3.6
      vertex -96.88 114.56 3.6
    endloop
  endfacet
  facet normal 0 -1 -0
    outer loop
      vertex 96.88 114.56 3.6
      vertex -96.88 114.56 2
      vertex 96.88 114.56 2
    endloop
  endfacet
  facet normal 0 1 -0
    outer loop
      vertex 96.88 3 2
      vertex -96.88 3 3.6
      vertex 96.88 3 3.6
    endloop
  endfacet
  facet normal 0 1 0
    outer loop
      vertex -96.88 3 3.6
      vertex 96.88 3 2
      vertex -96.88 3 2
    endloop
  endfacet
  facet normal -0.0653771 0.997861 0
    outer loop
      vertex 90.741 7.4171 0
      vertex 90.48 7.4 2
      vertex 90.741 7.4171 2
    endloop
  endfacet
  facet normal -0.0653771 0.997861 0
    outer loop
      vertex 90.48 7.4 2
      vertex 90.741 7.4171 0
      vertex 90.48 7.4 0
    endloop
  endfacet
  facet normal 0 1 -0
    outer loop
      vertex 90.48 7.4 0
      vertex -90.48 7.4 2
      vertex 90.48 7.4 2
    endloop
  endfacet
  facet normal 0 1 0
    outer loop
      vertex -90.48 7.4 2
      vertex 90.48 7.4 0
      vertex -90.48 7.4 0
    endloop
  endfacet
  facet normal -0.443235 -0.896405 0
    outer loop
      vertex 91.2454 110.008 0
      vertex 91.48 109.892 2
      vertex 91.2454 110.008 2
    endloop
  endfacet
  facet normal -0.443235 -0.896405 -0
    outer loop
      vertex 91.48 109.892 2
      vertex 91.2454 110.008 0
      vertex 91.48 109.892 0
    endloop
  endfacet
  facet normal 0.19494 -0.980815 0
    outer loop
      vertex -90.9976 110.092 0
      vertex -90.741 110.143 2
      vertex -90.9976 110.092 2
    endloop
  endfacet
  facet normal 0.19494 -0.980815 0
    outer loop
      vertex -90.741 110.143 2
      vertex -90.9976 110.092 0
      vertex -90.741 110.143 0
    endloop
  endfacet
  facet normal 0.0649964 -0.997886 0
    outer loop
      vertex -90.741 110.143 0
      vertex -90.48 110.16 2
      vertex -90.741 110.143 2
    endloop
  endfacet
  facet normal 0.0649964 -0.997886 0
    outer loop
      vertex -90.48 110.16 2
      vertex -90.741 110.143 0
      vertex -90.48 110.16 0
    endloop
  endfacet
  facet normal -0.321039 -0.947066 0
    outer loop
      vertex 90.9976 110.092 0
      vertex 91.2454 110.008 2
      vertex 90.9976 110.092 2
    endloop
  endfacet
  facet normal -0.321039 -0.947066 -0
    outer loop
      vertex 91.2454 110.008 2
      vertex 90.9976 110.092 0
      vertex 91.2454 110.008 0
    endloop
  endfacet
  facet normal -1 0 0
    outer loop
      vertex 92.48 9.4 0
      vertex 92.48 108.16 2
      vertex 92.48 108.16 0
    endloop
  endfacet
  facet normal -1 -0 0
    outer loop
      vertex 92.48 108.16 2
      vertex 92.48 9.4 0
      vertex 92.48 9.4 2
    endloop
  endfacet
  facet normal 0.980741 0.195315 0
    outer loop
      vertex -92.4118 8.88236 2
      vertex -92.4629 9.13895 0
      vertex -92.4629 9.13895 2
    endloop
  endfacet
  facet normal 0.980741 0.195315 0
    outer loop
      vertex -92.4629 9.13895 0
      vertex -92.4118 8.88236 2
      vertex -92.4118 8.88236 0
    endloop
  endfacet
  facet normal -0.321348 0.946961 0
    outer loop
      vertex 91.2454 7.55224 0
      vertex 90.9976 7.46815 2
      vertex 91.2454 7.55224 2
    endloop
  endfacet
  facet normal -0.321348 0.946961 0
    outer loop
      vertex 90.9976 7.46815 2
      vertex 91.2454 7.55224 0
      vertex 90.9976 7.46815 0
    endloop
  endfacet
  facet normal 0 -1 0
    outer loop
      vertex -90.48 110.16 0
      vertex 90.48 110.16 2
      vertex -90.48 110.16 2
    endloop
  endfacet
  facet normal 0 -1 -0
    outer loop
      vertex 90.48 110.16 2
      vertex -90.48 110.16 0
      vertex 90.48 110.16 0
    endloop
  endfacet
  facet normal -0.9808 -0.195015 0
    outer loop
      vertex 92.4629 108.421 0
      vertex 92.4118 108.678 2
      vertex 92.4118 108.678 0
    endloop
  endfacet
  facet normal -0.9808 -0.195015 0
    outer loop
      vertex 92.4118 108.678 2
      vertex 92.4629 108.421 0
      vertex 92.4629 108.421 2
    endloop
  endfacet
  facet normal -0.946749 -0.321971 0
    outer loop
      vertex 92.4118 108.678 0
      vertex 92.3278 108.925 2
      vertex 92.3278 108.925 0
    endloop
  endfacet
  facet normal -0.946749 -0.321971 0
    outer loop
      vertex 92.3278 108.925 2
      vertex 92.4118 108.678 0
      vertex 92.4118 108.678 2
    endloop
  endfacet
  facet normal -0.980741 0.195315 0
    outer loop
      vertex 92.4118 8.88236 0
      vertex 92.4629 9.13895 2
      vertex 92.4629 9.13895 0
    endloop
  endfacet
  facet normal -0.980741 0.195315 0
    outer loop
      vertex 92.4629 9.13895 2
      vertex 92.4118 8.88236 0
      vertex 92.4118 8.88236 2
    endloop
  endfacet
  facet normal 1 -0 0
    outer loop
      vertex -92.48 9.4 2
      vertex -92.48 108.16 0
      vertex -92.48 108.16 2
    endloop
  endfacet
  facet normal 1 0 0
    outer loop
      vertex -92.48 108.16 0
      vertex -92.48 9.4 2
      vertex -92.48 9.4 0
    endloop
  endfacet
  facet normal 0.0653771 0.997861 -0
    outer loop
      vertex -90.48 7.4 0
      vertex -90.741 7.4171 2
      vertex -90.48 7.4 2
    endloop
  endfacet
  facet normal 0.0653771 0.997861 0
    outer loop
      vertex -90.741 7.4171 2
      vertex -90.48 7.4 0
      vertex -90.741 7.4171 0
    endloop
  endfacet
  facet normal 0.321348 0.946961 -0
    outer loop
      vertex -90.9976 7.46815 0
      vertex -91.2454 7.55224 2
      vertex -90.9976 7.46815 2
    endloop
  endfacet
  facet normal 0.321348 0.946961 0
    outer loop
      vertex -91.2454 7.55224 2
      vertex -90.9976 7.46815 0
      vertex -91.2454 7.55224 0
    endloop
  endfacet
  facet normal 0.195124 0.980779 -0
    outer loop
      vertex -90.741 7.4171 0
      vertex -90.9976 7.46815 2
      vertex -90.741 7.4171 2
    endloop
  endfacet
  facet normal 0.195124 0.980779 0
    outer loop
      vertex -90.9976 7.46815 2
      vertex -90.741 7.4171 0
      vertex -90.9976 7.46815 0
    endloop
  endfacet
  facet normal 0.443235 -0.896405 0
    outer loop
      vertex -91.48 109.892 0
      vertex -91.2454 110.008 2
      vertex -91.48 109.892 2
    endloop
  endfacet
  facet normal 0.443235 -0.896405 0
    outer loop
      vertex -91.2454 110.008 2
      vertex -91.48 109.892 0
      vertex -91.2454 110.008 0
    endloop
  endfacet
  facet normal 0.5547 -0.83205 0
    outer loop
      vertex -91.6975 109.747 0
      vertex -91.48 109.892 2
      vertex -91.6975 109.747 2
    endloop
  endfacet
  facet normal 0.5547 -0.83205 0
    outer loop
      vertex -91.48 109.892 2
      vertex -91.6975 109.747 0
      vertex -91.48 109.892 0
    endloop
  endfacet
  facet normal 0.831379 0.555705 0
    outer loop
      vertex -92.0667 8.18247 2
      vertex -92.2121 8.4 0
      vertex -92.2121 8.4 2
    endloop
  endfacet
  facet normal 0.831379 0.555705 0
    outer loop
      vertex -92.2121 8.4 0
      vertex -92.0667 8.18247 2
      vertex -92.0667 8.18247 0
    endloop
  endfacet
  facet normal -0.19494 -0.980815 0
    outer loop
      vertex 90.741 110.143 0
      vertex 90.9976 110.092 2
      vertex 90.741 110.143 2
    endloop
  endfacet
  facet normal -0.19494 -0.980815 -0
    outer loop
      vertex 90.9976 110.092 2
      vertex 90.741 110.143 0
      vertex 90.9976 110.092 0
    endloop
  endfacet
  facet normal -0.997861 0.0653646 0
    outer loop
      vertex 92.4629 9.13895 0
      vertex 92.48 9.4 2
      vertex 92.48 9.4 0
    endloop
  endfacet
  facet normal -0.997861 0.0653646 0
    outer loop
      vertex 92.48 9.4 2
      vertex 92.4629 9.13895 0
      vertex 92.4629 9.13895 2
    endloop
  endfacet
  facet normal -0.947038 0.321121 0
    outer loop
      vertex 92.3278 8.63463 0
      vertex 92.4118 8.88236 2
      vertex 92.4118 8.88236 0
    endloop
  endfacet
  facet normal -0.947038 0.321121 0
    outer loop
      vertex 92.4118 8.88236 2
      vertex 92.3278 8.63463 0
      vertex 92.3278 8.63463 2
    endloop
  endfacet
  facet normal 0.9808 -0.195015 0
    outer loop
      vertex -92.4629 108.421 2
      vertex -92.4118 108.678 0
      vertex -92.4118 108.678 2
    endloop
  endfacet
  facet normal 0.9808 -0.195015 0
    outer loop
      vertex -92.4118 108.678 0
      vertex -92.4629 108.421 2
      vertex -92.4629 108.421 0
    endloop
  endfacet
  facet normal 0.751826 0.659362 0
    outer loop
      vertex -91.8942 7.98578 2
      vertex -92.0667 8.18247 0
      vertex -92.0667 8.18247 2
    endloop
  endfacet
  facet normal 0.751826 0.659362 0
    outer loop
      vertex -92.0667 8.18247 0
      vertex -91.8942 7.98578 2
      vertex -91.8942 7.98578 0
    endloop
  endfacet
  facet normal -0.832109 -0.554612 0
    outer loop
      vertex 92.212 109.16 0
      vertex 92.0667 109.378 2
      vertex 92.0667 109.378 0
    endloop
  endfacet
  facet normal -0.832109 -0.554612 0
    outer loop
      vertex 92.0667 109.378 2
      vertex 92.212 109.16 0
      vertex 92.212 109.16 2
    endloop
  endfacet
  facet normal -0.660421 -0.750895 0
    outer loop
      vertex 91.6975 109.747 0
      vertex 91.8942 109.574 2
      vertex 91.6975 109.747 2
    endloop
  endfacet
  facet normal -0.660421 -0.750895 -0
    outer loop
      vertex 91.8942 109.574 2
      vertex 91.6975 109.747 0
      vertex 91.8942 109.574 0
    endloop
  endfacet
  facet normal 0.442314 0.89686 -0
    outer loop
      vertex -91.2454 7.55224 0
      vertex -91.48 7.66794 2
      vertex -91.2454 7.55224 2
    endloop
  endfacet
  facet normal 0.442314 0.89686 0
    outer loop
      vertex -91.48 7.66794 2
      vertex -91.2454 7.55224 0
      vertex -91.48 7.66794 0
    endloop
  endfacet
  facet normal 0.997861 -0.0653771 0
    outer loop
      vertex -92.48 108.16 2
      vertex -92.4629 108.421 0
      vertex -92.4629 108.421 2
    endloop
  endfacet
  facet normal 0.997861 -0.0653771 0
    outer loop
      vertex -92.4629 108.421 0
      vertex -92.48 108.16 2
      vertex -92.48 108.16 0
    endloop
  endfacet
  facet normal -0.750676 -0.660671 0
    outer loop
      vertex 92.0667 109.378 0
      vertex 91.8942 109.574 2
      vertex 91.8942 109.574 0
    endloop
  endfacet
  facet normal -0.750676 -0.660671 0
    outer loop
      vertex 91.8942 109.574 2
      vertex 92.0667 109.378 0
      vertex 92.0667 109.378 2
    endloop
  endfacet
  facet normal -0.6593 0.75188 0
    outer loop
      vertex 91.8942 7.98578 0
      vertex 91.6975 7.8133 2
      vertex 91.8942 7.98578 2
    endloop
  endfacet
  facet normal -0.6593 0.75188 0
    outer loop
      vertex 91.6975 7.8133 2
      vertex 91.8942 7.98578 0
      vertex 91.6975 7.8133 0
    endloop
  endfacet
  facet normal 0.660421 -0.750895 0
    outer loop
      vertex -91.8942 109.574 0
      vertex -91.6975 109.747 2
      vertex -91.8942 109.574 2
    endloop
  endfacet
  facet normal 0.660421 -0.750895 0
    outer loop
      vertex -91.6975 109.747 2
      vertex -91.8942 109.574 0
      vertex -91.6975 109.747 0
    endloop
  endfacet
  facet normal 0.897159 -0.441708 0
    outer loop
      vertex -92.3278 108.925 2
      vertex -92.2121 109.16 0
      vertex -92.2121 109.16 2
    endloop
  endfacet
  facet normal 0.897159 -0.441708 0
    outer loop
      vertex -92.2121 109.16 0
      vertex -92.3278 108.925 2
      vertex -92.3278 108.925 0
    endloop
  endfacet
  facet normal -0.442314 0.89686 0
    outer loop
      vertex 91.48 7.66794 0
      vertex 91.2454 7.55224 2
      vertex 91.48 7.66794 2
    endloop
  endfacet
  facet normal -0.442314 0.89686 0
    outer loop
      vertex 91.2454 7.55224 2
      vertex 91.48 7.66794 0
      vertex 91.2454 7.55224 0
    endloop
  endfacet
  facet normal -0.0649964 -0.997886 0
    outer loop
      vertex 90.48 110.16 0
      vertex 90.741 110.143 2
      vertex 90.48 110.16 2
    endloop
  endfacet
  facet normal -0.0649964 -0.997886 -0
    outer loop
      vertex 90.741 110.143 2
      vertex 90.48 110.16 0
      vertex 90.741 110.143 0
    endloop
  endfacet
  facet normal 0.321039 -0.947066 0
    outer loop
      vertex -91.2454 110.008 0
      vertex -90.9976 110.092 2
      vertex -91.2454 110.008 2
    endloop
  endfacet
  facet normal 0.321039 -0.947066 0
    outer loop
      vertex -90.9976 110.092 2
      vertex -91.2454 110.008 0
      vertex -90.9976 110.092 0
    endloop
  endfacet
  facet normal -0.897008 -0.442015 0
    outer loop
      vertex 92.3278 108.925 0
      vertex 92.212 109.16 2
      vertex 92.212 109.16 0
    endloop
  endfacet
  facet normal -0.897008 -0.442015 0
    outer loop
      vertex 92.212 109.16 2
      vertex 92.3278 108.925 0
      vertex 92.3278 108.925 2
    endloop
  endfacet
  facet normal 0.831933 -0.554876 0
    outer loop
      vertex -92.2121 109.16 2
      vertex -92.0667 109.378 0
      vertex -92.0667 109.378 2
    endloop
  endfacet
  facet normal 0.831933 -0.554876 0
    outer loop
      vertex -92.0667 109.378 0
      vertex -92.2121 109.16 2
      vertex -92.2121 109.16 0
    endloop
  endfacet
  facet normal 0.997861 0.0653646 0
    outer loop
      vertex -92.4629 9.13895 2
      vertex -92.48 9.4 0
      vertex -92.48 9.4 2
    endloop
  endfacet
  facet normal 0.997861 0.0653646 0
    outer loop
      vertex -92.48 9.4 0
      vertex -92.4629 9.13895 2
      vertex -92.4629 9.13895 0
    endloop
  endfacet
  facet normal -0.195124 0.980779 0
    outer loop
      vertex 90.9976 7.46815 0
      vertex 90.741 7.4171 2
      vertex 90.9976 7.46815 2
    endloop
  endfacet
  facet normal -0.195124 0.980779 0
    outer loop
      vertex 90.741 7.4171 2
      vertex 90.9976 7.46815 0
      vertex 90.741 7.4171 0
    endloop
  endfacet
  facet normal -0.555653 0.831415 0
    outer loop
      vertex 91.6975 7.8133 0
      vertex 91.48 7.66794 2
      vertex 91.6975 7.8133 2
    endloop
  endfacet
  facet normal -0.555653 0.831415 0
    outer loop
      vertex 91.48 7.66794 2
      vertex 91.6975 7.8133 0
      vertex 91.48 7.66794 0
    endloop
  endfacet
  facet normal -0.831556 0.555441 0
    outer loop
      vertex 92.0667 8.18247 0
      vertex 92.212 8.4 2
      vertex 92.212 8.4 0
    endloop
  endfacet
  facet normal -0.831556 0.555441 0
    outer loop
      vertex 92.212 8.4 2
      vertex 92.0667 8.18247 0
      vertex 92.0667 8.18247 2
    endloop
  endfacet
  facet normal 0.896883 0.442268 0
    outer loop
      vertex -92.2121 8.4 2
      vertex -92.3278 8.63463 0
      vertex -92.3278 8.63463 2
    endloop
  endfacet
  facet normal 0.896883 0.442268 0
    outer loop
      vertex -92.3278 8.63463 0
      vertex -92.2121 8.4 2
      vertex -92.2121 8.4 0
    endloop
  endfacet
  facet normal 0.750676 -0.660671 0
    outer loop
      vertex -92.0667 109.378 2
      vertex -91.8942 109.574 0
      vertex -91.8942 109.574 2
    endloop
  endfacet
  facet normal 0.750676 -0.660671 0
    outer loop
      vertex -91.8942 109.574 0
      vertex -92.0667 109.378 2
      vertex -92.0667 109.378 0
    endloop
  endfacet
  facet normal 0.947038 0.321121 0
    outer loop
      vertex -92.3278 8.63463 2
      vertex -92.4118 8.88236 0
      vertex -92.4118 8.88236 2
    endloop
  endfacet
  facet normal 0.947038 0.321121 0
    outer loop
      vertex -92.4118 8.88236 0
      vertex -92.3278 8.63463 2
      vertex -92.3278 8.63463 0
    endloop
  endfacet
  facet normal 0.946749 -0.321971 0
    outer loop
      vertex -92.4118 108.678 2
      vertex -92.3278 108.925 0
      vertex -92.3278 108.925 2
    endloop
  endfacet
  facet normal 0.946749 -0.321971 0
    outer loop
      vertex -92.3278 108.925 0
      vertex -92.4118 108.678 2
      vertex -92.4118 108.678 0
    endloop
  endfacet
  facet normal -0.5547 -0.83205 0
    outer loop
      vertex 91.48 109.892 0
      vertex 91.6975 109.747 2
      vertex 91.48 109.892 2
    endloop
  endfacet
  facet normal -0.5547 -0.83205 -0
    outer loop
      vertex 91.6975 109.747 2
      vertex 91.48 109.892 0
      vertex 91.6975 109.747 0
    endloop
  endfacet
  facet normal 0.6593 0.75188 -0
    outer loop
      vertex -91.6975 7.8133 0
      vertex -91.8942 7.98578 2
      vertex -91.6975 7.8133 2
    endloop
  endfacet
  facet normal 0.6593 0.75188 0
    outer loop
      vertex -91.8942 7.98578 2
      vertex -91.6975 7.8133 0
      vertex -91.8942 7.98578 0
    endloop
  endfacet
  facet normal -0.997861 -0.0653771 0
    outer loop
      vertex 92.48 108.16 0
      vertex 92.4629 108.421 2
      vertex 92.4629 108.421 0
    endloop
  endfacet
  facet normal -0.997861 -0.0653771 0
    outer loop
      vertex 92.4629 108.421 2
      vertex 92.48 108.16 0
      vertex 92.48 108.16 2
    endloop
  endfacet
  facet normal -0.751826 0.659362 0
    outer loop
      vertex 91.8942 7.98578 0
      vertex 92.0667 8.18247 2
      vertex 92.0667 8.18247 0
    endloop
  endfacet
  facet normal -0.751826 0.659362 0
    outer loop
      vertex 92.0667 8.18247 2
      vertex 91.8942 7.98578 0
      vertex 91.8942 7.98578 2
    endloop
  endfacet
  facet normal -0.896731 0.442575 0
    outer loop
      vertex 92.212 8.4 0
      vertex 92.3278 8.63463 2
      vertex 92.3278 8.63463 0
    endloop
  endfacet
  facet normal -0.896731 0.442575 0
    outer loop
      vertex 92.3278 8.63463 2
      vertex 92.212 8.4 0
      vertex 92.212 8.4 2
    endloop
  endfacet
  facet normal 0.555653 0.831415 -0
    outer loop
      vertex -91.48 7.66794 0
      vertex -91.6975 7.8133 2
      vertex -91.48 7.66794 2
    endloop
  endfacet
  facet normal 0.555653 0.831415 0
    outer loop
      vertex -91.6975 7.8133 2
      vertex -91.48 7.66794 0
      vertex -91.6975 7.8133 0
    endloop
  endfacet
endsolid OpenSCAD_Model
